algorithm,dataset_type,n,capacity,instance_id,seed,time_nanos,time_millis,memory_bytes,memory_mb,solution_value,optimal_value,optimality_gap,nodes_explored,optimal
Greedy,Uncorrelated,20,1000,0,0,45653,0.046,0,0.000,2339,,,0,false
Greedy,Uncorrelated,20,1000,1,1,29089,0.029,461464,0.440,3417,,,0,false
Greedy,Uncorrelated,20,1000,2,2,18311,0.018,461464,0.440,2658,,,0,false
Greedy,Uncorrelated,20,1000,3,3,25856,0.026,251424,0.240,2443,,,0,false
Greedy,Uncorrelated,20,1000,4,4,18743,0.019,461464,0.440,3100,,,0,false
Greedy,Uncorrelated,20,1000,5,5,32857,0.033,461464,0.440,3213,,,0,false
Greedy,Uncorrelated,20,1000,6,6,18368,0.018,461464,0.440,3338,,,0,false
Greedy,Uncorrelated,20,1000,7,7,29624,0.030,461464,0.440,2114,,,0,false
Greedy,Uncorrelated,20,1000,8,8,19642,0.020,251296,0.240,2585,,,0,false
Greedy,Uncorrelated,20,1000,9,9,28858,0.029,461464,0.440,2237,,,0,false
Greedy,Uncorrelated,20,1000,10,10,21539,0.022,461464,0.440,3837,,,0,false
Greedy,Uncorrelated,20,1000,11,11,19838,0.020,461464,0.440,3065,,,0,false
Greedy,Uncorrelated,20,1000,12,12,25145,0.025,461464,0.440,3178,,,0,false
Greedy,Uncorrelated,20,1000,13,13,20139,0.020,251296,0.240,3053,,,0,false
Greedy,Uncorrelated,20,1000,14,14,23952,0.024,461464,0.440,4520,,,0,false
Greedy,Uncorrelated,20,1000,15,15,49227,0.049,461464,0.440,2146,,,0,false
Greedy,Uncorrelated,20,1000,16,16,21238,0.021,461464,0.440,3109,,,0,false
Greedy,Uncorrelated,20,1000,17,17,19418,0.019,461464,0.440,4228,,,0,false
Greedy,Uncorrelated,20,1000,18,18,18858,0.019,251296,0.240,4648,,,0,false
Greedy,Uncorrelated,20,1000,19,19,22215,0.022,461464,0.440,2198,,,0,false
Greedy,Uncorrelated,20,1000,20,20,17854,0.018,461464,0.440,3402,,,0,false
Greedy,Uncorrelated,20,1000,21,21,20595,0.021,461464,0.440,2530,,,0,false
Greedy,Uncorrelated,20,1000,22,22,21246,0.021,461464,0.440,4394,,,0,false
Greedy,Uncorrelated,20,1000,23,23,17942,0.018,251296,0.240,4186,,,0,false
Greedy,Uncorrelated,20,1000,24,24,21971,0.022,461464,0.440,2781,,,0,false
Greedy,Uncorrelated,20,1000,25,25,22338,0.022,461464,0.440,4627,,,0,false
Greedy,Uncorrelated,20,1000,26,26,20750,0.021,461464,0.440,2617,,,0,false
Greedy,Uncorrelated,20,1000,27,27,24299,0.024,461464,0.440,2744,,,0,false
Greedy,Uncorrelated,20,1000,28,28,41712,0.042,461464,0.440,3538,,,0,false
Greedy,Uncorrelated,20,1000,29,29,15463,0.015,461464,0.440,3694,,,0,false
Greedy,WeaklyCorrelated,20,1000,30,30,9635,0.010,461464,0.440,1053,,,0,false
Greedy,WeaklyCorrelated,20,1000,31,31,13370,0.013,461464,0.440,943,,,0,false
Greedy,WeaklyCorrelated,20,1000,32,32,9802,0.010,251296,0.240,946,,,0,false
Greedy,WeaklyCorrelated,20,1000,33,33,2286168,2.286,0,0.000,1252,,,0,false
Greedy,WeaklyCorrelated,20,1000,34,34,12411,0.012,349616,0.333,1133,,,0,false
Greedy,WeaklyCorrelated,20,1000,35,35,11148,0.011,349616,0.333,1224,,,0,false
Greedy,WeaklyCorrelated,20,1000,36,36,11905,0.012,349616,0.333,968,,,0,false
Greedy,WeaklyCorrelated,20,1000,37,37,9939,0.010,349616,0.333,1124,,,0,false
Greedy,WeaklyCorrelated,20,1000,38,38,7688,0.008,75048,0.072,1193,,,0,false
Greedy,WeaklyCorrelated,20,1000,39,39,9571,0.010,349616,0.333,1169,,,0,false
Greedy,WeaklyCorrelated,20,1000,40,40,9425,0.009,349616,0.333,1259,,,0,false
Greedy,WeaklyCorrelated,20,1000,41,41,8079,0.008,349616,0.333,1071,,,0,false
Greedy,WeaklyCorrelated,20,1000,42,42,7153,0.007,349616,0.333,1140,,,0,false
Greedy,WeaklyCorrelated,20,1000,43,43,7963,0.008,349616,0.333,1316,,,0,false
Greedy,WeaklyCorrelated,20,1000,44,44,7204,0.007,349072,0.333,1101,,,0,false
Greedy,WeaklyCorrelated,20,1000,45,45,9074,0.009,349616,0.333,1221,,,0,false
Greedy,WeaklyCorrelated,20,1000,46,46,6664,0.007,349616,0.333,1010,,,0,false
Greedy,WeaklyCorrelated,20,1000,47,47,7627,0.008,349616,0.333,1201,,,0,false
Greedy,WeaklyCorrelated,20,1000,48,48,42028,0.042,349616,0.333,1194,,,0,false
Greedy,WeaklyCorrelated,20,1000,49,49,12946,0.013,349616,0.333,1124,,,0,false
Greedy,WeaklyCorrelated,20,1000,50,50,9788,0.010,349072,0.333,1211,,,0,false
Greedy,WeaklyCorrelated,20,1000,51,51,10287,0.010,349616,0.333,1047,,,0,false
Greedy,WeaklyCorrelated,20,1000,52,52,9766,0.010,349616,0.333,963,,,0,false
Greedy,WeaklyCorrelated,20,1000,53,53,8570,0.009,349616,0.333,945,,,0,false
Greedy,WeaklyCorrelated,20,1000,54,54,10595,0.011,349616,0.333,1318,,,0,false
Greedy,WeaklyCorrelated,20,1000,55,55,5886,0.006,349616,0.333,1065,,,0,false
Greedy,WeaklyCorrelated,20,1000,56,56,9075,0.009,349072,0.333,1315,,,0,false
Greedy,WeaklyCorrelated,20,1000,57,57,10821,0.011,349616,0.333,1322,,,0,false
Greedy,WeaklyCorrelated,20,1000,58,58,10666,0.011,349616,0.333,1262,,,0,false
Greedy,WeaklyCorrelated,20,1000,59,59,14461,0.014,349616,0.333,1144,,,0,false
Greedy,StronglyCorrelated,20,1000,60,60,6239,0.006,349616,0.333,782,,,0,false
Greedy,StronglyCorrelated,20,1000,61,61,13167,0.013,349616,0.333,707,,,0,false
Greedy,StronglyCorrelated,20,1000,62,62,8611,0.009,349072,0.333,953,,,0,false
Greedy,StronglyCorrelated,20,1000,63,63,52403,0.052,349616,0.333,1026,,,0,false
Greedy,StronglyCorrelated,20,1000,64,64,33278,0.033,349616,0.333,1013,,,0,false
Greedy,StronglyCorrelated,20,1000,65,65,6067,0.006,349616,0.333,820,,,0,false
Greedy,StronglyCorrelated,20,1000,66,66,10669,0.011,349616,0.333,1021,,,0,false
Greedy,StronglyCorrelated,20,1000,67,67,11054,0.011,349616,0.333,936,,,0,false
Greedy,StronglyCorrelated,20,1000,68,68,8735,0.009,349072,0.333,1006,,,0,false
Greedy,StronglyCorrelated,20,1000,69,69,8912,0.009,349616,0.333,888,,,0,false
Greedy,StronglyCorrelated,20,1000,70,70,8032,0.008,349616,0.333,861,,,0,false
Greedy,StronglyCorrelated,20,1000,71,71,11835,0.012,349616,0.333,1016,,,0,false
Greedy,StronglyCorrelated,20,1000,72,72,11188,0.011,349616,0.333,788,,,0,false
Greedy,StronglyCorrelated,20,1000,73,73,12117,0.012,349616,0.333,837,,,0,false
Greedy,StronglyCorrelated,20,1000,74,74,43550,0.044,349072,0.333,944,,,0,false
Greedy,StronglyCorrelated,20,1000,75,75,9530,0.010,349616,0.333,878,,,0,false
Greedy,StronglyCorrelated,20,1000,76,76,10007,0.010,349616,0.333,1009,,,0,false
Greedy,StronglyCorrelated,20,1000,77,77,7991,0.008,349616,0.333,857,,,0,false
Greedy,StronglyCorrelated,20,1000,78,78,7649,0.008,349616,0.333,704,,,0,false
Greedy,StronglyCorrelated,20,1000,79,79,9357,0.009,349616,0.333,1019,,,0,false
Greedy,StronglyCorrelated,20,1000,80,80,12082,0.012,349072,0.333,903,,,0,false
Greedy,StronglyCorrelated,20,1000,81,81,8017,0.008,349616,0.333,749,,,0,false
Greedy,StronglyCorrelated,20,1000,82,82,9711,0.010,349616,0.333,815,,,0,false
Greedy,StronglyCorrelated,20,1000,83,83,7271,0.007,349616,0.333,940,,,0,false
Greedy,StronglyCorrelated,20,1000,84,84,10090,0.010,349616,0.333,931,,,0,false
Greedy,StronglyCorrelated,20,1000,85,85,8835,0.009,349616,0.333,978,,,0,false
Greedy,StronglyCorrelated,20,1000,86,86,9372,0.009,349072,0.333,1039,,,0,false
Greedy,StronglyCorrelated,20,1000,87,87,10965,0.011,349616,0.333,776,,,0,false
Greedy,StronglyCorrelated,20,1000,88,88,9924,0.010,349616,0.333,979,,,0,false
Greedy,StronglyCorrelated,20,1000,89,89,11253,0.011,349616,0.333,1004,,,0,false
Greedy,InverseCorrelated,20,1000,90,90,9061,0.009,349616,0.333,4018,,,0,false
Greedy,InverseCorrelated,20,1000,91,91,8870,0.009,349616,0.333,7153,,,0,false
Greedy,InverseCorrelated,20,1000,92,92,11935,0.012,349072,0.333,7083,,,0,false
Greedy,InverseCorrelated,20,1000,93,93,5390,0.005,349616,0.333,2339,,,0,false
Greedy,InverseCorrelated,20,1000,94,94,8940,0.009,349616,0.333,4124,,,0,false
Greedy,InverseCorrelated,20,1000,95,95,5256,0.005,349616,0.333,4258,,,0,false
Greedy,InverseCorrelated,20,1000,96,96,8788,0.009,349616,0.333,6238,,,0,false
Greedy,InverseCorrelated,20,1000,97,97,7870,0.008,349616,0.333,5244,,,0,false
Greedy,InverseCorrelated,20,1000,98,98,8821,0.009,349072,0.333,6160,,,0,false
Greedy,InverseCorrelated,20,1000,99,99,10703,0.011,349616,0.333,7131,,,0,false
Greedy,InverseCorrelated,20,1000,100,100,7472,0.007,349616,0.333,6164,,,0,false
Greedy,InverseCorrelated,20,1000,101,101,4878,0.005,349616,0.333,6022,,,0,false
Greedy,InverseCorrelated,20,1000,102,102,7395,0.007,349616,0.333,6045,,,0,false
Greedy,InverseCorrelated,20,1000,103,103,8769,0.009,349616,0.333,5085,,,0,false
Greedy,InverseCorrelated,20,1000,104,104,8467,0.008,349072,0.333,4311,,,0,false
Greedy,InverseCorrelated,20,1000,105,105,10657,0.011,349616,0.333,5129,,,0,false
Greedy,InverseCorrelated,20,1000,106,106,6606,0.007,349616,0.333,4361,,,0,false
Greedy,InverseCorrelated,20,1000,107,107,7518,0.008,349616,0.333,6059,,,0,false
Greedy,InverseCorrelated,20,1000,108,108,7593,0.008,349616,0.333,2276,,,0,false
Greedy,InverseCorrelated,20,1000,109,109,7373,0.007,349616,0.333,5039,,,0,false
Greedy,InverseCorrelated,20,1000,110,110,7216,0.007,349072,0.333,3269,,,0,false
Greedy,InverseCorrelated,20,1000,111,111,9428,0.009,349616,0.333,5208,,,0,false
Greedy,InverseCorrelated,20,1000,112,112,6615,0.007,349616,0.333,4317,,,0,false
Greedy,InverseCorrelated,20,1000,113,113,9013,0.009,349616,0.333,5126,,,0,false
Greedy,InverseCorrelated,20,1000,114,114,9767,0.010,349616,0.333,4133,,,0,false
Greedy,InverseCorrelated,20,1000,115,115,8432,0.008,349616,0.333,4055,,,0,false
Greedy,InverseCorrelated,20,1000,116,116,6845,0.007,103096,0.098,4306,,,0,false
Greedy,InverseCorrelated,20,1000,117,117,10610,0.011,349616,0.333,3225,,,0,false
Greedy,InverseCorrelated,20,1000,118,118,7664,0.008,349616,0.333,7151,,,0,false
Greedy,InverseCorrelated,20,1000,119,119,6627,0.007,349616,0.333,5204,,,0,false
Greedy,AlmostEqualRatios,20,1000,120,120,8053,0.008,349616,0.333,1039,,,0,false
Greedy,AlmostEqualRatios,20,1000,121,121,7081,0.007,349616,0.333,1002,,,0,false
Greedy,AlmostEqualRatios,20,1000,122,122,7618,0.008,349072,0.333,1033,,,0,false
Greedy,AlmostEqualRatios,20,1000,123,123,12328,0.012,349616,0.333,1071,,,0,false
Greedy,AlmostEqualRatios,20,1000,124,124,9137,0.009,349616,0.333,1034,,,0,false
Greedy,AlmostEqualRatios,20,1000,125,125,9621,0.010,349616,0.333,1049,,,0,false
Greedy,AlmostEqualRatios,20,1000,126,126,6878,0.007,349616,0.333,1007,,,0,false
Greedy,AlmostEqualRatios,20,1000,127,127,6862,0.007,349616,0.333,1035,,,0,false
Greedy,AlmostEqualRatios,20,1000,128,128,3924,0.004,349072,0.333,1053,,,0,false
Greedy,AlmostEqualRatios,20,1000,129,129,5896,0.006,349616,0.333,1034,,,0,false
Greedy,AlmostEqualRatios,20,1000,130,130,5208,0.005,349616,0.333,1047,,,0,false
Greedy,AlmostEqualRatios,20,1000,131,131,7880,0.008,349616,0.333,918,,,0,false
Greedy,AlmostEqualRatios,20,1000,132,132,9375,0.009,349616,0.333,1032,,,0,false
Greedy,AlmostEqualRatios,20,1000,133,133,3546,0.004,349616,0.333,871,,,0,false
Greedy,AlmostEqualRatios,20,1000,134,134,9987,0.010,349072,0.333,988,,,0,false
Greedy,AlmostEqualRatios,20,1000,135,135,11308,0.011,349616,0.333,1019,,,0,false
Greedy,AlmostEqualRatios,20,1000,136,136,3676,0.004,349616,0.333,1091,,,0,false
Greedy,AlmostEqualRatios,20,1000,137,137,9496,0.009,349616,0.333,1029,,,0,false
Greedy,AlmostEqualRatios,20,1000,138,138,7436,0.007,349616,0.333,1084,,,0,false
Greedy,AlmostEqualRatios,20,1000,139,139,3634,0.004,349616,0.333,1081,,,0,false
Greedy,AlmostEqualRatios,20,1000,140,140,3633,0.004,349072,0.333,1040,,,0,false
Greedy,AlmostEqualRatios,20,1000,141,141,8250,0.008,349616,0.333,1053,,,0,false
Greedy,AlmostEqualRatios,20,1000,142,142,4667,0.005,349616,0.333,1039,,,0,false
Greedy,AlmostEqualRatios,20,1000,143,143,10498,0.010,349616,0.333,1072,,,0,false
Greedy,AlmostEqualRatios,20,1000,144,144,3928,0.004,349616,0.333,1062,,,0,false
Greedy,AlmostEqualRatios,20,1000,145,145,10917,0.011,349616,0.333,1042,,,0,false
Greedy,AlmostEqualRatios,20,1000,146,146,4312,0.004,349072,0.333,1081,,,0,false
Greedy,AlmostEqualRatios,20,1000,147,147,5775,0.006,349616,0.333,977,,,0,false
Greedy,AlmostEqualRatios,20,1000,148,148,3720,0.004,349616,0.333,1060,,,0,false
Greedy,AlmostEqualRatios,20,1000,149,149,10243,0.010,349616,0.333,1038,,,0,false
Greedy,Uncorrelated,50,1000,150,150,32572,0.033,349736,0.334,4225,,,0,false
Greedy,Uncorrelated,50,1000,151,151,27439,0.027,349736,0.334,4174,,,0,false
Greedy,Uncorrelated,50,1000,152,152,21411,0.021,348832,0.333,6208,,,0,false
Greedy,Uncorrelated,50,1000,153,153,20370,0.020,349736,0.334,6107,,,0,false
Greedy,Uncorrelated,50,1000,154,154,14858,0.015,349736,0.334,3912,,,0,false
Greedy,Uncorrelated,50,1000,155,155,14767,0.015,349736,0.334,4223,,,0,false
Greedy,Uncorrelated,50,1000,156,156,32610,0.033,349736,0.334,6709,,,0,false
Greedy,Uncorrelated,50,1000,157,157,17558,0.018,349736,0.334,5476,,,0,false
Greedy,Uncorrelated,50,1000,158,158,32281,0.032,348472,0.332,3812,,,0,false
Greedy,Uncorrelated,50,1000,159,159,16560,0.017,349736,0.334,6672,,,0,false
Greedy,Uncorrelated,50,1000,160,160,32940,0.033,349736,0.334,7142,,,0,false
Greedy,Uncorrelated,50,1000,161,161,27311,0.027,349736,0.334,7473,,,0,false
Greedy,Uncorrelated,50,1000,162,162,28783,0.029,349736,0.334,5776,,,0,false
Greedy,Uncorrelated,50,1000,163,163,24714,0.025,349736,0.334,7055,,,0,false
Greedy,Uncorrelated,50,1000,164,164,29726,0.030,348472,0.332,3671,,,0,false
Greedy,Uncorrelated,50,1000,165,165,27573,0.028,349736,0.334,3691,,,0,false
Greedy,Uncorrelated,50,1000,166,166,27804,0.028,349736,0.334,5080,,,0,false
Greedy,Uncorrelated,50,1000,167,167,26364,0.026,349736,0.334,7455,,,0,false
Greedy,Uncorrelated,50,1000,168,168,25835,0.026,349736,0.334,5593,,,0,false
Greedy,Uncorrelated,50,1000,169,169,22785,0.023,349736,0.334,4111,,,0,false
Greedy,Uncorrelated,50,1000,170,170,23602,0.024,348472,0.332,3918,,,0,false
Greedy,Uncorrelated,50,1000,171,171,13779,0.014,349736,0.334,5104,,,0,false
Greedy,Uncorrelated,50,1000,172,172,25855,0.026,349736,0.334,6966,,,0,false
Greedy,Uncorrelated,50,1000,173,173,28374,0.028,349736,0.334,4000,,,0,false
Greedy,Uncorrelated,50,1000,174,174,27544,0.028,349736,0.334,6012,,,0,false
Greedy,Uncorrelated,50,1000,175,175,24321,0.024,349736,0.334,4054,,,0,false
Greedy,Uncorrelated,50,1000,176,176,26267,0.026,348472,0.332,4957,,,0,false
Greedy,Uncorrelated,50,1000,177,177,27519,0.028,349736,0.334,7292,,,0,false
Greedy,Uncorrelated,50,1000,178,178,26028,0.026,349736,0.334,6761,,,0,false
Greedy,Uncorrelated,50,1000,179,179,23661,0.024,349736,0.334,6655,,,0,false
Greedy,WeaklyCorrelated,50,1000,180,180,32351,0.032,349736,0.334,1314,,,0,false
Greedy,WeaklyCorrelated,50,1000,181,181,35409,0.035,349736,0.334,1293,,,0,false
Greedy,WeaklyCorrelated,50,1000,182,182,24456,0.024,102400,0.098,1337,,,0,false
Greedy,WeaklyCorrelated,50,1000,183,183,1779866,1.780,0,0.000,1607,,,0,false
Greedy,WeaklyCorrelated,50,1000,184,184,30958,0.031,1048576,1.000,1576,,,0,false
Greedy,WeaklyCorrelated,50,1000,185,185,26364,0.026,282864,0.270,1376,,,0,false
Greedy,WeaklyCorrelated,50,1000,186,186,21471,0.021,1048576,1.000,1436,,,0,false
Greedy,WeaklyCorrelated,50,1000,187,187,20739,0.021,1048576,1.000,1202,,,0,false
Greedy,WeaklyCorrelated,50,1000,188,188,20964,0.021,1048576,1.000,1229,,,0,false
Greedy,WeaklyCorrelated,50,1000,189,189,19049,0.019,1048576,1.000,1407,,,0,false
Greedy,WeaklyCorrelated,50,1000,190,190,21714,0.022,1048576,1.000,1431,,,0,false
Greedy,WeaklyCorrelated,50,1000,191,191,37125,0.037,1048576,1.000,1389,,,0,false
Greedy,WeaklyCorrelated,50,1000,192,192,29485,0.029,1048576,1.000,1313,,,0,false
Greedy,WeaklyCorrelated,50,1000,193,193,20147,0.020,1048576,1.000,1340,,,0,false
Greedy,WeaklyCorrelated,50,1000,194,194,21391,0.021,1048576,1.000,1387,,,0,false
Greedy,WeaklyCorrelated,50,1000,195,195,25273,0.025,1048576,1.000,1446,,,0,false
Greedy,WeaklyCorrelated,50,1000,196,196,21454,0.021,1048576,1.000,1256,,,0,false
Greedy,WeaklyCorrelated,50,1000,197,197,24765,0.025,1048576,1.000,1208,,,0,false
Greedy,WeaklyCorrelated,50,1000,198,198,20610,0.021,1048576,1.000,1388,,,0,false
Greedy,WeaklyCorrelated,50,1000,199,199,11304,0.011,1048576,1.000,1238,,,0,false
Greedy,WeaklyCorrelated,50,1000,200,200,21731,0.022,1048576,1.000,1543,,,0,false
Greedy,WeaklyCorrelated,50,1000,201,201,9547,0.010,1048576,1.000,1497,,,0,false
Greedy,WeaklyCorrelated,50,1000,202,202,23724,0.024,1048576,1.000,1444,,,0,false
Greedy,WeaklyCorrelated,50,1000,203,203,41487,0.041,1048576,1.000,1363,,,0,false
Greedy,WeaklyCorrelated,50,1000,204,204,20987,0.021,1048576,1.000,1364,,,0,false
Greedy,WeaklyCorrelated,50,1000,205,205,10833,0.011,1048576,1.000,1544,,,0,false
Greedy,WeaklyCorrelated,50,1000,206,206,19307,0.019,1048576,1.000,1322,,,0,false
Greedy,WeaklyCorrelated,50,1000,207,207,9155,0.009,1048576,1.000,1274,,,0,false
Greedy,WeaklyCorrelated,50,1000,208,208,18544,0.019,1048576,1.000,1358,,,0,false
Greedy,WeaklyCorrelated,50,1000,209,209,11272,0.011,1048576,1.000,1216,,,0,false
Greedy,StronglyCorrelated,50,1000,210,210,19905,0.020,1048576,1.000,1001,,,0,false
Greedy,StronglyCorrelated,50,1000,211,211,11158,0.011,1048576,1.000,975,,,0,false
Greedy,StronglyCorrelated,50,1000,212,212,19395,0.019,1048576,1.000,1007,,,0,false
Greedy,StronglyCorrelated,50,1000,213,213,34762,0.035,1048576,1.000,984,,,0,false
Greedy,StronglyCorrelated,50,1000,214,214,16237,0.016,1048576,1.000,1045,,,0,false
Greedy,StronglyCorrelated,50,1000,215,215,13382,0.013,1048576,1.000,930,,,0,false
Greedy,StronglyCorrelated,50,1000,216,216,18715,0.019,1048576,1.000,1029,,,0,false
Greedy,StronglyCorrelated,50,1000,217,217,22327,0.022,1048576,1.000,1016,,,0,false
Greedy,StronglyCorrelated,50,1000,218,218,12327,0.012,1048576,1.000,1008,,,0,false
Greedy,StronglyCorrelated,50,1000,219,219,17982,0.018,1048576,1.000,939,,,0,false
Greedy,StronglyCorrelated,50,1000,220,220,51585,0.052,1048576,1.000,1048,,,0,false
Greedy,StronglyCorrelated,50,1000,221,221,16193,0.016,1048576,1.000,1053,,,0,false
Greedy,StronglyCorrelated,50,1000,222,222,14913,0.015,1048576,1.000,1034,,,0,false
Greedy,StronglyCorrelated,50,1000,223,223,19682,0.020,1048576,1.000,1051,,,0,false
Greedy,StronglyCorrelated,50,1000,224,224,20127,0.020,1048576,1.000,1054,,,0,false
Greedy,StronglyCorrelated,50,1000,225,225,12433,0.012,1048576,1.000,997,,,0,false
Greedy,StronglyCorrelated,50,1000,226,226,14945,0.015,1048576,1.000,974,,,0,false
Greedy,StronglyCorrelated,50,1000,227,227,14219,0.014,1048576,1.000,1016,,,0,false
Greedy,StronglyCorrelated,50,1000,228,228,16557,0.017,1048576,1.000,933,,,0,false
Greedy,StronglyCorrelated,50,1000,229,229,21626,0.022,1048576,1.000,933,,,0,false
Greedy,StronglyCorrelated,50,1000,230,230,20460,0.020,1048576,1.000,1053,,,0,false
Greedy,StronglyCorrelated,50,1000,231,231,16829,0.017,1048576,1.000,992,,,0,false
Greedy,StronglyCorrelated,50,1000,232,232,17314,0.017,1048576,1.000,1014,,,0,false
Greedy,StronglyCorrelated,50,1000,233,233,16367,0.016,1048576,1.000,984,,,0,false
Greedy,StronglyCorrelated,50,1000,234,234,12349,0.012,1048576,1.000,946,,,0,false
Greedy,StronglyCorrelated,50,1000,235,235,7722,0.008,1048576,1.000,1023,,,0,false
Greedy,StronglyCorrelated,50,1000,236,236,7582,0.008,1048576,1.000,1007,,,0,false
Greedy,StronglyCorrelated,50,1000,237,237,5938,0.006,1048576,1.000,1017,,,0,false
Greedy,StronglyCorrelated,50,1000,238,238,10662,0.011,1048576,1.000,990,,,0,false
Greedy,StronglyCorrelated,50,1000,239,239,7307,0.007,1048576,1.000,992,,,0,false
Greedy,InverseCorrelated,50,1000,240,240,16155,0.016,1048576,1.000,10142,,,0,false
Greedy,InverseCorrelated,50,1000,241,241,9161,0.009,41848,0.040,8094,,,0,false
Greedy,InverseCorrelated,50,1000,242,242,8860,0.009,1048576,1.000,9033,,,0,false
Greedy,InverseCorrelated,50,1000,243,243,6502,0.007,1048576,1.000,9125,,,0,false
Greedy,InverseCorrelated,50,1000,244,244,7517,0.008,1048576,1.000,12044,,,0,false
Greedy,InverseCorrelated,50,1000,245,245,9277,0.009,1048576,1.000,7141,,,0,false
Greedy,InverseCorrelated,50,1000,246,246,7545,0.008,1048576,1.000,9084,,,0,false
Greedy,InverseCorrelated,50,1000,247,247,6093,0.006,1048576,1.000,8155,,,0,false
Greedy,InverseCorrelated,50,1000,248,248,6517,0.007,1048576,1.000,10116,,,0,false
Greedy,InverseCorrelated,50,1000,249,249,6364,0.006,1048576,1.000,6130,,,0,false
Greedy,InverseCorrelated,50,1000,250,250,6874,0.007,1048576,1.000,7093,,,0,false
Greedy,InverseCorrelated,50,1000,251,251,6573,0.007,1048576,1.000,10102,,,0,false
Greedy,InverseCorrelated,50,1000,252,252,6988,0.007,1048576,1.000,8117,,,0,false
Greedy,InverseCorrelated,50,1000,253,253,6193,0.006,1048576,1.000,7174,,,0,false
Greedy,InverseCorrelated,50,1000,254,254,6742,0.007,1048576,1.000,11139,,,0,false
Greedy,InverseCorrelated,50,1000,255,255,6188,0.006,1048576,1.000,11085,,,0,false
Greedy,InverseCorrelated,50,1000,256,256,7093,0.007,1048576,1.000,11163,,,0,false
Greedy,InverseCorrelated,50,1000,257,257,6221,0.006,1048576,1.000,5066,,,0,false
Greedy,InverseCorrelated,50,1000,258,258,7119,0.007,1048576,1.000,9058,,,0,false
Greedy,InverseCorrelated,50,1000,259,259,5896,0.006,1048576,1.000,8178,,,0,false
Greedy,InverseCorrelated,50,1000,260,260,6632,0.007,1048576,1.000,11054,,,0,false
Greedy,InverseCorrelated,50,1000,261,261,6165,0.006,1048576,1.000,6166,,,0,false
Greedy,InverseCorrelated,50,1000,262,262,6782,0.007,1048576,1.000,10026,,,0,false
Greedy,InverseCorrelated,50,1000,263,263,6280,0.006,1048576,1.000,6044,,,0,false
Greedy,InverseCorrelated,50,1000,264,264,6684,0.007,1048576,1.000,7164,,,0,false
Greedy,InverseCorrelated,50,1000,265,265,18935,0.019,1048576,1.000,9105,,,0,false
Greedy,InverseCorrelated,50,1000,266,266,14433,0.014,1048576,1.000,4178,,,0,false
Greedy,InverseCorrelated,50,1000,267,267,15798,0.016,1048576,1.000,9193,,,0,false
Greedy,InverseCorrelated,50,1000,268,268,38842,0.039,1048576,1.000,8182,,,0,false
Greedy,InverseCorrelated,50,1000,269,269,16432,0.016,1048576,1.000,9017,,,0,false
Greedy,AlmostEqualRatios,50,1000,270,270,16694,0.017,1048576,1.000,1075,,,0,false
Greedy,AlmostEqualRatios,50,1000,271,271,16764,0.017,1048576,1.000,1079,,,0,false
Greedy,AlmostEqualRatios,50,1000,272,272,19177,0.019,1048576,1.000,1065,,,0,false
Greedy,AlmostEqualRatios,50,1000,273,273,16407,0.016,1048576,1.000,1071,,,0,false
Greedy,AlmostEqualRatios,50,1000,274,274,15373,0.015,1048576,1.000,1088,,,0,false
Greedy,AlmostEqualRatios,50,1000,275,275,13094,0.013,1048576,1.000,1060,,,0,false
Greedy,AlmostEqualRatios,50,1000,276,276,15689,0.016,1048576,1.000,1070,,,0,false
Greedy,AlmostEqualRatios,50,1000,277,277,13488,0.013,1048576,1.000,1054,,,0,false
Greedy,AlmostEqualRatios,50,1000,278,278,8146,0.008,1048576,1.000,1080,,,0,false
Greedy,AlmostEqualRatios,50,1000,279,279,13264,0.013,1048576,1.000,1074,,,0,false
Greedy,AlmostEqualRatios,50,1000,280,280,15280,0.015,1048576,1.000,1093,,,0,false
Greedy,AlmostEqualRatios,50,1000,281,281,14141,0.014,618632,0.590,1045,,,0,false
Greedy,AlmostEqualRatios,50,1000,282,282,14789,0.015,1048576,1.000,1090,,,0,false
Greedy,AlmostEqualRatios,50,1000,283,283,12903,0.013,1048576,1.000,1085,,,0,false
Greedy,AlmostEqualRatios,50,1000,284,284,16697,0.017,1048576,1.000,1090,,,0,false
Greedy,AlmostEqualRatios,50,1000,285,285,12519,0.013,1048576,1.000,1067,,,0,false
Greedy,AlmostEqualRatios,50,1000,286,286,8514,0.009,1048576,1.000,1072,,,0,false
Greedy,AlmostEqualRatios,50,1000,287,287,17416,0.017,1048576,1.000,1039,,,0,false
Greedy,AlmostEqualRatios,50,1000,288,288,14667,0.015,1048576,1.000,1090,,,0,false
Greedy,AlmostEqualRatios,50,1000,289,289,12791,0.013,1048576,1.000,1060,,,0,false
Greedy,AlmostEqualRatios,50,1000,290,290,8172,0.008,1048576,1.000,1068,,,0,false
Greedy,AlmostEqualRatios,50,1000,291,291,12820,0.013,1048576,1.000,1079,,,0,false
Greedy,AlmostEqualRatios,50,1000,292,292,15111,0.015,1048576,1.000,1068,,,0,false
Greedy,AlmostEqualRatios,50,1000,293,293,12918,0.013,1048576,1.000,1086,,,0,false
Greedy,AlmostEqualRatios,50,1000,294,294,16622,0.017,1048576,1.000,1059,,,0,false
Greedy,AlmostEqualRatios,50,1000,295,295,12336,0.012,1048576,1.000,1080,,,0,false
Greedy,AlmostEqualRatios,50,1000,296,296,7814,0.008,1048576,1.000,1022,,,0,false
Greedy,AlmostEqualRatios,50,1000,297,297,14510,0.015,1048576,1.000,1091,,,0,false
Greedy,AlmostEqualRatios,50,1000,298,298,15987,0.016,1048576,1.000,1055,,,0,false
Greedy,AlmostEqualRatios,50,1000,299,299,14232,0.014,1048576,1.000,1080,,,0,false
Greedy,Uncorrelated,100,1000,300,300,27772,0.028,1048576,1.000,7462,,,0,false
Greedy,Uncorrelated,100,1000,301,301,9545,0.010,1048576,1.000,7624,,,0,false
Greedy,Uncorrelated,100,1000,302,302,26755,0.027,1048576,1.000,7731,,,0,false
Greedy,Uncorrelated,100,1000,303,303,53344,0.053,1048576,1.000,6667,,,0,false
Greedy,Uncorrelated,100,1000,304,304,26403,0.026,1048576,1.000,8912,,,0,false
Greedy,Uncorrelated,100,1000,305,305,23525,0.024,1048576,1.000,6164,,,0,false
Greedy,Uncorrelated,100,1000,306,306,32131,0.032,1048576,1.000,7985,,,0,false
Greedy,Uncorrelated,100,1000,307,307,28923,0.029,1048576,1.000,7530,,,0,false
Greedy,Uncorrelated,100,1000,308,308,25055,0.025,1048576,1.000,9567,,,0,false
Greedy,Uncorrelated,100,1000,309,309,25331,0.025,1048576,1.000,7267,,,0,false
Greedy,Uncorrelated,100,1000,310,310,25652,0.026,1048576,1.000,8138,,,0,false
Greedy,Uncorrelated,100,1000,311,311,23634,0.024,1048576,1.000,7611,,,0,false
Greedy,Uncorrelated,100,1000,312,312,25392,0.025,1048576,1.000,9270,,,0,false
Greedy,Uncorrelated,100,1000,313,313,23559,0.024,1048576,1.000,9187,,,0,false
Greedy,Uncorrelated,100,1000,314,314,25781,0.026,1048576,1.000,6482,,,0,false
Greedy,Uncorrelated,100,1000,315,315,82069,0.082,1048576,1.000,9906,,,0,false
Greedy,Uncorrelated,100,1000,316,316,54610,0.055,1048576,1.000,8406,,,0,false
Greedy,Uncorrelated,100,1000,317,317,73522,0.074,1048576,1.000,10708,,,0,false
Greedy,Uncorrelated,100,1000,318,318,73589,0.074,1048576,1.000,7315,,,0,false
Greedy,Uncorrelated,100,1000,319,319,61866,0.062,1048576,1.000,10223,,,0,false
Greedy,Uncorrelated,100,1000,320,320,1883125,1.883,0,0.000,5375,,,0,false
Greedy,Uncorrelated,100,1000,321,321,50886,0.051,253600,0.242,6187,,,0,false
Greedy,Uncorrelated,100,1000,322,322,50963,0.051,1048576,1.000,7447,,,0,false
Greedy,Uncorrelated,100,1000,323,323,50518,0.051,1048576,1.000,7942,,,0,false
Greedy,Uncorrelated,100,1000,324,324,51743,0.052,1048576,1.000,8584,,,0,false
Greedy,Uncorrelated,100,1000,325,325,50460,0.050,1048576,1.000,6785,,,0,false
Greedy,Uncorrelated,100,1000,326,326,52092,0.052,1048576,1.000,7186,,,0,false
Greedy,Uncorrelated,100,1000,327,327,48715,0.049,1048576,1.000,7481,,,0,false
Greedy,Uncorrelated,100,1000,328,328,49226,0.049,1048576,1.000,8199,,,0,false
Greedy,Uncorrelated,100,1000,329,329,49727,0.050,1048576,1.000,7742,,,0,false
Greedy,WeaklyCorrelated,100,1000,330,330,48981,0.049,1048576,1.000,1722,,,0,false
Greedy,WeaklyCorrelated,100,1000,331,331,48502,0.049,1048576,1.000,1695,,,0,false
Greedy,WeaklyCorrelated,100,1000,332,332,51968,0.052,1048576,1.000,1362,,,0,false
Greedy,WeaklyCorrelated,100,1000,333,333,53796,0.054,1048576,1.000,1572,,,0,false
Greedy,WeaklyCorrelated,100,1000,334,334,51981,0.052,1048576,1.000,1723,,,0,false
Greedy,WeaklyCorrelated,100,1000,335,335,51799,0.052,1048576,1.000,1622,,,0,false
Greedy,WeaklyCorrelated,100,1000,336,336,49684,0.050,1048576,1.000,1715,,,0,false
Greedy,WeaklyCorrelated,100,1000,337,337,72797,0.073,1048576,1.000,1516,,,0,false
Greedy,WeaklyCorrelated,100,1000,338,338,51882,0.052,1048576,1.000,1449,,,0,false
Greedy,WeaklyCorrelated,100,1000,339,339,48465,0.048,1048576,1.000,1526,,,0,false
Greedy,WeaklyCorrelated,100,1000,340,340,53286,0.053,1048576,1.000,1519,,,0,false
Greedy,WeaklyCorrelated,100,1000,341,341,75218,0.075,1048576,1.000,1487,,,0,false
Greedy,WeaklyCorrelated,100,1000,342,342,57040,0.057,1048576,1.000,1510,,,0,false
Greedy,WeaklyCorrelated,100,1000,343,343,53500,0.054,1048576,1.000,1457,,,0,false
Greedy,WeaklyCorrelated,100,1000,344,344,53331,0.053,1048576,1.000,1515,,,0,false
Greedy,WeaklyCorrelated,100,1000,345,345,57090,0.057,1048576,1.000,1586,,,0,false
Greedy,WeaklyCorrelated,100,1000,346,346,50529,0.051,1048576,1.000,1497,,,0,false
Greedy,WeaklyCorrelated,100,1000,347,347,49837,0.050,1048576,1.000,1577,,,0,false
Greedy,WeaklyCorrelated,100,1000,348,348,51292,0.051,1048576,1.000,1313,,,0,false
Greedy,WeaklyCorrelated,100,1000,349,349,51493,0.051,1048576,1.000,1334,,,0,false
Greedy,WeaklyCorrelated,100,1000,350,350,51094,0.051,1048576,1.000,1602,,,0,false
Greedy,WeaklyCorrelated,100,1000,351,351,97891,0.098,1048576,1.000,1489,,,0,false
Greedy,WeaklyCorrelated,100,1000,352,352,53627,0.054,1048576,1.000,1785,,,0,false
Greedy,WeaklyCorrelated,100,1000,353,353,49199,0.049,1048576,1.000,1682,,,0,false
Greedy,WeaklyCorrelated,100,1000,354,354,54233,0.054,1048576,1.000,1293,,,0,false
Greedy,WeaklyCorrelated,100,1000,355,355,55062,0.055,1048576,1.000,1709,,,0,false
Greedy,WeaklyCorrelated,100,1000,356,356,49484,0.049,1048576,1.000,1380,,,0,false
Greedy,WeaklyCorrelated,100,1000,357,357,75014,0.075,1048576,1.000,1690,,,0,false
Greedy,WeaklyCorrelated,100,1000,358,358,52862,0.053,1048576,1.000,1462,,,0,false
Greedy,WeaklyCorrelated,100,1000,359,359,49930,0.050,1048576,1.000,1302,,,0,false
Greedy,StronglyCorrelated,100,1000,360,360,49147,0.049,1048576,1.000,1081,,,0,false
Greedy,StronglyCorrelated,100,1000,361,361,30711,0.031,1048576,1.000,1047,,,0,false
Greedy,StronglyCorrelated,100,1000,362,362,51920,0.052,1048576,1.000,1067,,,0,false
Greedy,StronglyCorrelated,100,1000,363,363,52450,0.052,1048576,1.000,1061,,,0,false
Greedy,StronglyCorrelated,100,1000,364,364,53696,0.054,1048576,1.000,1046,,,0,false
Greedy,StronglyCorrelated,100,1000,365,365,51622,0.052,1048576,1.000,1078,,,0,false
Greedy,StronglyCorrelated,100,1000,366,366,57093,0.057,1048576,1.000,1081,,,0,false
Greedy,StronglyCorrelated,100,1000,367,367,56201,0.056,1048576,1.000,1036,,,0,false
Greedy,StronglyCorrelated,100,1000,368,368,53135,0.053,1048576,1.000,1084,,,0,false
Greedy,StronglyCorrelated,100,1000,369,369,41083,0.041,1048576,1.000,1079,,,0,false
Greedy,StronglyCorrelated,100,1000,370,370,54355,0.054,1048576,1.000,1016,,,0,false
Greedy,StronglyCorrelated,100,1000,371,371,50425,0.050,1048576,1.000,1080,,,0,false
Greedy,StronglyCorrelated,100,1000,372,372,47161,0.047,1048576,1.000,1068,,,0,false
Greedy,StronglyCorrelated,100,1000,373,373,50575,0.051,1048576,1.000,1061,,,0,false
Greedy,StronglyCorrelated,100,1000,374,374,48422,0.048,1048576,1.000,1003,,,0,false
Greedy,StronglyCorrelated,100,1000,375,375,52623,0.053,1048576,1.000,1053,,,0,false
Greedy,StronglyCorrelated,100,1000,376,376,52612,0.053,1048576,1.000,1052,,,0,false
Greedy,StronglyCorrelated,100,1000,377,377,55090,0.055,1048576,1.000,886,,,0,false
Greedy,StronglyCorrelated,100,1000,378,378,54440,0.054,1048576,1.000,1024,,,0,false
Greedy,StronglyCorrelated,100,1000,379,379,62036,0.062,1048576,1.000,1030,,,0,false
Greedy,StronglyCorrelated,100,1000,380,380,53996,0.054,1048576,1.000,1034,,,0,false
Greedy,StronglyCorrelated,100,1000,381,381,38273,0.038,1048576,1.000,1041,,,0,false
Greedy,StronglyCorrelated,100,1000,382,382,52233,0.052,1048576,1.000,1112,,,0,false
Greedy,StronglyCorrelated,100,1000,383,383,37918,0.038,1048576,1.000,983,,,0,false
Greedy,StronglyCorrelated,100,1000,384,384,32501,0.033,1048576,1.000,1040,,,0,false
Greedy,StronglyCorrelated,100,1000,385,385,30719,0.031,1048576,1.000,1032,,,0,false
Greedy,StronglyCorrelated,100,1000,386,386,25588,0.026,1048576,1.000,1072,,,0,false
Greedy,StronglyCorrelated,100,1000,387,387,61148,0.061,1048576,1.000,1028,,,0,false
Greedy,StronglyCorrelated,100,1000,388,388,55365,0.055,1048576,1.000,1089,,,0,false
Greedy,StronglyCorrelated,100,1000,389,389,53772,0.054,1048576,1.000,1076,,,0,false
Greedy,InverseCorrelated,100,1000,390,390,52671,0.053,1048576,1.000,12152,,,0,false
Greedy,InverseCorrelated,100,1000,391,391,52665,0.053,1048576,1.000,11093,,,0,false
Greedy,InverseCorrelated,100,1000,392,392,51990,0.052,1048576,1.000,11156,,,0,false
Greedy,InverseCorrelated,100,1000,393,393,81092,0.081,1048576,1.000,15019,,,0,false
Greedy,InverseCorrelated,100,1000,394,394,54401,0.054,1048576,1.000,14091,,,0,false
Greedy,InverseCorrelated,100,1000,395,395,73430,0.073,1048576,1.000,10023,,,0,false
Greedy,InverseCorrelated,100,1000,396,396,77392,0.077,1048576,1.000,10139,,,0,false
Greedy,InverseCorrelated,100,1000,397,397,87152,0.087,1048576,1.000,12087,,,0,false
Greedy,InverseCorrelated,100,1000,398,398,69695,0.070,1048576,1.000,13155,,,0,false
Greedy,InverseCorrelated,100,1000,399,399,77536,0.078,1048576,1.000,18151,,,0,false
Greedy,InverseCorrelated,100,1000,400,400,71962,0.072,1048576,1.000,14112,,,0,false
Greedy,InverseCorrelated,100,1000,401,401,79626,0.080,1048576,1.000,14076,,,0,false
Greedy,InverseCorrelated,100,1000,402,402,77545,0.078,1048576,1.000,14031,,,0,false
Greedy,InverseCorrelated,100,1000,403,403,66529,0.067,1048576,1.000,12134,,,0,false
Greedy,InverseCorrelated,100,1000,404,404,70094,0.070,1048576,1.000,12036,,,0,false
Greedy,InverseCorrelated,100,1000,405,405,66807,0.067,1048576,1.000,11017,,,0,false
Greedy,InverseCorrelated,100,1000,406,406,70025,0.070,1048576,1.000,10110,,,0,false
Greedy,InverseCorrelated,100,1000,407,407,80834,0.081,1048576,1.000,11017,,,0,false
Greedy,InverseCorrelated,100,1000,408,408,71379,0.071,1048576,1.000,11022,,,0,false
Greedy,InverseCorrelated,100,1000,409,409,82562,0.083,1048576,1.000,17040,,,0,false
Greedy,InverseCorrelated,100,1000,410,410,74787,0.075,1048576,1.000,14035,,,0,false
Greedy,InverseCorrelated,100,1000,411,411,76957,0.077,1048576,1.000,9017,,,0,false
Greedy,InverseCorrelated,100,1000,412,412,76977,0.077,1048576,1.000,14096,,,0,false
Greedy,InverseCorrelated,100,1000,413,413,75748,0.076,1048576,1.000,14076,,,0,false
Greedy,InverseCorrelated,100,1000,414,414,74689,0.075,1048576,1.000,13060,,,0,false
Greedy,InverseCorrelated,100,1000,415,415,72712,0.073,1048576,1.000,11174,,,0,false
Greedy,InverseCorrelated,100,1000,416,416,80889,0.081,1048576,1.000,12146,,,0,false
Greedy,InverseCorrelated,100,1000,417,417,73820,0.074,1048576,1.000,10052,,,0,false
Greedy,InverseCorrelated,100,1000,418,418,75885,0.076,1048576,1.000,13130,,,0,false
Greedy,InverseCorrelated,100,1000,419,419,59646,0.060,1048576,1.000,14054,,,0,false
Greedy,AlmostEqualRatios,100,1000,420,420,66313,0.066,1048576,1.000,1065,,,0,false
Greedy,AlmostEqualRatios,100,1000,421,421,70908,0.071,1048576,1.000,1083,,,0,false
Greedy,AlmostEqualRatios,100,1000,422,422,66773,0.067,1048576,1.000,1073,,,0,false
Greedy,AlmostEqualRatios,100,1000,423,423,70360,0.070,1048576,1.000,1094,,,0,false
Greedy,AlmostEqualRatios,100,1000,424,424,65680,0.066,1048576,1.000,1090,,,0,false
Greedy,AlmostEqualRatios,100,1000,425,425,57300,0.057,1048576,1.000,1075,,,0,false
Greedy,AlmostEqualRatios,100,1000,426,426,81147,0.081,1048576,1.000,1086,,,0,false
Greedy,AlmostEqualRatios,100,1000,427,427,71164,0.071,1048576,1.000,1064,,,0,false
Greedy,AlmostEqualRatios,100,1000,428,428,74700,0.075,1048576,1.000,1097,,,0,false
Greedy,AlmostEqualRatios,100,1000,429,429,66002,0.066,1048576,1.000,1083,,,0,false
Greedy,AlmostEqualRatios,100,1000,430,430,70830,0.071,1048576,1.000,1071,,,0,false
Greedy,AlmostEqualRatios,100,1000,431,431,65594,0.066,1048576,1.000,1062,,,0,false
Greedy,AlmostEqualRatios,100,1000,432,432,73718,0.074,1048576,1.000,1051,,,0,false
Greedy,AlmostEqualRatios,100,1000,433,433,67892,0.068,1048576,1.000,1087,,,0,false
Greedy,AlmostEqualRatios,100,1000,434,434,68671,0.069,1048576,1.000,1090,,,0,false
Greedy,AlmostEqualRatios,100,1000,435,435,112722,0.113,1048576,1.000,1089,,,0,false
Greedy,AlmostEqualRatios,100,1000,436,436,92726,0.093,1048576,1.000,1098,,,0,false
Greedy,AlmostEqualRatios,100,1000,437,437,79960,0.080,1048576,1.000,1071,,,0,false
Greedy,AlmostEqualRatios,100,1000,438,438,79885,0.080,1048576,1.000,1076,,,0,false
Greedy,AlmostEqualRatios,100,1000,439,439,76875,0.077,1048576,1.000,1085,,,0,false
Greedy,AlmostEqualRatios,100,1000,440,440,87598,0.088,1048576,1.000,1068,,,0,false
Greedy,AlmostEqualRatios,100,1000,441,441,75122,0.075,1048576,1.000,1086,,,0,false
Greedy,AlmostEqualRatios,100,1000,442,442,77606,0.078,1048576,1.000,1067,,,0,false
Greedy,AlmostEqualRatios,100,1000,443,443,43231,0.043,1048576,1.000,1098,,,0,false
Greedy,AlmostEqualRatios,100,1000,444,444,49734,0.050,1048576,1.000,1062,,,0,false
Greedy,AlmostEqualRatios,100,1000,445,445,54030,0.054,1048576,1.000,1095,,,0,false
Greedy,AlmostEqualRatios,100,1000,446,446,60606,0.061,1048576,1.000,1082,,,0,false
Greedy,AlmostEqualRatios,100,1000,447,447,51214,0.051,1048576,1.000,1082,,,0,false
Greedy,AlmostEqualRatios,100,1000,448,448,41398,0.041,1048576,1.000,1061,,,0,false
Greedy,AlmostEqualRatios,100,1000,449,449,48517,0.049,1048576,1.000,1081,,,0,false
Greedy,Uncorrelated,200,1000,450,450,64813,0.065,1048576,1.000,13419,,,0,false
Greedy,Uncorrelated,200,1000,451,451,93833,0.094,1048576,1.000,10514,,,0,false
Greedy,Uncorrelated,200,1000,452,452,102060,0.102,1048576,1.000,12294,,,0,false
Greedy,Uncorrelated,200,1000,453,453,80146,0.080,1048576,1.000,12571,,,0,false
Greedy,Uncorrelated,200,1000,454,454,89406,0.089,1048576,1.000,12463,,,0,false
Greedy,Uncorrelated,200,1000,455,455,95148,0.095,1048576,1.000,11250,,,0,false
Greedy,Uncorrelated,200,1000,456,456,86909,0.087,524680,0.500,12974,,,0,false
Greedy,Uncorrelated,200,1000,457,457,106422,0.106,1048576,1.000,11285,,,0,false
Greedy,Uncorrelated,200,1000,458,458,94532,0.095,1048576,1.000,11206,,,0,false
Greedy,Uncorrelated,200,1000,459,459,109816,0.110,1048576,1.000,12381,,,0,false
Greedy,Uncorrelated,200,1000,460,460,82565,0.083,1048576,1.000,11895,,,0,false
Greedy,Uncorrelated,200,1000,461,461,85350,0.085,1048576,1.000,12373,,,0,false
Greedy,Uncorrelated,200,1000,462,462,112464,0.112,1048576,1.000,11864,,,0,false
Greedy,Uncorrelated,200,1000,463,463,115232,0.115,1048576,1.000,8754,,,0,false
Greedy,Uncorrelated,200,1000,464,464,88563,0.089,1048576,1.000,11435,,,0,false
Greedy,Uncorrelated,200,1000,465,465,93025,0.093,1048576,1.000,9999,,,0,false
Greedy,Uncorrelated,200,1000,466,466,54866,0.055,1048576,1.000,11347,,,0,false
Greedy,Uncorrelated,200,1000,467,467,86994,0.087,1048576,1.000,13324,,,0,false
Greedy,Uncorrelated,200,1000,468,468,80451,0.080,1048576,1.000,11438,,,0,false
Greedy,Uncorrelated,200,1000,469,469,88328,0.088,1048576,1.000,11907,,,0,false
Greedy,Uncorrelated,200,1000,470,470,88699,0.089,1048576,1.000,11703,,,0,false
Greedy,Uncorrelated,200,1000,471,471,99638,0.100,1048576,1.000,11711,,,0,false
Greedy,Uncorrelated,200,1000,472,472,87672,0.088,1048576,1.000,12798,,,0,false
Greedy,Uncorrelated,200,1000,473,473,89968,0.090,1048576,1.000,10146,,,0,false
Greedy,Uncorrelated,200,1000,474,474,83120,0.083,1048576,1.000,11338,,,0,false
Greedy,Uncorrelated,200,1000,475,475,84677,0.085,1048576,1.000,11786,,,0,false
Greedy,Uncorrelated,200,1000,476,476,96544,0.097,1048576,1.000,14183,,,0,false
Greedy,Uncorrelated,200,1000,477,477,66974,0.067,1048576,1.000,12737,,,0,false
Greedy,Uncorrelated,200,1000,478,478,65842,0.066,1048576,1.000,12086,,,0,false
Greedy,Uncorrelated,200,1000,479,479,59701,0.060,1048576,1.000,12024,,,0,false
Greedy,WeaklyCorrelated,200,1000,480,480,55519,0.056,1048576,1.000,2111,,,0,false
Greedy,WeaklyCorrelated,200,1000,481,481,56853,0.057,1048576,1.000,1682,,,0,false
Greedy,WeaklyCorrelated,200,1000,482,482,78310,0.078,1048576,1.000,1608,,,0,false
Greedy,WeaklyCorrelated,200,1000,483,483,95326,0.095,1048576,1.000,1723,,,0,false
Greedy,WeaklyCorrelated,200,1000,484,484,74872,0.075,1048576,1.000,1751,,,0,false
Greedy,WeaklyCorrelated,200,1000,485,485,86712,0.087,1048576,1.000,1498,,,0,false
Greedy,WeaklyCorrelated,200,1000,486,486,109958,0.110,1048576,1.000,1919,,,0,false
Greedy,WeaklyCorrelated,200,1000,487,487,90434,0.090,1048576,1.000,1756,,,0,false
Greedy,WeaklyCorrelated,200,1000,488,488,48639,0.049,1048576,1.000,1756,,,0,false
Greedy,WeaklyCorrelated,200,1000,489,489,74742,0.075,1048576,1.000,1588,,,0,false
Greedy,WeaklyCorrelated,200,1000,490,490,106118,0.106,1048576,1.000,1727,,,0,false
Greedy,WeaklyCorrelated,200,1000,491,491,69917,0.070,1048576,1.000,1805,,,0,false
Greedy,WeaklyCorrelated,200,1000,492,492,79538,0.080,1048576,1.000,2071,,,0,false
Greedy,WeaklyCorrelated,200,1000,493,493,87181,0.087,1048576,1.000,1801,,,0,false
Greedy,WeaklyCorrelated,200,1000,494,494,111078,0.111,1048576,1.000,1911,,,0,false
Greedy,WeaklyCorrelated,200,1000,495,495,96028,0.096,1048576,1.000,1559,,,0,false
Greedy,WeaklyCorrelated,200,1000,496,496,88660,0.089,1048576,1.000,1867,,,0,false
Greedy,WeaklyCorrelated,200,1000,497,497,67443,0.067,1048576,1.000,1899,,,0,false
Greedy,WeaklyCorrelated,200,1000,498,498,105032,0.105,1048576,1.000,1801,,,0,false
Greedy,WeaklyCorrelated,200,1000,499,499,88797,0.089,1048576,1.000,1656,,,0,false
Greedy,WeaklyCorrelated,200,1000,500,500,77901,0.078,1048576,1.000,1714,,,0,false
Greedy,WeaklyCorrelated,200,1000,501,501,87862,0.088,1048576,1.000,1447,,,0,false
Greedy,WeaklyCorrelated,200,1000,502,502,106358,0.106,1048576,1.000,1830,,,0,false
Greedy,WeaklyCorrelated,200,1000,503,503,78763,0.079,1048576,1.000,1938,,,0,false
Greedy,WeaklyCorrelated,200,1000,504,504,95062,0.095,1048576,1.000,1703,,,0,false
Greedy,WeaklyCorrelated,200,1000,505,505,86696,0.087,1048576,1.000,1679,,,0,false
Greedy,WeaklyCorrelated,200,1000,506,506,102078,0.102,1048576,1.000,1760,,,0,false
Greedy,WeaklyCorrelated,200,1000,507,507,82847,0.083,1048576,1.000,1677,,,0,false
Greedy,WeaklyCorrelated,200,1000,508,508,91805,0.092,1048576,1.000,1754,,,0,false
Greedy,WeaklyCorrelated,200,1000,509,509,101934,0.102,1048576,1.000,1648,,,0,false
Greedy,StronglyCorrelated,200,1000,510,510,72473,0.072,1048576,1.000,1086,,,0,false
Greedy,StronglyCorrelated,200,1000,511,511,104400,0.104,1048576,1.000,1100,,,0,false
Greedy,StronglyCorrelated,200,1000,512,512,101198,0.101,1048576,1.000,1077,,,0,false
Greedy,StronglyCorrelated,200,1000,513,513,102659,0.103,1048576,1.000,1135,,,0,false
Greedy,StronglyCorrelated,200,1000,514,514,103459,0.103,1048576,1.000,1075,,,0,false
Greedy,StronglyCorrelated,200,1000,515,515,92506,0.093,1048576,1.000,1121,,,0,false
Greedy,StronglyCorrelated,200,1000,516,516,93280,0.093,1048576,1.000,1125,,,0,false
Greedy,StronglyCorrelated,200,1000,517,517,108203,0.108,1048576,1.000,1113,,,0,false
Greedy,StronglyCorrelated,200,1000,518,518,106008,0.106,1048576,1.000,1110,,,0,false
Greedy,StronglyCorrelated,200,1000,519,519,101015,0.101,1048576,1.000,1050,,,0,false
Greedy,StronglyCorrelated,200,1000,520,520,128016,0.128,1048576,1.000,1118,,,0,false
Greedy,StronglyCorrelated,200,1000,521,521,106125,0.106,1048576,1.000,1125,,,0,false
Greedy,StronglyCorrelated,200,1000,522,522,109236,0.109,1048576,1.000,1058,,,0,false
Greedy,StronglyCorrelated,200,1000,523,523,109199,0.109,1048576,1.000,1038,,,0,false
Greedy,StronglyCorrelated,200,1000,524,524,129564,0.130,1048576,1.000,1068,,,0,false
Greedy,StronglyCorrelated,200,1000,525,525,114853,0.115,1048576,1.000,1111,,,0,false
Greedy,StronglyCorrelated,200,1000,526,526,105715,0.106,1048576,1.000,1094,,,0,false
Greedy,StronglyCorrelated,200,1000,527,527,91591,0.092,1048576,1.000,1109,,,0,false
Greedy,StronglyCorrelated,200,1000,528,528,109097,0.109,1048576,1.000,1082,,,0,false
Greedy,StronglyCorrelated,200,1000,529,529,103166,0.103,1048576,1.000,1079,,,0,false
Greedy,StronglyCorrelated,200,1000,530,530,123313,0.123,1048576,1.000,1142,,,0,false
Greedy,StronglyCorrelated,200,1000,531,531,113696,0.114,1048576,1.000,1086,,,0,false
Greedy,StronglyCorrelated,200,1000,532,532,109810,0.110,1048576,1.000,1095,,,0,false
Greedy,StronglyCorrelated,200,1000,533,533,119005,0.119,1048576,1.000,1076,,,0,false
Greedy,StronglyCorrelated,200,1000,534,534,103349,0.103,1048576,1.000,1130,,,0,false
Greedy,StronglyCorrelated,200,1000,535,535,69938,0.070,1048576,1.000,1052,,,0,false
Greedy,StronglyCorrelated,200,1000,536,536,109513,0.110,1048576,1.000,1112,,,0,false
Greedy,StronglyCorrelated,200,1000,537,537,120617,0.121,1048576,1.000,1054,,,0,false
Greedy,StronglyCorrelated,200,1000,538,538,95157,0.095,1048576,1.000,1109,,,0,false
Greedy,StronglyCorrelated,200,1000,539,539,117760,0.118,1048576,1.000,1112,,,0,false
Greedy,InverseCorrelated,200,1000,540,540,87832,0.088,1048576,1.000,18101,,,0,false
Greedy,InverseCorrelated,200,1000,541,541,70554,0.071,1048576,1.000,16044,,,0,false
Greedy,InverseCorrelated,200,1000,542,542,108752,0.109,1048576,1.000,19051,,,0,false
Greedy,InverseCorrelated,200,1000,543,543,100389,0.100,1048576,1.000,21053,,,0,false
Greedy,InverseCorrelated,200,1000,544,544,123394,0.123,1048576,1.000,20056,,,0,false
Greedy,InverseCorrelated,200,1000,545,545,167745,0.168,1048576,1.000,17033,,,0,false
Greedy,InverseCorrelated,200,1000,546,546,129308,0.129,1048576,1.000,17027,,,0,false
Greedy,InverseCorrelated,200,1000,547,547,116821,0.117,1048576,1.000,16102,,,0,false
Greedy,InverseCorrelated,200,1000,548,548,108398,0.108,1048576,1.000,17061,,,0,false
Greedy,InverseCorrelated,200,1000,549,549,107807,0.108,1048576,1.000,17053,,,0,false
Greedy,InverseCorrelated,200,1000,550,550,115349,0.115,1048576,1.000,21087,,,0,false
Greedy,InverseCorrelated,200,1000,551,551,103266,0.103,1048576,1.000,20083,,,0,false
Greedy,InverseCorrelated,200,1000,552,552,109040,0.109,1048576,1.000,18063,,,0,false
Greedy,InverseCorrelated,200,1000,553,553,105614,0.106,1048576,1.000,19089,,,0,false
Greedy,InverseCorrelated,200,1000,554,554,132199,0.132,1048576,1.000,20039,,,0,false
Greedy,InverseCorrelated,200,1000,555,555,118374,0.118,1048576,1.000,23043,,,0,false
Greedy,InverseCorrelated,200,1000,556,556,104583,0.105,1048576,1.000,18087,,,0,false
Greedy,InverseCorrelated,200,1000,557,557,109961,0.110,1048576,1.000,20097,,,0,false
Greedy,InverseCorrelated,200,1000,558,558,103550,0.104,1048576,1.000,21086,,,0,false
Greedy,InverseCorrelated,200,1000,559,559,96488,0.096,1048576,1.000,20104,,,0,false
Greedy,InverseCorrelated,200,1000,560,560,122487,0.122,1048576,1.000,17062,,,0,false
Greedy,InverseCorrelated,200,1000,561,561,88898,0.089,1048576,1.000,15036,,,0,false
Greedy,InverseCorrelated,200,1000,562,562,110930,0.111,1048576,1.000,18051,,,0,false
Greedy,InverseCorrelated,200,1000,563,563,112657,0.113,1048576,1.000,23106,,,0,false
Greedy,InverseCorrelated,200,1000,564,564,104941,0.105,1048576,1.000,19111,,,0,false
Greedy,InverseCorrelated,200,1000,565,565,99798,0.100,1048576,1.000,15047,,,0,false
Greedy,InverseCorrelated,200,1000,566,566,119425,0.119,1048576,1.000,22083,,,0,false
Greedy,InverseCorrelated,200,1000,567,567,139661,0.140,1048576,1.000,19100,,,0,false
Greedy,InverseCorrelated,200,1000,568,568,95989,0.096,1048576,1.000,18103,,,0,false
Greedy,InverseCorrelated,200,1000,569,569,113698,0.114,1048576,1.000,17045,,,0,false
Greedy,AlmostEqualRatios,200,1000,570,570,101354,0.101,1048576,1.000,1094,,,0,false
Greedy,AlmostEqualRatios,200,1000,571,571,112243,0.112,1048576,1.000,1097,,,0,false
Greedy,AlmostEqualRatios,200,1000,572,572,111612,0.112,1048576,1.000,1097,,,0,false
Greedy,AlmostEqualRatios,200,1000,573,573,103985,0.104,524736,0.500,1085,,,0,false
Greedy,AlmostEqualRatios,200,1000,574,574,104945,0.105,1048576,1.000,1093,,,0,false
Greedy,AlmostEqualRatios,200,1000,575,575,118664,0.119,1048576,1.000,1087,,,0,false
Greedy,AlmostEqualRatios,200,1000,576,576,105596,0.106,1048576,1.000,1087,,,0,false
Greedy,AlmostEqualRatios,200,1000,577,577,105250,0.105,1048576,1.000,1078,,,0,false
Greedy,AlmostEqualRatios,200,1000,578,578,160165,0.160,1048576,1.000,1094,,,0,false
Greedy,AlmostEqualRatios,200,1000,579,579,119813,0.120,1048576,1.000,1095,,,0,false
Greedy,AlmostEqualRatios,200,1000,580,580,112913,0.113,1048576,1.000,1080,,,0,false
Greedy,AlmostEqualRatios,200,1000,581,581,122221,0.122,1048576,1.000,1096,,,0,false
Greedy,AlmostEqualRatios,200,1000,582,582,95853,0.096,1048576,1.000,1097,,,0,false
Greedy,AlmostEqualRatios,200,1000,583,583,108142,0.108,1048576,1.000,1094,,,0,false
Greedy,AlmostEqualRatios,200,1000,584,584,100147,0.100,1048576,1.000,1093,,,0,false
Greedy,AlmostEqualRatios,200,1000,585,585,116682,0.117,1048576,1.000,1097,,,0,false
Greedy,AlmostEqualRatios,200,1000,586,586,90862,0.091,1048576,1.000,1097,,,0,false
Greedy,AlmostEqualRatios,200,1000,587,587,126755,0.127,1048576,1.000,1096,,,0,false
Greedy,AlmostEqualRatios,200,1000,588,588,110960,0.111,1048576,1.000,1098,,,0,false
Greedy,AlmostEqualRatios,200,1000,589,589,116916,0.117,1048576,1.000,1090,,,0,false
Greedy,AlmostEqualRatios,200,1000,590,590,2176809,2.177,0,0.000,1096,,,0,false
Greedy,AlmostEqualRatios,200,1000,591,591,123455,0.123,700200,0.668,1095,,,0,false
Greedy,AlmostEqualRatios,200,1000,592,592,107705,0.108,1048576,1.000,1084,,,0,false
Greedy,AlmostEqualRatios,200,1000,593,593,131065,0.131,1048576,1.000,1091,,,0,false
Greedy,AlmostEqualRatios,200,1000,594,594,108692,0.109,1048576,1.000,1083,,,0,false
Greedy,AlmostEqualRatios,200,1000,595,595,106213,0.106,1048576,1.000,1097,,,0,false
Greedy,AlmostEqualRatios,200,1000,596,596,94795,0.095,1048576,1.000,1093,,,0,false
Greedy,AlmostEqualRatios,200,1000,597,597,102503,0.103,1048576,1.000,1086,,,0,false
Greedy,AlmostEqualRatios,200,1000,598,598,99277,0.099,1048576,1.000,1095,,,0,false
Greedy,AlmostEqualRatios,200,1000,599,599,99086,0.099,1048576,1.000,1095,,,0,false
Greedy,Uncorrelated,500,1000,600,600,197406,0.197,1048576,1.000,15991,,,0,false
Greedy,Uncorrelated,500,1000,601,601,207746,0.208,1048576,1.000,18512,,,0,false
Greedy,Uncorrelated,500,1000,602,602,203783,0.204,1048576,1.000,14362,,,0,false
Greedy,Uncorrelated,500,1000,603,603,201472,0.201,1048576,1.000,14768,,,0,false
Greedy,Uncorrelated,500,1000,604,604,181624,0.182,1048576,1.000,20965,,,0,false
Greedy,Uncorrelated,500,1000,605,605,323717,0.324,1048576,1.000,16177,,,0,false
Greedy,Uncorrelated,500,1000,606,606,281066,0.281,1048576,1.000,18175,,,0,false
Greedy,Uncorrelated,500,1000,607,607,273361,0.273,1048576,1.000,18215,,,0,false
Greedy,Uncorrelated,500,1000,608,608,299568,0.300,1048576,1.000,19618,,,0,false
Greedy,Uncorrelated,500,1000,609,609,270822,0.271,1048576,1.000,18089,,,0,false
Greedy,Uncorrelated,500,1000,610,610,281336,0.281,1048576,1.000,18485,,,0,false
Greedy,Uncorrelated,500,1000,611,611,292098,0.292,1048576,1.000,18518,,,0,false
Greedy,Uncorrelated,500,1000,612,612,278280,0.278,1048576,1.000,18928,,,0,false
Greedy,Uncorrelated,500,1000,613,613,301350,0.301,1048576,1.000,18898,,,0,false
Greedy,Uncorrelated,500,1000,614,614,288985,0.289,1048576,1.000,24325,,,0,false
Greedy,Uncorrelated,500,1000,615,615,304547,0.305,701008,0.669,17499,,,0,false
Greedy,Uncorrelated,500,1000,616,616,309375,0.309,1048576,1.000,17141,,,0,false
Greedy,Uncorrelated,500,1000,617,617,286386,0.286,1048576,1.000,19782,,,0,false
Greedy,Uncorrelated,500,1000,618,618,321054,0.321,1048576,1.000,19272,,,0,false
Greedy,Uncorrelated,500,1000,619,619,303758,0.304,1048576,1.000,18415,,,0,false
Greedy,Uncorrelated,500,1000,620,620,289405,0.289,1048576,1.000,17763,,,0,false
Greedy,Uncorrelated,500,1000,621,621,302868,0.303,1048576,1.000,15886,,,0,false
Greedy,Uncorrelated,500,1000,622,622,289712,0.290,1048576,1.000,17406,,,0,false
Greedy,Uncorrelated,500,1000,623,623,289748,0.290,1048576,1.000,17265,,,0,false
Greedy,Uncorrelated,500,1000,624,624,291220,0.291,1048576,1.000,18738,,,0,false
Greedy,Uncorrelated,500,1000,625,625,298488,0.298,1048576,1.000,18728,,,0,false
Greedy,Uncorrelated,500,1000,626,626,318193,0.318,1048576,1.000,17180,,,0,false
Greedy,Uncorrelated,500,1000,627,627,317691,0.318,1048576,1.000,18302,,,0,false
Greedy,Uncorrelated,500,1000,628,628,316414,0.316,1048576,1.000,20437,,,0,false
Greedy,Uncorrelated,500,1000,629,629,300824,0.301,1048576,1.000,15577,,,0,false
Greedy,WeaklyCorrelated,500,1000,630,630,286510,0.287,1048576,1.000,2291,,,0,false
Greedy,WeaklyCorrelated,500,1000,631,631,292123,0.292,1048576,1.000,2150,,,0,false
Greedy,WeaklyCorrelated,500,1000,632,632,276934,0.277,1048576,1.000,2555,,,0,false
Greedy,WeaklyCorrelated,500,1000,633,633,313352,0.313,1048576,1.000,2116,,,0,false
Greedy,WeaklyCorrelated,500,1000,634,634,370151,0.370,1048576,1.000,2134,,,0,false
Greedy,WeaklyCorrelated,500,1000,635,635,305624,0.306,699016,0.667,2214,,,0,false
Greedy,WeaklyCorrelated,500,1000,636,636,412881,0.413,1048576,1.000,2391,,,0,false
Greedy,WeaklyCorrelated,500,1000,637,637,358444,0.358,1048576,1.000,2021,,,0,false
Greedy,WeaklyCorrelated,500,1000,638,638,371609,0.372,1048576,1.000,2262,,,0,false
Greedy,WeaklyCorrelated,500,1000,639,639,321570,0.322,1048576,1.000,2241,,,0,false
Greedy,WeaklyCorrelated,500,1000,640,640,323634,0.324,1048576,1.000,2355,,,0,false
Greedy,WeaklyCorrelated,500,1000,641,641,381043,0.381,1048576,1.000,2115,,,0,false
Greedy,WeaklyCorrelated,500,1000,642,642,334813,0.335,1048576,1.000,2234,,,0,false
Greedy,WeaklyCorrelated,500,1000,643,643,326409,0.326,1048576,1.000,2023,,,0,false
Greedy,WeaklyCorrelated,500,1000,644,644,317171,0.317,1048576,1.000,2475,,,0,false
Greedy,WeaklyCorrelated,500,1000,645,645,317742,0.318,1048576,1.000,2307,,,0,false
Greedy,WeaklyCorrelated,500,1000,646,646,311572,0.312,1048576,1.000,2140,,,0,false
Greedy,WeaklyCorrelated,500,1000,647,647,282489,0.282,1048576,1.000,2141,,,0,false
Greedy,WeaklyCorrelated,500,1000,648,648,395449,0.395,1048576,1.000,2307,,,0,false
Greedy,WeaklyCorrelated,500,1000,649,649,355100,0.355,1048576,1.000,1981,,,0,false
Greedy,WeaklyCorrelated,500,1000,650,650,334889,0.335,1048576,1.000,2293,,,0,false
Greedy,WeaklyCorrelated,500,1000,651,651,388603,0.389,1048576,1.000,2262,,,0,false
Greedy,WeaklyCorrelated,500,1000,652,652,330193,0.330,1048576,1.000,2646,,,0,false
Greedy,WeaklyCorrelated,500,1000,653,653,308675,0.309,700016,0.668,2096,,,0,false
Greedy,WeaklyCorrelated,500,1000,654,654,308486,0.308,1048576,1.000,2518,,,0,false
Greedy,WeaklyCorrelated,500,1000,655,655,337919,0.338,1048576,1.000,2494,,,0,false
Greedy,WeaklyCorrelated,500,1000,656,656,328445,0.328,1048576,1.000,2804,,,0,false
Greedy,WeaklyCorrelated,500,1000,657,657,309974,0.310,1048576,1.000,2515,,,0,false
Greedy,WeaklyCorrelated,500,1000,658,658,205288,0.205,1048576,1.000,2489,,,0,false
Greedy,WeaklyCorrelated,500,1000,659,659,346538,0.347,1048576,1.000,2463,,,0,false
Greedy,StronglyCorrelated,500,1000,660,660,425381,0.425,1048576,1.000,1181,,,0,false
Greedy,StronglyCorrelated,500,1000,661,661,188042,0.188,1048576,1.000,1159,,,0,false
Greedy,StronglyCorrelated,500,1000,662,662,308433,0.308,1048576,1.000,1171,,,0,false
Greedy,StronglyCorrelated,500,1000,663,663,253803,0.254,1048576,1.000,1164,,,0,false
Greedy,StronglyCorrelated,500,1000,664,664,244272,0.244,1048576,1.000,1171,,,0,false
Greedy,StronglyCorrelated,500,1000,665,665,269097,0.269,1048576,1.000,1156,,,0,false
Greedy,StronglyCorrelated,500,1000,666,666,260956,0.261,1048576,1.000,1202,,,0,false
Greedy,StronglyCorrelated,500,1000,667,667,232756,0.233,1048576,1.000,1173,,,0,false
Greedy,StronglyCorrelated,500,1000,668,668,232364,0.232,1048576,1.000,1162,,,0,false
Greedy,StronglyCorrelated,500,1000,669,669,282233,0.282,1048576,1.000,1185,,,0,false
Greedy,StronglyCorrelated,500,1000,670,670,235873,0.236,1048576,1.000,1160,,,0,false
Greedy,StronglyCorrelated,500,1000,671,671,236871,0.237,1048576,1.000,1220,,,0,false
Greedy,StronglyCorrelated,500,1000,672,672,257206,0.257,1048576,1.000,1180,,,0,false
Greedy,StronglyCorrelated,500,1000,673,673,205298,0.205,700952,0.668,1182,,,0,false
Greedy,StronglyCorrelated,500,1000,674,674,228034,0.228,1048576,1.000,1211,,,0,false
Greedy,StronglyCorrelated,500,1000,675,675,164056,0.164,1048576,1.000,1169,,,0,false
Greedy,StronglyCorrelated,500,1000,676,676,183012,0.183,1048576,1.000,1186,,,0,false
Greedy,StronglyCorrelated,500,1000,677,677,197838,0.198,1048576,1.000,1186,,,0,false
Greedy,StronglyCorrelated,500,1000,678,678,176066,0.176,1048576,1.000,1198,,,0,false
Greedy,StronglyCorrelated,500,1000,679,679,175430,0.175,1048576,1.000,1231,,,0,false
Greedy,StronglyCorrelated,500,1000,680,680,181924,0.182,1048576,1.000,1196,,,0,false
Greedy,StronglyCorrelated,500,1000,681,681,165754,0.166,1048576,1.000,1162,,,0,false
Greedy,StronglyCorrelated,500,1000,682,682,171810,0.172,1048576,1.000,1155,,,0,false
Greedy,StronglyCorrelated,500,1000,683,683,178524,0.179,1048576,1.000,1167,,,0,false
Greedy,StronglyCorrelated,500,1000,684,684,186285,0.186,1048576,1.000,1215,,,0,false
Greedy,StronglyCorrelated,500,1000,685,685,181746,0.182,1048576,1.000,1191,,,0,false
Greedy,StronglyCorrelated,500,1000,686,686,177859,0.178,1048576,1.000,1212,,,0,false
Greedy,StronglyCorrelated,500,1000,687,687,186326,0.186,1048576,1.000,1162,,,0,false
Greedy,StronglyCorrelated,500,1000,688,688,191456,0.191,1048576,1.000,1171,,,0,false
Greedy,StronglyCorrelated,500,1000,689,689,192440,0.192,1048576,1.000,1133,,,0,false
Greedy,InverseCorrelated,500,1000,690,690,177392,0.177,1048576,1.000,31069,,,0,false
Greedy,InverseCorrelated,500,1000,691,691,191050,0.191,1048576,1.000,32088,,,0,false
Greedy,InverseCorrelated,500,1000,692,692,206619,0.207,1048576,1.000,29040,,,0,false
Greedy,InverseCorrelated,500,1000,693,693,148797,0.149,699016,0.667,25031,,,0,false
Greedy,InverseCorrelated,500,1000,694,694,198436,0.198,1048576,1.000,29096,,,0,false
Greedy,InverseCorrelated,500,1000,695,695,262478,0.262,1048576,1.000,31063,,,0,false
Greedy,InverseCorrelated,500,1000,696,696,297265,0.297,1048576,1.000,29093,,,0,false
Greedy,InverseCorrelated,500,1000,697,697,281740,0.282,1048576,1.000,30035,,,0,false
Greedy,InverseCorrelated,500,1000,698,698,232181,0.232,1048576,1.000,32066,,,0,false
Greedy,InverseCorrelated,500,1000,699,699,323132,0.323,1048576,1.000,31036,,,0,false
Greedy,InverseCorrelated,500,1000,700,700,227959,0.228,1048576,1.000,39044,,,0,false
Greedy,InverseCorrelated,500,1000,701,701,250304,0.250,1048576,1.000,27061,,,0,false
Greedy,InverseCorrelated,500,1000,702,702,295845,0.296,1048576,1.000,26082,,,0,false
Greedy,InverseCorrelated,500,1000,703,703,134996,0.135,1048576,1.000,31089,,,0,false
Greedy,InverseCorrelated,500,1000,704,704,133164,0.133,1048576,1.000,31068,,,0,false
Greedy,InverseCorrelated,500,1000,705,705,93841,0.094,1048576,1.000,33051,,,0,false
Greedy,InverseCorrelated,500,1000,706,706,99185,0.099,1048576,1.000,30061,,,0,false
Greedy,InverseCorrelated,500,1000,707,707,94511,0.095,1048576,1.000,33069,,,0,false
Greedy,InverseCorrelated,500,1000,708,708,97525,0.098,1048576,1.000,30051,,,0,false
Greedy,InverseCorrelated,500,1000,709,709,87421,0.087,1048576,1.000,29038,,,0,false
Greedy,InverseCorrelated,500,1000,710,710,94134,0.094,1048576,1.000,36040,,,0,false
Greedy,InverseCorrelated,500,1000,711,711,90504,0.091,1048576,1.000,27080,,,0,false
Greedy,InverseCorrelated,500,1000,712,712,100645,0.101,1048576,1.000,26030,,,0,false
Greedy,InverseCorrelated,500,1000,713,713,90683,0.091,700016,0.668,27054,,,0,false
Greedy,InverseCorrelated,500,1000,714,714,90574,0.091,1048576,1.000,27033,,,0,false
Greedy,InverseCorrelated,500,1000,715,715,89376,0.089,1048576,1.000,27058,,,0,false
Greedy,InverseCorrelated,500,1000,716,716,89911,0.090,1048576,1.000,23041,,,0,false
Greedy,InverseCorrelated,500,1000,717,717,85756,0.086,1048576,1.000,30046,,,0,false
Greedy,InverseCorrelated,500,1000,718,718,87948,0.088,1048576,1.000,27084,,,0,false
Greedy,InverseCorrelated,500,1000,719,719,87994,0.088,1048576,1.000,30079,,,0,false
Greedy,AlmostEqualRatios,500,1000,720,720,88506,0.089,1048576,1.000,1098,,,0,false
Greedy,AlmostEqualRatios,500,1000,721,721,87190,0.087,1048576,1.000,1095,,,0,false
Greedy,AlmostEqualRatios,500,1000,722,722,87009,0.087,1048576,1.000,1097,,,0,false
Greedy,AlmostEqualRatios,500,1000,723,723,86380,0.086,1048576,1.000,1093,,,0,false
Greedy,AlmostEqualRatios,500,1000,724,724,90071,0.090,1048576,1.000,1098,,,0,false
Greedy,AlmostEqualRatios,500,1000,725,725,89554,0.090,1048576,1.000,1099,,,0,false
Greedy,AlmostEqualRatios,500,1000,726,726,91550,0.092,1048576,1.000,1097,,,0,false
Greedy,AlmostEqualRatios,500,1000,727,727,90068,0.090,1048576,1.000,1098,,,0,false
Greedy,AlmostEqualRatios,500,1000,728,728,97917,0.098,1048576,1.000,1096,,,0,false
Greedy,AlmostEqualRatios,500,1000,729,729,91979,0.092,1048576,1.000,1097,,,0,false
Greedy,AlmostEqualRatios,500,1000,730,730,100718,0.101,1048576,1.000,1091,,,0,false
Greedy,AlmostEqualRatios,500,1000,731,731,71343,0.071,699016,0.667,1100,,,0,false
Greedy,AlmostEqualRatios,500,1000,732,732,97932,0.098,1048576,1.000,1092,,,0,false
Greedy,AlmostEqualRatios,500,1000,733,733,94231,0.094,1048576,1.000,1096,,,0,false
Greedy,AlmostEqualRatios,500,1000,734,734,95153,0.095,1048576,1.000,1094,,,0,false
Greedy,AlmostEqualRatios,500,1000,735,735,95018,0.095,1048576,1.000,1097,,,0,false
Greedy,AlmostEqualRatios,500,1000,736,736,93149,0.093,1048576,1.000,1089,,,0,false
Greedy,AlmostEqualRatios,500,1000,737,737,93982,0.094,1048576,1.000,1090,,,0,false
Greedy,AlmostEqualRatios,500,1000,738,738,96437,0.096,1048576,1.000,1100,,,0,false
Greedy,AlmostEqualRatios,500,1000,739,739,93726,0.094,1048576,1.000,1096,,,0,false
Greedy,AlmostEqualRatios,500,1000,740,740,101582,0.102,1048576,1.000,1097,,,0,false
Greedy,AlmostEqualRatios,500,1000,741,741,103314,0.103,1048576,1.000,1098,,,0,false
Greedy,AlmostEqualRatios,500,1000,742,742,104099,0.104,1048576,1.000,1097,,,0,false
Greedy,AlmostEqualRatios,500,1000,743,743,103905,0.104,1048576,1.000,1097,,,0,false
Greedy,AlmostEqualRatios,500,1000,744,744,103201,0.103,1048576,1.000,1099,,,0,false
Greedy,AlmostEqualRatios,500,1000,745,745,100406,0.100,1048576,1.000,1091,,,0,false
Greedy,AlmostEqualRatios,500,1000,746,746,104145,0.104,1048576,1.000,1099,,,0,false
Greedy,AlmostEqualRatios,500,1000,747,747,107298,0.107,1048576,1.000,1095,,,0,false
Greedy,AlmostEqualRatios,500,1000,748,748,104198,0.104,1048576,1.000,1094,,,0,false
Greedy,AlmostEqualRatios,500,1000,749,749,101151,0.101,1048576,1.000,1096,,,0,false
DynamicProgramming,Uncorrelated,20,1000,0,0,277021,0.277,1048576,1.000,2339,2339,0.000000,0,true
DynamicProgramming,Uncorrelated,20,1000,1,1,336288,0.336,697008,0.665,3417,3417,0.000000,0,true
DynamicProgramming,Uncorrelated,20,1000,2,2,95627,0.096,1048576,1.000,2658,2658,0.000000,0,true
DynamicProgramming,Uncorrelated,20,1000,3,3,68899,0.069,1048576,1.000,2443,2443,0.000000,0,true
DynamicProgramming,Uncorrelated,20,1000,4,4,100046,0.100,1048576,1.000,3111,3111,0.000000,0,true
DynamicProgramming,Uncorrelated,20,1000,5,5,83746,0.084,1048576,1.000,3213,3213,0.000000,0,true
DynamicProgramming,Uncorrelated,20,1000,6,6,58203,0.058,1048576,1.000,3354,3354,0.000000,0,true
DynamicProgramming,Uncorrelated,20,1000,7,7,61543,0.062,1048576,1.000,2178,2178,0.000000,0,true
DynamicProgramming,Uncorrelated,20,1000,8,8,66817,0.067,1048576,1.000,2585,2585,0.000000,0,true
DynamicProgramming,Uncorrelated,20,1000,9,9,74839,0.075,1048576,1.000,2237,2237,0.000000,0,true
DynamicProgramming,Uncorrelated,20,1000,10,10,106284,0.106,1048576,1.000,3837,3837,0.000000,0,true
DynamicProgramming,Uncorrelated,20,1000,11,11,71682,0.072,1048576,1.000,3381,3381,0.000000,0,true
DynamicProgramming,Uncorrelated,20,1000,12,12,91384,0.091,1048576,1.000,3178,3178,0.000000,0,true
DynamicProgramming,Uncorrelated,20,1000,13,13,84853,0.085,1048576,1.000,3053,3053,0.000000,0,true
DynamicProgramming,Uncorrelated,20,1000,14,14,100485,0.100,1048576,1.000,4520,4520,0.000000,0,true
DynamicProgramming,Uncorrelated,20,1000,15,15,53959,0.054,1048576,1.000,2146,2146,0.000000,0,true
DynamicProgramming,Uncorrelated,20,1000,16,16,97960,0.098,1048576,1.000,3109,3109,0.000000,0,true
DynamicProgramming,Uncorrelated,20,1000,17,17,75518,0.076,1048576,1.000,4331,4331,0.000000,0,true
DynamicProgramming,Uncorrelated,20,1000,18,18,36326,0.036,1048576,1.000,4648,4648,0.000000,0,true
DynamicProgramming,Uncorrelated,20,1000,19,19,96404,0.096,1048576,1.000,2340,2340,0.000000,0,true
DynamicProgramming,Uncorrelated,20,1000,20,20,77387,0.077,1048576,1.000,3402,3402,0.000000,0,true
DynamicProgramming,Uncorrelated,20,1000,21,21,92912,0.093,1048576,1.000,2612,2612,0.000000,0,true
DynamicProgramming,Uncorrelated,20,1000,22,22,42359,0.042,1048576,1.000,4394,4394,0.000000,0,true
DynamicProgramming,Uncorrelated,20,1000,23,23,87791,0.088,1048576,1.000,4186,4186,0.000000,0,true
DynamicProgramming,Uncorrelated,20,1000,24,24,104342,0.104,1048576,1.000,2944,2944,0.000000,0,true
DynamicProgramming,Uncorrelated,20,1000,25,25,73822,0.074,697008,0.665,4627,4627,0.000000,0,true
DynamicProgramming,Uncorrelated,20,1000,26,26,47078,0.047,1048576,1.000,2835,2835,0.000000,0,true
DynamicProgramming,Uncorrelated,20,1000,27,27,41611,0.042,1048576,1.000,2756,2756,0.000000,0,true
DynamicProgramming,Uncorrelated,20,1000,28,28,38745,0.039,1048576,1.000,3538,3538,0.000000,0,true
DynamicProgramming,Uncorrelated,20,1000,29,29,30615,0.031,1048576,1.000,3694,3694,0.000000,0,true
DynamicProgramming,WeaklyCorrelated,20,1000,30,30,32877,0.033,1048576,1.000,1055,1055,0.000000,0,true
DynamicProgramming,WeaklyCorrelated,20,1000,31,31,32762,0.033,1048576,1.000,1135,1135,0.000000,0,true
DynamicProgramming,WeaklyCorrelated,20,1000,32,32,46242,0.046,1048576,1.000,1080,1080,0.000000,0,true
DynamicProgramming,WeaklyCorrelated,20,1000,33,33,104338,0.104,1048576,1.000,1345,1345,0.000000,0,true
DynamicProgramming,WeaklyCorrelated,20,1000,34,34,79905,0.080,1048576,1.000,1142,1142,0.000000,0,true
DynamicProgramming,WeaklyCorrelated,20,1000,35,35,86642,0.087,1048576,1.000,1303,1303,0.000000,0,true
DynamicProgramming,WeaklyCorrelated,20,1000,36,36,80066,0.080,1048576,1.000,1224,1224,0.000000,0,true
DynamicProgramming,WeaklyCorrelated,20,1000,37,37,81457,0.081,1048576,1.000,1140,1140,0.000000,0,true
DynamicProgramming,WeaklyCorrelated,20,1000,38,38,63388,0.063,1048576,1.000,1266,1266,0.000000,0,true
DynamicProgramming,WeaklyCorrelated,20,1000,39,39,68800,0.069,1048576,1.000,1169,1169,0.000000,0,true
DynamicProgramming,WeaklyCorrelated,20,1000,40,40,65199,0.065,1048576,1.000,1297,1297,0.000000,0,true
DynamicProgramming,WeaklyCorrelated,20,1000,41,41,60978,0.061,1048576,1.000,1332,1332,0.000000,0,true
DynamicProgramming,WeaklyCorrelated,20,1000,42,42,68223,0.068,1048576,1.000,1195,1195,0.000000,0,true
DynamicProgramming,WeaklyCorrelated,20,1000,43,43,63603,0.064,1048576,1.000,1316,1316,0.000000,0,true
DynamicProgramming,WeaklyCorrelated,20,1000,44,44,57614,0.058,1048576,1.000,1231,1231,0.000000,0,true
DynamicProgramming,WeaklyCorrelated,20,1000,45,45,57857,0.058,1048576,1.000,1225,1225,0.000000,0,true
DynamicProgramming,WeaklyCorrelated,20,1000,46,46,61225,0.061,1048576,1.000,1083,1083,0.000000,0,true
DynamicProgramming,WeaklyCorrelated,20,1000,47,47,54436,0.054,1048576,1.000,1201,1201,0.000000,0,true
DynamicProgramming,WeaklyCorrelated,20,1000,48,48,53312,0.053,1048576,1.000,1194,1194,0.000000,0,true
DynamicProgramming,WeaklyCorrelated,20,1000,49,49,54439,0.054,700992,0.669,1161,1161,0.000000,0,true
DynamicProgramming,WeaklyCorrelated,20,1000,50,50,55086,0.055,1048576,1.000,1211,1211,0.000000,0,true
DynamicProgramming,WeaklyCorrelated,20,1000,51,51,50838,0.051,1048576,1.000,1095,1095,0.000000,0,true
DynamicProgramming,WeaklyCorrelated,20,1000,52,52,1755139,1.755,0,0.000,1096,1096,0.000000,0,true
DynamicProgramming,WeaklyCorrelated,20,1000,53,53,49745,0.050,670816,0.640,1052,1052,0.000000,0,true
DynamicProgramming,WeaklyCorrelated,20,1000,54,54,51412,0.051,1048576,1.000,1318,1318,0.000000,0,true
DynamicProgramming,WeaklyCorrelated,20,1000,55,55,50783,0.051,1048576,1.000,1112,1112,0.000000,0,true
DynamicProgramming,WeaklyCorrelated,20,1000,56,56,49981,0.050,1048576,1.000,1315,1315,0.000000,0,true
DynamicProgramming,WeaklyCorrelated,20,1000,57,57,56163,0.056,1048576,1.000,1332,1332,0.000000,0,true
DynamicProgramming,WeaklyCorrelated,20,1000,58,58,54119,0.054,1048576,1.000,1262,1262,0.000000,0,true
DynamicProgramming,WeaklyCorrelated,20,1000,59,59,55536,0.056,1048576,1.000,1144,1144,0.000000,0,true
DynamicProgramming,StronglyCorrelated,20,1000,60,60,57880,0.058,1048576,1.000,1035,1035,0.000000,0,true
DynamicProgramming,StronglyCorrelated,20,1000,61,61,51335,0.051,1048576,1.000,1025,1025,0.000000,0,true
DynamicProgramming,StronglyCorrelated,20,1000,62,62,58955,0.059,1048576,1.000,1045,1045,0.000000,0,true
DynamicProgramming,StronglyCorrelated,20,1000,63,63,50102,0.050,1048576,1.000,1026,1026,0.000000,0,true
DynamicProgramming,StronglyCorrelated,20,1000,64,64,52783,0.053,1048576,1.000,1025,1025,0.000000,0,true
DynamicProgramming,StronglyCorrelated,20,1000,65,65,55062,0.055,1048576,1.000,1023,1023,0.000000,0,true
DynamicProgramming,StronglyCorrelated,20,1000,66,66,55490,0.055,1048576,1.000,1024,1024,0.000000,0,true
DynamicProgramming,StronglyCorrelated,20,1000,67,67,61733,0.062,1048576,1.000,1049,1049,0.000000,0,true
DynamicProgramming,StronglyCorrelated,20,1000,68,68,53649,0.054,1048576,1.000,1037,1037,0.000000,0,true
DynamicProgramming,StronglyCorrelated,20,1000,69,69,22785,0.023,1048576,1.000,1027,1027,0.000000,0,true
DynamicProgramming,StronglyCorrelated,20,1000,70,70,21690,0.022,1048576,1.000,1043,1043,0.000000,0,true
DynamicProgramming,StronglyCorrelated,20,1000,71,71,24132,0.024,1048576,1.000,1044,1044,0.000000,0,true
DynamicProgramming,StronglyCorrelated,20,1000,72,72,25721,0.026,1048576,1.000,1043,1043,0.000000,0,true
DynamicProgramming,StronglyCorrelated,20,1000,73,73,25546,0.026,1048576,1.000,1050,1050,0.000000,0,true
DynamicProgramming,StronglyCorrelated,20,1000,74,74,26527,0.027,1048576,1.000,1028,1028,0.000000,0,true
DynamicProgramming,StronglyCorrelated,20,1000,75,75,22801,0.023,1048576,1.000,1032,1032,0.000000,0,true
DynamicProgramming,StronglyCorrelated,20,1000,76,76,14420,0.014,1048576,1.000,1021,1021,0.000000,0,true
DynamicProgramming,StronglyCorrelated,20,1000,77,77,23073,0.023,1048576,1.000,1024,1024,0.000000,0,true
DynamicProgramming,StronglyCorrelated,20,1000,78,78,13138,0.013,1048576,1.000,1000,1000,0.000000,0,true
DynamicProgramming,StronglyCorrelated,20,1000,79,79,14470,0.014,666904,0.636,1024,1024,0.000000,0,true
DynamicProgramming,StronglyCorrelated,20,1000,80,80,26509,0.027,1048576,1.000,1027,1027,0.000000,0,true
DynamicProgramming,StronglyCorrelated,20,1000,81,81,16650,0.017,1048576,1.000,1028,1028,0.000000,0,true
DynamicProgramming,StronglyCorrelated,20,1000,82,82,15880,0.016,1048576,1.000,1015,1015,0.000000,0,true
DynamicProgramming,StronglyCorrelated,20,1000,83,83,15449,0.015,1048576,1.000,1031,1031,0.000000,0,true
DynamicProgramming,StronglyCorrelated,20,1000,84,84,14029,0.014,1048576,1.000,1015,1015,0.000000,0,true
DynamicProgramming,StronglyCorrelated,20,1000,85,85,18913,0.019,1048576,1.000,1033,1033,0.000000,0,true
DynamicProgramming,StronglyCorrelated,20,1000,86,86,22873,0.023,1048576,1.000,1050,1050,0.000000,0,true
DynamicProgramming,StronglyCorrelated,20,1000,87,87,19943,0.020,1048576,1.000,1029,1029,0.000000,0,true
DynamicProgramming,StronglyCorrelated,20,1000,88,88,18275,0.018,1048576,1.000,1035,1035,0.000000,0,true
DynamicProgramming,StronglyCorrelated,20,1000,89,89,16977,0.017,1048576,1.000,1026,1026,0.000000,0,true
DynamicProgramming,InverseCorrelated,20,1000,90,90,13119,0.013,1048576,1.000,4018,4018,0.000000,0,true
DynamicProgramming,InverseCorrelated,20,1000,91,91,12344,0.012,1048576,1.000,7153,7153,0.000000,0,true
DynamicProgramming,InverseCorrelated,20,1000,92,92,13248,0.013,1048576,1.000,7083,7083,0.000000,0,true
DynamicProgramming,InverseCorrelated,20,1000,93,93,8579,0.009,1048576,1.000,2339,2339,0.000000,0,true
DynamicProgramming,InverseCorrelated,20,1000,94,94,10723,0.011,1048576,1.000,4124,4124,0.000000,0,true
DynamicProgramming,InverseCorrelated,20,1000,95,95,9681,0.010,1048576,1.000,4258,4258,0.000000,0,true
DynamicProgramming,InverseCorrelated,20,1000,96,96,12486,0.012,1048576,1.000,6238,6238,0.000000,0,true
DynamicProgramming,InverseCorrelated,20,1000,97,97,13342,0.013,1048576,1.000,5244,5244,0.000000,0,true
DynamicProgramming,InverseCorrelated,20,1000,98,98,11582,0.012,1048576,1.000,6160,6160,0.000000,0,true
DynamicProgramming,InverseCorrelated,20,1000,99,99,12415,0.012,1048576,1.000,7131,7131,0.000000,0,true
DynamicProgramming,InverseCorrelated,20,1000,100,100,13720,0.014,1048576,1.000,6164,6164,0.000000,0,true
DynamicProgramming,InverseCorrelated,20,1000,101,101,12155,0.012,1048576,1.000,6022,6022,0.000000,0,true
DynamicProgramming,InverseCorrelated,20,1000,102,102,13378,0.013,1048576,1.000,6045,6045,0.000000,0,true
DynamicProgramming,InverseCorrelated,20,1000,103,103,11853,0.012,1048576,1.000,5085,5085,0.000000,0,true
DynamicProgramming,InverseCorrelated,20,1000,104,104,12020,0.012,1048576,1.000,4311,4311,0.000000,0,true
DynamicProgramming,InverseCorrelated,20,1000,105,105,13984,0.014,666904,0.636,5129,5129,0.000000,0,true
DynamicProgramming,InverseCorrelated,20,1000,106,106,12050,0.012,1048576,1.000,4361,4361,0.000000,0,true
DynamicProgramming,InverseCorrelated,20,1000,107,107,11454,0.011,1048576,1.000,6059,6059,0.000000,0,true
DynamicProgramming,InverseCorrelated,20,1000,108,108,10295,0.010,1048576,1.000,2276,2276,0.000000,0,true
DynamicProgramming,InverseCorrelated,20,1000,109,109,9671,0.010,1048576,1.000,5039,5039,0.000000,0,true
DynamicProgramming,InverseCorrelated,20,1000,110,110,10795,0.011,1048576,1.000,3269,3269,0.000000,0,true
DynamicProgramming,InverseCorrelated,20,1000,111,111,15223,0.015,1048576,1.000,5208,5208,0.000000,0,true
DynamicProgramming,InverseCorrelated,20,1000,112,112,11202,0.011,1048576,1.000,4317,4317,0.000000,0,true
DynamicProgramming,InverseCorrelated,20,1000,113,113,10542,0.011,1048576,1.000,5126,5126,0.000000,0,true
DynamicProgramming,InverseCorrelated,20,1000,114,114,9949,0.010,1048576,1.000,4133,4133,0.000000,0,true
DynamicProgramming,InverseCorrelated,20,1000,115,115,10199,0.010,1048576,1.000,4055,4055,0.000000,0,true
DynamicProgramming,InverseCorrelated,20,1000,116,116,10292,0.010,1048576,1.000,4306,4306,0.000000,0,true
DynamicProgramming,InverseCorrelated,20,1000,117,117,9756,0.010,1048576,1.000,3225,3225,0.000000,0,true
DynamicProgramming,InverseCorrelated,20,1000,118,118,12735,0.013,1048576,1.000,7151,7151,0.000000,0,true
DynamicProgramming,InverseCorrelated,20,1000,119,119,11532,0.012,1048576,1.000,5204,5204,0.000000,0,true
DynamicProgramming,AlmostEqualRatios,20,1000,120,120,19024,0.019,1048576,1.000,1078,1078,0.000000,0,true
DynamicProgramming,AlmostEqualRatios,20,1000,121,121,13355,0.013,1048576,1.000,1049,1049,0.000000,0,true
DynamicProgramming,AlmostEqualRatios,20,1000,122,122,11976,0.012,1048576,1.000,1038,1038,0.000000,0,true
DynamicProgramming,AlmostEqualRatios,20,1000,123,123,15780,0.016,1048576,1.000,1071,1071,0.000000,0,true
DynamicProgramming,AlmostEqualRatios,20,1000,124,124,13749,0.014,1048576,1.000,1067,1067,0.000000,0,true
DynamicProgramming,AlmostEqualRatios,20,1000,125,125,15176,0.015,1048576,1.000,1057,1057,0.000000,0,true
DynamicProgramming,AlmostEqualRatios,20,1000,126,126,12158,0.012,1048576,1.000,1021,1021,0.000000,0,true
DynamicProgramming,AlmostEqualRatios,20,1000,127,127,14338,0.014,1048576,1.000,1047,1047,0.000000,0,true
DynamicProgramming,AlmostEqualRatios,20,1000,128,128,16164,0.016,1048576,1.000,1081,1081,0.000000,0,true
DynamicProgramming,AlmostEqualRatios,20,1000,129,129,14615,0.015,1048576,1.000,1065,1065,0.000000,0,true
DynamicProgramming,AlmostEqualRatios,20,1000,130,130,16516,0.017,1048576,1.000,1058,1058,0.000000,0,true
DynamicProgramming,AlmostEqualRatios,20,1000,131,131,14110,0.014,666904,0.636,1071,1071,0.000000,0,true
DynamicProgramming,AlmostEqualRatios,20,1000,132,132,17977,0.018,1048576,1.000,1077,1077,0.000000,0,true
DynamicProgramming,AlmostEqualRatios,20,1000,133,133,10501,0.011,1048576,1.000,1011,1011,0.000000,0,true
DynamicProgramming,AlmostEqualRatios,20,1000,134,134,11798,0.012,1048576,1.000,1058,1058,0.000000,0,true
DynamicProgramming,AlmostEqualRatios,20,1000,135,135,11962,0.012,1048576,1.000,1033,1033,0.000000,0,true
DynamicProgramming,AlmostEqualRatios,20,1000,136,136,14285,0.014,1048576,1.000,1091,1091,0.000000,0,true
DynamicProgramming,AlmostEqualRatios,20,1000,137,137,13331,0.013,1048576,1.000,1051,1051,0.000000,0,true
DynamicProgramming,AlmostEqualRatios,20,1000,138,138,18546,0.019,1048576,1.000,1084,1084,0.000000,0,true
DynamicProgramming,AlmostEqualRatios,20,1000,139,139,13603,0.014,1048576,1.000,1081,1081,0.000000,0,true
DynamicProgramming,AlmostEqualRatios,20,1000,140,140,18776,0.019,1048576,1.000,1078,1078,0.000000,0,true
DynamicProgramming,AlmostEqualRatios,20,1000,141,141,13152,0.013,1048576,1.000,1060,1060,0.000000,0,true
DynamicProgramming,AlmostEqualRatios,20,1000,142,142,15463,0.015,1048576,1.000,1071,1071,0.000000,0,true
DynamicProgramming,AlmostEqualRatios,20,1000,143,143,15065,0.015,1048576,1.000,1072,1072,0.000000,0,true
DynamicProgramming,AlmostEqualRatios,20,1000,144,144,16763,0.017,1048576,1.000,1062,1062,0.000000,0,true
DynamicProgramming,AlmostEqualRatios,20,1000,145,145,15477,0.015,1048576,1.000,1082,1082,0.000000,0,true
DynamicProgramming,AlmostEqualRatios,20,1000,146,146,14059,0.014,1048576,1.000,1081,1081,0.000000,0,true
DynamicProgramming,AlmostEqualRatios,20,1000,147,147,14610,0.015,1048576,1.000,1076,1076,0.000000,0,true
DynamicProgramming,AlmostEqualRatios,20,1000,148,148,17056,0.017,1048576,1.000,1063,1063,0.000000,0,true
DynamicProgramming,AlmostEqualRatios,20,1000,149,149,12244,0.012,1048576,1.000,1059,1059,0.000000,0,true
DynamicProgramming,Uncorrelated,50,1000,150,150,24117,0.024,1048576,1.000,4320,4320,0.000000,0,true
DynamicProgramming,Uncorrelated,50,1000,151,151,78799,0.079,1048576,1.000,4174,4174,0.000000,0,true
DynamicProgramming,Uncorrelated,50,1000,152,152,80275,0.080,1048576,1.000,6216,6216,0.000000,0,true
DynamicProgramming,Uncorrelated,50,1000,153,153,78969,0.079,1048576,1.000,6107,6107,0.000000,0,true
DynamicProgramming,Uncorrelated,50,1000,154,154,73355,0.073,1048576,1.000,4231,4231,0.000000,0,true
DynamicProgramming,Uncorrelated,50,1000,155,155,78790,0.079,1048576,1.000,4223,4223,0.000000,0,true
DynamicProgramming,Uncorrelated,50,1000,156,156,91236,0.091,1048576,1.000,6709,6709,0.000000,0,true
DynamicProgramming,Uncorrelated,50,1000,157,157,81082,0.081,666904,0.636,5476,5476,0.000000,0,true
DynamicProgramming,Uncorrelated,50,1000,158,158,81906,0.082,1048576,1.000,3991,3991,0.000000,0,true
DynamicProgramming,Uncorrelated,50,1000,159,159,92852,0.093,1048576,1.000,6932,6932,0.000000,0,true
DynamicProgramming,Uncorrelated,50,1000,160,160,79522,0.080,1048576,1.000,7142,7142,0.000000,0,true
DynamicProgramming,Uncorrelated,50,1000,161,161,99896,0.100,1048576,1.000,7495,7495,0.000000,0,true
DynamicProgramming,Uncorrelated,50,1000,162,162,68272,0.068,1048576,1.000,5776,5776,0.000000,0,true
DynamicProgramming,Uncorrelated,50,1000,163,163,94490,0.094,1048576,1.000,7252,7252,0.000000,0,true
DynamicProgramming,Uncorrelated,50,1000,164,164,82548,0.083,1048576,1.000,3721,3721,0.000000,0,true
DynamicProgramming,Uncorrelated,50,1000,165,165,90894,0.091,1048576,1.000,3691,3691,0.000000,0,true
DynamicProgramming,Uncorrelated,50,1000,166,166,84608,0.085,1048576,1.000,5096,5096,0.000000,0,true
DynamicProgramming,Uncorrelated,50,1000,167,167,81919,0.082,1048576,1.000,7505,7505,0.000000,0,true
DynamicProgramming,Uncorrelated,50,1000,168,168,43584,0.044,1048576,1.000,5657,5657,0.000000,0,true
DynamicProgramming,Uncorrelated,50,1000,169,169,34166,0.034,1048576,1.000,4321,4321,0.000000,0,true
DynamicProgramming,Uncorrelated,50,1000,170,170,76743,0.077,1048576,1.000,3918,3918,0.000000,0,true
DynamicProgramming,Uncorrelated,50,1000,171,171,79955,0.080,1048576,1.000,5104,5104,0.000000,0,true
DynamicProgramming,Uncorrelated,50,1000,172,172,84236,0.084,1048576,1.000,6966,6966,0.000000,0,true
DynamicProgramming,Uncorrelated,50,1000,173,173,66227,0.066,1048576,1.000,4000,4000,0.000000,0,true
DynamicProgramming,Uncorrelated,50,1000,174,174,42306,0.042,1048576,1.000,6012,6012,0.000000,0,true
DynamicProgramming,Uncorrelated,50,1000,175,175,59799,0.060,1048576,1.000,4078,4078,0.000000,0,true
DynamicProgramming,Uncorrelated,50,1000,176,176,22964,0.023,1048576,1.000,5083,5083,0.000000,0,true
DynamicProgramming,Uncorrelated,50,1000,177,177,41825,0.042,1048576,1.000,7292,7292,0.000000,0,true
DynamicProgramming,Uncorrelated,50,1000,178,178,61383,0.061,1048576,1.000,6810,6810,0.000000,0,true
DynamicProgramming,Uncorrelated,50,1000,179,179,55593,0.056,1048576,1.000,6655,6655,0.000000,0,true
DynamicProgramming,WeaklyCorrelated,50,1000,180,180,62697,0.063,1048576,1.000,1428,1428,0.000000,0,true
DynamicProgramming,WeaklyCorrelated,50,1000,181,181,59637,0.060,1048576,1.000,1293,1293,0.000000,0,true
DynamicProgramming,WeaklyCorrelated,50,1000,182,182,59019,0.059,1048576,1.000,1405,1405,0.000000,0,true
DynamicProgramming,WeaklyCorrelated,50,1000,183,183,46546,0.047,666904,0.636,1647,1647,0.000000,0,true
DynamicProgramming,WeaklyCorrelated,50,1000,184,184,23176,0.023,1048576,1.000,1576,1576,0.000000,0,true
DynamicProgramming,WeaklyCorrelated,50,1000,185,185,38348,0.038,1048576,1.000,1394,1394,0.000000,0,true
DynamicProgramming,WeaklyCorrelated,50,1000,186,186,65986,0.066,1048576,1.000,1437,1437,0.000000,0,true
DynamicProgramming,WeaklyCorrelated,50,1000,187,187,60838,0.061,1048576,1.000,1306,1306,0.000000,0,true
DynamicProgramming,WeaklyCorrelated,50,1000,188,188,54491,0.054,1048576,1.000,1303,1303,0.000000,0,true
DynamicProgramming,WeaklyCorrelated,50,1000,189,189,53658,0.054,1048576,1.000,1407,1407,0.000000,0,true
DynamicProgramming,WeaklyCorrelated,50,1000,190,190,59901,0.060,1048576,1.000,1452,1452,0.000000,0,true
DynamicProgramming,WeaklyCorrelated,50,1000,191,191,61136,0.061,1048576,1.000,1389,1389,0.000000,0,true
DynamicProgramming,WeaklyCorrelated,50,1000,192,192,55541,0.056,1048576,1.000,1338,1338,0.000000,0,true
DynamicProgramming,WeaklyCorrelated,50,1000,193,193,54775,0.055,1048576,1.000,1374,1374,0.000000,0,true
DynamicProgramming,WeaklyCorrelated,50,1000,194,194,48498,0.048,1048576,1.000,1427,1427,0.000000,0,true
DynamicProgramming,WeaklyCorrelated,50,1000,195,195,57271,0.057,1048576,1.000,1446,1446,0.000000,0,true
DynamicProgramming,WeaklyCorrelated,50,1000,196,196,51599,0.052,1048576,1.000,1256,1256,0.000000,0,true
DynamicProgramming,WeaklyCorrelated,50,1000,197,197,20879,0.021,1048576,1.000,1275,1275,0.000000,0,true
DynamicProgramming,WeaklyCorrelated,50,1000,198,198,42539,0.043,1048576,1.000,1405,1405,0.000000,0,true
DynamicProgramming,WeaklyCorrelated,50,1000,199,199,70770,0.071,1048576,1.000,1262,1262,0.000000,0,true
DynamicProgramming,WeaklyCorrelated,50,1000,200,200,72620,0.073,1048576,1.000,1615,1615,0.000000,0,true
DynamicProgramming,WeaklyCorrelated,50,1000,201,201,55601,0.056,1048576,1.000,1509,1509,0.000000,0,true
DynamicProgramming,WeaklyCorrelated,50,1000,202,202,83865,0.084,1048576,1.000,1489,1489,0.000000,0,true
DynamicProgramming,WeaklyCorrelated,50,1000,203,203,82010,0.082,1048576,1.000,1371,1371,0.000000,0,true
DynamicProgramming,WeaklyCorrelated,50,1000,204,204,78926,0.079,1048576,1.000,1364,1364,0.000000,0,true
DynamicProgramming,WeaklyCorrelated,50,1000,205,205,86061,0.086,1048576,1.000,1563,1563,0.000000,0,true
DynamicProgramming,WeaklyCorrelated,50,1000,206,206,54596,0.055,1048576,1.000,1466,1466,0.000000,0,true
DynamicProgramming,WeaklyCorrelated,50,1000,207,207,61269,0.061,666904,0.636,1284,1284,0.000000,0,true
DynamicProgramming,WeaklyCorrelated,50,1000,208,208,70833,0.071,1048576,1.000,1421,1421,0.000000,0,true
DynamicProgramming,WeaklyCorrelated,50,1000,209,209,69960,0.070,1048576,1.000,1244,1244,0.000000,0,true
DynamicProgramming,StronglyCorrelated,50,1000,210,210,75534,0.076,1048576,1.000,1064,1064,0.000000,0,true
DynamicProgramming,StronglyCorrelated,50,1000,211,211,66891,0.067,1048576,1.000,1054,1054,0.000000,0,true
DynamicProgramming,StronglyCorrelated,50,1000,212,212,82014,0.082,1048576,1.000,1062,1062,0.000000,0,true
DynamicProgramming,StronglyCorrelated,50,1000,213,213,80990,0.081,1048576,1.000,1051,1051,0.000000,0,true
DynamicProgramming,StronglyCorrelated,50,1000,214,214,87340,0.087,1048576,1.000,1059,1059,0.000000,0,true
DynamicProgramming,StronglyCorrelated,50,1000,215,215,78307,0.078,1048576,1.000,1048,1048,0.000000,0,true
DynamicProgramming,StronglyCorrelated,50,1000,216,216,76884,0.077,1048576,1.000,1048,1048,0.000000,0,true
DynamicProgramming,StronglyCorrelated,50,1000,217,217,78818,0.079,1048576,1.000,1069,1069,0.000000,0,true
DynamicProgramming,StronglyCorrelated,50,1000,218,218,81799,0.082,1048576,1.000,1035,1035,0.000000,0,true
DynamicProgramming,StronglyCorrelated,50,1000,219,219,80553,0.081,1048576,1.000,1062,1062,0.000000,0,true
DynamicProgramming,StronglyCorrelated,50,1000,220,220,69079,0.069,1048576,1.000,1063,1063,0.000000,0,true
DynamicProgramming,StronglyCorrelated,50,1000,221,221,78397,0.078,1048576,1.000,1061,1061,0.000000,0,true
DynamicProgramming,StronglyCorrelated,50,1000,222,222,86080,0.086,1048576,1.000,1053,1053,0.000000,0,true
DynamicProgramming,StronglyCorrelated,50,1000,223,223,102346,0.102,1048576,1.000,1085,1085,0.000000,0,true
DynamicProgramming,StronglyCorrelated,50,1000,224,224,73972,0.074,1048576,1.000,1054,1054,0.000000,0,true
DynamicProgramming,StronglyCorrelated,50,1000,225,225,73227,0.073,1048576,1.000,1053,1053,0.000000,0,true
DynamicProgramming,StronglyCorrelated,50,1000,226,226,75759,0.076,1048576,1.000,1049,1049,0.000000,0,true
DynamicProgramming,StronglyCorrelated,50,1000,227,227,86282,0.086,1048576,1.000,1074,1074,0.000000,0,true
DynamicProgramming,StronglyCorrelated,50,1000,228,228,75273,0.075,1048576,1.000,1061,1061,0.000000,0,true
DynamicProgramming,StronglyCorrelated,50,1000,229,229,57554,0.058,1048576,1.000,1047,1047,0.000000,0,true
DynamicProgramming,StronglyCorrelated,50,1000,230,230,52770,0.053,1048576,1.000,1062,1062,0.000000,0,true
DynamicProgramming,StronglyCorrelated,50,1000,231,231,49028,0.049,1048576,1.000,1044,1044,0.000000,0,true
DynamicProgramming,StronglyCorrelated,50,1000,232,232,74393,0.074,1048576,1.000,1045,1045,0.000000,0,true
DynamicProgramming,StronglyCorrelated,50,1000,233,233,63507,0.064,666904,0.636,1038,1038,0.000000,0,true
DynamicProgramming,StronglyCorrelated,50,1000,234,234,29791,0.030,1048576,1.000,1062,1062,0.000000,0,true
DynamicProgramming,StronglyCorrelated,50,1000,235,235,56849,0.057,1048576,1.000,1044,1044,0.000000,0,true
DynamicProgramming,StronglyCorrelated,50,1000,236,236,37008,0.037,1048576,1.000,1056,1056,0.000000,0,true
DynamicProgramming,StronglyCorrelated,50,1000,237,237,56992,0.057,1048576,1.000,1036,1036,0.000000,0,true
DynamicProgramming,StronglyCorrelated,50,1000,238,238,80551,0.081,1048576,1.000,1066,1066,0.000000,0,true
DynamicProgramming,StronglyCorrelated,50,1000,239,239,54604,0.055,1048576,1.000,1033,1033,0.000000,0,true
DynamicProgramming,InverseCorrelated,50,1000,240,240,21193,0.021,1048576,1.000,10142,10142,0.000000,0,true
DynamicProgramming,InverseCorrelated,50,1000,241,241,38035,0.038,1048576,1.000,8094,8094,0.000000,0,true
DynamicProgramming,InverseCorrelated,50,1000,242,242,33265,0.033,1048576,1.000,9033,9033,0.000000,0,true
DynamicProgramming,InverseCorrelated,50,1000,243,243,71324,0.071,1048576,1.000,9125,9125,0.000000,0,true
DynamicProgramming,InverseCorrelated,50,1000,244,244,61949,0.062,1048576,1.000,12044,12044,0.000000,0,true
DynamicProgramming,InverseCorrelated,50,1000,245,245,67299,0.067,1048576,1.000,7141,7141,0.000000,0,true
DynamicProgramming,InverseCorrelated,50,1000,246,246,70821,0.071,1048576,1.000,9084,9084,0.000000,0,true
DynamicProgramming,InverseCorrelated,50,1000,247,247,62991,0.063,1048576,1.000,8155,8155,0.000000,0,true
DynamicProgramming,InverseCorrelated,50,1000,248,248,69623,0.070,1048576,1.000,10116,10116,0.000000,0,true
DynamicProgramming,InverseCorrelated,50,1000,249,249,71165,0.071,1048576,1.000,6130,6130,0.000000,0,true
DynamicProgramming,InverseCorrelated,50,1000,250,250,62241,0.062,1048576,1.000,7093,7093,0.000000,0,true
DynamicProgramming,InverseCorrelated,50,1000,251,251,64652,0.065,1048576,1.000,10102,10102,0.000000,0,true
DynamicProgramming,InverseCorrelated,50,1000,252,252,73197,0.073,1048576,1.000,8117,8117,0.000000,0,true
DynamicProgramming,InverseCorrelated,50,1000,253,253,65267,0.065,1048576,1.000,7174,7174,0.000000,0,true
DynamicProgramming,InverseCorrelated,50,1000,254,254,50444,0.050,1048576,1.000,11139,11139,0.000000,0,true
DynamicProgramming,InverseCorrelated,50,1000,255,255,65068,0.065,1048576,1.000,11085,11085,0.000000,0,true
DynamicProgramming,InverseCorrelated,50,1000,256,256,76470,0.076,1048576,1.000,11163,11163,0.000000,0,true
DynamicProgramming,InverseCorrelated,50,1000,257,257,52154,0.052,1048576,1.000,5066,5066,0.000000,0,true
DynamicProgramming,InverseCorrelated,50,1000,258,258,18389,0.018,1048576,1.000,9058,9058,0.000000,0,true
DynamicProgramming,InverseCorrelated,50,1000,259,259,80418,0.080,666904,0.636,8178,8178,0.000000,0,true
DynamicProgramming,InverseCorrelated,50,1000,260,260,79089,0.079,1048576,1.000,11054,11054,0.000000,0,true
DynamicProgramming,InverseCorrelated,50,1000,261,261,35201,0.035,1048576,1.000,6166,6166,0.000000,0,true
DynamicProgramming,InverseCorrelated,50,1000,262,262,71682,0.072,1048576,1.000,10026,10026,0.000000,0,true
DynamicProgramming,InverseCorrelated,50,1000,263,263,18182,0.018,1048576,1.000,6044,6044,0.000000,0,true
DynamicProgramming,InverseCorrelated,50,1000,264,264,1220387,1.220,0,0.000,7164,7164,0.000000,0,true
DynamicProgramming,InverseCorrelated,50,1000,265,265,38704,0.039,781272,0.745,9105,9105,0.000000,0,true
DynamicProgramming,InverseCorrelated,50,1000,266,266,72098,0.072,1048576,1.000,4178,4178,0.000000,0,true
DynamicProgramming,InverseCorrelated,50,1000,267,267,70333,0.070,1048576,1.000,9193,9193,0.000000,0,true
DynamicProgramming,InverseCorrelated,50,1000,268,268,81801,0.082,1048576,1.000,8182,8182,0.000000,0,true
DynamicProgramming,InverseCorrelated,50,1000,269,269,43502,0.044,1048576,1.000,9017,9017,0.000000,0,true
DynamicProgramming,AlmostEqualRatios,50,1000,270,270,77322,0.077,1048576,1.000,1075,1075,0.000000,0,true
DynamicProgramming,AlmostEqualRatios,50,1000,271,271,43724,0.044,1048576,1.000,1083,1083,0.000000,0,true
DynamicProgramming,AlmostEqualRatios,50,1000,272,272,78590,0.079,1048576,1.000,1078,1078,0.000000,0,true
DynamicProgramming,AlmostEqualRatios,50,1000,273,273,95229,0.095,1048576,1.000,1088,1088,0.000000,0,true
DynamicProgramming,AlmostEqualRatios,50,1000,274,274,71295,0.071,1048576,1.000,1088,1088,0.000000,0,true
DynamicProgramming,AlmostEqualRatios,50,1000,275,275,78282,0.078,1048576,1.000,1076,1076,0.000000,0,true
DynamicProgramming,AlmostEqualRatios,50,1000,276,276,74378,0.074,1048576,1.000,1082,1082,0.000000,0,true
DynamicProgramming,AlmostEqualRatios,50,1000,277,277,78226,0.078,1048576,1.000,1076,1076,0.000000,0,true
DynamicProgramming,AlmostEqualRatios,50,1000,278,278,66371,0.066,1048576,1.000,1090,1090,0.000000,0,true
DynamicProgramming,AlmostEqualRatios,50,1000,279,279,78339,0.078,1048576,1.000,1080,1080,0.000000,0,true
DynamicProgramming,AlmostEqualRatios,50,1000,280,280,76540,0.077,1048576,1.000,1093,1093,0.000000,0,true
DynamicProgramming,AlmostEqualRatios,50,1000,281,281,48033,0.048,1048576,1.000,1082,1082,0.000000,0,true
DynamicProgramming,AlmostEqualRatios,50,1000,282,282,71457,0.071,1048576,1.000,1094,1094,0.000000,0,true
DynamicProgramming,AlmostEqualRatios,50,1000,283,283,65830,0.066,777480,0.741,1088,1088,0.000000,0,true
DynamicProgramming,AlmostEqualRatios,50,1000,284,284,61611,0.062,1048576,1.000,1090,1090,0.000000,0,true
DynamicProgramming,AlmostEqualRatios,50,1000,285,285,67488,0.067,1048576,1.000,1081,1081,0.000000,0,true
DynamicProgramming,AlmostEqualRatios,50,1000,286,286,64811,0.065,1048576,1.000,1085,1085,0.000000,0,true
DynamicProgramming,AlmostEqualRatios,50,1000,287,287,64512,0.065,1048576,1.000,1076,1076,0.000000,0,true
DynamicProgramming,AlmostEqualRatios,50,1000,288,288,59761,0.060,1048576,1.000,1090,1090,0.000000,0,true
DynamicProgramming,AlmostEqualRatios,50,1000,289,289,63516,0.064,1048576,1.000,1078,1078,0.000000,0,true
DynamicProgramming,AlmostEqualRatios,50,1000,290,290,60011,0.060,1048576,1.000,1084,1084,0.000000,0,true
DynamicProgramming,AlmostEqualRatios,50,1000,291,291,67821,0.068,1048576,1.000,1085,1085,0.000000,0,true
DynamicProgramming,AlmostEqualRatios,50,1000,292,292,60597,0.061,1048576,1.000,1086,1086,0.000000,0,true
DynamicProgramming,AlmostEqualRatios,50,1000,293,293,68973,0.069,1048576,1.000,1087,1087,0.000000,0,true
DynamicProgramming,AlmostEqualRatios,50,1000,294,294,59831,0.060,1048576,1.000,1091,1091,0.000000,0,true
DynamicProgramming,AlmostEqualRatios,50,1000,295,295,66273,0.066,1048576,1.000,1080,1080,0.000000,0,true
DynamicProgramming,AlmostEqualRatios,50,1000,296,296,70646,0.071,1048576,1.000,1091,1091,0.000000,0,true
DynamicProgramming,AlmostEqualRatios,50,1000,297,297,60100,0.060,1048576,1.000,1091,1091,0.000000,0,true
DynamicProgramming,AlmostEqualRatios,50,1000,298,298,52532,0.053,1048576,1.000,1083,1083,0.000000,0,true
DynamicProgramming,AlmostEqualRatios,50,1000,299,299,51686,0.052,1048576,1.000,1080,1080,0.000000,0,true
DynamicProgramming,Uncorrelated,100,1000,300,300,105279,0.105,1048576,1.000,7462,7462,0.000000,0,true
DynamicProgramming,Uncorrelated,100,1000,301,301,116183,0.116,777480,0.741,7624,7624,0.000000,0,true
DynamicProgramming,Uncorrelated,100,1000,302,302,70761,0.071,1048576,1.000,7731,7731,0.000000,0,true
DynamicProgramming,Uncorrelated,100,1000,303,303,75756,0.076,1048576,1.000,6831,6831,0.000000,0,true
DynamicProgramming,Uncorrelated,100,1000,304,304,152129,0.152,1048576,1.000,9136,9136,0.000000,0,true
DynamicProgramming,Uncorrelated,100,1000,305,305,139076,0.139,1048576,1.000,6238,6238,0.000000,0,true
DynamicProgramming,Uncorrelated,100,1000,306,306,149467,0.149,1048576,1.000,8086,8086,0.000000,0,true
DynamicProgramming,Uncorrelated,100,1000,307,307,140836,0.141,1048576,1.000,7538,7538,0.000000,0,true
DynamicProgramming,Uncorrelated,100,1000,308,308,75857,0.076,1048576,1.000,9867,9867,0.000000,0,true
DynamicProgramming,Uncorrelated,100,1000,309,309,139694,0.140,1048576,1.000,7461,7461,0.000000,0,true
DynamicProgramming,Uncorrelated,100,1000,310,310,112340,0.112,1048576,1.000,8260,8260,0.000000,0,true
DynamicProgramming,Uncorrelated,100,1000,311,311,73589,0.074,1048576,1.000,7611,7611,0.000000,0,true
DynamicProgramming,Uncorrelated,100,1000,312,312,95865,0.096,1048576,1.000,9293,9293,0.000000,0,true
DynamicProgramming,Uncorrelated,100,1000,313,313,99608,0.100,1048576,1.000,9249,9249,0.000000,0,true
DynamicProgramming,Uncorrelated,100,1000,314,314,75065,0.075,1048576,1.000,6482,6482,0.000000,0,true
DynamicProgramming,Uncorrelated,100,1000,315,315,140498,0.140,1048576,1.000,10000,10000,0.000000,0,true
DynamicProgramming,Uncorrelated,100,1000,316,316,43130,0.043,1048576,1.000,8464,8464,0.000000,0,true
DynamicProgramming,Uncorrelated,100,1000,317,317,160498,0.160,1048576,1.000,10708,10708,0.000000,0,true
DynamicProgramming,Uncorrelated,100,1000,318,318,139321,0.139,1048576,1.000,7415,7415,0.000000,0,true
DynamicProgramming,Uncorrelated,100,1000,319,319,141364,0.141,781088,0.745,10226,10226,0.000000,0,true
DynamicProgramming,Uncorrelated,100,1000,320,320,69411,0.069,1048576,1.000,5394,5394,0.000000,0,true
DynamicProgramming,Uncorrelated,100,1000,321,321,75096,0.075,1048576,1.000,6214,6214,0.000000,0,true
DynamicProgramming,Uncorrelated,100,1000,322,322,103160,0.103,1048576,1.000,7527,7527,0.000000,0,true
DynamicProgramming,Uncorrelated,100,1000,323,323,43038,0.043,1048576,1.000,8044,8044,0.000000,0,true
DynamicProgramming,Uncorrelated,100,1000,324,324,99256,0.099,1048576,1.000,8590,8590,0.000000,0,true
DynamicProgramming,Uncorrelated,100,1000,325,325,143100,0.143,1048576,1.000,7030,7030,0.000000,0,true
DynamicProgramming,Uncorrelated,100,1000,326,326,132630,0.133,1048576,1.000,7267,7267,0.000000,0,true
DynamicProgramming,Uncorrelated,100,1000,327,327,138141,0.138,1048576,1.000,7481,7481,0.000000,0,true
DynamicProgramming,Uncorrelated,100,1000,328,328,145086,0.145,1048576,1.000,8456,8456,0.000000,0,true
DynamicProgramming,Uncorrelated,100,1000,329,329,144750,0.145,1048576,1.000,7742,7742,0.000000,0,true
DynamicProgramming,WeaklyCorrelated,100,1000,330,330,86348,0.086,1048576,1.000,1752,1752,0.000000,0,true
DynamicProgramming,WeaklyCorrelated,100,1000,331,331,79671,0.080,1048576,1.000,1724,1724,0.000000,0,true
DynamicProgramming,WeaklyCorrelated,100,1000,332,332,156935,0.157,1048576,1.000,1370,1370,0.000000,0,true
DynamicProgramming,WeaklyCorrelated,100,1000,333,333,151661,0.152,1048576,1.000,1572,1572,0.000000,0,true
DynamicProgramming,WeaklyCorrelated,100,1000,334,334,91307,0.091,1048576,1.000,1789,1789,0.000000,0,true
DynamicProgramming,WeaklyCorrelated,100,1000,335,335,160363,0.160,777480,0.741,1638,1638,0.000000,0,true
DynamicProgramming,WeaklyCorrelated,100,1000,336,336,153322,0.153,1048576,1.000,1726,1726,0.000000,0,true
DynamicProgramming,WeaklyCorrelated,100,1000,337,337,77847,0.078,1048576,1.000,1516,1516,0.000000,0,true
DynamicProgramming,WeaklyCorrelated,100,1000,338,338,154216,0.154,1048576,1.000,1449,1449,0.000000,0,true
DynamicProgramming,WeaklyCorrelated,100,1000,339,339,141288,0.141,1048576,1.000,1553,1553,0.000000,0,true
DynamicProgramming,WeaklyCorrelated,100,1000,340,340,151979,0.152,1048576,1.000,1519,1519,0.000000,0,true
DynamicProgramming,WeaklyCorrelated,100,1000,341,341,154605,0.155,1048576,1.000,1570,1570,0.000000,0,true
DynamicProgramming,WeaklyCorrelated,100,1000,342,342,136917,0.137,1048576,1.000,1539,1539,0.000000,0,true
DynamicProgramming,WeaklyCorrelated,100,1000,343,343,148683,0.149,1048576,1.000,1495,1495,0.000000,0,true
DynamicProgramming,WeaklyCorrelated,100,1000,344,344,151594,0.152,1048576,1.000,1515,1515,0.000000,0,true
DynamicProgramming,WeaklyCorrelated,100,1000,345,345,160586,0.161,1048576,1.000,1586,1586,0.000000,0,true
DynamicProgramming,WeaklyCorrelated,100,1000,346,346,158109,0.158,1048576,1.000,1536,1536,0.000000,0,true
DynamicProgramming,WeaklyCorrelated,100,1000,347,347,154619,0.155,1048576,1.000,1599,1599,0.000000,0,true
DynamicProgramming,WeaklyCorrelated,100,1000,348,348,144987,0.145,1048576,1.000,1383,1383,0.000000,0,true
DynamicProgramming,WeaklyCorrelated,100,1000,349,349,93249,0.093,1048576,1.000,1381,1381,0.000000,0,true
DynamicProgramming,WeaklyCorrelated,100,1000,350,350,142948,0.143,1048576,1.000,1602,1602,0.000000,0,true
DynamicProgramming,WeaklyCorrelated,100,1000,351,351,154692,0.155,1048576,1.000,1489,1489,0.000000,0,true
DynamicProgramming,WeaklyCorrelated,100,1000,352,352,90022,0.090,1048576,1.000,1785,1785,0.000000,0,true
DynamicProgramming,WeaklyCorrelated,100,1000,353,353,155402,0.155,777480,0.741,1689,1689,0.000000,0,true
DynamicProgramming,WeaklyCorrelated,100,1000,354,354,143670,0.144,1048576,1.000,1297,1297,0.000000,0,true
DynamicProgramming,WeaklyCorrelated,100,1000,355,355,154474,0.154,1048576,1.000,1709,1709,0.000000,0,true
DynamicProgramming,WeaklyCorrelated,100,1000,356,356,127402,0.127,1048576,1.000,1407,1407,0.000000,0,true
DynamicProgramming,WeaklyCorrelated,100,1000,357,357,125075,0.125,1048576,1.000,1724,1724,0.000000,0,true
DynamicProgramming,WeaklyCorrelated,100,1000,358,358,153502,0.154,1048576,1.000,1465,1465,0.000000,0,true
DynamicProgramming,WeaklyCorrelated,100,1000,359,359,100673,0.101,1048576,1.000,1330,1330,0.000000,0,true
DynamicProgramming,StronglyCorrelated,100,1000,360,360,138682,0.139,1048576,1.000,1081,1081,0.000000,0,true
DynamicProgramming,StronglyCorrelated,100,1000,361,361,105661,0.106,1048576,1.000,1093,1093,0.000000,0,true
DynamicProgramming,StronglyCorrelated,100,1000,362,362,123416,0.123,1048576,1.000,1068,1068,0.000000,0,true
DynamicProgramming,StronglyCorrelated,100,1000,363,363,145335,0.145,1048576,1.000,1079,1079,0.000000,0,true
DynamicProgramming,StronglyCorrelated,100,1000,364,364,97104,0.097,1048576,1.000,1080,1080,0.000000,0,true
DynamicProgramming,StronglyCorrelated,100,1000,365,365,139797,0.140,1048576,1.000,1091,1091,0.000000,0,true
DynamicProgramming,StronglyCorrelated,100,1000,366,366,150519,0.151,1048576,1.000,1102,1102,0.000000,0,true
DynamicProgramming,StronglyCorrelated,100,1000,367,367,130434,0.130,1048576,1.000,1078,1078,0.000000,0,true
DynamicProgramming,StronglyCorrelated,100,1000,368,368,152356,0.152,1048576,1.000,1113,1113,0.000000,0,true
DynamicProgramming,StronglyCorrelated,100,1000,369,369,118016,0.118,777480,0.741,1093,1093,0.000000,0,true
DynamicProgramming,StronglyCorrelated,100,1000,370,370,140070,0.140,1048576,1.000,1066,1066,0.000000,0,true
DynamicProgramming,StronglyCorrelated,100,1000,371,371,152437,0.152,1048576,1.000,1080,1080,0.000000,0,true
DynamicProgramming,StronglyCorrelated,100,1000,372,372,110509,0.111,1048576,1.000,1070,1070,0.000000,0,true
DynamicProgramming,StronglyCorrelated,100,1000,373,373,148472,0.148,1048576,1.000,1069,1069,0.000000,0,true
DynamicProgramming,StronglyCorrelated,100,1000,374,374,153921,0.154,1048576,1.000,1081,1081,0.000000,0,true
DynamicProgramming,StronglyCorrelated,100,1000,375,375,151798,0.152,1048576,1.000,1091,1091,0.000000,0,true
DynamicProgramming,StronglyCorrelated,100,1000,376,376,95110,0.095,1048576,1.000,1081,1081,0.000000,0,true
DynamicProgramming,StronglyCorrelated,100,1000,377,377,124752,0.125,1048576,1.000,1054,1054,0.000000,0,true
DynamicProgramming,StronglyCorrelated,100,1000,378,378,103141,0.103,1048576,1.000,1101,1101,0.000000,0,true
DynamicProgramming,StronglyCorrelated,100,1000,379,379,144723,0.145,1048576,1.000,1072,1072,0.000000,0,true
DynamicProgramming,StronglyCorrelated,100,1000,380,380,152557,0.153,1048576,1.000,1104,1104,0.000000,0,true
DynamicProgramming,StronglyCorrelated,100,1000,381,381,154435,0.154,1048576,1.000,1081,1081,0.000000,0,true
DynamicProgramming,StronglyCorrelated,100,1000,382,382,154673,0.155,1048576,1.000,1130,1130,0.000000,0,true
DynamicProgramming,StronglyCorrelated,100,1000,383,383,148114,0.148,1048576,1.000,1054,1054,0.000000,0,true
DynamicProgramming,StronglyCorrelated,100,1000,384,384,156344,0.156,1048576,1.000,1072,1072,0.000000,0,true
DynamicProgramming,StronglyCorrelated,100,1000,385,385,158057,0.158,1048576,1.000,1079,1079,0.000000,0,true
DynamicProgramming,StronglyCorrelated,100,1000,386,386,161938,0.162,1048576,1.000,1087,1087,0.000000,0,true
DynamicProgramming,StronglyCorrelated,100,1000,387,387,108427,0.108,781088,0.745,1075,1075,0.000000,0,true
DynamicProgramming,StronglyCorrelated,100,1000,388,388,169441,0.169,1048576,1.000,1093,1093,0.000000,0,true
DynamicProgramming,StronglyCorrelated,100,1000,389,389,112490,0.112,1048576,1.000,1086,1086,0.000000,0,true
DynamicProgramming,InverseCorrelated,100,1000,390,390,141648,0.142,1048576,1.000,12152,12152,0.000000,0,true
DynamicProgramming,InverseCorrelated,100,1000,391,391,140497,0.140,1048576,1.000,11093,11093,0.000000,0,true
DynamicProgramming,InverseCorrelated,100,1000,392,392,96877,0.097,1048576,1.000,11156,11156,0.000000,0,true
DynamicProgramming,InverseCorrelated,100,1000,393,393,98347,0.098,1048576,1.000,15019,15019,0.000000,0,true
DynamicProgramming,InverseCorrelated,100,1000,394,394,99303,0.099,1048576,1.000,14091,14091,0.000000,0,true
DynamicProgramming,InverseCorrelated,100,1000,395,395,98889,0.099,1048576,1.000,10023,10023,0.000000,0,true
DynamicProgramming,InverseCorrelated,100,1000,396,396,93261,0.093,1048576,1.000,10139,10139,0.000000,0,true
DynamicProgramming,InverseCorrelated,100,1000,397,397,94391,0.094,1048576,1.000,12087,12087,0.000000,0,true
DynamicProgramming,InverseCorrelated,100,1000,398,398,90852,0.091,1048576,1.000,13155,13155,0.000000,0,true
DynamicProgramming,InverseCorrelated,100,1000,399,399,105938,0.106,1048576,1.000,18151,18151,0.000000,0,true
DynamicProgramming,InverseCorrelated,100,1000,400,400,92603,0.093,1048576,1.000,14112,14112,0.000000,0,true
DynamicProgramming,InverseCorrelated,100,1000,401,401,101847,0.102,1048576,1.000,14076,14076,0.000000,0,true
DynamicProgramming,InverseCorrelated,100,1000,402,402,38813,0.039,1048576,1.000,14031,14031,0.000000,0,true
DynamicProgramming,InverseCorrelated,100,1000,403,403,38763,0.039,1048576,1.000,12134,12134,0.000000,0,true
DynamicProgramming,InverseCorrelated,100,1000,404,404,36756,0.037,1048576,1.000,12036,12036,0.000000,0,true
DynamicProgramming,InverseCorrelated,100,1000,405,405,70889,0.071,777480,0.741,11017,11017,0.000000,0,true
DynamicProgramming,InverseCorrelated,100,1000,406,406,36265,0.036,1048576,1.000,10110,10110,0.000000,0,true
DynamicProgramming,InverseCorrelated,100,1000,407,407,36667,0.037,1048576,1.000,11017,11017,0.000000,0,true
DynamicProgramming,InverseCorrelated,100,1000,408,408,40447,0.040,1048576,1.000,11022,11022,0.000000,0,true
DynamicProgramming,InverseCorrelated,100,1000,409,409,39656,0.040,1048576,1.000,17040,17040,0.000000,0,true
DynamicProgramming,InverseCorrelated,100,1000,410,410,42471,0.042,1048576,1.000,14035,14035,0.000000,0,true
DynamicProgramming,InverseCorrelated,100,1000,411,411,100967,0.101,1048576,1.000,9017,9017,0.000000,0,true
DynamicProgramming,InverseCorrelated,100,1000,412,412,73681,0.074,1048576,1.000,14096,14096,0.000000,0,true
DynamicProgramming,InverseCorrelated,100,1000,413,413,93274,0.093,1048576,1.000,14076,14076,0.000000,0,true
DynamicProgramming,InverseCorrelated,100,1000,414,414,154368,0.154,1048576,1.000,13060,13060,0.000000,0,true
DynamicProgramming,InverseCorrelated,100,1000,415,415,124749,0.125,1048576,1.000,11174,11174,0.000000,0,true
DynamicProgramming,InverseCorrelated,100,1000,416,416,69568,0.070,1048576,1.000,12146,12146,0.000000,0,true
DynamicProgramming,InverseCorrelated,100,1000,417,417,65948,0.066,1048576,1.000,10052,10052,0.000000,0,true
DynamicProgramming,InverseCorrelated,100,1000,418,418,129974,0.130,1048576,1.000,13130,13130,0.000000,0,true
DynamicProgramming,InverseCorrelated,100,1000,419,419,140044,0.140,1048576,1.000,14054,14054,0.000000,0,true
DynamicProgramming,AlmostEqualRatios,100,1000,420,420,142680,0.143,1048576,1.000,1090,1090,0.000000,0,true
DynamicProgramming,AlmostEqualRatios,100,1000,421,421,113409,0.113,777480,0.741,1087,1087,0.000000,0,true
DynamicProgramming,AlmostEqualRatios,100,1000,422,422,130407,0.130,1048576,1.000,1076,1076,0.000000,0,true
DynamicProgramming,AlmostEqualRatios,100,1000,423,423,135119,0.135,1048576,1.000,1094,1094,0.000000,0,true
DynamicProgramming,AlmostEqualRatios,100,1000,424,424,108956,0.109,1048576,1.000,1095,1095,0.000000,0,true
DynamicProgramming,AlmostEqualRatios,100,1000,425,425,118647,0.119,1048576,1.000,1087,1087,0.000000,0,true
DynamicProgramming,AlmostEqualRatios,100,1000,426,426,91655,0.092,1048576,1.000,1089,1089,0.000000,0,true
DynamicProgramming,AlmostEqualRatios,100,1000,427,427,119319,0.119,1048576,1.000,1091,1091,0.000000,0,true
DynamicProgramming,AlmostEqualRatios,100,1000,428,428,99856,0.100,1048576,1.000,1097,1097,0.000000,0,true
DynamicProgramming,AlmostEqualRatios,100,1000,429,429,120899,0.121,1048576,1.000,1088,1088,0.000000,0,true
DynamicProgramming,AlmostEqualRatios,100,1000,430,430,108309,0.108,1048576,1.000,1091,1091,0.000000,0,true
DynamicProgramming,AlmostEqualRatios,100,1000,431,431,45683,0.046,1048576,1.000,1091,1091,0.000000,0,true
DynamicProgramming,AlmostEqualRatios,100,1000,432,432,111494,0.111,1048576,1.000,1080,1080,0.000000,0,true
DynamicProgramming,AlmostEqualRatios,100,1000,433,433,117208,0.117,1048576,1.000,1096,1096,0.000000,0,true
DynamicProgramming,AlmostEqualRatios,100,1000,434,434,130242,0.130,1048576,1.000,1090,1090,0.000000,0,true
DynamicProgramming,AlmostEqualRatios,100,1000,435,435,111181,0.111,1048576,1.000,1089,1089,0.000000,0,true
DynamicProgramming,AlmostEqualRatios,100,1000,436,436,57291,0.057,1048576,1.000,1098,1098,0.000000,0,true
DynamicProgramming,AlmostEqualRatios,100,1000,437,437,131709,0.132,1048576,1.000,1091,1091,0.000000,0,true
DynamicProgramming,AlmostEqualRatios,100,1000,438,438,80120,0.080,1048576,1.000,1091,1091,0.000000,0,true
DynamicProgramming,AlmostEqualRatios,100,1000,439,439,83354,0.083,777480,0.741,1085,1085,0.000000,0,true
DynamicProgramming,AlmostEqualRatios,100,1000,440,440,143106,0.143,1048576,1.000,1087,1087,0.000000,0,true
DynamicProgramming,AlmostEqualRatios,100,1000,441,441,157695,0.158,1048576,1.000,1090,1090,0.000000,0,true
DynamicProgramming,AlmostEqualRatios,100,1000,442,442,145048,0.145,1048576,1.000,1087,1087,0.000000,0,true
DynamicProgramming,AlmostEqualRatios,100,1000,443,443,158995,0.159,1048576,1.000,1098,1098,0.000000,0,true
DynamicProgramming,AlmostEqualRatios,100,1000,444,444,160476,0.160,1048576,1.000,1084,1084,0.000000,0,true
DynamicProgramming,AlmostEqualRatios,100,1000,445,445,160932,0.161,1048576,1.000,1095,1095,0.000000,0,true
DynamicProgramming,AlmostEqualRatios,100,1000,446,446,124564,0.125,1048576,1.000,1082,1082,0.000000,0,true
DynamicProgramming,AlmostEqualRatios,100,1000,447,447,147961,0.148,1048576,1.000,1091,1091,0.000000,0,true
DynamicProgramming,AlmostEqualRatios,100,1000,448,448,158550,0.159,1048576,1.000,1088,1088,0.000000,0,true
DynamicProgramming,AlmostEqualRatios,100,1000,449,449,112870,0.113,1048576,1.000,1087,1087,0.000000,0,true
DynamicProgramming,Uncorrelated,200,1000,450,450,280977,0.281,1048576,1.000,13595,13595,0.000000,0,true
DynamicProgramming,Uncorrelated,200,1000,451,451,186277,0.186,1048576,1.000,10769,10769,0.000000,0,true
DynamicProgramming,Uncorrelated,200,1000,452,452,302965,0.303,1048576,1.000,12294,12294,0.000000,0,true
DynamicProgramming,Uncorrelated,200,1000,453,453,297164,0.297,1048576,1.000,12571,12571,0.000000,0,true
DynamicProgramming,Uncorrelated,200,1000,454,454,214654,0.215,1048576,1.000,12522,12522,0.000000,0,true
DynamicProgramming,Uncorrelated,200,1000,455,455,288477,0.288,780688,0.745,11250,11250,0.000000,0,true
DynamicProgramming,Uncorrelated,200,1000,456,456,176966,0.177,1048576,1.000,13032,13032,0.000000,0,true
DynamicProgramming,Uncorrelated,200,1000,457,457,286535,0.287,1048576,1.000,11392,11392,0.000000,0,true
DynamicProgramming,Uncorrelated,200,1000,458,458,202521,0.203,1048576,1.000,11206,11206,0.000000,0,true
DynamicProgramming,Uncorrelated,200,1000,459,459,140234,0.140,1048576,1.000,12776,12776,0.000000,0,true
DynamicProgramming,Uncorrelated,200,1000,460,460,290433,0.290,1048576,1.000,11895,11895,0.000000,0,true
DynamicProgramming,Uncorrelated,200,1000,461,461,279101,0.279,1048576,1.000,12505,12505,0.000000,0,true
DynamicProgramming,Uncorrelated,200,1000,462,462,103991,0.104,1048576,1.000,11891,11891,0.000000,0,true
DynamicProgramming,Uncorrelated,200,1000,463,463,139298,0.139,1048576,1.000,9023,9023,0.000000,0,true
DynamicProgramming,Uncorrelated,200,1000,464,464,144000,0.144,1048576,1.000,11546,11546,0.000000,0,true
DynamicProgramming,Uncorrelated,200,1000,465,465,254925,0.255,1048576,1.000,10285,10285,0.000000,0,true
DynamicProgramming,Uncorrelated,200,1000,466,466,158086,0.158,1048576,1.000,11347,11347,0.000000,0,true
DynamicProgramming,Uncorrelated,200,1000,467,467,200603,0.201,1048576,1.000,13455,13455,0.000000,0,true
DynamicProgramming,Uncorrelated,200,1000,468,468,154874,0.155,1048576,1.000,11468,11468,0.000000,0,true
DynamicProgramming,Uncorrelated,200,1000,469,469,220129,0.220,1048576,1.000,11919,11919,0.000000,0,true
DynamicProgramming,Uncorrelated,200,1000,470,470,192133,0.192,1048576,1.000,11750,11750,0.000000,0,true
DynamicProgramming,Uncorrelated,200,1000,471,471,148237,0.148,777480,0.741,11711,11711,0.000000,0,true
DynamicProgramming,Uncorrelated,200,1000,472,472,207034,0.207,1048576,1.000,12922,12922,0.000000,0,true
DynamicProgramming,Uncorrelated,200,1000,473,473,193964,0.194,1048576,1.000,10146,10146,0.000000,0,true
DynamicProgramming,Uncorrelated,200,1000,474,474,192544,0.193,1048576,1.000,11415,11415,0.000000,0,true
DynamicProgramming,Uncorrelated,200,1000,475,475,206102,0.206,1048576,1.000,12114,12114,0.000000,0,true
DynamicProgramming,Uncorrelated,200,1000,476,476,1199561,1.200,0,0.000,14183,14183,0.000000,0,true
DynamicProgramming,Uncorrelated,200,1000,477,477,196488,0.196,851000,0.812,12798,12798,0.000000,0,true
DynamicProgramming,Uncorrelated,200,1000,478,478,221869,0.222,1048576,1.000,12127,12127,0.000000,0,true
DynamicProgramming,Uncorrelated,200,1000,479,479,213017,0.213,1048576,1.000,12167,12167,0.000000,0,true
DynamicProgramming,WeaklyCorrelated,200,1000,480,480,197487,0.197,1048576,1.000,2111,2111,0.000000,0,true
DynamicProgramming,WeaklyCorrelated,200,1000,481,481,226756,0.227,1048576,1.000,1702,1702,0.000000,0,true
DynamicProgramming,WeaklyCorrelated,200,1000,482,482,178694,0.179,1048576,1.000,1612,1612,0.000000,0,true
DynamicProgramming,WeaklyCorrelated,200,1000,483,483,231220,0.231,1048576,1.000,1732,1732,0.000000,0,true
DynamicProgramming,WeaklyCorrelated,200,1000,484,484,232765,0.233,1048576,1.000,1752,1752,0.000000,0,true
DynamicProgramming,WeaklyCorrelated,200,1000,485,485,230091,0.230,1048576,1.000,1564,1564,0.000000,0,true
DynamicProgramming,WeaklyCorrelated,200,1000,486,486,89738,0.090,1048576,1.000,1936,1936,0.000000,0,true
DynamicProgramming,WeaklyCorrelated,200,1000,487,487,288024,0.288,1048576,1.000,1756,1756,0.000000,0,true
DynamicProgramming,WeaklyCorrelated,200,1000,488,488,152518,0.153,1048576,1.000,1797,1797,0.000000,0,true
DynamicProgramming,WeaklyCorrelated,200,1000,489,489,284399,0.284,843784,0.805,1637,1637,0.000000,0,true
DynamicProgramming,WeaklyCorrelated,200,1000,490,490,270263,0.270,1048576,1.000,1727,1727,0.000000,0,true
DynamicProgramming,WeaklyCorrelated,200,1000,491,491,232287,0.232,1048576,1.000,1805,1805,0.000000,0,true
DynamicProgramming,WeaklyCorrelated,200,1000,492,492,161113,0.161,1048576,1.000,2071,2071,0.000000,0,true
DynamicProgramming,WeaklyCorrelated,200,1000,493,493,151209,0.151,1048576,1.000,1801,1801,0.000000,0,true
DynamicProgramming,WeaklyCorrelated,200,1000,494,494,289821,0.290,1048576,1.000,1916,1916,0.000000,0,true
DynamicProgramming,WeaklyCorrelated,200,1000,495,495,141602,0.142,1048576,1.000,1567,1567,0.000000,0,true
DynamicProgramming,WeaklyCorrelated,200,1000,496,496,164496,0.164,1048576,1.000,1867,1867,0.000000,0,true
DynamicProgramming,WeaklyCorrelated,200,1000,497,497,223579,0.224,1048576,1.000,1899,1899,0.000000,0,true
DynamicProgramming,WeaklyCorrelated,200,1000,498,498,140148,0.140,1048576,1.000,1841,1841,0.000000,0,true
DynamicProgramming,WeaklyCorrelated,200,1000,499,499,282721,0.283,1048576,1.000,1696,1696,0.000000,0,true
DynamicProgramming,WeaklyCorrelated,200,1000,500,500,150355,0.150,1048576,1.000,1737,1737,0.000000,0,true
DynamicProgramming,WeaklyCorrelated,200,1000,501,501,159180,0.159,851016,0.812,1484,1484,0.000000,0,true
DynamicProgramming,WeaklyCorrelated,200,1000,502,502,154179,0.154,1048576,1.000,1872,1872,0.000000,0,true
DynamicProgramming,WeaklyCorrelated,200,1000,503,503,151063,0.151,1048576,1.000,1938,1938,0.000000,0,true
DynamicProgramming,WeaklyCorrelated,200,1000,504,504,197390,0.197,1048576,1.000,1734,1734,0.000000,0,true
DynamicProgramming,WeaklyCorrelated,200,1000,505,505,244674,0.245,1048576,1.000,1733,1733,0.000000,0,true
DynamicProgramming,WeaklyCorrelated,200,1000,506,506,141645,0.142,1048576,1.000,1760,1760,0.000000,0,true
DynamicProgramming,WeaklyCorrelated,200,1000,507,507,215590,0.216,1048576,1.000,1687,1687,0.000000,0,true
DynamicProgramming,WeaklyCorrelated,200,1000,508,508,159354,0.159,1048576,1.000,1767,1767,0.000000,0,true
DynamicProgramming,WeaklyCorrelated,200,1000,509,509,148537,0.149,1048576,1.000,1674,1674,0.000000,0,true
DynamicProgramming,StronglyCorrelated,200,1000,510,510,233232,0.233,1048576,1.000,1147,1147,0.000000,0,true
DynamicProgramming,StronglyCorrelated,200,1000,511,511,184634,0.185,1048576,1.000,1116,1116,0.000000,0,true
DynamicProgramming,StronglyCorrelated,200,1000,512,512,243156,0.243,1048576,1.000,1094,1094,0.000000,0,true
DynamicProgramming,StronglyCorrelated,200,1000,513,513,222287,0.222,847808,0.809,1145,1145,0.000000,0,true
DynamicProgramming,StronglyCorrelated,200,1000,514,514,103213,0.103,1048576,1.000,1082,1082,0.000000,0,true
DynamicProgramming,StronglyCorrelated,200,1000,515,515,179739,0.180,1048576,1.000,1138,1138,0.000000,0,true
DynamicProgramming,StronglyCorrelated,200,1000,516,516,275296,0.275,1048576,1.000,1130,1130,0.000000,0,true
DynamicProgramming,StronglyCorrelated,200,1000,517,517,312959,0.313,1048576,1.000,1153,1153,0.000000,0,true
DynamicProgramming,StronglyCorrelated,200,1000,518,518,295930,0.296,1048576,1.000,1131,1131,0.000000,0,true
DynamicProgramming,StronglyCorrelated,200,1000,519,519,210229,0.210,1048576,1.000,1112,1112,0.000000,0,true
DynamicProgramming,StronglyCorrelated,200,1000,520,520,327760,0.328,1048576,1.000,1127,1127,0.000000,0,true
DynamicProgramming,StronglyCorrelated,200,1000,521,521,340003,0.340,1048576,1.000,1128,1128,0.000000,0,true
DynamicProgramming,StronglyCorrelated,200,1000,522,522,300650,0.301,1048576,1.000,1095,1095,0.000000,0,true
DynamicProgramming,StronglyCorrelated,200,1000,523,523,340138,0.340,1048576,1.000,1097,1097,0.000000,0,true
DynamicProgramming,StronglyCorrelated,200,1000,524,524,313062,0.313,1048576,1.000,1112,1112,0.000000,0,true
DynamicProgramming,StronglyCorrelated,200,1000,525,525,304115,0.304,851016,0.812,1116,1116,0.000000,0,true
DynamicProgramming,StronglyCorrelated,200,1000,526,526,203576,0.204,1048576,1.000,1094,1094,0.000000,0,true
DynamicProgramming,StronglyCorrelated,200,1000,527,527,280848,0.281,1048576,1.000,1139,1139,0.000000,0,true
DynamicProgramming,StronglyCorrelated,200,1000,528,528,256749,0.257,1048576,1.000,1113,1113,0.000000,0,true
DynamicProgramming,StronglyCorrelated,200,1000,529,529,305934,0.306,1048576,1.000,1094,1094,0.000000,0,true
DynamicProgramming,StronglyCorrelated,200,1000,530,530,255492,0.255,1048576,1.000,1169,1169,0.000000,0,true
DynamicProgramming,StronglyCorrelated,200,1000,531,531,311186,0.311,1048576,1.000,1114,1114,0.000000,0,true
DynamicProgramming,StronglyCorrelated,200,1000,532,532,110766,0.111,1048576,1.000,1114,1114,0.000000,0,true
DynamicProgramming,StronglyCorrelated,200,1000,533,533,298943,0.299,1048576,1.000,1089,1089,0.000000,0,true
DynamicProgramming,StronglyCorrelated,200,1000,534,534,331954,0.332,1048576,1.000,1138,1138,0.000000,0,true
DynamicProgramming,StronglyCorrelated,200,1000,535,535,182007,0.182,847808,0.809,1100,1100,0.000000,0,true
DynamicProgramming,StronglyCorrelated,200,1000,536,536,253431,0.253,1048576,1.000,1117,1117,0.000000,0,true
DynamicProgramming,StronglyCorrelated,200,1000,537,537,176966,0.177,1048576,1.000,1089,1089,0.000000,0,true
DynamicProgramming,StronglyCorrelated,200,1000,538,538,229981,0.230,1048576,1.000,1114,1114,0.000000,0,true
DynamicProgramming,StronglyCorrelated,200,1000,539,539,178749,0.179,1048576,1.000,1137,1137,0.000000,0,true
DynamicProgramming,InverseCorrelated,200,1000,540,540,262637,0.263,1048576,1.000,18101,18101,0.000000,0,true
DynamicProgramming,InverseCorrelated,200,1000,541,541,263970,0.264,1048576,1.000,16044,16044,0.000000,0,true
DynamicProgramming,InverseCorrelated,200,1000,542,542,148104,0.148,1048576,1.000,19051,19051,0.000000,0,true
DynamicProgramming,InverseCorrelated,200,1000,543,543,283239,0.283,1048576,1.000,21053,21053,0.000000,0,true
DynamicProgramming,InverseCorrelated,200,1000,544,544,140124,0.140,1048576,1.000,20056,20056,0.000000,0,true
DynamicProgramming,InverseCorrelated,200,1000,545,545,134005,0.134,1048576,1.000,17033,17033,0.000000,0,true
DynamicProgramming,InverseCorrelated,200,1000,546,546,225552,0.226,1048576,1.000,17027,17027,0.000000,0,true
DynamicProgramming,InverseCorrelated,200,1000,547,547,132918,0.133,851016,0.812,16102,16102,0.000000,0,true
DynamicProgramming,InverseCorrelated,200,1000,548,548,262644,0.263,1048576,1.000,17061,17061,0.000000,0,true
DynamicProgramming,InverseCorrelated,200,1000,549,549,270608,0.271,1048576,1.000,17053,17053,0.000000,0,true
DynamicProgramming,InverseCorrelated,200,1000,550,550,242336,0.242,1048576,1.000,21087,21087,0.000000,0,true
DynamicProgramming,InverseCorrelated,200,1000,551,551,300071,0.300,1048576,1.000,20083,20083,0.000000,0,true
DynamicProgramming,InverseCorrelated,200,1000,552,552,166586,0.167,1048576,1.000,18063,18063,0.000000,0,true
DynamicProgramming,InverseCorrelated,200,1000,553,553,275632,0.276,1048576,1.000,19089,19089,0.000000,0,true
DynamicProgramming,InverseCorrelated,200,1000,554,554,293917,0.294,1048576,1.000,20039,20039,0.000000,0,true
DynamicProgramming,InverseCorrelated,200,1000,555,555,294349,0.294,1048576,1.000,23043,23043,0.000000,0,true
DynamicProgramming,InverseCorrelated,200,1000,556,556,140851,0.141,1048576,1.000,18087,18087,0.000000,0,true
DynamicProgramming,InverseCorrelated,200,1000,557,557,141333,0.141,1048576,1.000,20097,20097,0.000000,0,true
DynamicProgramming,InverseCorrelated,200,1000,558,558,179709,0.180,1048576,1.000,21086,21086,0.000000,0,true
DynamicProgramming,InverseCorrelated,200,1000,559,559,307552,0.308,847808,0.809,20104,20104,0.000000,0,true
DynamicProgramming,InverseCorrelated,200,1000,560,560,134147,0.134,1048576,1.000,17062,17062,0.000000,0,true
DynamicProgramming,InverseCorrelated,200,1000,561,561,269923,0.270,1048576,1.000,15036,15036,0.000000,0,true
DynamicProgramming,InverseCorrelated,200,1000,562,562,146056,0.146,1048576,1.000,18051,18051,0.000000,0,true
DynamicProgramming,InverseCorrelated,200,1000,563,563,284141,0.284,1048576,1.000,23106,23106,0.000000,0,true
DynamicProgramming,InverseCorrelated,200,1000,564,564,169291,0.169,1048576,1.000,19111,19111,0.000000,0,true
DynamicProgramming,InverseCorrelated,200,1000,565,565,283087,0.283,1048576,1.000,15047,15047,0.000000,0,true
DynamicProgramming,InverseCorrelated,200,1000,566,566,152471,0.152,1048576,1.000,22083,22083,0.000000,0,true
DynamicProgramming,InverseCorrelated,200,1000,567,567,137139,0.137,1048576,1.000,19100,19100,0.000000,0,true
DynamicProgramming,InverseCorrelated,200,1000,568,568,70805,0.071,1048576,1.000,18103,18103,0.000000,0,true
DynamicProgramming,InverseCorrelated,200,1000,569,569,180437,0.180,1048576,1.000,17045,17045,0.000000,0,true
DynamicProgramming,AlmostEqualRatios,200,1000,570,570,296652,0.297,1048576,1.000,1096,1096,0.000000,0,true
DynamicProgramming,AlmostEqualRatios,200,1000,571,571,292082,0.292,851016,0.812,1098,1098,0.000000,0,true
DynamicProgramming,AlmostEqualRatios,200,1000,572,572,294192,0.294,1048576,1.000,1097,1097,0.000000,0,true
DynamicProgramming,AlmostEqualRatios,200,1000,573,573,263550,0.264,1048576,1.000,1094,1094,0.000000,0,true
DynamicProgramming,AlmostEqualRatios,200,1000,574,574,306224,0.306,1048576,1.000,1099,1099,0.000000,0,true
DynamicProgramming,AlmostEqualRatios,200,1000,575,575,290536,0.291,1048576,1.000,1095,1095,0.000000,0,true
DynamicProgramming,AlmostEqualRatios,200,1000,576,576,293911,0.294,1048576,1.000,1094,1094,0.000000,0,true
DynamicProgramming,AlmostEqualRatios,200,1000,577,577,269093,0.269,1048576,1.000,1096,1096,0.000000,0,true
DynamicProgramming,AlmostEqualRatios,200,1000,578,578,229509,0.230,1048576,1.000,1097,1097,0.000000,0,true
DynamicProgramming,AlmostEqualRatios,200,1000,579,579,217051,0.217,1048576,1.000,1097,1097,0.000000,0,true
DynamicProgramming,AlmostEqualRatios,200,1000,580,580,222270,0.222,1048576,1.000,1092,1092,0.000000,0,true
DynamicProgramming,AlmostEqualRatios,200,1000,581,581,237380,0.237,1048576,1.000,1096,1096,0.000000,0,true
DynamicProgramming,AlmostEqualRatios,200,1000,582,582,104735,0.105,1048576,1.000,1097,1097,0.000000,0,true
DynamicProgramming,AlmostEqualRatios,200,1000,583,583,220737,0.221,847808,0.809,1098,1098,0.000000,0,true
DynamicProgramming,AlmostEqualRatios,200,1000,584,584,218072,0.218,1048576,1.000,1096,1096,0.000000,0,true
DynamicProgramming,AlmostEqualRatios,200,1000,585,585,165505,0.166,1048576,1.000,1097,1097,0.000000,0,true
DynamicProgramming,AlmostEqualRatios,200,1000,586,586,306201,0.306,1048576,1.000,1097,1097,0.000000,0,true
DynamicProgramming,AlmostEqualRatios,200,1000,587,587,293307,0.293,1048576,1.000,1098,1098,0.000000,0,true
DynamicProgramming,AlmostEqualRatios,200,1000,588,588,227014,0.227,1048576,1.000,1099,1099,0.000000,0,true
DynamicProgramming,AlmostEqualRatios,200,1000,589,589,311396,0.311,1048576,1.000,1097,1097,0.000000,0,true
DynamicProgramming,AlmostEqualRatios,200,1000,590,590,296744,0.297,1048576,1.000,1096,1096,0.000000,0,true
DynamicProgramming,AlmostEqualRatios,200,1000,591,591,257448,0.257,1048576,1.000,1096,1096,0.000000,0,true
DynamicProgramming,AlmostEqualRatios,200,1000,592,592,291634,0.292,1048576,1.000,1094,1094,0.000000,0,true
DynamicProgramming,AlmostEqualRatios,200,1000,593,593,306723,0.307,1048576,1.000,1098,1098,0.000000,0,true
DynamicProgramming,AlmostEqualRatios,200,1000,594,594,295039,0.295,1048576,1.000,1098,1098,0.000000,0,true
DynamicProgramming,AlmostEqualRatios,200,1000,595,595,171143,0.171,851016,0.812,1097,1097,0.000000,0,true
DynamicProgramming,AlmostEqualRatios,200,1000,596,596,216905,0.217,1048576,1.000,1093,1093,0.000000,0,true
DynamicProgramming,AlmostEqualRatios,200,1000,597,597,168018,0.168,1048576,1.000,1097,1097,0.000000,0,true
DynamicProgramming,AlmostEqualRatios,200,1000,598,598,321387,0.321,1048576,1.000,1096,1096,0.000000,0,true
DynamicProgramming,AlmostEqualRatios,200,1000,599,599,242940,0.243,1048576,1.000,1097,1097,0.000000,0,true
DynamicProgramming,Uncorrelated,500,1000,600,600,622922,0.623,1048576,1.000,16118,16118,0.000000,0,true
DynamicProgramming,Uncorrelated,500,1000,601,601,683529,0.684,1048576,1.000,18603,18603,0.000000,0,true
DynamicProgramming,Uncorrelated,500,1000,602,602,620645,0.621,1048576,1.000,14549,14549,0.000000,0,true
DynamicProgramming,Uncorrelated,500,1000,603,603,322174,0.322,1048576,1.000,14781,14781,0.000000,0,true
DynamicProgramming,Uncorrelated,500,1000,604,604,364719,0.365,1048576,1.000,21037,21037,0.000000,0,true
DynamicProgramming,Uncorrelated,500,1000,605,605,452236,0.452,843784,0.805,16269,16269,0.000000,0,true
DynamicProgramming,Uncorrelated,500,1000,606,606,425683,0.426,1048576,1.000,18345,18345,0.000000,0,true
DynamicProgramming,Uncorrelated,500,1000,607,607,323764,0.324,1048576,1.000,18233,18233,0.000000,0,true
DynamicProgramming,Uncorrelated,500,1000,608,608,399943,0.400,1048576,1.000,19711,19711,0.000000,0,true
DynamicProgramming,Uncorrelated,500,1000,609,609,388129,0.388,1048576,1.000,18125,18125,0.000000,0,true
DynamicProgramming,Uncorrelated,500,1000,610,610,448537,0.449,1048576,1.000,18485,18485,0.000000,0,true
DynamicProgramming,Uncorrelated,500,1000,611,611,397250,0.397,1048576,1.000,18632,18632,0.000000,0,true
DynamicProgramming,Uncorrelated,500,1000,612,612,439447,0.439,1048576,1.000,18928,18928,0.000000,0,true
DynamicProgramming,Uncorrelated,500,1000,613,613,574081,0.574,1048576,1.000,18898,18898,0.000000,0,true
DynamicProgramming,Uncorrelated,500,1000,614,614,387202,0.387,1048576,1.000,24331,24331,0.000000,0,true
DynamicProgramming,Uncorrelated,500,1000,615,615,370049,0.370,847808,0.809,17582,17582,0.000000,0,true
DynamicProgramming,Uncorrelated,500,1000,616,616,573139,0.573,1048576,1.000,17233,17233,0.000000,0,true
DynamicProgramming,Uncorrelated,500,1000,617,617,328704,0.329,1048576,1.000,19935,19935,0.000000,0,true
DynamicProgramming,Uncorrelated,500,1000,618,618,324861,0.325,1048576,1.000,19272,19272,0.000000,0,true
DynamicProgramming,Uncorrelated,500,1000,619,619,370754,0.371,1048576,1.000,18601,18601,0.000000,0,true
DynamicProgramming,Uncorrelated,500,1000,620,620,285367,0.285,1048576,1.000,17939,17939,0.000000,0,true
DynamicProgramming,Uncorrelated,500,1000,621,621,275972,0.276,1048576,1.000,15886,15886,0.000000,0,true
DynamicProgramming,Uncorrelated,500,1000,622,622,555029,0.555,1048576,1.000,17428,17428,0.000000,0,true
DynamicProgramming,Uncorrelated,500,1000,623,623,285546,0.286,1048576,1.000,17425,17425,0.000000,0,true
DynamicProgramming,Uncorrelated,500,1000,624,624,290692,0.291,1048576,1.000,18738,18738,0.000000,0,true
DynamicProgramming,Uncorrelated,500,1000,625,625,199752,0.200,847808,0.809,18824,18824,0.000000,0,true
DynamicProgramming,Uncorrelated,500,1000,626,626,439426,0.439,1048576,1.000,17215,17215,0.000000,0,true
DynamicProgramming,Uncorrelated,500,1000,627,627,452847,0.453,1048576,1.000,18302,18302,0.000000,0,true
DynamicProgramming,Uncorrelated,500,1000,628,628,388738,0.389,1048576,1.000,20482,20482,0.000000,0,true
DynamicProgramming,Uncorrelated,500,1000,629,629,299020,0.299,1048576,1.000,15577,15577,0.000000,0,true
DynamicProgramming,WeaklyCorrelated,500,1000,630,630,460522,0.461,1048576,1.000,2291,2291,0.000000,0,true
DynamicProgramming,WeaklyCorrelated,500,1000,631,631,318987,0.319,1048576,1.000,2181,2181,0.000000,0,true
DynamicProgramming,WeaklyCorrelated,500,1000,632,632,447337,0.447,1048576,1.000,2556,2556,0.000000,0,true
DynamicProgramming,WeaklyCorrelated,500,1000,633,633,176868,0.177,1048576,1.000,2116,2116,0.000000,0,true
DynamicProgramming,WeaklyCorrelated,500,1000,634,634,598916,0.599,1048576,1.000,2162,2162,0.000000,0,true
DynamicProgramming,WeaklyCorrelated,500,1000,635,635,349808,0.350,851736,0.812,2241,2241,0.000000,0,true
DynamicProgramming,WeaklyCorrelated,500,1000,636,636,196082,0.196,1048576,1.000,2393,2393,0.000000,0,true
DynamicProgramming,WeaklyCorrelated,500,1000,637,637,455654,0.456,1048576,1.000,2034,2034,0.000000,0,true
DynamicProgramming,WeaklyCorrelated,500,1000,638,638,466753,0.467,1048576,1.000,2262,2262,0.000000,0,true
DynamicProgramming,WeaklyCorrelated,500,1000,639,639,505907,0.506,1048576,1.000,2266,2266,0.000000,0,true
DynamicProgramming,WeaklyCorrelated,500,1000,640,640,682629,0.683,1048576,1.000,2361,2361,0.000000,0,true
DynamicProgramming,WeaklyCorrelated,500,1000,641,641,331634,0.332,1048576,1.000,2182,2182,0.000000,0,true
DynamicProgramming,WeaklyCorrelated,500,1000,642,642,342843,0.343,1048576,1.000,2234,2234,0.000000,0,true
DynamicProgramming,WeaklyCorrelated,500,1000,643,643,315415,0.315,1048576,1.000,2037,2037,0.000000,0,true
DynamicProgramming,WeaklyCorrelated,500,1000,644,644,649568,0.650,1048576,1.000,2475,2475,0.000000,0,true
DynamicProgramming,WeaklyCorrelated,500,1000,645,645,313469,0.313,843784,0.805,2313,2313,0.000000,0,true
DynamicProgramming,WeaklyCorrelated,500,1000,646,646,547828,0.548,1048576,1.000,2150,2150,0.000000,0,true
DynamicProgramming,WeaklyCorrelated,500,1000,647,647,159383,0.159,1048576,1.000,2141,2141,0.000000,0,true
DynamicProgramming,WeaklyCorrelated,500,1000,648,648,311198,0.311,1048576,1.000,2350,2350,0.000000,0,true
DynamicProgramming,WeaklyCorrelated,500,1000,649,649,161441,0.161,1048576,1.000,1981,1981,0.000000,0,true
DynamicProgramming,WeaklyCorrelated,500,1000,650,650,316799,0.317,1048576,1.000,2310,2310,0.000000,0,true
DynamicProgramming,WeaklyCorrelated,500,1000,651,651,311823,0.312,1048576,1.000,2289,2289,0.000000,0,true
DynamicProgramming,WeaklyCorrelated,500,1000,652,652,332168,0.332,1048576,1.000,2656,2656,0.000000,0,true
DynamicProgramming,WeaklyCorrelated,500,1000,653,653,158031,0.158,1048576,1.000,2104,2104,0.000000,0,true
DynamicProgramming,WeaklyCorrelated,500,1000,654,654,450114,0.450,1048576,1.000,2553,2553,0.000000,0,true
DynamicProgramming,WeaklyCorrelated,500,1000,655,655,408680,0.409,847808,0.809,2497,2497,0.000000,0,true
DynamicProgramming,WeaklyCorrelated,500,1000,656,656,370105,0.370,1048576,1.000,2827,2827,0.000000,0,true
DynamicProgramming,WeaklyCorrelated,500,1000,657,657,476964,0.477,1048576,1.000,2515,2515,0.000000,0,true
DynamicProgramming,WeaklyCorrelated,500,1000,658,658,474846,0.475,1048576,1.000,2507,2507,0.000000,0,true
DynamicProgramming,WeaklyCorrelated,500,1000,659,659,372677,0.373,1048576,1.000,2467,2467,0.000000,0,true
DynamicProgramming,StronglyCorrelated,500,1000,660,660,447846,0.448,1048576,1.000,1188,1188,0.000000,0,true
DynamicProgramming,StronglyCorrelated,500,1000,661,661,670524,0.671,1048576,1.000,1162,1162,0.000000,0,true
DynamicProgramming,StronglyCorrelated,500,1000,662,662,686245,0.686,1048576,1.000,1185,1185,0.000000,0,true
DynamicProgramming,StronglyCorrelated,500,1000,663,663,475570,0.476,1048576,1.000,1185,1185,0.000000,0,true
DynamicProgramming,StronglyCorrelated,500,1000,664,664,386301,0.386,1048576,1.000,1180,1180,0.000000,0,true
DynamicProgramming,StronglyCorrelated,500,1000,665,665,347959,0.348,847808,0.809,1159,1159,0.000000,0,true
DynamicProgramming,StronglyCorrelated,500,1000,666,666,367624,0.368,1048576,1.000,1205,1205,0.000000,0,true
DynamicProgramming,StronglyCorrelated,500,1000,667,667,359552,0.360,1048576,1.000,1176,1176,0.000000,0,true
DynamicProgramming,StronglyCorrelated,500,1000,668,668,368184,0.368,1048576,1.000,1209,1209,0.000000,0,true
DynamicProgramming,StronglyCorrelated,500,1000,669,669,594928,0.595,1048576,1.000,1207,1207,0.000000,0,true
DynamicProgramming,StronglyCorrelated,500,1000,670,670,385117,0.385,1048576,1.000,1168,1168,0.000000,0,true
DynamicProgramming,StronglyCorrelated,500,1000,671,671,360639,0.361,1048576,1.000,1220,1220,0.000000,0,true
DynamicProgramming,StronglyCorrelated,500,1000,672,672,328733,0.329,1048576,1.000,1181,1181,0.000000,0,true
DynamicProgramming,StronglyCorrelated,500,1000,673,673,423993,0.424,851736,0.812,1189,1189,0.000000,0,true
DynamicProgramming,StronglyCorrelated,500,1000,674,674,373650,0.374,1048576,1.000,1214,1214,0.000000,0,true
DynamicProgramming,StronglyCorrelated,500,1000,675,675,672028,0.672,1048576,1.000,1176,1176,0.000000,0,true
DynamicProgramming,StronglyCorrelated,500,1000,676,676,537789,0.538,1048576,1.000,1190,1190,0.000000,0,true
DynamicProgramming,StronglyCorrelated,500,1000,677,677,351500,0.352,1048576,1.000,1199,1199,0.000000,0,true
DynamicProgramming,StronglyCorrelated,500,1000,678,678,408915,0.409,1048576,1.000,1207,1207,0.000000,0,true
DynamicProgramming,StronglyCorrelated,500,1000,679,679,610048,0.610,1048576,1.000,1240,1240,0.000000,0,true
DynamicProgramming,StronglyCorrelated,500,1000,680,680,224896,0.225,1048576,1.000,1196,1196,0.000000,0,true
DynamicProgramming,StronglyCorrelated,500,1000,681,681,208947,0.209,1048576,1.000,1193,1193,0.000000,0,true
DynamicProgramming,StronglyCorrelated,500,1000,682,682,206300,0.206,1048576,1.000,1184,1184,0.000000,0,true
DynamicProgramming,StronglyCorrelated,500,1000,683,683,201604,0.202,843784,0.805,1169,1169,0.000000,0,true
DynamicProgramming,StronglyCorrelated,500,1000,684,684,228876,0.229,1048576,1.000,1235,1235,0.000000,0,true
DynamicProgramming,StronglyCorrelated,500,1000,685,685,331889,0.332,1048576,1.000,1210,1210,0.000000,0,true
DynamicProgramming,StronglyCorrelated,500,1000,686,686,475383,0.475,1048576,1.000,1217,1217,0.000000,0,true
DynamicProgramming,StronglyCorrelated,500,1000,687,687,413821,0.414,1048576,1.000,1162,1162,0.000000,0,true
DynamicProgramming,StronglyCorrelated,500,1000,688,688,1360810,1.361,0,0.000,1186,1186,0.000000,0,true
DynamicProgramming,StronglyCorrelated,500,1000,689,689,502507,0.503,891624,0.850,1176,1176,0.000000,0,true
DynamicProgramming,InverseCorrelated,500,1000,690,690,318598,0.319,1048576,1.000,31069,31069,0.000000,0,true
DynamicProgramming,InverseCorrelated,500,1000,691,691,304010,0.304,1048576,1.000,32088,32088,0.000000,0,true
DynamicProgramming,InverseCorrelated,500,1000,692,692,589678,0.590,1048576,1.000,29040,29040,0.000000,0,true
DynamicProgramming,InverseCorrelated,500,1000,693,693,601553,0.602,1048576,1.000,25031,25031,0.000000,0,true
DynamicProgramming,InverseCorrelated,500,1000,694,694,626820,0.627,1048576,1.000,29096,29096,0.000000,0,true
DynamicProgramming,InverseCorrelated,500,1000,695,695,520393,0.520,1048576,1.000,31063,31063,0.000000,0,true
DynamicProgramming,InverseCorrelated,500,1000,696,696,487034,0.487,1048576,1.000,29093,29093,0.000000,0,true
DynamicProgramming,InverseCorrelated,500,1000,697,697,415763,0.416,885608,0.845,30035,30035,0.000000,0,true
DynamicProgramming,InverseCorrelated,500,1000,698,698,352388,0.352,1048576,1.000,32066,32066,0.000000,0,true
DynamicProgramming,InverseCorrelated,500,1000,699,699,464909,0.465,1048576,1.000,31036,31036,0.000000,0,true
DynamicProgramming,InverseCorrelated,500,1000,700,700,477711,0.478,1048576,1.000,39044,39044,0.000000,0,true
DynamicProgramming,InverseCorrelated,500,1000,701,701,399215,0.399,1048576,1.000,27061,27061,0.000000,0,true
DynamicProgramming,InverseCorrelated,500,1000,702,702,414590,0.415,1048576,1.000,26082,26082,0.000000,0,true
DynamicProgramming,InverseCorrelated,500,1000,703,703,431978,0.432,1048576,1.000,31089,31089,0.000000,0,true
DynamicProgramming,InverseCorrelated,500,1000,704,704,307583,0.308,1048576,1.000,31068,31068,0.000000,0,true
DynamicProgramming,InverseCorrelated,500,1000,705,705,513481,0.513,889632,0.848,33051,33051,0.000000,0,true
DynamicProgramming,InverseCorrelated,500,1000,706,706,445756,0.446,1048576,1.000,30061,30061,0.000000,0,true
DynamicProgramming,InverseCorrelated,500,1000,707,707,565539,0.566,1048576,1.000,33069,33069,0.000000,0,true
DynamicProgramming,InverseCorrelated,500,1000,708,708,403515,0.404,1048576,1.000,30051,30051,0.000000,0,true
DynamicProgramming,InverseCorrelated,500,1000,709,709,424805,0.425,1048576,1.000,29038,29038,0.000000,0,true
DynamicProgramming,InverseCorrelated,500,1000,710,710,433359,0.433,1048576,1.000,36040,36040,0.000000,0,true
DynamicProgramming,InverseCorrelated,500,1000,711,711,313419,0.313,1048576,1.000,27080,27080,0.000000,0,true
DynamicProgramming,InverseCorrelated,500,1000,712,712,482135,0.482,1048576,1.000,26030,26030,0.000000,0,true
DynamicProgramming,InverseCorrelated,500,1000,713,713,302069,0.302,889632,0.848,27054,27054,0.000000,0,true
DynamicProgramming,InverseCorrelated,500,1000,714,714,502617,0.503,1048576,1.000,27033,27033,0.000000,0,true
DynamicProgramming,InverseCorrelated,500,1000,715,715,191897,0.192,1048576,1.000,27058,27058,0.000000,0,true
DynamicProgramming,InverseCorrelated,500,1000,716,716,547356,0.547,1048576,1.000,23041,23041,0.000000,0,true
DynamicProgramming,InverseCorrelated,500,1000,717,717,583377,0.583,1048576,1.000,30046,30046,0.000000,0,true
DynamicProgramming,InverseCorrelated,500,1000,718,718,497585,0.498,1048576,1.000,27084,27084,0.000000,0,true
DynamicProgramming,InverseCorrelated,500,1000,719,719,311919,0.312,1044552,0.996,30079,30079,0.000000,0,true
DynamicProgramming,AlmostEqualRatios,500,1000,720,720,482250,0.482,1048576,1.000,1100,1100,0.000000,0,true
DynamicProgramming,AlmostEqualRatios,500,1000,721,721,495010,0.495,891640,0.850,1098,1098,0.000000,0,true
DynamicProgramming,AlmostEqualRatios,500,1000,722,722,622498,0.622,1048576,1.000,1097,1097,0.000000,0,true
DynamicProgramming,AlmostEqualRatios,500,1000,723,723,332755,0.333,1048576,1.000,1098,1098,0.000000,0,true
DynamicProgramming,AlmostEqualRatios,500,1000,724,724,448733,0.449,1048576,1.000,1099,1099,0.000000,0,true
DynamicProgramming,AlmostEqualRatios,500,1000,725,725,388661,0.389,1048576,1.000,1099,1099,0.000000,0,true
DynamicProgramming,AlmostEqualRatios,500,1000,726,726,338249,0.338,1048576,1.000,1099,1099,0.000000,0,true
DynamicProgramming,AlmostEqualRatios,500,1000,727,727,527667,0.528,891640,0.850,1099,1099,0.000000,0,true
DynamicProgramming,AlmostEqualRatios,500,1000,728,728,523695,0.524,1048576,1.000,1098,1098,0.000000,0,true
DynamicProgramming,AlmostEqualRatios,500,1000,729,729,420169,0.420,1048576,1.000,1099,1099,0.000000,0,true
DynamicProgramming,AlmostEqualRatios,500,1000,730,730,343213,0.343,1048576,1.000,1098,1098,0.000000,0,true
DynamicProgramming,AlmostEqualRatios,500,1000,731,731,364407,0.364,1048576,1.000,1100,1100,0.000000,0,true
DynamicProgramming,AlmostEqualRatios,500,1000,732,732,353989,0.354,1048576,1.000,1098,1098,0.000000,0,true
DynamicProgramming,AlmostEqualRatios,500,1000,733,733,559747,0.560,1048576,1.000,1099,1099,0.000000,0,true
DynamicProgramming,AlmostEqualRatios,500,1000,734,734,476352,0.476,1048576,1.000,1098,1098,0.000000,0,true
DynamicProgramming,AlmostEqualRatios,500,1000,735,735,382974,0.383,885608,0.845,1098,1098,0.000000,0,true
DynamicProgramming,AlmostEqualRatios,500,1000,736,736,339933,0.340,1048576,1.000,1100,1100,0.000000,0,true
DynamicProgramming,AlmostEqualRatios,500,1000,737,737,340283,0.340,1048576,1.000,1097,1097,0.000000,0,true
DynamicProgramming,AlmostEqualRatios,500,1000,738,738,356979,0.357,1048576,1.000,1100,1100,0.000000,0,true
DynamicProgramming,AlmostEqualRatios,500,1000,739,739,350045,0.350,1048576,1.000,1099,1099,0.000000,0,true
DynamicProgramming,AlmostEqualRatios,500,1000,740,740,348863,0.349,1048576,1.000,1098,1098,0.000000,0,true
DynamicProgramming,AlmostEqualRatios,500,1000,741,741,353827,0.354,1048576,1.000,1098,1098,0.000000,0,true
DynamicProgramming,AlmostEqualRatios,500,1000,742,742,198676,0.199,1048576,1.000,1099,1099,0.000000,0,true
DynamicProgramming,AlmostEqualRatios,500,1000,743,743,376985,0.377,889632,0.848,1098,1098,0.000000,0,true
DynamicProgramming,AlmostEqualRatios,500,1000,744,744,408015,0.408,1048576,1.000,1100,1100,0.000000,0,true
DynamicProgramming,AlmostEqualRatios,500,1000,745,745,478384,0.478,1048576,1.000,1098,1098,0.000000,0,true
DynamicProgramming,AlmostEqualRatios,500,1000,746,746,420746,0.421,1048576,1.000,1099,1099,0.000000,0,true
DynamicProgramming,AlmostEqualRatios,500,1000,747,747,512540,0.513,1048576,1.000,1098,1098,0.000000,0,true
DynamicProgramming,AlmostEqualRatios,500,1000,748,748,358561,0.359,1048576,1.000,1097,1097,0.000000,0,true
DynamicProgramming,AlmostEqualRatios,500,1000,749,749,382202,0.382,1048576,1.000,1098,1098,0.000000,0,true
BranchAndBound,Uncorrelated,20,1000,0,0,191601,0.192,1048576,1.000,2339,2339,0.000000,75,true
BranchAndBound,Uncorrelated,20,1000,1,1,49989,0.050,893624,0.852,3417,3417,0.000000,29,true
BranchAndBound,Uncorrelated,20,1000,2,2,59807,0.060,1048576,1.000,2658,2658,0.000000,23,true
BranchAndBound,Uncorrelated,20,1000,3,3,27768,0.028,1048576,1.000,2443,2443,0.000000,22,true
BranchAndBound,Uncorrelated,20,1000,4,4,34587,0.035,1048576,1.000,3111,3111,0.000000,48,true
BranchAndBound,Uncorrelated,20,1000,5,5,27940,0.028,1048576,1.000,3213,3213,0.000000,28,true
BranchAndBound,Uncorrelated,20,1000,6,6,34036,0.034,1048576,1.000,3354,3354,0.000000,48,true
BranchAndBound,Uncorrelated,20,1000,7,7,24405,0.024,1048576,1.000,2178,2178,0.000000,25,true
BranchAndBound,Uncorrelated,20,1000,8,8,29092,0.029,1048576,1.000,2585,2585,0.000000,29,true
BranchAndBound,Uncorrelated,20,1000,9,9,16811,0.017,1048576,1.000,2237,2237,0.000000,24,true
BranchAndBound,Uncorrelated,20,1000,10,10,31566,0.032,1048576,1.000,3837,3837,0.000000,32,true
BranchAndBound,Uncorrelated,20,1000,11,11,45815,0.046,1048576,1.000,3381,3381,0.000000,55,true
BranchAndBound,Uncorrelated,20,1000,12,12,33292,0.033,1048576,1.000,3178,3178,0.000000,24,true
BranchAndBound,Uncorrelated,20,1000,13,13,27047,0.027,1048576,1.000,3053,3053,0.000000,24,true
BranchAndBound,Uncorrelated,20,1000,14,14,31055,0.031,1048576,1.000,4520,4520,0.000000,37,true
BranchAndBound,Uncorrelated,20,1000,15,15,35930,0.036,1048576,1.000,2146,2146,0.000000,28,true
BranchAndBound,Uncorrelated,20,1000,16,16,31803,0.032,1048576,1.000,3109,3109,0.000000,25,true
BranchAndBound,Uncorrelated,20,1000,17,17,27853,0.028,1048576,1.000,4331,4331,0.000000,32,true
BranchAndBound,Uncorrelated,20,1000,18,18,26699,0.027,1048576,1.000,4648,4648,0.000000,26,true
BranchAndBound,Uncorrelated,20,1000,19,19,43681,0.044,1048576,1.000,2340,2340,0.000000,44,true
BranchAndBound,Uncorrelated,20,1000,20,20,36934,0.037,1048576,1.000,3402,3402,0.000000,26,true
BranchAndBound,Uncorrelated,20,1000,21,21,29394,0.029,1048576,1.000,2612,2612,0.000000,35,true
BranchAndBound,Uncorrelated,20,1000,22,22,29294,0.029,1048576,1.000,4394,4394,0.000000,29,true
BranchAndBound,Uncorrelated,20,1000,23,23,20963,0.021,1048576,1.000,4186,4186,0.000000,24,true
BranchAndBound,Uncorrelated,20,1000,24,24,38250,0.038,1048576,1.000,2944,2944,0.000000,41,true
BranchAndBound,Uncorrelated,20,1000,25,25,29688,0.030,893624,0.852,4627,4627,0.000000,27,true
BranchAndBound,Uncorrelated,20,1000,26,26,31942,0.032,1048576,1.000,2835,2835,0.000000,32,true
BranchAndBound,Uncorrelated,20,1000,27,27,37110,0.037,1048576,1.000,2756,2756,0.000000,59,true
BranchAndBound,Uncorrelated,20,1000,28,28,16826,0.017,1048576,1.000,3538,3538,0.000000,25,true
BranchAndBound,Uncorrelated,20,1000,29,29,27020,0.027,1048576,1.000,3694,3694,0.000000,27,true
BranchAndBound,WeaklyCorrelated,20,1000,30,30,73198,0.073,1048576,1.000,1055,1055,0.000000,138,true
BranchAndBound,WeaklyCorrelated,20,1000,31,31,86416,0.086,1048576,1.000,1135,1135,0.000000,153,true
BranchAndBound,WeaklyCorrelated,20,1000,32,32,37485,0.037,1048576,1.000,1080,1080,0.000000,50,true
BranchAndBound,WeaklyCorrelated,20,1000,33,33,66993,0.067,1048576,1.000,1345,1345,0.000000,87,true
BranchAndBound,WeaklyCorrelated,20,1000,34,34,57851,0.058,1048576,1.000,1142,1142,0.000000,103,true
BranchAndBound,WeaklyCorrelated,20,1000,35,35,44985,0.045,1048576,1.000,1303,1303,0.000000,53,true
BranchAndBound,WeaklyCorrelated,20,1000,36,36,67015,0.067,1048576,1.000,1224,1224,0.000000,34,true
BranchAndBound,WeaklyCorrelated,20,1000,37,37,89272,0.089,1048576,1.000,1140,1140,0.000000,137,true
BranchAndBound,WeaklyCorrelated,20,1000,38,38,87430,0.087,1048576,1.000,1266,1266,0.000000,107,true
BranchAndBound,WeaklyCorrelated,20,1000,39,39,64822,0.065,893624,0.852,1169,1169,0.000000,48,true
BranchAndBound,WeaklyCorrelated,20,1000,40,40,44346,0.044,1048576,1.000,1297,1297,0.000000,43,true
BranchAndBound,WeaklyCorrelated,20,1000,41,41,148601,0.149,1048576,1.000,1332,1332,0.000000,63,true
BranchAndBound,WeaklyCorrelated,20,1000,42,42,46249,0.046,1048576,1.000,1195,1195,0.000000,122,true
BranchAndBound,WeaklyCorrelated,20,1000,43,43,31586,0.032,1048576,1.000,1316,1316,0.000000,40,true
BranchAndBound,WeaklyCorrelated,20,1000,44,44,55792,0.056,1048576,1.000,1231,1231,0.000000,73,true
BranchAndBound,WeaklyCorrelated,20,1000,45,45,84835,0.085,1048576,1.000,1225,1225,0.000000,167,true
BranchAndBound,WeaklyCorrelated,20,1000,46,46,52524,0.053,1048576,1.000,1083,1083,0.000000,114,true
BranchAndBound,WeaklyCorrelated,20,1000,47,47,65326,0.065,1048576,1.000,1201,1201,0.000000,134,true
BranchAndBound,WeaklyCorrelated,20,1000,48,48,22414,0.022,1048576,1.000,1194,1194,0.000000,29,true
BranchAndBound,WeaklyCorrelated,20,1000,49,49,44990,0.045,1048576,1.000,1161,1161,0.000000,102,true
BranchAndBound,WeaklyCorrelated,20,1000,50,50,26398,0.026,1048576,1.000,1211,1211,0.000000,41,true
BranchAndBound,WeaklyCorrelated,20,1000,51,51,59760,0.060,1048576,1.000,1095,1095,0.000000,161,true
BranchAndBound,WeaklyCorrelated,20,1000,52,52,47762,0.048,1048576,1.000,1096,1096,0.000000,115,true
BranchAndBound,WeaklyCorrelated,20,1000,53,53,53987,0.054,893624,0.852,1052,1052,0.000000,132,true
BranchAndBound,WeaklyCorrelated,20,1000,54,54,23173,0.023,1048576,1.000,1318,1318,0.000000,23,true
BranchAndBound,WeaklyCorrelated,20,1000,55,55,62977,0.063,1048576,1.000,1112,1112,0.000000,135,true
BranchAndBound,WeaklyCorrelated,20,1000,56,56,19608,0.020,1048576,1.000,1315,1315,0.000000,34,true
BranchAndBound,WeaklyCorrelated,20,1000,57,57,55078,0.055,1048576,1.000,1332,1332,0.000000,116,true
BranchAndBound,WeaklyCorrelated,20,1000,58,58,23616,0.024,1048576,1.000,1262,1262,0.000000,29,true
BranchAndBound,WeaklyCorrelated,20,1000,59,59,47864,0.048,1048576,1.000,1144,1144,0.000000,52,true
BranchAndBound,StronglyCorrelated,20,1000,60,60,158022,0.158,1048576,1.000,1035,1035,0.000000,878,true
BranchAndBound,StronglyCorrelated,20,1000,61,61,58581,0.059,893624,0.852,1025,1025,0.000000,211,true
BranchAndBound,StronglyCorrelated,20,1000,62,62,74522,0.075,1048576,1.000,1045,1045,0.000000,355,true
BranchAndBound,StronglyCorrelated,20,1000,63,63,31523,0.032,1048576,1.000,1026,1026,0.000000,34,true
BranchAndBound,StronglyCorrelated,20,1000,64,64,125359,0.125,1048576,1.000,1025,1025,0.000000,245,true
BranchAndBound,StronglyCorrelated,20,1000,65,65,228560,0.229,893624,0.852,1023,1023,0.000000,697,true
BranchAndBound,StronglyCorrelated,20,1000,66,66,279123,0.279,1048576,1.000,1024,1024,0.000000,819,true
BranchAndBound,StronglyCorrelated,20,1000,67,67,48934,0.049,1048576,1.000,1049,1049,0.000000,59,true
BranchAndBound,StronglyCorrelated,20,1000,68,68,49663,0.050,1048576,1.000,1037,1037,0.000000,25,true
BranchAndBound,StronglyCorrelated,20,1000,69,69,60300,0.060,1048576,1.000,1027,1027,0.000000,142,true
BranchAndBound,StronglyCorrelated,20,1000,70,70,79453,0.079,1048576,1.000,1043,1043,0.000000,122,true
BranchAndBound,StronglyCorrelated,20,1000,71,71,138450,0.138,893624,0.852,1044,1044,0.000000,293,true
BranchAndBound,StronglyCorrelated,20,1000,72,72,85068,0.085,1048576,1.000,1043,1043,0.000000,162,true
BranchAndBound,StronglyCorrelated,20,1000,73,73,211840,0.212,1048576,1.000,1050,1050,0.000000,381,true
BranchAndBound,StronglyCorrelated,20,1000,74,74,381050,0.381,1048576,1.000,1028,1028,0.000000,814,true
BranchAndBound,StronglyCorrelated,20,1000,75,75,121567,0.122,893624,0.852,1032,1032,0.000000,99,true
BranchAndBound,StronglyCorrelated,20,1000,76,76,135782,0.136,1048576,1.000,1021,1021,0.000000,252,true
BranchAndBound,StronglyCorrelated,20,1000,77,77,180970,0.181,1048576,1.000,1024,1024,0.000000,429,true
BranchAndBound,StronglyCorrelated,20,1000,78,78,157577,0.158,1048576,1.000,1000,1000,0.000000,793,true
BranchAndBound,StronglyCorrelated,20,1000,79,79,114234,0.114,893624,0.852,1024,1024,0.000000,340,true
BranchAndBound,StronglyCorrelated,20,1000,80,80,188112,0.188,1048576,1.000,1027,1027,0.000000,369,true
BranchAndBound,StronglyCorrelated,20,1000,81,81,133172,0.133,893624,0.852,1028,1028,0.000000,548,true
BranchAndBound,StronglyCorrelated,20,1000,82,82,147196,0.147,1048576,1.000,1015,1015,0.000000,730,true
BranchAndBound,StronglyCorrelated,20,1000,83,83,71809,0.072,1048576,1.000,1031,1031,0.000000,235,true
BranchAndBound,StronglyCorrelated,20,1000,84,84,163599,0.164,1048576,1.000,1015,1015,0.000000,1003,true
BranchAndBound,StronglyCorrelated,20,1000,85,85,40238,0.040,893624,0.852,1033,1033,0.000000,65,true
BranchAndBound,StronglyCorrelated,20,1000,86,86,145856,0.146,1048576,1.000,1050,1050,0.000000,300,true
BranchAndBound,StronglyCorrelated,20,1000,87,87,114816,0.115,1048576,1.000,1029,1029,0.000000,297,true
BranchAndBound,StronglyCorrelated,20,1000,88,88,293177,0.293,1048576,1.000,1035,1035,0.000000,1032,true
BranchAndBound,StronglyCorrelated,20,1000,89,89,205503,0.206,738672,0.704,1026,1026,0.000000,708,true
BranchAndBound,InverseCorrelated,20,1000,90,90,71852,0.072,1048576,1.000,4018,4018,0.000000,24,true
BranchAndBound,InverseCorrelated,20,1000,91,91,81393,0.081,1048576,1.000,7153,7153,0.000000,39,true
BranchAndBound,InverseCorrelated,20,1000,92,92,57577,0.058,1048576,1.000,7083,7083,0.000000,35,true
BranchAndBound,InverseCorrelated,20,1000,93,93,73695,0.074,1048576,1.000,2339,2339,0.000000,47,true
BranchAndBound,InverseCorrelated,20,1000,94,94,57687,0.058,1048576,1.000,4124,4124,0.000000,30,true
BranchAndBound,InverseCorrelated,20,1000,95,95,42840,0.043,1048576,1.000,4258,4258,0.000000,36,true
BranchAndBound,InverseCorrelated,20,1000,96,96,77775,0.078,1048576,1.000,6238,6238,0.000000,53,true
BranchAndBound,InverseCorrelated,20,1000,97,97,52563,0.053,1048576,1.000,5244,5244,0.000000,66,true
BranchAndBound,InverseCorrelated,20,1000,98,98,71742,0.072,1048576,1.000,6160,6160,0.000000,26,true
BranchAndBound,InverseCorrelated,20,1000,99,99,71736,0.072,1048576,1.000,7131,7131,0.000000,31,true
BranchAndBound,InverseCorrelated,20,1000,100,100,74783,0.075,1048576,1.000,6164,6164,0.000000,77,true
BranchAndBound,InverseCorrelated,20,1000,101,101,42734,0.043,1048576,1.000,6022,6022,0.000000,26,true
BranchAndBound,InverseCorrelated,20,1000,102,102,39320,0.039,1048576,1.000,6045,6045,0.000000,26,true
BranchAndBound,InverseCorrelated,20,1000,103,103,37417,0.037,1048576,1.000,5085,5085,0.000000,35,true
BranchAndBound,InverseCorrelated,20,1000,104,104,44329,0.044,1048576,1.000,4311,4311,0.000000,35,true
BranchAndBound,InverseCorrelated,20,1000,105,105,46823,0.047,1048576,1.000,5129,5129,0.000000,141,true
BranchAndBound,InverseCorrelated,20,1000,106,106,37414,0.037,1048576,1.000,4361,4361,0.000000,76,true
BranchAndBound,InverseCorrelated,20,1000,107,107,34493,0.034,893560,0.852,6059,6059,0.000000,31,true
BranchAndBound,InverseCorrelated,20,1000,108,108,28029,0.028,1048576,1.000,2276,2276,0.000000,51,true
BranchAndBound,InverseCorrelated,20,1000,109,109,30812,0.031,1048576,1.000,5039,5039,0.000000,25,true
BranchAndBound,InverseCorrelated,20,1000,110,110,28026,0.028,1048576,1.000,3269,3269,0.000000,26,true
BranchAndBound,InverseCorrelated,20,1000,111,111,52411,0.052,1048576,1.000,5208,5208,0.000000,46,true
BranchAndBound,InverseCorrelated,20,1000,112,112,36721,0.037,1048576,1.000,4317,4317,0.000000,54,true
BranchAndBound,InverseCorrelated,20,1000,113,113,35451,0.035,1048576,1.000,5126,5126,0.000000,44,true
BranchAndBound,InverseCorrelated,20,1000,114,114,26925,0.027,1048576,1.000,4133,4133,0.000000,39,true
BranchAndBound,InverseCorrelated,20,1000,115,115,33607,0.034,1048576,1.000,4055,4055,0.000000,34,true
BranchAndBound,InverseCorrelated,20,1000,116,116,24935,0.025,1048576,1.000,4306,4306,0.000000,42,true
BranchAndBound,InverseCorrelated,20,1000,117,117,41156,0.041,1048576,1.000,3225,3225,0.000000,121,true
BranchAndBound,InverseCorrelated,20,1000,118,118,69207,0.069,1048576,1.000,7151,7151,0.000000,27,true
BranchAndBound,InverseCorrelated,20,1000,119,119,32665,0.033,1048576,1.000,5204,5204,0.000000,86,true
BranchAndBound,AlmostEqualRatios,20,1000,120,120,69656,0.070,1048576,1.000,1078,1078,0.000000,80,true
BranchAndBound,AlmostEqualRatios,20,1000,121,121,38792,0.039,1048576,1.000,1049,1049,0.000000,104,true
BranchAndBound,AlmostEqualRatios,20,1000,122,122,63820,0.064,1048576,1.000,1038,1038,0.000000,123,true
BranchAndBound,AlmostEqualRatios,20,1000,123,123,33470,0.033,1048576,1.000,1071,1071,0.000000,109,true
BranchAndBound,AlmostEqualRatios,20,1000,124,124,39516,0.040,1048576,1.000,1067,1067,0.000000,125,true
BranchAndBound,AlmostEqualRatios,20,1000,125,125,48922,0.049,893624,0.852,1057,1057,0.000000,89,true
BranchAndBound,AlmostEqualRatios,20,1000,126,126,98963,0.099,1048576,1.000,1021,1021,0.000000,222,true
BranchAndBound,AlmostEqualRatios,20,1000,127,127,72103,0.072,1048576,1.000,1047,1047,0.000000,176,true
BranchAndBound,AlmostEqualRatios,20,1000,128,128,33891,0.034,1048576,1.000,1081,1081,0.000000,66,true
BranchAndBound,AlmostEqualRatios,20,1000,129,129,81497,0.081,1048576,1.000,1065,1065,0.000000,283,true
BranchAndBound,AlmostEqualRatios,20,1000,130,130,63322,0.063,1048576,1.000,1058,1058,0.000000,28,true
BranchAndBound,AlmostEqualRatios,20,1000,131,131,39268,0.039,1048576,1.000,1071,1071,0.000000,110,true
BranchAndBound,AlmostEqualRatios,20,1000,132,132,35642,0.036,1048576,1.000,1077,1077,0.000000,125,true
BranchAndBound,AlmostEqualRatios,20,1000,133,133,107615,0.108,893544,0.852,1011,1011,0.000000,229,true
BranchAndBound,AlmostEqualRatios,20,1000,134,134,35694,0.036,1048576,1.000,1058,1058,0.000000,98,true
BranchAndBound,AlmostEqualRatios,20,1000,135,135,95905,0.096,1048576,1.000,1033,1033,0.000000,279,true
BranchAndBound,AlmostEqualRatios,20,1000,136,136,34235,0.034,1048576,1.000,1091,1091,0.000000,28,true
BranchAndBound,AlmostEqualRatios,20,1000,137,137,37572,0.038,1048576,1.000,1051,1051,0.000000,87,true
BranchAndBound,AlmostEqualRatios,20,1000,138,138,25091,0.025,1048576,1.000,1084,1084,0.000000,43,true
BranchAndBound,AlmostEqualRatios,20,1000,139,139,26246,0.026,1048576,1.000,1081,1081,0.000000,11,true
BranchAndBound,AlmostEqualRatios,20,1000,140,140,26147,0.026,1048576,1.000,1078,1078,0.000000,77,true
BranchAndBound,AlmostEqualRatios,20,1000,141,141,44029,0.044,1048576,1.000,1060,1060,0.000000,100,true
BranchAndBound,AlmostEqualRatios,20,1000,142,142,30073,0.030,1048576,1.000,1071,1071,0.000000,27,true
BranchAndBound,AlmostEqualRatios,20,1000,143,143,55453,0.055,1048576,1.000,1072,1072,0.000000,78,true
BranchAndBound,AlmostEqualRatios,20,1000,144,144,32555,0.033,1048576,1.000,1062,1062,0.000000,28,true
BranchAndBound,AlmostEqualRatios,20,1000,145,145,27023,0.027,1048576,1.000,1082,1082,0.000000,104,true
BranchAndBound,AlmostEqualRatios,20,1000,146,146,28826,0.029,1048576,1.000,1081,1081,0.000000,45,true
BranchAndBound,AlmostEqualRatios,20,1000,147,147,81721,0.082,893624,0.852,1076,1076,0.000000,128,true
BranchAndBound,AlmostEqualRatios,20,1000,148,148,32765,0.033,1048576,1.000,1063,1063,0.000000,168,true
BranchAndBound,AlmostEqualRatios,20,1000,149,149,60051,0.060,1048576,1.000,1059,1059,0.000000,150,true
BranchAndBound,Uncorrelated,50,1000,150,150,1239317,1.239,0,0.000,4320,4320,0.000000,76,true
BranchAndBound,Uncorrelated,50,1000,151,151,49516,0.050,920792,0.878,4174,4174,0.000000,55,true
BranchAndBound,Uncorrelated,50,1000,152,152,62786,0.063,1048576,1.000,6216,6216,0.000000,139,true
BranchAndBound,Uncorrelated,50,1000,153,153,91609,0.092,1048576,1.000,6107,6107,0.000000,58,true
BranchAndBound,Uncorrelated,50,1000,154,154,74853,0.075,1048576,1.000,4231,4231,0.000000,63,true
BranchAndBound,Uncorrelated,50,1000,155,155,77155,0.077,1048576,1.000,4223,4223,0.000000,55,true
BranchAndBound,Uncorrelated,50,1000,156,156,92261,0.092,1048576,1.000,6709,6709,0.000000,62,true
BranchAndBound,Uncorrelated,50,1000,157,157,74092,0.074,1048576,1.000,5476,5476,0.000000,56,true
BranchAndBound,Uncorrelated,50,1000,158,158,63355,0.063,1048576,1.000,3991,3991,0.000000,69,true
BranchAndBound,Uncorrelated,50,1000,159,159,79445,0.079,1048576,1.000,6932,6932,0.000000,69,true
BranchAndBound,Uncorrelated,50,1000,160,160,70391,0.070,1048576,1.000,7142,7142,0.000000,58,true
BranchAndBound,Uncorrelated,50,1000,161,161,68343,0.068,920992,0.878,7495,7495,0.000000,153,true
BranchAndBound,Uncorrelated,50,1000,162,162,97894,0.098,1048576,1.000,5776,5776,0.000000,59,true
BranchAndBound,Uncorrelated,50,1000,163,163,41978,0.042,1048576,1.000,7252,7252,0.000000,76,true
BranchAndBound,Uncorrelated,50,1000,164,164,45102,0.045,1048576,1.000,3721,3721,0.000000,107,true
BranchAndBound,Uncorrelated,50,1000,165,165,34822,0.035,1048576,1.000,3691,3691,0.000000,60,true
BranchAndBound,Uncorrelated,50,1000,166,166,99270,0.099,1048576,1.000,5096,5096,0.000000,95,true
BranchAndBound,Uncorrelated,50,1000,167,167,72629,0.073,1048576,1.000,7505,7505,0.000000,82,true
BranchAndBound,Uncorrelated,50,1000,168,168,100264,0.100,1048576,1.000,5657,5657,0.000000,232,true
BranchAndBound,Uncorrelated,50,1000,169,169,87952,0.088,1048576,1.000,4321,4321,0.000000,79,true
BranchAndBound,Uncorrelated,50,1000,170,170,65576,0.066,1048576,1.000,3918,3918,0.000000,60,true
BranchAndBound,Uncorrelated,50,1000,171,171,77651,0.078,920808,0.878,5104,5104,0.000000,63,true
BranchAndBound,Uncorrelated,50,1000,172,172,75228,0.075,1048576,1.000,6966,6966,0.000000,67,true
BranchAndBound,Uncorrelated,50,1000,173,173,61404,0.061,1048576,1.000,4000,4000,0.000000,116,true
BranchAndBound,Uncorrelated,50,1000,174,174,62286,0.062,1048576,1.000,6012,6012,0.000000,69,true
BranchAndBound,Uncorrelated,50,1000,175,175,86700,0.087,1048576,1.000,4078,4078,0.000000,284,true
BranchAndBound,Uncorrelated,50,1000,176,176,71439,0.071,1048576,1.000,5083,5083,0.000000,61,true
BranchAndBound,Uncorrelated,50,1000,177,177,67152,0.067,1048576,1.000,7292,7292,0.000000,77,true
BranchAndBound,Uncorrelated,50,1000,178,178,72695,0.073,1048576,1.000,6810,6810,0.000000,109,true
BranchAndBound,Uncorrelated,50,1000,179,179,48571,0.049,920992,0.878,6655,6655,0.000000,79,true
BranchAndBound,WeaklyCorrelated,50,1000,180,180,63061,0.063,1048576,1.000,1428,1428,0.000000,105,true
BranchAndBound,WeaklyCorrelated,50,1000,181,181,66081,0.066,1048576,1.000,1293,1293,0.000000,110,true
BranchAndBound,WeaklyCorrelated,50,1000,182,182,58559,0.059,1048576,1.000,1405,1405,0.000000,47,true
BranchAndBound,WeaklyCorrelated,50,1000,183,183,49827,0.050,1048576,1.000,1647,1647,0.000000,107,true
BranchAndBound,WeaklyCorrelated,50,1000,184,184,82182,0.082,1048576,1.000,1576,1576,0.000000,246,true
BranchAndBound,WeaklyCorrelated,50,1000,185,185,106527,0.107,920944,0.878,1394,1394,0.000000,402,true
BranchAndBound,WeaklyCorrelated,50,1000,186,186,68355,0.068,1048576,1.000,1437,1437,0.000000,173,true
BranchAndBound,WeaklyCorrelated,50,1000,187,187,59030,0.059,1048576,1.000,1306,1306,0.000000,88,true
BranchAndBound,WeaklyCorrelated,50,1000,188,188,60773,0.061,1048576,1.000,1303,1303,0.000000,168,true
BranchAndBound,WeaklyCorrelated,50,1000,189,189,48905,0.049,1048576,1.000,1407,1407,0.000000,55,true
BranchAndBound,WeaklyCorrelated,50,1000,190,190,61179,0.061,1048576,1.000,1452,1452,0.000000,207,true
BranchAndBound,WeaklyCorrelated,50,1000,191,191,80774,0.081,1048576,1.000,1389,1389,0.000000,139,true
BranchAndBound,WeaklyCorrelated,50,1000,192,192,146260,0.146,1048576,1.000,1338,1338,0.000000,349,true
BranchAndBound,WeaklyCorrelated,50,1000,193,193,103722,0.104,920992,0.878,1374,1374,0.000000,269,true
BranchAndBound,WeaklyCorrelated,50,1000,194,194,74268,0.074,1048576,1.000,1427,1427,0.000000,213,true
BranchAndBound,WeaklyCorrelated,50,1000,195,195,59123,0.059,1048576,1.000,1446,1446,0.000000,80,true
BranchAndBound,WeaklyCorrelated,50,1000,196,196,51797,0.052,1048576,1.000,1256,1256,0.000000,71,true
BranchAndBound,WeaklyCorrelated,50,1000,197,197,195908,0.196,920992,0.878,1275,1275,0.000000,846,true
BranchAndBound,WeaklyCorrelated,50,1000,198,198,68400,0.068,1048576,1.000,1405,1405,0.000000,65,true
BranchAndBound,WeaklyCorrelated,50,1000,199,199,87533,0.088,1048576,1.000,1262,1262,0.000000,190,true
BranchAndBound,WeaklyCorrelated,50,1000,200,200,70820,0.071,1048576,1.000,1615,1615,0.000000,60,true
BranchAndBound,WeaklyCorrelated,50,1000,201,201,68597,0.069,920992,0.878,1509,1509,0.000000,103,true
BranchAndBound,WeaklyCorrelated,50,1000,202,202,78197,0.078,1048576,1.000,1489,1489,0.000000,70,true
BranchAndBound,WeaklyCorrelated,50,1000,203,203,121565,0.122,1048576,1.000,1371,1371,0.000000,451,true
BranchAndBound,WeaklyCorrelated,50,1000,204,204,106893,0.107,1048576,1.000,1364,1364,0.000000,94,true
BranchAndBound,WeaklyCorrelated,50,1000,205,205,80773,0.081,1048576,1.000,1563,1563,0.000000,89,true
BranchAndBound,WeaklyCorrelated,50,1000,206,206,64789,0.065,1048576,1.000,1466,1466,0.000000,69,true
BranchAndBound,WeaklyCorrelated,50,1000,207,207,113891,0.114,920992,0.878,1284,1284,0.000000,400,true
BranchAndBound,WeaklyCorrelated,50,1000,208,208,70433,0.070,1048576,1.000,1421,1421,0.000000,14,true
BranchAndBound,WeaklyCorrelated,50,1000,209,209,61876,0.062,1048576,1.000,1244,1244,0.000000,118,true
BranchAndBound,StronglyCorrelated,50,1000,210,210,1118130,1.118,1048576,1.000,1064,1064,0.000000,5559,true
BranchAndBound,StronglyCorrelated,50,1000,211,211,54507,0.055,537848,0.513,1054,1054,0.000000,129,true
BranchAndBound,StronglyCorrelated,50,1000,212,212,94976,0.095,1048576,1.000,1062,1062,0.000000,620,true
BranchAndBound,StronglyCorrelated,50,1000,213,213,244647,0.245,793408,0.757,1051,1051,0.000000,1316,true
BranchAndBound,StronglyCorrelated,50,1000,214,214,247746,0.248,1048576,1.000,1059,1059,0.000000,1222,true
BranchAndBound,StronglyCorrelated,50,1000,215,215,474746,0.475,665824,0.635,1048,1048,0.000000,2782,true
BranchAndBound,StronglyCorrelated,50,1000,216,216,110686,0.111,1048576,1.000,1048,1048,0.000000,500,true
BranchAndBound,StronglyCorrelated,50,1000,217,217,119156,0.119,920992,0.878,1069,1069,0.000000,524,true
BranchAndBound,StronglyCorrelated,50,1000,218,218,195903,0.196,1048576,1.000,1035,1035,0.000000,1171,true
BranchAndBound,StronglyCorrelated,50,1000,219,219,78338,0.078,920992,0.878,1062,1062,0.000000,178,true
BranchAndBound,StronglyCorrelated,50,1000,220,220,175900,0.176,1048576,1.000,1063,1063,0.000000,913,true
BranchAndBound,StronglyCorrelated,50,1000,221,221,241784,0.242,793408,0.757,1061,1061,0.000000,1397,true
BranchAndBound,StronglyCorrelated,50,1000,222,222,595857,0.596,1048576,1.000,1053,1053,0.000000,4046,true
BranchAndBound,StronglyCorrelated,50,1000,223,223,111421,0.111,537640,0.513,1085,1085,0.000000,724,true
BranchAndBound,StronglyCorrelated,50,1000,224,224,52308,0.052,1048576,1.000,1054,1054,0.000000,215,true
BranchAndBound,StronglyCorrelated,50,1000,225,225,43309,0.043,1048576,1.000,1053,1053,0.000000,305,true
BranchAndBound,StronglyCorrelated,50,1000,226,226,133673,0.134,1048576,1.000,1049,1049,0.000000,1397,true
BranchAndBound,StronglyCorrelated,50,1000,227,227,223606,0.224,793408,0.757,1074,1074,0.000000,1406,true
BranchAndBound,StronglyCorrelated,50,1000,228,228,120153,0.120,1048576,1.000,1061,1061,0.000000,893,true
BranchAndBound,StronglyCorrelated,50,1000,229,229,192341,0.192,793408,0.757,1047,1047,0.000000,1692,true
BranchAndBound,StronglyCorrelated,50,1000,230,230,19259,0.019,1048576,1.000,1062,1062,0.000000,98,true
BranchAndBound,StronglyCorrelated,50,1000,231,231,103762,0.104,920992,0.878,1044,1044,0.000000,947,true
BranchAndBound,StronglyCorrelated,50,1000,232,232,150211,0.150,1048576,1.000,1045,1045,0.000000,1268,true
BranchAndBound,StronglyCorrelated,50,1000,233,233,800291,0.800,283024,0.270,1038,1038,0.000000,5634,true
BranchAndBound,StronglyCorrelated,50,1000,234,234,68820,0.069,1048576,1.000,1062,1062,0.000000,373,true
BranchAndBound,StronglyCorrelated,50,1000,235,235,165620,0.166,920992,0.878,1044,1044,0.000000,1057,true
BranchAndBound,StronglyCorrelated,50,1000,236,236,133118,0.133,1048576,1.000,1056,1056,0.000000,868,true
BranchAndBound,StronglyCorrelated,50,1000,237,237,50025,0.050,920944,0.878,1036,1036,0.000000,114,true
BranchAndBound,StronglyCorrelated,50,1000,238,238,110359,0.110,1048576,1.000,1066,1066,0.000000,827,true
BranchAndBound,StronglyCorrelated,50,1000,239,239,68935,0.069,920992,0.878,1033,1033,0.000000,425,true
BranchAndBound,InverseCorrelated,50,1000,240,240,82924,0.083,1048576,1.000,10142,10142,0.000000,165,true
BranchAndBound,InverseCorrelated,50,1000,241,241,58923,0.059,1048576,1.000,8094,8094,0.000000,396,true
BranchAndBound,InverseCorrelated,50,1000,242,242,33731,0.034,1048576,1.000,9033,9033,0.000000,59,true
BranchAndBound,InverseCorrelated,50,1000,243,243,39119,0.039,1048576,1.000,9125,9125,0.000000,364,true
BranchAndBound,InverseCorrelated,50,1000,244,244,43218,0.043,1048576,1.000,12044,12044,0.000000,62,true
BranchAndBound,InverseCorrelated,50,1000,245,245,119186,0.119,920992,0.878,7141,7141,0.000000,794,true
BranchAndBound,InverseCorrelated,50,1000,246,246,22503,0.023,1048576,1.000,9084,9084,0.000000,100,true
BranchAndBound,InverseCorrelated,50,1000,247,247,22614,0.023,1048576,1.000,8155,8155,0.000000,166,true
BranchAndBound,InverseCorrelated,50,1000,248,248,56628,0.057,1048576,1.000,10116,10116,0.000000,135,true
BranchAndBound,InverseCorrelated,50,1000,249,249,91819,0.092,920992,0.878,6130,6130,0.000000,525,true
BranchAndBound,InverseCorrelated,50,1000,250,250,97071,0.097,1048576,1.000,7093,7093,0.000000,420,true
BranchAndBound,InverseCorrelated,50,1000,251,251,58826,0.059,920992,0.878,10102,10102,0.000000,430,true
BranchAndBound,InverseCorrelated,50,1000,252,252,32235,0.032,1048576,1.000,8117,8117,0.000000,216,true
BranchAndBound,InverseCorrelated,50,1000,253,253,103936,0.104,1048576,1.000,7174,7174,0.000000,549,true
BranchAndBound,InverseCorrelated,50,1000,254,254,39289,0.039,1048576,1.000,11139,11139,0.000000,233,true
BranchAndBound,InverseCorrelated,50,1000,255,255,65967,0.066,920992,0.878,11085,11085,0.000000,122,true
BranchAndBound,InverseCorrelated,50,1000,256,256,95906,0.096,1048576,1.000,11163,11163,0.000000,356,true
BranchAndBound,InverseCorrelated,50,1000,257,257,52920,0.053,1048576,1.000,5066,5066,0.000000,116,true
BranchAndBound,InverseCorrelated,50,1000,258,258,59840,0.060,1048576,1.000,9058,9058,0.000000,59,true
BranchAndBound,InverseCorrelated,50,1000,259,259,71304,0.071,920992,0.878,8178,8178,0.000000,432,true
BranchAndBound,InverseCorrelated,50,1000,260,260,39070,0.039,1048576,1.000,11054,11054,0.000000,225,true
BranchAndBound,InverseCorrelated,50,1000,261,261,195491,0.195,920992,0.878,6166,6166,0.000000,950,true
BranchAndBound,InverseCorrelated,50,1000,262,262,67374,0.067,1048576,1.000,10026,10026,0.000000,93,true
BranchAndBound,InverseCorrelated,50,1000,263,263,68920,0.069,1048576,1.000,6044,6044,0.000000,168,true
BranchAndBound,InverseCorrelated,50,1000,264,264,892501,0.893,1048576,1.000,7164,7164,0.000000,2429,true
BranchAndBound,InverseCorrelated,50,1000,265,265,59727,0.060,793408,0.757,9105,9105,0.000000,290,true
BranchAndBound,InverseCorrelated,50,1000,266,266,578012,0.578,1048576,1.000,4178,4178,0.000000,2447,true
BranchAndBound,InverseCorrelated,50,1000,267,267,463131,0.463,665824,0.635,9193,9193,0.000000,1298,true
BranchAndBound,InverseCorrelated,50,1000,268,268,126831,0.127,1048576,1.000,8182,8182,0.000000,633,true
BranchAndBound,InverseCorrelated,50,1000,269,269,24381,0.024,920992,0.878,9017,9017,0.000000,59,true
BranchAndBound,AlmostEqualRatios,50,1000,270,270,41322,0.041,1048576,1.000,1075,1075,0.000000,199,true
BranchAndBound,AlmostEqualRatios,50,1000,271,271,202799,0.203,1048576,1.000,1083,1083,0.000000,568,true
BranchAndBound,AlmostEqualRatios,50,1000,272,272,105051,0.105,1048576,1.000,1078,1078,0.000000,301,true
BranchAndBound,AlmostEqualRatios,50,1000,273,273,87628,0.088,920992,0.878,1088,1088,0.000000,180,true
BranchAndBound,AlmostEqualRatios,50,1000,274,274,23385,0.023,1048576,1.000,1088,1088,0.000000,70,true
BranchAndBound,AlmostEqualRatios,50,1000,275,275,127908,0.128,1048576,1.000,1076,1076,0.000000,551,true
BranchAndBound,AlmostEqualRatios,50,1000,276,276,98071,0.098,1048576,1.000,1082,1082,0.000000,272,true
BranchAndBound,AlmostEqualRatios,50,1000,277,277,110145,0.110,920992,0.878,1076,1076,0.000000,309,true
BranchAndBound,AlmostEqualRatios,50,1000,278,278,25736,0.026,1048576,1.000,1090,1090,0.000000,112,true
BranchAndBound,AlmostEqualRatios,50,1000,279,279,62126,0.062,1048576,1.000,1080,1080,0.000000,249,true
BranchAndBound,AlmostEqualRatios,50,1000,280,280,112997,0.113,1048576,1.000,1093,1093,0.000000,70,true
BranchAndBound,AlmostEqualRatios,50,1000,281,281,61967,0.062,1048576,1.000,1082,1082,0.000000,110,true
BranchAndBound,AlmostEqualRatios,50,1000,282,282,70269,0.070,1048576,1.000,1094,1094,0.000000,248,true
BranchAndBound,AlmostEqualRatios,50,1000,283,283,150551,0.151,920984,0.878,1088,1088,0.000000,560,true
BranchAndBound,AlmostEqualRatios,50,1000,284,284,116179,0.116,1048576,1.000,1090,1090,0.000000,361,true
BranchAndBound,AlmostEqualRatios,50,1000,285,285,120910,0.121,920992,0.878,1081,1081,0.000000,441,true
BranchAndBound,AlmostEqualRatios,50,1000,286,286,46733,0.047,1048576,1.000,1085,1085,0.000000,101,true
BranchAndBound,AlmostEqualRatios,50,1000,287,287,172305,0.172,920992,0.878,1076,1076,0.000000,1181,true
BranchAndBound,AlmostEqualRatios,50,1000,288,288,74174,0.074,1048576,1.000,1090,1090,0.000000,53,true
BranchAndBound,AlmostEqualRatios,50,1000,289,289,159497,0.159,1048576,1.000,1078,1078,0.000000,557,true
BranchAndBound,AlmostEqualRatios,50,1000,290,290,232767,0.233,1048576,1.000,1084,1084,0.000000,1306,true
BranchAndBound,AlmostEqualRatios,50,1000,291,291,45418,0.045,793408,0.757,1085,1085,0.000000,181,true
BranchAndBound,AlmostEqualRatios,50,1000,292,292,46269,0.046,1048576,1.000,1086,1086,0.000000,431,true
BranchAndBound,AlmostEqualRatios,50,1000,293,293,33463,0.033,1048576,1.000,1087,1087,0.000000,360,true
BranchAndBound,AlmostEqualRatios,50,1000,294,294,24262,0.024,1048576,1.000,1091,1091,0.000000,219,true
BranchAndBound,AlmostEqualRatios,50,1000,295,295,59355,0.059,920992,0.878,1080,1080,0.000000,104,true
BranchAndBound,AlmostEqualRatios,50,1000,296,296,30392,0.030,1048576,1.000,1091,1091,0.000000,75,true
BranchAndBound,AlmostEqualRatios,50,1000,297,297,35102,0.035,1048576,1.000,1091,1091,0.000000,39,true
BranchAndBound,AlmostEqualRatios,50,1000,298,298,80267,0.080,1048576,1.000,1083,1083,0.000000,231,true
BranchAndBound,AlmostEqualRatios,50,1000,299,299,62348,0.062,920992,0.878,1080,1080,0.000000,660,true
BranchAndBound,Uncorrelated,100,1000,300,300,55761,0.056,1048576,1.000,7462,7462,0.000000,195,true
BranchAndBound,Uncorrelated,100,1000,301,301,54995,0.055,1048576,1.000,7624,7624,0.000000,125,true
BranchAndBound,Uncorrelated,100,1000,302,302,42051,0.042,1048576,1.000,7731,7731,0.000000,136,true
BranchAndBound,Uncorrelated,100,1000,303,303,47469,0.047,1048576,1.000,6831,6831,0.000000,139,true
BranchAndBound,Uncorrelated,100,1000,304,304,50272,0.050,1048576,1.000,9136,9136,0.000000,206,true
BranchAndBound,Uncorrelated,100,1000,305,305,54483,0.054,920608,0.878,6238,6238,0.000000,183,true
BranchAndBound,Uncorrelated,100,1000,306,306,48605,0.049,1048576,1.000,8086,8086,0.000000,75,true
BranchAndBound,Uncorrelated,100,1000,307,307,43683,0.044,1048576,1.000,7538,7538,0.000000,176,true
BranchAndBound,Uncorrelated,100,1000,308,308,99714,0.100,1048576,1.000,9867,9867,0.000000,192,true
BranchAndBound,Uncorrelated,100,1000,309,309,83883,0.084,1048576,1.000,7461,7461,0.000000,122,true
BranchAndBound,Uncorrelated,100,1000,310,310,97951,0.098,1048576,1.000,8260,8260,0.000000,138,true
BranchAndBound,Uncorrelated,100,1000,311,311,75642,0.076,920992,0.878,7611,7611,0.000000,112,true
BranchAndBound,Uncorrelated,100,1000,312,312,106308,0.106,1048576,1.000,9293,9293,0.000000,190,true
BranchAndBound,Uncorrelated,100,1000,313,313,85931,0.086,1048576,1.000,9249,9249,0.000000,135,true
BranchAndBound,Uncorrelated,100,1000,314,314,95128,0.095,1048576,1.000,6482,6482,0.000000,126,true
BranchAndBound,Uncorrelated,100,1000,315,315,71674,0.072,1048576,1.000,10000,10000,0.000000,125,true
BranchAndBound,Uncorrelated,100,1000,316,316,88868,0.089,1048576,1.000,8464,8464,0.000000,165,true
BranchAndBound,Uncorrelated,100,1000,317,317,86731,0.087,920992,0.878,10708,10708,0.000000,119,true
BranchAndBound,Uncorrelated,100,1000,318,318,85199,0.085,1048576,1.000,7415,7415,0.000000,161,true
BranchAndBound,Uncorrelated,100,1000,319,319,40957,0.041,1048576,1.000,10226,10226,0.000000,187,true
BranchAndBound,Uncorrelated,100,1000,320,320,80004,0.080,1048576,1.000,5394,5394,0.000000,138,true
BranchAndBound,Uncorrelated,100,1000,321,321,209487,0.209,1048576,1.000,6214,6214,0.000000,299,true
BranchAndBound,Uncorrelated,100,1000,322,322,92249,0.092,1048576,1.000,7527,7527,0.000000,389,true
BranchAndBound,Uncorrelated,100,1000,323,323,69992,0.070,920944,0.878,8044,8044,0.000000,256,true
BranchAndBound,Uncorrelated,100,1000,324,324,55895,0.056,1048576,1.000,8590,8590,0.000000,202,true
BranchAndBound,Uncorrelated,100,1000,325,325,86390,0.086,1048576,1.000,7030,7030,0.000000,124,true
BranchAndBound,Uncorrelated,100,1000,326,326,82635,0.083,1048576,1.000,7267,7267,0.000000,116,true
BranchAndBound,Uncorrelated,100,1000,327,327,64880,0.065,920992,0.878,7481,7481,0.000000,140,true
BranchAndBound,Uncorrelated,100,1000,328,328,97877,0.098,1048576,1.000,8456,8456,0.000000,173,true
BranchAndBound,Uncorrelated,100,1000,329,329,76953,0.077,1048576,1.000,7742,7742,0.000000,113,true
BranchAndBound,WeaklyCorrelated,100,1000,330,330,123592,0.124,1048576,1.000,1752,1752,0.000000,370,true
BranchAndBound,WeaklyCorrelated,100,1000,331,331,113082,0.113,920992,0.878,1724,1724,0.000000,276,true
BranchAndBound,WeaklyCorrelated,100,1000,332,332,96261,0.096,1048576,1.000,1370,1370,0.000000,360,true
BranchAndBound,WeaklyCorrelated,100,1000,333,333,114319,0.114,1048576,1.000,1572,1572,0.000000,201,true
BranchAndBound,WeaklyCorrelated,100,1000,334,334,89079,0.089,1048576,1.000,1789,1789,0.000000,222,true
BranchAndBound,WeaklyCorrelated,100,1000,335,335,135301,0.135,920992,0.878,1638,1638,0.000000,738,true
BranchAndBound,WeaklyCorrelated,100,1000,336,336,182293,0.182,1048576,1.000,1726,1726,0.000000,1007,true
BranchAndBound,WeaklyCorrelated,100,1000,337,337,81655,0.082,920992,0.878,1516,1516,0.000000,108,true
BranchAndBound,WeaklyCorrelated,100,1000,338,338,71519,0.072,1048576,1.000,1449,1449,0.000000,158,true
BranchAndBound,WeaklyCorrelated,100,1000,339,339,65178,0.065,1048576,1.000,1553,1553,0.000000,67,true
BranchAndBound,WeaklyCorrelated,100,1000,340,340,85035,0.085,1048576,1.000,1519,1519,0.000000,177,true
BranchAndBound,WeaklyCorrelated,100,1000,341,341,143823,0.144,920992,0.878,1570,1570,0.000000,714,true
BranchAndBound,WeaklyCorrelated,100,1000,342,342,87595,0.088,1048576,1.000,1539,1539,0.000000,117,true
BranchAndBound,WeaklyCorrelated,100,1000,343,343,52205,0.052,1048576,1.000,1495,1495,0.000000,134,true
BranchAndBound,WeaklyCorrelated,100,1000,344,344,65544,0.066,1048576,1.000,1515,1515,0.000000,138,true
BranchAndBound,WeaklyCorrelated,100,1000,345,345,55688,0.056,921000,0.878,1586,1586,0.000000,109,true
BranchAndBound,WeaklyCorrelated,100,1000,346,346,74177,0.074,1048576,1.000,1536,1536,0.000000,421,true
BranchAndBound,WeaklyCorrelated,100,1000,347,347,81499,0.081,1048576,1.000,1599,1599,0.000000,400,true
BranchAndBound,WeaklyCorrelated,100,1000,348,348,119101,0.119,1048576,1.000,1383,1383,0.000000,227,true
BranchAndBound,WeaklyCorrelated,100,1000,349,349,148098,0.148,920992,0.878,1381,1381,0.000000,524,true
BranchAndBound,WeaklyCorrelated,100,1000,350,350,77295,0.077,1048576,1.000,1602,1602,0.000000,108,true
BranchAndBound,WeaklyCorrelated,100,1000,351,351,84053,0.084,1048576,1.000,1489,1489,0.000000,114,true
BranchAndBound,WeaklyCorrelated,100,1000,352,352,55510,0.056,1048576,1.000,1785,1785,0.000000,24,true
BranchAndBound,WeaklyCorrelated,100,1000,353,353,146018,0.146,920992,0.878,1689,1689,0.000000,570,true
BranchAndBound,WeaklyCorrelated,100,1000,354,354,183428,0.183,1048576,1.000,1297,1297,0.000000,870,true
BranchAndBound,WeaklyCorrelated,100,1000,355,355,60774,0.061,920992,0.878,1709,1709,0.000000,30,true
BranchAndBound,WeaklyCorrelated,100,1000,356,356,289291,0.289,1048576,1.000,1407,1407,0.000000,644,true
BranchAndBound,WeaklyCorrelated,100,1000,357,357,100379,0.100,1048576,1.000,1724,1724,0.000000,363,true
BranchAndBound,WeaklyCorrelated,100,1000,358,358,112828,0.113,1048576,1.000,1465,1465,0.000000,390,true
BranchAndBound,WeaklyCorrelated,100,1000,359,359,419020,0.419,793408,0.757,1330,1330,0.000000,1276,true
BranchAndBound,StronglyCorrelated,100,1000,360,360,116553,0.117,1048576,1.000,1081,1081,0.000000,685,true
BranchAndBound,StronglyCorrelated,100,1000,361,361,519112,0.519,793408,0.757,1093,1093,0.000000,2544,true
BranchAndBound,StronglyCorrelated,100,1000,362,362,285462,0.285,1048576,1.000,1068,1068,0.000000,832,true
BranchAndBound,StronglyCorrelated,100,1000,363,363,187025,0.187,742960,0.709,1079,1079,0.000000,1104,true
BranchAndBound,StronglyCorrelated,100,1000,364,364,384316,0.384,1048576,1.000,1080,1080,0.000000,2578,true
BranchAndBound,StronglyCorrelated,100,1000,365,365,322052,0.322,590200,0.563,1091,1091,0.000000,1941,true
BranchAndBound,StronglyCorrelated,100,1000,366,366,159021,0.159,1048576,1.000,1102,1102,0.000000,592,true
BranchAndBound,StronglyCorrelated,100,1000,367,367,143530,0.144,895784,0.854,1078,1078,0.000000,784,true
BranchAndBound,StronglyCorrelated,100,1000,368,368,76088,0.076,1048576,1.000,1113,1113,0.000000,179,true
BranchAndBound,StronglyCorrelated,100,1000,369,369,286329,0.286,895784,0.854,1093,1093,0.000000,2019,true
BranchAndBound,StronglyCorrelated,100,1000,370,370,949783,0.950,1048576,1.000,1066,1066,0.000000,8451,true
BranchAndBound,StronglyCorrelated,100,1000,371,371,83961,0.084,131824,0.126,1080,1080,0.000000,668,true
BranchAndBound,StronglyCorrelated,100,1000,372,372,88352,0.088,1048576,1.000,1070,1070,0.000000,401,true
BranchAndBound,StronglyCorrelated,100,1000,373,373,296976,0.297,742992,0.709,1069,1069,0.000000,2254,true
BranchAndBound,StronglyCorrelated,100,1000,374,374,273802,0.274,1048576,1.000,1081,1081,0.000000,803,true
BranchAndBound,StronglyCorrelated,100,1000,375,375,109899,0.110,895784,0.854,1091,1091,0.000000,480,true
BranchAndBound,StronglyCorrelated,100,1000,376,376,687073,0.687,1048576,1.000,1081,1081,0.000000,6282,true
BranchAndBound,StronglyCorrelated,100,1000,377,377,623758,0.624,1048576,1.000,1054,1054,0.000000,4704,true
BranchAndBound,StronglyCorrelated,100,1000,378,378,256115,0.256,895784,0.854,1101,1101,0.000000,1339,true
BranchAndBound,StronglyCorrelated,100,1000,379,379,830009,0.830,1048576,1.000,1072,1072,0.000000,3820,true
BranchAndBound,StronglyCorrelated,100,1000,380,380,150076,0.150,590200,0.563,1104,1104,0.000000,836,true
BranchAndBound,StronglyCorrelated,100,1000,381,381,398526,0.399,1048576,1.000,1081,1081,0.000000,2125,true
BranchAndBound,StronglyCorrelated,100,1000,382,382,170215,0.170,742992,0.709,1130,1130,0.000000,1102,true
BranchAndBound,StronglyCorrelated,100,1000,383,383,396586,0.397,1048576,1.000,1054,1054,0.000000,2504,true
BranchAndBound,StronglyCorrelated,100,1000,384,384,327709,0.328,437016,0.417,1072,1072,0.000000,3137,true
BranchAndBound,StronglyCorrelated,100,1000,385,385,103979,0.104,1048576,1.000,1079,1079,0.000000,794,true
BranchAndBound,StronglyCorrelated,100,1000,386,386,219021,0.219,895784,0.854,1087,1087,0.000000,1234,true
BranchAndBound,StronglyCorrelated,100,1000,387,387,196589,0.197,1048576,1.000,1075,1075,0.000000,1691,true
BranchAndBound,StronglyCorrelated,100,1000,388,388,72795,0.073,895784,0.854,1093,1093,0.000000,141,true
BranchAndBound,StronglyCorrelated,100,1000,389,389,158316,0.158,1048576,1.000,1086,1086,0.000000,839,true
BranchAndBound,InverseCorrelated,100,1000,390,390,895554,0.896,437408,0.417,12152,12152,0.000000,4580,true
BranchAndBound,InverseCorrelated,100,1000,391,391,345229,0.345,1048576,1.000,11093,11093,0.000000,1641,true
BranchAndBound,InverseCorrelated,100,1000,392,392,554196,0.554,590200,0.563,11156,11156,0.000000,3090,true
BranchAndBound,InverseCorrelated,100,1000,393,393,73592,0.074,1048576,1.000,15019,15019,0.000000,115,true
BranchAndBound,InverseCorrelated,100,1000,394,394,282585,0.283,895784,0.854,14091,14091,0.000000,1737,true
BranchAndBound,InverseCorrelated,100,1000,395,395,61943,0.062,1048576,1.000,10023,10023,0.000000,132,true
BranchAndBound,InverseCorrelated,100,1000,396,396,4412708,4.413,1048576,1.000,10139,10139,0.000000,31128,true
BranchAndBound,InverseCorrelated,100,1000,397,397,115939,0.116,1048576,1.000,12087,12087,0.000000,727,true
BranchAndBound,InverseCorrelated,100,1000,398,398,1261002,1.261,1048576,1.000,13155,13155,0.000000,7760,true
BranchAndBound,InverseCorrelated,100,1000,399,399,167125,0.167,131824,0.126,18151,18151,0.000000,1003,true
BranchAndBound,InverseCorrelated,100,1000,400,400,379644,0.380,1048576,1.000,14112,14112,0.000000,2395,true
BranchAndBound,InverseCorrelated,100,1000,401,401,75165,0.075,742992,0.709,14076,14076,0.000000,294,true
BranchAndBound,InverseCorrelated,100,1000,402,402,60533,0.061,1048576,1.000,14031,14031,0.000000,114,true
BranchAndBound,InverseCorrelated,100,1000,403,403,194923,0.195,895784,0.854,12134,12134,0.000000,1282,true
BranchAndBound,InverseCorrelated,100,1000,404,404,59423,0.059,1048576,1.000,12036,12036,0.000000,441,true
BranchAndBound,InverseCorrelated,100,1000,405,405,23499,0.023,1048576,1.000,11017,11017,0.000000,111,true
BranchAndBound,InverseCorrelated,100,1000,406,406,365623,0.366,1048576,1.000,10110,10110,0.000000,2218,true
BranchAndBound,InverseCorrelated,100,1000,407,407,27742,0.028,742992,0.709,11017,11017,0.000000,111,true
BranchAndBound,InverseCorrelated,100,1000,408,408,33990,0.034,1048576,1.000,11022,11022,0.000000,213,true
BranchAndBound,InverseCorrelated,100,1000,409,409,26519,0.027,1048576,1.000,17040,17040,0.000000,117,true
BranchAndBound,InverseCorrelated,100,1000,410,410,83999,0.084,1048576,1.000,14035,14035,0.000000,389,true
BranchAndBound,InverseCorrelated,100,1000,411,411,73461,0.073,895784,0.854,9017,9017,0.000000,182,true
BranchAndBound,InverseCorrelated,100,1000,412,412,255892,0.256,1048576,1.000,14096,14096,0.000000,2145,true
BranchAndBound,InverseCorrelated,100,1000,413,413,57515,0.058,895784,0.854,14076,14076,0.000000,538,true
BranchAndBound,InverseCorrelated,100,1000,414,414,53720,0.054,1048576,1.000,13060,13060,0.000000,304,true
BranchAndBound,InverseCorrelated,100,1000,415,415,183466,0.183,895704,0.854,11174,11174,0.000000,1039,true
BranchAndBound,InverseCorrelated,100,1000,416,416,127346,0.127,1048576,1.000,12146,12146,0.000000,562,true
BranchAndBound,InverseCorrelated,100,1000,417,417,211542,0.212,742992,0.709,10052,10052,0.000000,1371,true
BranchAndBound,InverseCorrelated,100,1000,418,418,651554,0.652,1048576,1.000,13130,13130,0.000000,5803,true
BranchAndBound,InverseCorrelated,100,1000,419,419,44408,0.044,437408,0.417,14054,14054,0.000000,114,true
BranchAndBound,AlmostEqualRatios,100,1000,420,420,55159,0.055,1048576,1.000,1090,1090,0.000000,280,true
BranchAndBound,AlmostEqualRatios,100,1000,421,421,85770,0.086,1048576,1.000,1087,1087,0.000000,315,true
BranchAndBound,AlmostEqualRatios,100,1000,422,422,209806,0.210,1048576,1.000,1076,1076,0.000000,1650,true
BranchAndBound,AlmostEqualRatios,100,1000,423,423,110982,0.111,742992,0.709,1094,1094,0.000000,728,true
BranchAndBound,AlmostEqualRatios,100,1000,424,424,78423,0.078,1048576,1.000,1095,1095,0.000000,328,true
BranchAndBound,AlmostEqualRatios,100,1000,425,425,88026,0.088,1048576,1.000,1087,1087,0.000000,391,true
BranchAndBound,AlmostEqualRatios,100,1000,426,426,97603,0.098,1048576,1.000,1089,1089,0.000000,588,true
BranchAndBound,AlmostEqualRatios,100,1000,427,427,77099,0.077,895784,0.854,1091,1091,0.000000,190,true
BranchAndBound,AlmostEqualRatios,100,1000,428,428,68990,0.069,1048576,1.000,1097,1097,0.000000,168,true
BranchAndBound,AlmostEqualRatios,100,1000,429,429,77833,0.078,1048576,1.000,1088,1088,0.000000,143,true
BranchAndBound,AlmostEqualRatios,100,1000,430,430,182187,0.182,1048576,1.000,1091,1091,0.000000,1520,true
BranchAndBound,AlmostEqualRatios,100,1000,431,431,27417,0.027,895784,0.854,1091,1091,0.000000,113,true
BranchAndBound,AlmostEqualRatios,100,1000,432,432,313526,0.314,1048576,1.000,1080,1080,0.000000,3313,true
BranchAndBound,AlmostEqualRatios,100,1000,433,433,73192,0.073,742992,0.709,1096,1096,0.000000,125,true
BranchAndBound,AlmostEqualRatios,100,1000,434,434,35361,0.035,1048576,1.000,1090,1090,0.000000,395,true
BranchAndBound,AlmostEqualRatios,100,1000,435,435,63750,0.064,895784,0.854,1089,1089,0.000000,101,true
BranchAndBound,AlmostEqualRatios,100,1000,436,436,51668,0.052,1048576,1.000,1098,1098,0.000000,157,true
BranchAndBound,AlmostEqualRatios,100,1000,437,437,29828,0.030,1048576,1.000,1091,1091,0.000000,193,true
BranchAndBound,AlmostEqualRatios,100,1000,438,438,93778,0.094,1048576,1.000,1091,1091,0.000000,510,true
BranchAndBound,AlmostEqualRatios,100,1000,439,439,85901,0.086,895784,0.854,1085,1085,0.000000,543,true
BranchAndBound,AlmostEqualRatios,100,1000,440,440,128002,0.128,1048576,1.000,1087,1087,0.000000,1042,true
BranchAndBound,AlmostEqualRatios,100,1000,441,441,41957,0.042,895784,0.854,1090,1090,0.000000,121,true
BranchAndBound,AlmostEqualRatios,100,1000,442,442,112178,0.112,1048576,1.000,1087,1087,0.000000,645,true
BranchAndBound,AlmostEqualRatios,100,1000,443,443,62260,0.062,1048576,1.000,1098,1098,0.000000,99,true
BranchAndBound,AlmostEqualRatios,100,1000,444,444,85029,0.085,1048576,1.000,1084,1084,0.000000,738,true
BranchAndBound,AlmostEqualRatios,100,1000,445,445,96856,0.097,895784,0.854,1095,1095,0.000000,644,true
BranchAndBound,AlmostEqualRatios,100,1000,446,446,94369,0.094,1048576,1.000,1082,1082,0.000000,1453,true
BranchAndBound,AlmostEqualRatios,100,1000,447,447,79462,0.079,895784,0.854,1091,1091,0.000000,73,true
BranchAndBound,AlmostEqualRatios,100,1000,448,448,148486,0.148,1048576,1.000,1088,1088,0.000000,771,true
BranchAndBound,AlmostEqualRatios,100,1000,449,449,156031,0.156,742992,0.709,1087,1087,0.000000,1439,true
BranchAndBound,Uncorrelated,200,1000,450,450,116072,0.116,1048576,1.000,13595,13595,0.000000,77,true
BranchAndBound,Uncorrelated,200,1000,451,451,118625,0.119,1048576,1.000,10769,10769,0.000000,354,true
BranchAndBound,Uncorrelated,200,1000,452,452,83345,0.083,1048576,1.000,12294,12294,0.000000,237,true
BranchAndBound,Uncorrelated,200,1000,453,453,108161,0.108,895784,0.854,12571,12571,0.000000,285,true
BranchAndBound,Uncorrelated,200,1000,454,454,110588,0.111,1048576,1.000,12522,12522,0.000000,422,true
BranchAndBound,Uncorrelated,200,1000,455,455,100528,0.101,1048576,1.000,11250,11250,0.000000,217,true
BranchAndBound,Uncorrelated,200,1000,456,456,103272,0.103,1048576,1.000,13032,13032,0.000000,296,true
BranchAndBound,Uncorrelated,200,1000,457,457,133141,0.133,895784,0.854,11392,11392,0.000000,428,true
BranchAndBound,Uncorrelated,200,1000,458,458,97867,0.098,1048576,1.000,11206,11206,0.000000,220,true
BranchAndBound,Uncorrelated,200,1000,459,459,88619,0.089,1048576,1.000,12776,12776,0.000000,248,true
BranchAndBound,Uncorrelated,200,1000,460,460,96624,0.097,1048576,1.000,11895,11895,0.000000,35,true
BranchAndBound,Uncorrelated,200,1000,461,461,106910,0.107,1048576,1.000,12505,12505,0.000000,243,true
BranchAndBound,Uncorrelated,200,1000,462,462,83495,0.083,1048576,1.000,11891,11891,0.000000,544,true
BranchAndBound,Uncorrelated,200,1000,463,463,75283,0.075,895784,0.854,9023,9023,0.000000,425,true
BranchAndBound,Uncorrelated,200,1000,464,464,125959,0.126,1048576,1.000,11546,11546,0.000000,273,true
BranchAndBound,Uncorrelated,200,1000,465,465,174205,0.174,895784,0.854,10285,10285,0.000000,217,true
BranchAndBound,Uncorrelated,200,1000,466,466,101757,0.102,1048576,1.000,11347,11347,0.000000,234,true
BranchAndBound,Uncorrelated,200,1000,467,467,104784,0.105,1048576,1.000,13455,13455,0.000000,265,true
BranchAndBound,Uncorrelated,200,1000,468,468,117945,0.118,1048576,1.000,11468,11468,0.000000,371,true
BranchAndBound,Uncorrelated,200,1000,469,469,108207,0.108,895784,0.854,11919,11919,0.000000,377,true
BranchAndBound,Uncorrelated,200,1000,470,470,115166,0.115,1048576,1.000,11750,11750,0.000000,320,true
BranchAndBound,Uncorrelated,200,1000,471,471,81890,0.082,1048576,1.000,11711,11711,0.000000,219,true
BranchAndBound,Uncorrelated,200,1000,472,472,94092,0.094,1048576,1.000,12922,12922,0.000000,223,true
BranchAndBound,Uncorrelated,200,1000,473,473,98080,0.098,895760,0.854,10146,10146,0.000000,228,true
BranchAndBound,Uncorrelated,200,1000,474,474,103153,0.103,1048576,1.000,11415,11415,0.000000,233,true
BranchAndBound,Uncorrelated,200,1000,475,475,144004,0.144,1048576,1.000,12114,12114,0.000000,420,true
BranchAndBound,Uncorrelated,200,1000,476,476,45344,0.045,1048576,1.000,14183,14183,0.000000,247,true
BranchAndBound,Uncorrelated,200,1000,477,477,66647,0.067,895784,0.854,12798,12798,0.000000,315,true
BranchAndBound,Uncorrelated,200,1000,478,478,40382,0.040,1048576,1.000,12127,12127,0.000000,232,true
BranchAndBound,Uncorrelated,200,1000,479,479,58511,0.059,1048576,1.000,12167,12167,0.000000,243,true
BranchAndBound,WeaklyCorrelated,200,1000,480,480,61927,0.062,1048576,1.000,2111,2111,0.000000,317,true
BranchAndBound,WeaklyCorrelated,200,1000,481,481,129892,0.130,895784,0.854,1702,1702,0.000000,1063,true
BranchAndBound,WeaklyCorrelated,200,1000,482,482,102809,0.103,1048576,1.000,1612,1612,0.000000,866,true
BranchAndBound,WeaklyCorrelated,200,1000,483,483,151650,0.152,895784,0.854,1732,1732,0.000000,1140,true
BranchAndBound,WeaklyCorrelated,200,1000,484,484,112544,0.113,1048576,1.000,1752,1752,0.000000,840,true
BranchAndBound,WeaklyCorrelated,200,1000,485,485,57774,0.058,895784,0.854,1564,1564,0.000000,335,true
BranchAndBound,WeaklyCorrelated,200,1000,486,486,89528,0.090,1048576,1.000,1936,1936,0.000000,730,true
BranchAndBound,WeaklyCorrelated,200,1000,487,487,48885,0.049,895784,0.854,1756,1756,0.000000,224,true
BranchAndBound,WeaklyCorrelated,200,1000,488,488,72945,0.073,1048576,1.000,1797,1797,0.000000,461,true
BranchAndBound,WeaklyCorrelated,200,1000,489,489,48317,0.048,895784,0.854,1637,1637,0.000000,258,true
BranchAndBound,WeaklyCorrelated,200,1000,490,490,61477,0.061,1048576,1.000,1727,1727,0.000000,308,true
BranchAndBound,WeaklyCorrelated,200,1000,491,491,49855,0.050,1048576,1.000,1805,1805,0.000000,237,true
BranchAndBound,WeaklyCorrelated,200,1000,492,492,37887,0.038,1048576,1.000,2071,2071,0.000000,31,true
BranchAndBound,WeaklyCorrelated,200,1000,493,493,47536,0.048,1048576,1.000,1801,1801,0.000000,219,true
BranchAndBound,WeaklyCorrelated,200,1000,494,494,118030,0.118,1048576,1.000,1916,1916,0.000000,944,true
BranchAndBound,WeaklyCorrelated,200,1000,495,495,131582,0.132,742992,0.709,1567,1567,0.000000,1077,true
BranchAndBound,WeaklyCorrelated,200,1000,496,496,107030,0.107,1048576,1.000,1867,1867,0.000000,781,true
BranchAndBound,WeaklyCorrelated,200,1000,497,497,76965,0.077,895784,0.854,1899,1899,0.000000,435,true
BranchAndBound,WeaklyCorrelated,200,1000,498,498,81503,0.082,1048576,1.000,1841,1841,0.000000,559,true
BranchAndBound,WeaklyCorrelated,200,1000,499,499,223978,0.224,895784,0.854,1696,1696,0.000000,1780,true
BranchAndBound,WeaklyCorrelated,200,1000,500,500,38094,0.038,1048576,1.000,1737,1737,0.000000,149,true
BranchAndBound,WeaklyCorrelated,200,1000,501,501,173336,0.173,895784,0.854,1484,1484,0.000000,1343,true
BranchAndBound,WeaklyCorrelated,200,1000,502,502,71745,0.072,1048576,1.000,1872,1872,0.000000,272,true
BranchAndBound,WeaklyCorrelated,200,1000,503,503,60834,0.061,895752,0.854,1938,1938,0.000000,213,true
BranchAndBound,WeaklyCorrelated,200,1000,504,504,124550,0.125,1048576,1.000,1734,1734,0.000000,954,true
BranchAndBound,WeaklyCorrelated,200,1000,505,505,76924,0.077,895000,0.854,1733,1733,0.000000,482,true
BranchAndBound,WeaklyCorrelated,200,1000,506,506,108693,0.109,1048576,1.000,1760,1760,0.000000,935,true
BranchAndBound,WeaklyCorrelated,200,1000,507,507,108401,0.108,895784,0.854,1687,1687,0.000000,899,true
BranchAndBound,WeaklyCorrelated,200,1000,508,508,126386,0.126,1048576,1.000,1767,1767,0.000000,1051,true
BranchAndBound,WeaklyCorrelated,200,1000,509,509,70648,0.071,895784,0.854,1674,1674,0.000000,372,true
BranchAndBound,StronglyCorrelated,200,1000,510,510,162375,0.162,1048576,1.000,1147,1147,0.000000,1616,true
BranchAndBound,StronglyCorrelated,200,1000,511,511,107314,0.107,742992,0.709,1116,1116,0.000000,912,true
BranchAndBound,StronglyCorrelated,200,1000,512,512,1291976,1.292,1048576,1.000,1094,1094,0.000000,8810,true
BranchAndBound,StronglyCorrelated,200,1000,513,513,101142,0.101,131824,0.126,1145,1145,0.000000,586,true
BranchAndBound,StronglyCorrelated,200,1000,514,514,458323,0.458,1048576,1.000,1082,1082,0.000000,4836,true
BranchAndBound,StronglyCorrelated,200,1000,515,515,110755,0.111,437408,0.417,1138,1138,0.000000,1243,true
BranchAndBound,StronglyCorrelated,200,1000,516,516,945222,0.945,1048576,1.000,1130,1130,0.000000,7286,true
BranchAndBound,StronglyCorrelated,200,1000,517,517,45972,0.046,284616,0.271,1153,1153,0.000000,69,true
BranchAndBound,StronglyCorrelated,200,1000,518,518,102365,0.102,1048576,1.000,1131,1131,0.000000,593,true
BranchAndBound,StronglyCorrelated,200,1000,519,519,822916,0.823,437408,0.417,1112,1112,0.000000,6289,true
BranchAndBound,StronglyCorrelated,200,1000,520,520,2874425,2.874,1465016,1.397,1127,1127,0.000000,17308,true
BranchAndBound,StronglyCorrelated,200,1000,521,521,233004,0.233,895784,0.854,1128,1128,0.000000,1990,true
BranchAndBound,StronglyCorrelated,200,1000,522,522,900281,0.900,1048576,1.000,1095,1095,0.000000,7100,true
BranchAndBound,StronglyCorrelated,200,1000,523,523,325775,0.326,1048576,1.000,1097,1097,0.000000,3997,true
BranchAndBound,StronglyCorrelated,200,1000,524,524,347608,0.348,590200,0.563,1112,1112,0.000000,2700,true
BranchAndBound,StronglyCorrelated,200,1000,525,525,1921762,1.922,722024,0.689,1116,1116,0.000000,14466,true
BranchAndBound,StronglyCorrelated,200,1000,526,526,249589,0.250,1048576,1.000,1094,1094,0.000000,1860,true
BranchAndBound,StronglyCorrelated,200,1000,527,527,43948,0.044,895784,0.854,1139,1139,0.000000,68,true
BranchAndBound,StronglyCorrelated,200,1000,528,528,58899,0.059,1048576,1.000,1113,1113,0.000000,272,true
BranchAndBound,StronglyCorrelated,200,1000,529,529,849561,0.850,284616,0.271,1094,1094,0.000000,6979,true
BranchAndBound,StronglyCorrelated,200,1000,530,530,40857,0.041,1048576,1.000,1169,1169,0.000000,67,true
BranchAndBound,StronglyCorrelated,200,1000,531,531,302722,0.303,742992,0.709,1114,1114,0.000000,2521,true
BranchAndBound,StronglyCorrelated,200,1000,532,532,480896,0.481,1048576,1.000,1114,1114,0.000000,4094,true
BranchAndBound,StronglyCorrelated,200,1000,533,533,745011,0.745,1048576,1.000,1089,1089,0.000000,6658,true
BranchAndBound,StronglyCorrelated,200,1000,534,534,50108,0.050,1048576,1.000,1138,1138,0.000000,240,true
BranchAndBound,StronglyCorrelated,200,1000,535,535,1074272,1.074,1048576,1.000,1100,1100,0.000000,7354,true
BranchAndBound,StronglyCorrelated,200,1000,536,536,143368,0.143,131792,0.126,1117,1117,0.000000,1696,true
BranchAndBound,StronglyCorrelated,200,1000,537,537,57326,0.057,1048576,1.000,1089,1089,0.000000,474,true
BranchAndBound,StronglyCorrelated,200,1000,538,538,62233,0.062,895784,0.854,1114,1114,0.000000,814,true
BranchAndBound,StronglyCorrelated,200,1000,539,539,1779451,1.779,1465016,1.397,1137,1137,0.000000,17805,true
BranchAndBound,InverseCorrelated,200,1000,540,540,16865436,16.865,3562168,3.397,18101,18101,0.000000,91847,true
BranchAndBound,InverseCorrelated,200,1000,541,541,37200,0.037,1048576,1.000,16044,16044,0.000000,216,true
BranchAndBound,InverseCorrelated,200,1000,542,542,100127,0.100,1048576,1.000,19051,19051,0.000000,594,true
BranchAndBound,InverseCorrelated,200,1000,543,543,166867,0.167,895784,0.854,21053,21053,0.000000,981,true
BranchAndBound,InverseCorrelated,200,1000,544,544,333978,0.334,1048576,1.000,20056,20056,0.000000,1927,true
BranchAndBound,InverseCorrelated,200,1000,545,545,63628,0.064,742992,0.709,17033,17033,0.000000,291,true
BranchAndBound,InverseCorrelated,200,1000,546,546,49553,0.050,1048576,1.000,17027,17027,0.000000,217,true
BranchAndBound,InverseCorrelated,200,1000,547,547,3761836,3.762,1048576,1.000,16102,16102,0.000000,19748,true
BranchAndBound,InverseCorrelated,200,1000,548,548,356401,0.356,1048576,1.000,17061,17061,0.000000,2161,true
BranchAndBound,InverseCorrelated,200,1000,549,549,154594,0.155,895784,0.854,17053,17053,0.000000,1108,true
BranchAndBound,InverseCorrelated,200,1000,550,550,1591506,1.592,511104,0.487,21087,21087,0.000000,12778,true
BranchAndBound,InverseCorrelated,200,1000,551,551,8711788,8.712,2097152,2.000,20083,20083,0.000000,47170,true
BranchAndBound,InverseCorrelated,200,1000,552,552,1377169,1.377,907640,0.866,18063,18063,0.000000,9401,true
BranchAndBound,InverseCorrelated,200,1000,553,553,5166562,5.167,1048576,1.000,19089,19089,0.000000,30072,true
BranchAndBound,InverseCorrelated,200,1000,554,554,177886,0.178,255568,0.244,20039,20039,0.000000,1318,true
BranchAndBound,InverseCorrelated,200,1000,555,555,82723,0.083,1048576,1.000,23043,23043,0.000000,825,true
BranchAndBound,InverseCorrelated,200,1000,556,556,1168199,1.168,255568,0.244,18087,18087,0.000000,6992,true
BranchAndBound,InverseCorrelated,200,1000,557,557,4869695,4.870,1048576,1.000,20097,20097,0.000000,30402,true
BranchAndBound,InverseCorrelated,200,1000,558,558,1196275,1.196,1048576,1.000,21086,21086,0.000000,6896,true
BranchAndBound,InverseCorrelated,200,1000,559,559,6501937,6.502,1956216,1.866,20104,20104,0.000000,37698,true
BranchAndBound,InverseCorrelated,200,1000,560,560,350718,0.351,1048576,1.000,17062,17062,0.000000,2266,true
BranchAndBound,InverseCorrelated,200,1000,561,561,87436,0.087,1048576,1.000,15036,15036,0.000000,522,true
BranchAndBound,InverseCorrelated,200,1000,562,562,962722,0.963,255568,0.244,18051,18051,0.000000,6301,true
BranchAndBound,InverseCorrelated,200,1000,563,563,433048,0.433,1048576,1.000,23106,23106,0.000000,2586,true
BranchAndBound,InverseCorrelated,200,1000,564,564,3023147,3.023,907640,0.866,19111,19111,0.000000,20210,true
BranchAndBound,InverseCorrelated,200,1000,565,565,65736,0.066,1048576,1.000,15047,15047,0.000000,329,true
BranchAndBound,InverseCorrelated,200,1000,566,566,5720880,5.721,1163208,1.109,22083,22083,0.000000,31457,true
BranchAndBound,InverseCorrelated,200,1000,567,567,18151654,18.152,5498448,5.244,19100,19100,0.000000,147178,true
BranchAndBound,InverseCorrelated,200,1000,568,568,845045,0.845,1048576,1.000,18103,18103,0.000000,6050,true
BranchAndBound,InverseCorrelated,200,1000,569,569,67441,0.067,254784,0.243,17045,17045,0.000000,719,true
BranchAndBound,AlmostEqualRatios,200,1000,570,570,54217,0.054,1048576,1.000,1096,1096,0.000000,966,true
BranchAndBound,AlmostEqualRatios,200,1000,571,571,246165,0.246,1048576,1.000,1098,1098,0.000000,2109,true
BranchAndBound,AlmostEqualRatios,200,1000,572,572,36816,0.037,1048576,1.000,1097,1097,0.000000,220,true
BranchAndBound,AlmostEqualRatios,200,1000,573,573,275538,0.276,652072,0.622,1094,1094,0.000000,2403,true
BranchAndBound,AlmostEqualRatios,200,1000,574,574,31841,0.032,1048576,1.000,1099,1099,0.000000,202,true
BranchAndBound,AlmostEqualRatios,200,1000,575,575,62508,0.063,1048576,1.000,1095,1095,0.000000,521,true
BranchAndBound,AlmostEqualRatios,200,1000,576,576,76075,0.076,1048576,1.000,1094,1094,0.000000,687,true
BranchAndBound,AlmostEqualRatios,200,1000,577,577,46263,0.046,652072,0.622,1096,1096,0.000000,316,true
BranchAndBound,AlmostEqualRatios,200,1000,578,578,49461,0.049,1048576,1.000,1097,1097,0.000000,485,true
BranchAndBound,AlmostEqualRatios,200,1000,579,579,48218,0.048,1048576,1.000,1097,1097,0.000000,443,true
BranchAndBound,AlmostEqualRatios,200,1000,580,580,88306,0.088,1048576,1.000,1092,1092,0.000000,1007,true
BranchAndBound,AlmostEqualRatios,200,1000,581,581,50519,0.051,1048576,1.000,1096,1096,0.000000,551,true
BranchAndBound,AlmostEqualRatios,200,1000,582,582,38751,0.039,1048576,1.000,1097,1097,0.000000,236,true
BranchAndBound,AlmostEqualRatios,200,1000,583,583,76247,0.076,652072,0.622,1098,1098,0.000000,582,true
BranchAndBound,AlmostEqualRatios,200,1000,584,584,78367,0.078,1048576,1.000,1096,1096,0.000000,713,true
BranchAndBound,AlmostEqualRatios,200,1000,585,585,40962,0.041,1048576,1.000,1097,1097,0.000000,285,true
BranchAndBound,AlmostEqualRatios,200,1000,586,586,28693,0.029,1048576,1.000,1097,1097,0.000000,104,true
BranchAndBound,AlmostEqualRatios,200,1000,587,587,49593,0.050,1048576,1.000,1098,1098,0.000000,441,true
BranchAndBound,AlmostEqualRatios,200,1000,588,588,74222,0.074,1048576,1.000,1099,1099,0.000000,947,true
BranchAndBound,AlmostEqualRatios,200,1000,589,589,210461,0.210,652072,0.622,1097,1097,0.000000,2070,true
BranchAndBound,AlmostEqualRatios,200,1000,590,590,109352,0.109,1048576,1.000,1096,1096,0.000000,1015,true
BranchAndBound,AlmostEqualRatios,200,1000,591,591,41739,0.042,1048576,1.000,1096,1096,0.000000,317,true
BranchAndBound,AlmostEqualRatios,200,1000,592,592,733179,0.733,1048576,1.000,1094,1094,0.000000,7439,true
BranchAndBound,AlmostEqualRatios,200,1000,593,593,26019,0.026,255568,0.244,1098,1098,0.000000,72,true
BranchAndBound,AlmostEqualRatios,200,1000,594,594,40896,0.041,1048576,1.000,1098,1098,0.000000,264,true
BranchAndBound,AlmostEqualRatios,200,1000,595,595,54145,0.054,1048576,1.000,1097,1097,0.000000,670,true
BranchAndBound,AlmostEqualRatios,200,1000,596,596,360380,0.360,1048576,1.000,1093,1093,0.000000,3822,true
BranchAndBound,AlmostEqualRatios,200,1000,597,597,41111,0.041,652072,0.622,1097,1097,0.000000,184,true
BranchAndBound,AlmostEqualRatios,200,1000,598,598,33564,0.034,1048576,1.000,1096,1096,0.000000,176,true
BranchAndBound,AlmostEqualRatios,200,1000,599,599,35348,0.035,652072,0.622,1097,1097,0.000000,133,true
BranchAndBound,Uncorrelated,500,1000,600,600,96112,0.096,1048576,1.000,16118,16118,0.000000,568,true
BranchAndBound,Uncorrelated,500,1000,601,601,82861,0.083,1048576,1.000,18603,18603,0.000000,219,true
BranchAndBound,Uncorrelated,500,1000,602,602,111142,0.111,1048576,1.000,14549,14549,0.000000,585,true
BranchAndBound,Uncorrelated,500,1000,603,603,108558,0.109,1048576,1.000,14781,14781,0.000000,596,true
BranchAndBound,Uncorrelated,500,1000,604,604,78813,0.079,1048576,1.000,21037,21037,0.000000,85,true
BranchAndBound,Uncorrelated,500,1000,605,605,105135,0.105,1048576,1.000,16269,16269,0.000000,576,true
BranchAndBound,Uncorrelated,500,1000,606,606,134102,0.134,1048576,1.000,18345,18345,0.000000,739,true
BranchAndBound,Uncorrelated,500,1000,607,607,150371,0.150,652072,0.622,18233,18233,0.000000,875,true
BranchAndBound,Uncorrelated,500,1000,608,608,198828,0.199,1048576,1.000,19711,19711,0.000000,1156,true
BranchAndBound,Uncorrelated,500,1000,609,609,149042,0.149,1048576,1.000,18125,18125,0.000000,804,true
BranchAndBound,Uncorrelated,500,1000,610,610,129708,0.130,1048576,1.000,18485,18485,0.000000,581,true
BranchAndBound,Uncorrelated,500,1000,611,611,96444,0.096,650088,0.620,18632,18632,0.000000,61,true
BranchAndBound,Uncorrelated,500,1000,612,612,101520,0.102,1048576,1.000,18928,18928,0.000000,60,true
BranchAndBound,Uncorrelated,500,1000,613,613,79285,0.079,1048576,1.000,18898,18898,0.000000,535,true
BranchAndBound,Uncorrelated,500,1000,614,614,119406,0.119,1048576,1.000,24331,24331,0.000000,966,true
BranchAndBound,Uncorrelated,500,1000,615,615,123393,0.123,1048576,1.000,17582,17582,0.000000,584,true
BranchAndBound,Uncorrelated,500,1000,616,616,99768,0.100,1048576,1.000,17233,17233,0.000000,96,true
BranchAndBound,Uncorrelated,500,1000,617,617,43883,0.044,651088,0.621,19935,19935,0.000000,101,true
BranchAndBound,Uncorrelated,500,1000,618,618,130605,0.131,1048576,1.000,19272,19272,0.000000,577,true
BranchAndBound,Uncorrelated,500,1000,619,619,141345,0.141,1048576,1.000,18601,18601,0.000000,682,true
BranchAndBound,Uncorrelated,500,1000,620,620,119114,0.119,1048576,1.000,17939,17939,0.000000,556,true
BranchAndBound,Uncorrelated,500,1000,621,621,153864,0.154,1048576,1.000,15886,15886,0.000000,804,true
BranchAndBound,Uncorrelated,500,1000,622,622,101808,0.102,1048576,1.000,17428,17428,0.000000,177,true
BranchAndBound,Uncorrelated,500,1000,623,623,164892,0.165,650088,0.620,17425,17425,0.000000,789,true
BranchAndBound,Uncorrelated,500,1000,624,624,163693,0.164,1048576,1.000,18738,18738,0.000000,919,true
BranchAndBound,Uncorrelated,500,1000,625,625,118682,0.119,1048576,1.000,18824,18824,0.000000,546,true
BranchAndBound,Uncorrelated,500,1000,626,626,186766,0.187,1048576,1.000,17215,17215,0.000000,962,true
BranchAndBound,Uncorrelated,500,1000,627,627,139643,0.140,652072,0.622,18302,18302,0.000000,616,true
BranchAndBound,Uncorrelated,500,1000,628,628,155465,0.155,1048576,1.000,20482,20482,0.000000,741,true
BranchAndBound,Uncorrelated,500,1000,629,629,116421,0.116,1048576,1.000,15577,15577,0.000000,523,true
BranchAndBound,WeaklyCorrelated,500,1000,630,630,147948,0.148,1048576,1.000,2291,2291,0.000000,779,true
BranchAndBound,WeaklyCorrelated,500,1000,631,631,134001,0.134,652072,0.622,2181,2181,0.000000,536,true
BranchAndBound,WeaklyCorrelated,500,1000,632,632,156741,0.157,1048576,1.000,2556,2556,0.000000,1057,true
BranchAndBound,WeaklyCorrelated,500,1000,633,633,162206,0.162,1048576,1.000,2116,2116,0.000000,972,true
BranchAndBound,WeaklyCorrelated,500,1000,634,634,101782,0.102,1048576,1.000,2162,2162,0.000000,120,true
BranchAndBound,WeaklyCorrelated,500,1000,635,635,224984,0.225,651992,0.622,2241,2241,0.000000,1674,true
BranchAndBound,WeaklyCorrelated,500,1000,636,636,153160,0.153,1048576,1.000,2393,2393,0.000000,971,true
BranchAndBound,WeaklyCorrelated,500,1000,637,637,190780,0.191,1048576,1.000,2034,2034,0.000000,1157,true
BranchAndBound,WeaklyCorrelated,500,1000,638,638,142951,0.143,1048576,1.000,2262,2262,0.000000,732,true
BranchAndBound,WeaklyCorrelated,500,1000,639,639,134030,0.134,652072,0.622,2266,2266,0.000000,555,true
BranchAndBound,WeaklyCorrelated,500,1000,640,640,149028,0.149,1048576,1.000,2361,2361,0.000000,856,true
BranchAndBound,WeaklyCorrelated,500,1000,641,641,116899,0.117,1048576,1.000,2182,2182,0.000000,532,true
BranchAndBound,WeaklyCorrelated,500,1000,642,642,143092,0.143,1048576,1.000,2234,2234,0.000000,821,true
BranchAndBound,WeaklyCorrelated,500,1000,643,643,140354,0.140,652072,0.622,2037,2037,0.000000,613,true
BranchAndBound,WeaklyCorrelated,500,1000,644,644,120202,0.120,1048576,1.000,2475,2475,0.000000,536,true
BranchAndBound,WeaklyCorrelated,500,1000,645,645,121086,0.121,1048576,1.000,2313,2313,0.000000,543,true
BranchAndBound,WeaklyCorrelated,500,1000,646,646,131291,0.131,1048576,1.000,2150,2150,0.000000,601,true
BranchAndBound,WeaklyCorrelated,500,1000,647,647,137838,0.138,1048576,1.000,2141,2141,0.000000,980,true
BranchAndBound,WeaklyCorrelated,500,1000,648,648,176213,0.176,1048576,1.000,2350,2350,0.000000,676,true
BranchAndBound,WeaklyCorrelated,500,1000,649,649,146616,0.147,652072,0.622,1981,1981,0.000000,1964,true
BranchAndBound,WeaklyCorrelated,500,1000,650,650,108787,0.109,1048576,1.000,2310,2310,0.000000,314,true
BranchAndBound,WeaklyCorrelated,500,1000,651,651,211466,0.211,652072,0.622,2289,2289,0.000000,1196,true
BranchAndBound,WeaklyCorrelated,500,1000,652,652,315412,0.315,1048576,1.000,2656,2656,0.000000,2414,true
BranchAndBound,WeaklyCorrelated,500,1000,653,653,143468,0.143,1048576,1.000,2104,2104,0.000000,1016,true
BranchAndBound,WeaklyCorrelated,500,1000,654,654,112786,0.113,1048576,1.000,2553,2553,0.000000,191,true
BranchAndBound,WeaklyCorrelated,500,1000,655,655,222080,0.222,650088,0.620,2497,2497,0.000000,1517,true
BranchAndBound,WeaklyCorrelated,500,1000,656,656,366008,0.366,1048576,1.000,2827,2827,0.000000,2985,true
BranchAndBound,WeaklyCorrelated,500,1000,657,657,39513,0.040,652072,0.622,2515,2515,0.000000,51,true
BranchAndBound,WeaklyCorrelated,500,1000,658,658,92148,0.092,1048576,1.000,2507,2507,0.000000,55,true
BranchAndBound,WeaklyCorrelated,500,1000,659,659,293322,0.293,1048576,1.000,2467,2467,0.000000,2079,true
BranchAndBound,StronglyCorrelated,500,1000,660,660,3846672,3.847,2211784,2.109,1188,1188,0.000000,39840,true
BranchAndBound,StronglyCorrelated,500,1000,661,661,378859,0.379,1048576,1.000,1162,1162,0.000000,5066,true
BranchAndBound,StronglyCorrelated,500,1000,662,662,147492,0.147,652072,0.622,1185,1185,0.000000,548,true
BranchAndBound,StronglyCorrelated,500,1000,663,663,331780,0.332,1048576,1.000,1185,1185,0.000000,3054,true
BranchAndBound,StronglyCorrelated,500,1000,664,664,891552,0.892,1048576,1.000,1180,1180,0.000000,7869,true
BranchAndBound,StronglyCorrelated,500,1000,665,665,3311110,3.311,1559712,1.487,1159,1159,0.000000,25128,true
BranchAndBound,StronglyCorrelated,500,1000,666,666,232957,0.233,1048576,1.000,1205,1205,0.000000,1614,true
BranchAndBound,StronglyCorrelated,500,1000,667,667,2190304,2.190,1559712,1.487,1176,1176,0.000000,16002,true
BranchAndBound,StronglyCorrelated,500,1000,668,668,56385,0.056,1048576,1.000,1209,1209,0.000000,70,true
BranchAndBound,StronglyCorrelated,500,1000,669,669,588980,0.589,1048576,1.000,1207,1207,0.000000,7433,true
BranchAndBound,StronglyCorrelated,500,1000,670,670,218534,0.219,1048576,1.000,1168,1168,0.000000,1562,true
BranchAndBound,StronglyCorrelated,500,1000,671,671,695546,0.696,652072,0.622,1220,1220,0.000000,5332,true
BranchAndBound,StronglyCorrelated,500,1000,672,672,2587834,2.588,1163208,1.109,1181,1181,0.000000,18255,true
BranchAndBound,StronglyCorrelated,500,1000,673,673,1076207,1.076,1304144,1.244,1189,1189,0.000000,8414,true
BranchAndBound,StronglyCorrelated,500,1000,674,674,179897,0.180,1048576,1.000,1214,1214,0.000000,1120,true
BranchAndBound,StronglyCorrelated,500,1000,675,675,263179,0.263,1048576,1.000,1176,1176,0.000000,2056,true
BranchAndBound,StronglyCorrelated,500,1000,676,676,350327,0.350,255568,0.244,1190,1190,0.000000,3402,true
BranchAndBound,StronglyCorrelated,500,1000,677,677,206745,0.207,1048576,1.000,1199,1199,0.000000,2354,true
BranchAndBound,StronglyCorrelated,500,1000,678,678,345185,0.345,255568,0.244,1207,1207,0.000000,4491,true
BranchAndBound,StronglyCorrelated,500,1000,679,679,383776,0.384,1048576,1.000,1240,1240,0.000000,2543,true
BranchAndBound,StronglyCorrelated,500,1000,680,680,395024,0.395,652072,0.622,1196,1196,0.000000,2641,true
BranchAndBound,StronglyCorrelated,500,1000,681,681,551503,0.552,1048576,1.000,1193,1193,0.000000,4649,true
BranchAndBound,StronglyCorrelated,500,1000,682,682,161807,0.162,652072,0.622,1184,1184,0.000000,758,true
BranchAndBound,StronglyCorrelated,500,1000,683,683,946160,0.946,1048576,1.000,1169,1169,0.000000,7311,true
BranchAndBound,StronglyCorrelated,500,1000,684,684,81319,0.081,255568,0.244,1235,1235,0.000000,76,true
BranchAndBound,StronglyCorrelated,500,1000,685,685,731809,0.732,1048576,1.000,1210,1210,0.000000,7472,true
BranchAndBound,StronglyCorrelated,500,1000,686,686,134142,0.134,255568,0.244,1217,1217,0.000000,1014,true
BranchAndBound,StronglyCorrelated,500,1000,687,687,76796,0.077,1048576,1.000,1162,1162,0.000000,51,true
BranchAndBound,StronglyCorrelated,500,1000,688,688,378205,0.378,652072,0.622,1186,1186,0.000000,4140,true
BranchAndBound,StronglyCorrelated,500,1000,689,689,155504,0.156,1048576,1.000,1176,1176,0.000000,1131,true
BranchAndBound,InverseCorrelated,500,1000,690,690,10191411,10.191,3260360,3.109,31069,31069,0.000000,70847,true
BranchAndBound,InverseCorrelated,500,1000,691,691,4974479562,4974.480,0,0.000,32088,32088,0.000000,25231225,true
BranchAndBound,InverseCorrelated,500,1000,692,692,531410,0.531,1048576,1.000,29040,29040,0.000000,5464,true
BranchAndBound,InverseCorrelated,500,1000,693,693,130379,0.130,1048576,1.000,25031,25031,0.000000,817,true
BranchAndBound,InverseCorrelated,500,1000,694,694,25480178,25.480,8388608,8.000,29096,29096,0.000000,229578,true
BranchAndBound,InverseCorrelated,500,1000,695,695,9198777,9.199,3145728,3.000,31063,31063,0.000000,90326,true
BranchAndBound,InverseCorrelated,500,1000,696,696,132813903,132.814,0,0.000,29093,29093,0.000000,1087935,true
BranchAndBound,InverseCorrelated,500,1000,697,697,118325,0.118,1048576,1.000,30035,30035,0.000000,700,true
BranchAndBound,InverseCorrelated,500,1000,698,698,6089837,6.090,2097152,2.000,32066,32066,0.000000,60917,true
BranchAndBound,InverseCorrelated,500,1000,699,699,112920,0.113,1048576,1.000,31036,31036,0.000000,531,true
BranchAndBound,InverseCorrelated,500,1000,700,700,128152,0.128,1048576,1.000,39044,39044,0.000000,1547,true
BranchAndBound,InverseCorrelated,500,1000,701,701,4801302,4.801,2097152,2.000,27061,27061,0.000000,53276,true
BranchAndBound,InverseCorrelated,500,1000,702,702,128043911,128.044,33554432,32.000,26082,26082,0.000000,1012748,true
BranchAndBound,InverseCorrelated,500,1000,703,703,21376968,21.377,7340032,7.000,31089,31089,0.000000,209978,true
BranchAndBound,InverseCorrelated,500,1000,704,704,1784357,1.784,1048576,1.000,31068,31068,0.000000,13710,true
BranchAndBound,InverseCorrelated,500,1000,705,705,4451923,4.452,2097152,2.000,33051,33051,0.000000,37992,true
BranchAndBound,InverseCorrelated,500,1000,706,706,10633903,10.634,3145728,3.000,30061,30061,0.000000,94134,true
BranchAndBound,InverseCorrelated,500,1000,707,707,4532899,4.533,2097152,2.000,33069,33069,0.000000,39213,true
BranchAndBound,InverseCorrelated,500,1000,708,708,9086282,9.086,3145728,3.000,30051,30051,0.000000,90020,true
BranchAndBound,InverseCorrelated,500,1000,709,709,102366,0.102,1048576,1.000,29038,29038,0.000000,1481,true
BranchAndBound,InverseCorrelated,500,1000,710,710,68839,0.069,1048576,1.000,36040,36040,0.000000,668,true
BranchAndBound,InverseCorrelated,500,1000,711,711,31894944,31.895,9437184,9.000,27080,27080,0.000000,284088,true
BranchAndBound,InverseCorrelated,500,1000,712,712,130444,0.130,1048576,1.000,26030,26030,0.000000,847,true
BranchAndBound,InverseCorrelated,500,1000,713,713,1100599,1.101,1048576,1.000,27054,27054,0.000000,9783,true
BranchAndBound,InverseCorrelated,500,1000,714,714,99631,0.100,1048576,1.000,27033,27033,0.000000,527,true
BranchAndBound,InverseCorrelated,500,1000,715,715,11106729,11.107,4194304,4.000,27058,27058,0.000000,121722,true
BranchAndBound,InverseCorrelated,500,1000,716,716,549191,0.549,1048576,1.000,23041,23041,0.000000,6032,true
BranchAndBound,InverseCorrelated,500,1000,717,717,934231,0.934,1048576,1.000,30046,30046,0.000000,9927,true
BranchAndBound,InverseCorrelated,500,1000,718,718,34607177,34.607,10485760,10.000,27084,27084,0.000000,293948,true
BranchAndBound,InverseCorrelated,500,1000,719,719,53564253,53.564,15728640,15.000,30079,30079,0.000000,467941,true
BranchAndBound,AlmostEqualRatios,500,1000,720,720,218369,0.218,1048576,1.000,1100,1100,0.000000,1237,true
BranchAndBound,AlmostEqualRatios,500,1000,721,721,220955,0.221,1048576,1.000,1098,1098,0.000000,516,true
BranchAndBound,AlmostEqualRatios,500,1000,722,722,157430,0.157,1048576,1.000,1097,1097,0.000000,1029,true
BranchAndBound,AlmostEqualRatios,500,1000,723,723,570788,0.571,1048576,1.000,1098,1098,0.000000,5673,true
BranchAndBound,AlmostEqualRatios,500,1000,724,724,146166,0.146,1048576,1.000,1099,1099,0.000000,979,true
BranchAndBound,AlmostEqualRatios,500,1000,725,725,363800,0.364,1048576,1.000,1099,1099,0.000000,2961,true
BranchAndBound,AlmostEqualRatios,500,1000,726,726,84522,0.085,1048576,1.000,1099,1099,0.000000,273,true
BranchAndBound,AlmostEqualRatios,500,1000,727,727,93274,0.093,1048576,1.000,1099,1099,0.000000,269,true
BranchAndBound,AlmostEqualRatios,500,1000,728,728,147480,0.147,1048576,1.000,1098,1098,0.000000,737,true
BranchAndBound,AlmostEqualRatios,500,1000,729,729,148015,0.148,1048576,1.000,1099,1099,0.000000,570,true
BranchAndBound,AlmostEqualRatios,500,1000,730,730,125865,0.126,1048576,1.000,1098,1098,0.000000,461,true
BranchAndBound,AlmostEqualRatios,500,1000,731,731,95520,0.096,1048576,1.000,1100,1100,0.000000,5,true
BranchAndBound,AlmostEqualRatios,500,1000,732,732,422086,0.422,1048576,1.000,1098,1098,0.000000,3485,true
BranchAndBound,AlmostEqualRatios,500,1000,733,733,149147,0.149,1048576,1.000,1099,1099,0.000000,278,true
BranchAndBound,AlmostEqualRatios,500,1000,734,734,451813,0.452,1048576,1.000,1098,1098,0.000000,2884,true
BranchAndBound,AlmostEqualRatios,500,1000,735,735,285882,0.286,1048576,1.000,1098,1098,0.000000,1338,true
BranchAndBound,AlmostEqualRatios,500,1000,736,736,143725,0.144,1048576,1.000,1100,1100,0.000000,6,true
BranchAndBound,AlmostEqualRatios,500,1000,737,737,260790,0.261,1048576,1.000,1097,1097,0.000000,990,true
BranchAndBound,AlmostEqualRatios,500,1000,738,738,165045,0.165,1048576,1.000,1100,1100,0.000000,327,true
BranchAndBound,AlmostEqualRatios,500,1000,739,739,195409,0.195,1048576,1.000,1099,1099,0.000000,438,true
BranchAndBound,AlmostEqualRatios,500,1000,740,740,579135,0.579,1048576,1.000,1098,1098,0.000000,3882,true
BranchAndBound,AlmostEqualRatios,500,1000,741,741,235243,0.235,1048576,1.000,1098,1098,0.000000,1871,true
BranchAndBound,AlmostEqualRatios,500,1000,742,742,149870,0.150,1048576,1.000,1099,1099,0.000000,335,true
BranchAndBound,AlmostEqualRatios,500,1000,743,743,540449,0.540,1048576,1.000,1098,1098,0.000000,3181,true
BranchAndBound,AlmostEqualRatios,500,1000,744,744,137855,0.138,1048576,1.000,1100,1100,0.000000,291,true
BranchAndBound,AlmostEqualRatios,500,1000,745,745,1202512,1.203,1048576,1.000,1098,1098,0.000000,9000,true
BranchAndBound,AlmostEqualRatios,500,1000,746,746,99295,0.099,1048576,1.000,1099,1099,0.000000,9,true
BranchAndBound,AlmostEqualRatios,500,1000,747,747,171747,0.172,1048576,1.000,1098,1098,0.000000,1033,true
BranchAndBound,AlmostEqualRatios,500,1000,748,748,1253261,1.253,1048576,1.000,1097,1097,0.000000,10139,true
BranchAndBound,AlmostEqualRatios,500,1000,749,749,436163,0.436,1048576,1.000,1098,1098,0.000000,4068,true
