algorithm,var_a,var_b,correlation
DynamicProgramming,instance_id,n,0.8818934594168748
DynamicProgramming,instance_id,total_weight,0.983664939404026
DynamicProgramming,instance_id,total_value,0.9834604706176645
DynamicProgramming,instance_id,mean_weight,-0.004565222558999441
DynamicProgramming,instance_id,mean_value,0.0070179777098117145
DynamicProgramming,instance_id,median_weight,-0.0027521811673483242
DynamicProgramming,instance_id,median_value,0.023953645404841177
DynamicProgramming,instance_id,std_weight,0.16888028771173005
DynamicProgramming,instance_id,std_value,0.1588227936409751
DynamicProgramming,instance_id,min_weight,-0.5298668388595552
DynamicProgramming,instance_id,max_weight,0.5319887276500729
DynamicProgramming,instance_id,min_value,-0.48416223637146105
DynamicProgramming,instance_id,max_value,0.5031943790170372
DynamicProgramming,instance_id,weight_cv,0.05650613118693027
DynamicProgramming,instance_id,value_cv,0.038423963642710376
DynamicProgramming,instance_id,weight_skewness,0.004678444380066667
DynamicProgramming,instance_id,value_skewness,0.006781716191040201
DynamicProgramming,instance_id,weight_kurtosis,-0.2290456466899049
DynamicProgramming,instance_id,value_kurtosis,-0.19336796051371752
DynamicProgramming,instance_id,capacity_ratio,-0.06266439856313968
DynamicProgramming,instance_id,slack,0.95493266628991
DynamicProgramming,instance_id,average_fillable_items,0.3211315850343725
DynamicProgramming,instance_id,pearson_corr,-0.012715593005182671
DynamicProgramming,instance_id,spearman_corr,0.013449533449001157
DynamicProgramming,instance_id,kendall_corr,-0.046133689017013035
DynamicProgramming,instance_id,mean_ratio,-0.013040675213681328
DynamicProgramming,instance_id,median_ratio,-0.04387729916204898
DynamicProgramming,instance_id,std_ratio,0.10119673283571108
DynamicProgramming,instance_id,ratio_entropy,-0.2321827629326216
DynamicProgramming,instance_id,unique_ratio_count,0.9790116715384692
DynamicProgramming,instance_id,duplicate_ratio_fraction,0.5486176824811
DynamicProgramming,instance_id,unique_weights,0.982987744680279
DynamicProgramming,instance_id,unique_values,0.9832663627549469
DynamicProgramming,instance_id,unique_pairs,0.98007262476065
DynamicProgramming,instance_id,duplicate_items,0.6781014739508775
DynamicProgramming,instance_id,duplicate_pairs,0.6772892112279001
DynamicProgramming,instance_id,time_millis,0.5129323207964827
DynamicProgramming,instance_id,memory_bytes,0.425238463738747
DynamicProgramming,instance_id,memory_mb,0.4252435081665497
DynamicProgramming,instance_id,solution_value,0.5299477821912969
DynamicProgramming,instance_id,optimal_value,0.5299477821912969
DynamicProgramming,instance_id,nodes_generated,0.6237081911027187
DynamicProgramming,instance_id,internal_nodes,0.6124594415465993
DynamicProgramming,instance_id,max_depth,0.7980353545803108
DynamicProgramming,instance_id,mean_depth,0.7225099183287937
DynamicProgramming,instance_id,median_depth,0.7066940133796573
DynamicProgramming,instance_id,mean_queue_size,0.5685186256909956
DynamicProgramming,instance_id,final_queue_size,0.25171025711909617
DynamicProgramming,instance_id,mean_bound,0.5299653788061589
DynamicProgramming,instance_id,bound_variance,-0.28372657050243244
DynamicProgramming,instance_id,min_bound,0.530390882563052
DynamicProgramming,instance_id,max_bound,0.5299660419726409
DynamicProgramming,instance_id,mean_bound_gap,-0.0015299869173590421
DynamicProgramming,instance_id,bound_gap_variance,0.1278647892369904
DynamicProgramming,instance_id,pruned_by_bound,0.0586170121316431
DynamicProgramming,instance_id,pruned_by_cap,0.2517322950785143
DynamicProgramming,instance_id,left_branches,0.5370181885574187
DynamicProgramming,instance_id,right_branches,0.6197706246465176
DynamicProgramming,instance_id,explored_children,0.6199866919444389
DynamicProgramming,instance_id,skipped_children,0.5622207143732946
DynamicProgramming,instance_id,skipped_infeasible,0.48960758973286256
DynamicProgramming,instance_id,skipped_by_bound,0.22260096265944218
DynamicProgramming,instance_id,improvement_count,0.5538705419038686
DynamicProgramming,instance_id,sum_improvement_amount,0.4321035372570833
DynamicProgramming,instance_id,mean_improvement_amount,-0.007551712801533921
DynamicProgramming,instance_id,last_improvement_node,0.1661146572988572
DynamicProgramming,instance_id,pruned_generated_ratio,-0.030163922364491377
DynamicProgramming,instance_id,avg_branching_factor,0.2716642363372622
DynamicProgramming,instance_id,capacity_density,-0.06173174901376958
DynamicProgramming,instance_id,cells_allocated,0.3222647546657667
DynamicProgramming,instance_id,total_evaluations,0.6576441744652313
DynamicProgramming,instance_id,include_count,0.4869405319682133
DynamicProgramming,instance_id,exclude_count,0.7370576013690604
DynamicProgramming,instance_id,tie_count,0.5417428318857561
DynamicProgramming,instance_id,include_ratio,-0.3121760729956482
DynamicProgramming,instance_id,nonzero_value_states,0.32526538170771635
DynamicProgramming,instance_id,zero_value_states,-0.7407134068823655
DynamicProgramming,instance_id,fill_rate,0.41088221551595494
DynamicProgramming,instance_id,mean_cell_value,0.4952485759323536
DynamicProgramming,instance_id,cell_value_variance,0.48139641999257504
DynamicProgramming,instance_id,dp_sum_improvement_amount,0.38563670280388684
DynamicProgramming,instance_id,dp_mean_improvement_amount,-0.1833063617776304
DynamicProgramming,instance_id,updates_per_cell,0.6841022738055933
DynamicProgramming,instance_id,selected_count,0.5555899531131707
DynamicProgramming,instance_id,solution_density,-0.14767150295512096
DynamicProgramming,instance_id,residual_capacity,-0.16734799509627554
DynamicProgramming,instance_id,capacity_utilization,0.41683210973421847
DynamicProgramming,instance_id,last_selected_position,0.6457222609722303
DynamicProgramming,instance_id,first_skipped_position,0.5532545663795719
DynamicProgramming,instance_id,log_time_millis,0.7044554211875038
DynamicProgramming,instance_id,log_memory_mb,0.04447370271908749
DynamicProgramming,instance_id,AlmostEqualRatios,0.11547006025292865
DynamicProgramming,instance_id,InverseCorrelated,0.05773503012646438
DynamicProgramming,instance_id,StronglyCorrelated,2.0366654465523009e-16
DynamicProgramming,instance_id,WeaklyCorrelated,-0.0577350301264644
DynamicProgramming,instance_id,log_n,0.9850387068117942
DynamicProgramming,n,total_weight,0.8911585027029661
DynamicProgramming,n,total_value,0.8906479811501963
DynamicProgramming,n,mean_weight,-0.0003057097834765226
DynamicProgramming,n,mean_value,0.004140566365516933
DynamicProgramming,n,median_weight,0.005094316645962669
DynamicProgramming,n,median_value,0.01480104513534733
DynamicProgramming,n,std_weight,0.12221168826949637
DynamicProgramming,n,std_value,0.11326469187106955
DynamicProgramming,n,min_weight,-0.376811531547718
DynamicProgramming,n,max_weight,0.37587992066621506
DynamicProgramming,n,min_value,-0.3427677389982856
DynamicProgramming,n,max_value,0.36110505329135956
DynamicProgramming,n,weight_cv,0.040061122745695746
DynamicProgramming,n,value_cv,0.028747029914918863
DynamicProgramming,n,weight_skewness,-0.0015925608719249366
DynamicProgramming,n,value_skewness,-0.001319490303154483
DynamicProgramming,n,weight_kurtosis,-0.16142657521221396
DynamicProgramming,n,value_kurtosis,-0.14028979064888197
DynamicProgramming,n,capacity_ratio,-0.044109970018616045
DynamicProgramming,n,slack,0.8628170353211042
DynamicProgramming,n,average_fillable_items,0.2910807936705485
DynamicProgramming,n,pearson_corr,-0.0014806412176522888
DynamicProgramming,n,spearman_corr,0.02021513501742397
DynamicProgramming,n,kendall_corr,-0.013995993858123555
DynamicProgramming,n,mean_ratio,-0.008387792585048612
DynamicProgramming,n,median_ratio,-0.039027040856607756
DynamicProgramming,n,std_ratio,0.09468557742849455
DynamicProgramming,n,ratio_entropy,-0.27576785682494376
DynamicProgramming,n,unique_ratio_count,0.8838880665049031
DynamicProgramming,n,duplicate_ratio_fraction,0.5326005271592931
DynamicProgramming,n,unique_weights,0.8646752389731782
DynamicProgramming,n,unique_values,0.865304217477955
DynamicProgramming,n,unique_pairs,0.8850652713584389
DynamicProgramming,n,duplicate_items,0.5810631153912573
DynamicProgramming,n,duplicate_pairs,0.5797359352291738
DynamicProgramming,n,time_millis,0.6299496763470088
DynamicProgramming,n,memory_bytes,0.5732528317983963
DynamicProgramming,n,memory_mb,0.5732867774125825
DynamicProgramming,n,solution_value,0.6035528192541596
DynamicProgramming,n,optimal_value,0.6035528192541596
DynamicProgramming,n,nodes_generated,0.5616596914380786
DynamicProgramming,n,internal_nodes,0.5488173282385111
DynamicProgramming,n,max_depth,0.8839838467212954
DynamicProgramming,n,mean_depth,0.802517869941855
DynamicProgramming,n,median_depth,0.7891091328097437
DynamicProgramming,n,mean_queue_size,0.5238424409305786
DynamicProgramming,n,final_queue_size,0.2960291830921995
DynamicProgramming,n,mean_bound,0.6035615760252301
DynamicProgramming,n,bound_variance,-0.22239606767523634
DynamicProgramming,n,min_bound,0.6039189396847712
DynamicProgramming,n,max_bound,0.6035654003308277
DynamicProgramming,n,mean_bound_gap,0.035752738424907594
DynamicProgramming,n,bound_gap_variance,0.1395407949541485
DynamicProgramming,n,pruned_by_bound,-0.008608492444722777
DynamicProgramming,n,pruned_by_cap,0.2965633174851107
DynamicProgramming,n,left_branches,0.49786911184520866
DynamicProgramming,n,right_branches,0.5541609072697932
DynamicProgramming,n,explored_children,0.5587811853328539
DynamicProgramming,n,skipped_children,0.4987934062611494
DynamicProgramming,n,skipped_infeasible,0.4320011522365736
DynamicProgramming,n,skipped_by_bound,0.1451444229955286
DynamicProgramming,n,improvement_count,0.6251010440301401
DynamicProgramming,n,sum_improvement_amount,0.4055079217651668
DynamicProgramming,n,mean_improvement_amount,-0.0009327061870073836
DynamicProgramming,n,last_improvement_node,0.21266205918113107
DynamicProgramming,n,pruned_generated_ratio,0.016879690462347455
DynamicProgramming,n,avg_branching_factor,0.24755455041125446
DynamicProgramming,n,capacity_density,-0.0432858496869316
DynamicProgramming,n,cells_allocated,0.29196029722198624
DynamicProgramming,n,total_evaluations,0.5947140046832406
DynamicProgramming,n,include_count,0.44189446856810144
DynamicProgramming,n,exclude_count,0.6613214454964221
DynamicProgramming,n,tie_count,0.4065330482464084
DynamicProgramming,n,include_ratio,-0.2439949198131573
DynamicProgramming,n,nonzero_value_states,0.29382578115766245
DynamicProgramming,n,zero_value_states,-0.643105221336301
DynamicProgramming,n,fill_rate,0.2869059724609394
DynamicProgramming,n,mean_cell_value,0.5644852430486531
DynamicProgramming,n,cell_value_variance,0.6123460428847854
DynamicProgramming,n,dp_sum_improvement_amount,0.3573162366331343
DynamicProgramming,n,dp_mean_improvement_amount,-0.13636522939877888
DynamicProgramming,n,updates_per_cell,0.6215096855615566
DynamicProgramming,n,selected_count,0.6292028770660152
DynamicProgramming,n,solution_density,-0.11219414461562387
DynamicProgramming,n,residual_capacity,-0.1454292020747417
DynamicProgramming,n,capacity_utilization,0.3141207925966709
DynamicProgramming,n,last_selected_position,0.7353886846197251
DynamicProgramming,n,first_skipped_position,0.6275327224500529
DynamicProgramming,n,log_time_millis,0.6229425134298628
DynamicProgramming,n,log_memory_mb,0.06083097513611437
DynamicProgramming,n,AlmostEqualRatios,8.053756320281227e-17
DynamicProgramming,n,InverseCorrelated,-1.5669957118917312e-16
DynamicProgramming,n,StronglyCorrelated,2.2923807251191e-16
DynamicProgramming,n,WeaklyCorrelated,1.9860918599674881e-16
DynamicProgramming,n,log_n,0.8926327822256555
DynamicProgramming,total_weight,total_value,0.998116559380473
DynamicProgramming,total_weight,mean_weight,0.04766172271548054
DynamicProgramming,total_weight,mean_value,0.029099404748338806
DynamicProgramming,total_weight,median_weight,0.044885534174080435
DynamicProgramming,total_weight,median_value,0.044656191553243005
DynamicProgramming,total_weight,std_weight,0.17334810904861853
DynamicProgramming,total_weight,std_value,0.16291829576158431
DynamicProgramming,total_weight,min_weight,-0.5290094110304987
DynamicProgramming,total_weight,max_weight,0.5554467627739182
DynamicProgramming,total_weight,min_value,-0.49290047659043096
DynamicProgramming,total_weight,max_value,0.48883175720656513
DynamicProgramming,total_weight,weight_cv,0.015010387422292099
DynamicProgramming,total_weight,value_cv,0.021328913819404664
DynamicProgramming,total_weight,weight_skewness,-0.03820921552434654
DynamicProgramming,total_weight,value_skewness,-0.01670545050048542
DynamicProgramming,total_weight,weight_kurtosis,-0.2355494027457473
DynamicProgramming,total_weight,value_kurtosis,-0.2035421060791444
DynamicProgramming,total_weight,capacity_ratio,-0.06464995258460317
DynamicProgramming,total_weight,slack,0.9709711695619664
DynamicProgramming,total_weight,average_fillable_items,0.3245400227975114
DynamicProgramming,total_weight,pearson_corr,-0.002922527439338865
DynamicProgramming,total_weight,spearman_corr,0.02422182591061744
DynamicProgramming,total_weight,kendall_corr,-0.024414117894485263
DynamicProgramming,total_weight,mean_ratio,-0.019749010170124228
DynamicProgramming,total_weight,median_ratio,-0.07172851507661282
DynamicProgramming,total_weight,std_ratio,0.10221902539401054
DynamicProgramming,total_weight,ratio_entropy,-0.319239031582103
DynamicProgramming,total_weight,unique_ratio_count,0.9964773125106209
DynamicProgramming,total_weight,duplicate_ratio_fraction,0.4946982533863984
DynamicProgramming,total_weight,unique_weights,0.9966048687475926
DynamicProgramming,total_weight,unique_values,0.9967256197705915
DynamicProgramming,total_weight,unique_pairs,0.996254520585926
DynamicProgramming,total_weight,duplicate_items,0.6299892089824849
DynamicProgramming,total_weight,duplicate_pairs,0.6292398362381354
DynamicProgramming,total_weight,time_millis,0.5156109985048498
DynamicProgramming,total_weight,memory_bytes,0.4267219278877305
DynamicProgramming,total_weight,memory_mb,0.4267283322948198
DynamicProgramming,total_weight,solution_value,0.5399186541467288
DynamicProgramming,total_weight,optimal_value,0.5399186541467288
DynamicProgramming,total_weight,nodes_generated,0.5945235423841161
DynamicProgramming,total_weight,internal_nodes,0.582817665709861
DynamicProgramming,total_weight,max_depth,0.8085411506806558
DynamicProgramming,total_weight,mean_depth,0.7275142181705476
DynamicProgramming,total_weight,median_depth,0.713510675852113
DynamicProgramming,total_weight,mean_queue_size,0.5503976699447684
DynamicProgramming,total_weight,final_queue_size,0.23965122866128868
DynamicProgramming,total_weight,mean_bound,0.5399143783417623
DynamicProgramming,total_weight,bound_variance,-0.23094141660040013
DynamicProgramming,total_weight,min_bound,0.5401584634819728
DynamicProgramming,total_weight,max_bound,0.5399067543041383
DynamicProgramming,total_weight,mean_bound_gap,0.050605869871207465
DynamicProgramming,total_weight,bound_gap_variance,0.1773619151537573
DynamicProgramming,total_weight,pruned_by_bound,0.0793739030976436
DynamicProgramming,total_weight,pruned_by_cap,0.23989249221394907
DynamicProgramming,total_weight,left_branches,0.5148695967725536
DynamicProgramming,total_weight,right_branches,0.5907744428983831
DynamicProgramming,total_weight,explored_children,0.5913045792925058
DynamicProgramming,total_weight,skipped_children,0.5337489584017147
DynamicProgramming,total_weight,skipped_infeasible,0.4648207198406886
DynamicProgramming,total_weight,skipped_by_bound,0.20815293324295042
DynamicProgramming,total_weight,improvement_count,0.5615831157769571
DynamicProgramming,total_weight,sum_improvement_amount,0.4535291755384557
DynamicProgramming,total_weight,mean_improvement_amount,0.003163453595467431
DynamicProgramming,total_weight,last_improvement_node,0.16557633378915235
DynamicProgramming,total_weight,pruned_generated_ratio,-0.008496556229154358
DynamicProgramming,total_weight,avg_branching_factor,0.2609696189615879
DynamicProgramming,total_weight,capacity_density,-0.05906659572806473
DynamicProgramming,total_weight,cells_allocated,0.32761622589839146
DynamicProgramming,total_weight,total_evaluations,0.6666633901072923
DynamicProgramming,total_weight,include_count,0.4974496624948913
DynamicProgramming,total_weight,exclude_count,0.7466354126115569
DynamicProgramming,total_weight,tie_count,0.5201358426804424
DynamicProgramming,total_weight,include_ratio,-0.3085419711844952
DynamicProgramming,total_weight,nonzero_value_states,0.33060067574293134
DynamicProgramming,total_weight,zero_value_states,-0.7428866737855152
DynamicProgramming,total_weight,fill_rate,0.41127720690937825
DynamicProgramming,total_weight,mean_cell_value,0.5050467240707107
DynamicProgramming,total_weight,cell_value_variance,0.48936019301643446
DynamicProgramming,total_weight,dp_sum_improvement_amount,0.40053349636094654
DynamicProgramming,total_weight,dp_mean_improvement_amount,-0.160459472642852
DynamicProgramming,total_weight,updates_per_cell,0.7011226805073717
DynamicProgramming,total_weight,selected_count,0.5633500481013785
DynamicProgramming,total_weight,solution_density,-0.14709827699229333
DynamicProgramming,total_weight,residual_capacity,-0.19080673862467978
DynamicProgramming,total_weight,capacity_utilization,0.429170624184258
DynamicProgramming,total_weight,last_selected_position,0.6580278454871433
DynamicProgramming,total_weight,first_skipped_position,0.5613335802557525
DynamicProgramming,total_weight,log_time_millis,0.7133859560840388
DynamicProgramming,total_weight,log_memory_mb,0.045835383983816994
DynamicProgramming,total_weight,AlmostEqualRatios,-0.0007379331923536142
DynamicProgramming,total_weight,InverseCorrelated,0.0010059956338830025
DynamicProgramming,total_weight,StronglyCorrelated,0.0002229130440016693
DynamicProgramming,total_weight,WeaklyCorrelated,0.0011548267745233262
DynamicProgramming,total_weight,log_n,0.9984505232074993
DynamicProgramming,total_value,mean_weight,0.013501947831707856
DynamicProgramming,total_value,mean_value,0.06303315056070803
DynamicProgramming,total_value,median_weight,0.014631221899705588
DynamicProgramming,total_value,median_value,0.07510287206995551
DynamicProgramming,total_value,std_weight,0.16991481438897976
DynamicProgramming,total_value,std_value,0.1607312135867842
DynamicProgramming,total_value,min_weight,-0.5338070054901022
DynamicProgramming,total_value,max_weight,0.5466731285434578
DynamicProgramming,total_value,min_value,-0.4837237934508116
DynamicProgramming,total_value,max_value,0.49169804877397155
DynamicProgramming,total_value,weight_cv,0.04044321859109144
DynamicProgramming,total_value,value_cv,-0.007121399807894476
DynamicProgramming,total_value,weight_skewness,-0.008950849622909545
DynamicProgramming,total_value,value_skewness,-0.04597401693346432
DynamicProgramming,total_value,weight_kurtosis,-0.2337943420717829
DynamicProgramming,total_value,value_kurtosis,-0.2036979739137072
DynamicProgramming,total_value,capacity_ratio,-0.06432569025937054
DynamicProgramming,total_value,slack,0.969102932224663
DynamicProgramming,total_value,average_fillable_items,0.3251597329595434
DynamicProgramming,total_value,pearson_corr,0.0004721063929879413
DynamicProgramming,total_value,spearman_corr,0.027573915435603988
DynamicProgramming,total_value,kendall_corr,-0.021022593405931496
DynamicProgramming,total_value,mean_ratio,-0.012703692050986374
DynamicProgramming,total_value,median_ratio,-0.020045597686152238
DynamicProgramming,total_value,std_ratio,0.10616492220318023
DynamicProgramming,total_value,ratio_entropy,-0.31939864090800957
DynamicProgramming,total_value,unique_ratio_count,0.9965098565154346
DynamicProgramming,total_value,duplicate_ratio_fraction,0.4943630283334578
DynamicProgramming,total_value,unique_weights,0.9966625580973922
DynamicProgramming,total_value,unique_values,0.9967752644523327
DynamicProgramming,total_value,unique_pairs,0.9962990513829186
DynamicProgramming,total_value,duplicate_items,0.6307450329316538
DynamicProgramming,total_value,duplicate_pairs,0.6299959861007236
DynamicProgramming,total_value,time_millis,0.5153053601357969
DynamicProgramming,total_value,memory_bytes,0.42587049687640255
DynamicProgramming,total_value,memory_mb,0.4258765939946758
DynamicProgramming,total_value,solution_value,0.5397876426931935
DynamicProgramming,total_value,optimal_value,0.5397876426931935
DynamicProgramming,total_value,nodes_generated,0.5954060092040661
DynamicProgramming,total_value,internal_nodes,0.5836526990145128
DynamicProgramming,total_value,max_depth,0.8084387194502436
DynamicProgramming,total_value,mean_depth,0.7277614517168429
DynamicProgramming,total_value,median_depth,0.7137670096849741
DynamicProgramming,total_value,mean_queue_size,0.5513085268860702
DynamicProgramming,total_value,final_queue_size,0.23966810002474123
DynamicProgramming,total_value,mean_bound,0.5397842912715739
DynamicProgramming,total_value,bound_variance,-0.23273532758940946
DynamicProgramming,total_value,min_bound,0.5400353565187408
DynamicProgramming,total_value,max_bound,0.539777378949479
DynamicProgramming,total_value,mean_bound_gap,0.05118132836204588
DynamicProgramming,total_value,bound_gap_variance,0.17810648480740268
DynamicProgramming,total_value,pruned_by_bound,0.07988891177732473
DynamicProgramming,total_value,pruned_by_cap,0.23992456701053647
DynamicProgramming,total_value,left_branches,0.5159029425555481
DynamicProgramming,total_value,right_branches,0.5915769615411821
DynamicProgramming,total_value,explored_children,0.5921853593110588
DynamicProgramming,total_value,skipped_children,0.5344791058823183
DynamicProgramming,total_value,skipped_infeasible,0.4647122817177778
DynamicProgramming,total_value,skipped_by_bound,0.20914580241794503
DynamicProgramming,total_value,improvement_count,0.5616088448676265
DynamicProgramming,total_value,sum_improvement_amount,0.45442439545368596
DynamicProgramming,total_value,mean_improvement_amount,0.003480191170101259
DynamicProgramming,total_value,last_improvement_node,0.166181506093505
DynamicProgramming,total_value,pruned_generated_ratio,-0.007861547000663433
DynamicProgramming,total_value,avg_branching_factor,0.2616016638251155
DynamicProgramming,total_value,capacity_density,-0.06172278398044379
DynamicProgramming,total_value,cells_allocated,0.32699920297329016
DynamicProgramming,total_value,total_evaluations,0.6666699169846249
DynamicProgramming,total_value,include_count,0.49764735766322266
DynamicProgramming,total_value,exclude_count,0.7463853634836076
DynamicProgramming,total_value,tie_count,0.5240848565774877
DynamicProgramming,total_value,include_ratio,-0.30746432985203853
DynamicProgramming,total_value,nonzero_value_states,0.33002007785698567
DynamicProgramming,total_value,zero_value_states,-0.7463359173764935
DynamicProgramming,total_value,fill_rate,0.4146639556820202
DynamicProgramming,total_value,mean_cell_value,0.5048488571357803
DynamicProgramming,total_value,cell_value_variance,0.4890397892277461
DynamicProgramming,total_value,dp_sum_improvement_amount,0.40058744088788917
DynamicProgramming,total_value,dp_mean_improvement_amount,-0.16095229593121813
DynamicProgramming,total_value,updates_per_cell,0.7024525816432292
DynamicProgramming,total_value,selected_count,0.5632713396995621
DynamicProgramming,total_value,solution_density,-0.14477827359946555
DynamicProgramming,total_value,residual_capacity,-0.19383574688875627
DynamicProgramming,total_value,capacity_utilization,0.43199508797769487
DynamicProgramming,total_value,last_selected_position,0.6576769027647225
DynamicProgramming,total_value,first_skipped_position,0.5612504054083903
DynamicProgramming,total_value,log_time_millis,0.7135666393053742
DynamicProgramming,total_value,log_memory_mb,0.04536121233805535
DynamicProgramming,total_value,AlmostEqualRatios,-0.0014178877746173772
DynamicProgramming,total_value,InverseCorrelated,-0.0017820804381880899
DynamicProgramming,total_value,StronglyCorrelated,0.0036210043018137135
DynamicProgramming,total_value,WeaklyCorrelated,0.001072982929269945
DynamicProgramming,total_value,log_n,0.998454478848765
DynamicProgramming,mean_weight,mean_value,0.3831700736526396
DynamicProgramming,mean_weight,median_weight,0.8901935185854343
DynamicProgramming,mean_weight,median_value,0.3270879100099349
DynamicProgramming,mean_weight,std_weight,0.06954076284110287
DynamicProgramming,mean_weight,std_value,0.0657359939570525
DynamicProgramming,mean_weight,min_weight,0.22329991612355576
DynamicProgramming,mean_weight,max_weight,0.25638974562694306
DynamicProgramming,mean_weight,min_value,0.11073853202579136
DynamicProgramming,mean_weight,max_value,0.1252998285073399
DynamicProgramming,mean_weight,weight_cv,-0.7686718884931676
DynamicProgramming,mean_weight,value_cv,-0.2581391231176498
DynamicProgramming,mean_weight,weight_skewness,-0.8289838859924666
DynamicProgramming,mean_weight,value_skewness,-0.2717191465665569
DynamicProgramming,mean_weight,weight_kurtosis,-0.04000463496044582
DynamicProgramming,mean_weight,value_kurtosis,-0.003135611385576844
DynamicProgramming,mean_weight,capacity_ratio,-0.009897907711270143
DynamicProgramming,mean_weight,slack,0.047601858250772795
DynamicProgramming,mean_weight,average_fillable_items,-0.020686998817163488
DynamicProgramming,mean_weight,pearson_corr,-0.011804417771988067
DynamicProgramming,mean_weight,spearman_corr,-0.015362465622079388
DynamicProgramming,mean_weight,kendall_corr,-0.013881051777852099
DynamicProgramming,mean_weight,mean_ratio,-0.09060452622890748
DynamicProgramming,mean_weight,median_ratio,-0.4700535631111503
DynamicProgramming,mean_weight,std_ratio,-0.05982740058472592
DynamicProgramming,mean_weight,ratio_entropy,0.009528314075713284
DynamicProgramming,mean_weight,unique_ratio_count,-0.007258113485622605
DynamicProgramming,mean_weight,duplicate_ratio_fraction,-0.012288444928820615
DynamicProgramming,mean_weight,unique_weights,-0.008744556361008906
DynamicProgramming,mean_weight,unique_values,-0.0076255301117210085
DynamicProgramming,mean_weight,unique_pairs,-0.00796505056177065
DynamicProgramming,mean_weight,duplicate_items,-0.0014844953944221728
DynamicProgramming,mean_weight,duplicate_pairs,-0.0014655371120821375
DynamicProgramming,mean_weight,time_millis,0.0027983549727019085
DynamicProgramming,mean_weight,memory_bytes,0.012136990024048869
DynamicProgramming,mean_weight,memory_mb,0.01213816555607301
DynamicProgramming,mean_weight,solution_value,-0.0009140596356783825
DynamicProgramming,mean_weight,optimal_value,-0.0009140596356783825
DynamicProgramming,mean_weight,nodes_generated,0.002268261777591234
DynamicProgramming,mean_weight,internal_nodes,0.005023502845674506
DynamicProgramming,mean_weight,max_depth,0.0005977262256595307
DynamicProgramming,mean_weight,mean_depth,-0.0011062455573762698
DynamicProgramming,mean_weight,median_depth,-0.0014122535576130825
DynamicProgramming,mean_weight,mean_queue_size,-0.01830913136950473
DynamicProgramming,mean_weight,final_queue_size,0.0012249020396794402
DynamicProgramming,mean_weight,mean_bound,-0.0009097284802333337
DynamicProgramming,mean_weight,bound_variance,-0.0006616693284083162
DynamicProgramming,mean_weight,min_bound,-0.0008691338704556887
DynamicProgramming,mean_weight,max_bound,-0.0009284087981588535
DynamicProgramming,mean_weight,mean_bound_gap,-0.022856305030309852
DynamicProgramming,mean_weight,bound_gap_variance,-0.02043513626298074
DynamicProgramming,mean_weight,pruned_by_bound,-0.05905059174167068
DynamicProgramming,mean_weight,pruned_by_cap,0.0012690680439920701
DynamicProgramming,mean_weight,left_branches,-0.0137862152121795
DynamicProgramming,mean_weight,right_branches,0.006076544608789357
DynamicProgramming,mean_weight,explored_children,0.002308566919693737
DynamicProgramming,mean_weight,skipped_children,0.010037745899975126
DynamicProgramming,mean_weight,skipped_infeasible,0.01617436565989448
DynamicProgramming,mean_weight,skipped_by_bound,0.002335655060786637
DynamicProgramming,mean_weight,improvement_count,-0.0038189109620494154
DynamicProgramming,mean_weight,sum_improvement_amount,-0.009696122019119928
DynamicProgramming,mean_weight,mean_improvement_amount,0.0334952776814632
DynamicProgramming,mean_weight,last_improvement_node,0.004024303147032438
DynamicProgramming,mean_weight,pruned_generated_ratio,-0.05240325991706877
DynamicProgramming,mean_weight,avg_branching_factor,-0.005818413657936501
DynamicProgramming,mean_weight,capacity_density,0.07763896058005129
DynamicProgramming,mean_weight,cells_allocated,0.01561372968112208
DynamicProgramming,mean_weight,total_evaluations,-0.005186668978619739
DynamicProgramming,mean_weight,include_count,-0.007603510681956228
DynamicProgramming,mean_weight,exclude_count,-0.0010728544015763913
DynamicProgramming,mean_weight,tie_count,-0.06079981327871835
DynamicProgramming,mean_weight,include_ratio,-0.02052267567456058
DynamicProgramming,mean_weight,nonzero_value_states,0.01389398984317715
DynamicProgramming,mean_weight,zero_value_states,0.12843890898898364
DynamicProgramming,mean_weight,fill_rate,-0.16295460614454255
DynamicProgramming,mean_weight,mean_cell_value,-0.002622242809098423
DynamicProgramming,mean_weight,cell_value_variance,0.0006840022469814865
DynamicProgramming,mean_weight,dp_sum_improvement_amount,0.0019925771124730094
DynamicProgramming,mean_weight,dp_mean_improvement_amount,0.035537355566281424
DynamicProgramming,mean_weight,updates_per_cell,-0.03972865313891734
DynamicProgramming,mean_weight,selected_count,-0.004416858931217207
DynamicProgramming,mean_weight,solution_density,-0.051158314366254544
DynamicProgramming,mean_weight,residual_capacity,0.06069639662685728
DynamicProgramming,mean_weight,capacity_utilization,-0.07393297745036827
DynamicProgramming,mean_weight,last_selected_position,-0.0014094291230110345
DynamicProgramming,mean_weight,first_skipped_position,-0.004140458814139403
DynamicProgramming,mean_weight,log_time_millis,-0.00618605327046812
DynamicProgramming,mean_weight,log_memory_mb,0.0015475247604594298
DynamicProgramming,mean_weight,AlmostEqualRatios,-0.012843655247160853
DynamicProgramming,mean_weight,InverseCorrelated,0.01816046233022384
DynamicProgramming,mean_weight,StronglyCorrelated,0.0029476296281427347
DynamicProgramming,mean_weight,WeaklyCorrelated,0.020398920620882048
DynamicProgramming,mean_weight,log_n,-0.007761736604608579
DynamicProgramming,mean_value,median_weight,0.3437864031377868
DynamicProgramming,mean_value,median_value,0.8812141837257296
DynamicProgramming,mean_value,std_weight,0.014557975119664435
DynamicProgramming,mean_value,std_value,0.024436890719434612
DynamicProgramming,mean_value,min_weight,0.126060635120515
DynamicProgramming,mean_value,max_weight,0.10833603722565864
DynamicProgramming,mean_value,min_value,0.27304556829210813
DynamicProgramming,mean_value,max_value,0.18382460555338473
DynamicProgramming,mean_value,weight_cv,-0.307941158003204
DynamicProgramming,mean_value,value_cv,-0.775873999918868
DynamicProgramming,mean_value,weight_skewness,-0.30136371582323745
DynamicProgramming,mean_value,value_skewness,-0.8027771915144392
DynamicProgramming,mean_value,weight_kurtosis,-0.018056005964726035
DynamicProgramming,mean_value,value_kurtosis,-0.005855524026537881
DynamicProgramming,mean_value,capacity_ratio,-0.005086887022055722
DynamicProgramming,mean_value,slack,0.028874939791415175
DynamicProgramming,mean_value,average_fillable_items,-0.004514572298231163
DynamicProgramming,mean_value,pearson_corr,0.05050737352768894
DynamicProgramming,mean_value,spearman_corr,0.04657012529086935
DynamicProgramming,mean_value,kendall_corr,0.04785989913869764
DynamicProgramming,mean_value,mean_ratio,0.036391321338583235
DynamicProgramming,mean_value,median_ratio,0.4610555393532891
DynamicProgramming,mean_value,std_ratio,0.012942180107442467
DynamicProgramming,mean_value,ratio_entropy,0.0012638913545077947
DynamicProgramming,mean_value,unique_ratio_count,0.008682627242356541
DynamicProgramming,mean_value,duplicate_ratio_fraction,-0.010811676783343759
DynamicProgramming,mean_value,unique_weights,0.007661990280054217
DynamicProgramming,mean_value,unique_values,0.008590953188534357
DynamicProgramming,mean_value,unique_pairs,0.00819664484488055
DynamicProgramming,mean_value,duplicate_items,0.02200071131931136
DynamicProgramming,mean_value,duplicate_pairs,0.022015031686232096
DynamicProgramming,mean_value,time_millis,0.005202524287870328
DynamicProgramming,mean_value,memory_bytes,0.003089137145009768
DynamicProgramming,mean_value,memory_mb,0.0030848629775258297
DynamicProgramming,mean_value,solution_value,0.004963014554867475
DynamicProgramming,mean_value,optimal_value,0.004963014554867475
DynamicProgramming,mean_value,nodes_generated,0.027724799017752128
DynamicProgramming,mean_value,internal_nodes,0.02947345623629257
DynamicProgramming,mean_value,max_depth,0.01121751747517301
DynamicProgramming,mean_value,mean_depth,0.014695009304014987
DynamicProgramming,mean_value,median_depth,0.014342523302406181
DynamicProgramming,mean_value,mean_queue_size,0.006825169055278144
DynamicProgramming,mean_value,final_queue_size,0.005272130853687972
DynamicProgramming,mean_value,mean_bound,0.004983880396564347
DynamicProgramming,mean_value,bound_variance,-0.03775637163741435
DynamicProgramming,mean_value,min_bound,0.005157928699201756
DynamicProgramming,mean_value,max_bound,0.004976685503205667
DynamicProgramming,mean_value,mean_bound_gap,-0.01228336237988865
DynamicProgramming,mean_value,bound_gap_variance,-0.004766630633182618
DynamicProgramming,mean_value,pruned_by_bound,-0.04865595227726373
DynamicProgramming,mean_value,pruned_by_cap,0.005599848773004865
DynamicProgramming,mean_value,left_branches,0.013054212688809382
DynamicProgramming,mean_value,right_branches,0.03007271480527965
DynamicProgramming,mean_value,explored_children,0.027683854052948136
DynamicProgramming,mean_value,skipped_children,0.031892550493883204
DynamicProgramming,mean_value,skipped_infeasible,0.021943683569706506
DynamicProgramming,mean_value,skipped_by_bound,0.023831746024898265
DynamicProgramming,mean_value,improvement_count,0.005326818440153067
DynamicProgramming,mean_value,sum_improvement_amount,0.01313403854970306
DynamicProgramming,mean_value,mean_improvement_amount,0.038300832679501316
DynamicProgramming,mean_value,last_improvement_node,0.01776488450095116
DynamicProgramming,mean_value,pruned_generated_ratio,-0.04171589530981499
DynamicProgramming,mean_value,avg_branching_factor,0.009798129012141537
DynamicProgramming,mean_value,capacity_density,0.028716583198653476
DynamicProgramming,mean_value,cells_allocated,0.009532806950785592
DynamicProgramming,mean_value,total_evaluations,0.0052317747333266405
DynamicProgramming,mean_value,include_count,0.0036978579564081156
DynamicProgramming,mean_value,exclude_count,0.005881025401157598
DynamicProgramming,mean_value,tie_count,0.01972482264824151
DynamicProgramming,mean_value,include_ratio,-0.005551129373604681
DynamicProgramming,mean_value,nonzero_value_states,0.008536146363653652
DynamicProgramming,mean_value,zero_value_states,0.05424228400845436
DynamicProgramming,mean_value,fill_rate,-0.09360438724991797
DynamicProgramming,mean_value,mean_cell_value,0.0014775945834707878
DynamicProgramming,mean_value,cell_value_variance,0.0023723141669403855
DynamicProgramming,mean_value,dp_sum_improvement_amount,0.008958620411663164
DynamicProgramming,mean_value,dp_mean_improvement_amount,0.023193297725148772
DynamicProgramming,mean_value,updates_per_cell,-0.004773429280620447
DynamicProgramming,mean_value,selected_count,0.002831621002029596
DynamicProgramming,mean_value,solution_density,-0.01165757041778055
DynamicProgramming,mean_value,residual_capacity,0.002084620598249684
DynamicProgramming,mean_value,capacity_utilization,-0.015042725249472715
DynamicProgramming,mean_value,last_selected_position,0.0023124415983789264
DynamicProgramming,mean_value,first_skipped_position,0.0029938051795487274
DynamicProgramming,mean_value,log_time_millis,0.00823351395198058
DynamicProgramming,mean_value,log_memory_mb,-0.006489433679586278
DynamicProgramming,mean_value,AlmostEqualRatios,-0.024821912754576996
DynamicProgramming,mean_value,InverseCorrelated,-0.03237055826832946
DynamicProgramming,mean_value,StronglyCorrelated,0.06524177714677938
DynamicProgramming,mean_value,WeaklyCorrelated,0.019999286057598705
DynamicProgramming,mean_value,log_n,0.007685524219987563
DynamicProgramming,median_weight,median_value,0.36511780859328896
DynamicProgramming,median_weight,std_weight,0.050402082413756204
DynamicProgramming,median_weight,std_value,0.03789456835212213
DynamicProgramming,median_weight,min_weight,0.14972817493502208
DynamicProgramming,median_weight,max_weight,0.15136320012414564
DynamicProgramming,median_weight,min_value,0.07764187633296202
DynamicProgramming,median_weight,max_value,0.07020240605694533
DynamicProgramming,median_weight,weight_cv,-0.6993452558461447
DynamicProgramming,median_weight,value_cv,-0.2488938126985912
DynamicProgramming,median_weight,weight_skewness,-0.9013487169874798
DynamicProgramming,median_weight,value_skewness,-0.3183038166976763
DynamicProgramming,median_weight,weight_kurtosis,-0.034746261093049215
DynamicProgramming,median_weight,value_kurtosis,0.004541351350447845
DynamicProgramming,median_weight,capacity_ratio,-0.008389600008935455
DynamicProgramming,median_weight,slack,0.04465312609647353
DynamicProgramming,median_weight,average_fillable_items,-0.017602278091959123
DynamicProgramming,median_weight,pearson_corr,-0.012208906792693703
DynamicProgramming,median_weight,spearman_corr,-0.01572931934704855
DynamicProgramming,median_weight,kendall_corr,-0.013259365359934558
DynamicProgramming,median_weight,mean_ratio,-0.06954293351332609
DynamicProgramming,median_weight,median_ratio,-0.4931629375969705
DynamicProgramming,median_weight,std_ratio,-0.050326467455415046
DynamicProgramming,median_weight,ratio_entropy,0.0008957030793249361
DynamicProgramming,median_weight,unique_ratio_count,-0.0040427092044586065
DynamicProgramming,median_weight,duplicate_ratio_fraction,-0.009018148790862367
DynamicProgramming,median_weight,unique_weights,-0.005882441790512731
DynamicProgramming,median_weight,unique_values,-0.005022453244682412
DynamicProgramming,median_weight,unique_pairs,-0.004622600850322182
DynamicProgramming,median_weight,duplicate_items,0.0016677495194652673
DynamicProgramming,median_weight,duplicate_pairs,0.0016868879651680822
DynamicProgramming,median_weight,time_millis,0.005770968118162151
DynamicProgramming,median_weight,memory_bytes,0.013655992084863742
DynamicProgramming,median_weight,memory_mb,0.013657891856745874
DynamicProgramming,median_weight,solution_value,0.0021251001569904146
DynamicProgramming,median_weight,optimal_value,0.0021251001569904146
DynamicProgramming,median_weight,nodes_generated,0.0024261006659331828
DynamicProgramming,median_weight,internal_nodes,0.004382787038148771
DynamicProgramming,median_weight,max_depth,0.004581978257310202
DynamicProgramming,median_weight,mean_depth,0.002339770409345773
DynamicProgramming,median_weight,median_depth,0.0021403116519919294
DynamicProgramming,median_weight,mean_queue_size,-0.011827413741893939
DynamicProgramming,median_weight,final_queue_size,0.0035968004870734413
DynamicProgramming,median_weight,mean_bound,0.0021257574452674005
DynamicProgramming,median_weight,bound_variance,0.0031834470092332364
DynamicProgramming,median_weight,min_bound,0.0021401808128473066
DynamicProgramming,median_weight,max_bound,0.0021106075518592072
DynamicProgramming,median_weight,mean_bound_gap,-0.01604262156630645
DynamicProgramming,median_weight,bound_gap_variance,-0.013098933480203516
DynamicProgramming,median_weight,pruned_by_bound,-0.040760828783375336
DynamicProgramming,median_weight,pruned_by_cap,0.003612972768132983
DynamicProgramming,median_weight,left_branches,-0.008786134614937264
DynamicProgramming,median_weight,right_branches,0.005797948153330764
DynamicProgramming,median_weight,explored_children,0.003088306020334924
DynamicProgramming,median_weight,skipped_children,0.007746039158775295
DynamicProgramming,median_weight,skipped_infeasible,0.013032134459163156
DynamicProgramming,median_weight,skipped_by_bound,-0.001110161316358977
DynamicProgramming,median_weight,improvement_count,-4.3927883407163605e-05
DynamicProgramming,median_weight,sum_improvement_amount,-0.005827231608940344
DynamicProgramming,median_weight,mean_improvement_amount,0.024671956093430227
DynamicProgramming,median_weight,last_improvement_node,0.003926864338719173
DynamicProgramming,median_weight,pruned_generated_ratio,-0.037533578847692504
DynamicProgramming,median_weight,avg_branching_factor,-0.00020218665058096706
DynamicProgramming,median_weight,capacity_density,0.06945086647199526
DynamicProgramming,median_weight,cells_allocated,0.014704414456329884
DynamicProgramming,median_weight,total_evaluations,-0.003006353804651613
DynamicProgramming,median_weight,include_count,-0.004274981319906841
DynamicProgramming,median_weight,exclude_count,-0.00041276974490849264
DynamicProgramming,median_weight,tie_count,-0.0576002729701164
DynamicProgramming,median_weight,include_ratio,-0.010628524046016443
DynamicProgramming,median_weight,nonzero_value_states,0.013551338810688306
DynamicProgramming,median_weight,zero_value_states,0.08460113026623094
DynamicProgramming,median_weight,fill_rate,-0.10782333393795217
DynamicProgramming,median_weight,mean_cell_value,0.0002983351270840156
DynamicProgramming,median_weight,cell_value_variance,0.002738935694348244
DynamicProgramming,median_weight,dp_sum_improvement_amount,0.0042169294811294855
DynamicProgramming,median_weight,dp_mean_improvement_amount,0.03260577456919641
DynamicProgramming,median_weight,updates_per_cell,-0.03067389288984963
DynamicProgramming,median_weight,selected_count,-0.0004805288421732741
DynamicProgramming,median_weight,solution_density,-0.03918666683270324
DynamicProgramming,median_weight,residual_capacity,0.048198650174726465
DynamicProgramming,median_weight,capacity_utilization,-0.06211133105512292
DynamicProgramming,median_weight,last_selected_position,0.004487336757411751
DynamicProgramming,median_weight,first_skipped_position,-0.000389483062497998
DynamicProgramming,median_weight,log_time_millis,-0.004408882383703073
DynamicProgramming,median_weight,log_memory_mb,0.0016190145616488767
DynamicProgramming,median_weight,AlmostEqualRatios,-0.015628135624704526
DynamicProgramming,median_weight,InverseCorrelated,0.014982879327886665
DynamicProgramming,median_weight,StronglyCorrelated,0.0021621006198428642
DynamicProgramming,median_weight,WeaklyCorrelated,0.015474904826549655
DynamicProgramming,median_weight,log_n,-0.004431881016100886
DynamicProgramming,median_value,std_weight,0.00451704382830996
DynamicProgramming,median_value,std_value,0.0012665572087043528
DynamicProgramming,median_value,min_weight,0.06553913305524942
DynamicProgramming,median_value,max_weight,0.07474421580555386
DynamicProgramming,median_value,min_value,0.17011200917367017
DynamicProgramming,median_value,max_value,0.10744882317103635
DynamicProgramming,median_value,weight_cv,-0.27439631180541574
DynamicProgramming,median_value,value_cv,-0.7050936616991001
DynamicProgramming,median_value,weight_skewness,-0.32229588844268775
DynamicProgramming,median_value,value_skewness,-0.8845379166560118
DynamicProgramming,median_value,weight_kurtosis,0.0022067777645178367
DynamicProgramming,median_value,value_kurtosis,0.004492530459371623
DynamicProgramming,median_value,capacity_ratio,-0.0062282948548220566
DynamicProgramming,median_value,slack,0.04400123900478854
DynamicProgramming,median_value,average_fillable_items,0.002601572172704638
DynamicProgramming,median_value,pearson_corr,0.02050488227763328
DynamicProgramming,median_value,spearman_corr,0.01722169465902465
DynamicProgramming,median_value,kendall_corr,0.019458807292714306
DynamicProgramming,median_value,mean_ratio,0.03946860087392036
DynamicProgramming,median_value,median_ratio,0.49697418340461597
DynamicProgramming,median_value,std_ratio,0.025393591249850644
DynamicProgramming,median_value,ratio_entropy,-0.01757627664700964
DynamicProgramming,median_value,unique_ratio_count,0.027157996430530695
DynamicProgramming,median_value,duplicate_ratio_fraction,0.0011453469786162351
DynamicProgramming,median_value,unique_weights,0.027144277195517177
DynamicProgramming,median_value,unique_values,0.0279456068248709
DynamicProgramming,median_value,unique_pairs,0.026498126950704134
DynamicProgramming,median_value,duplicate_items,0.0408171905983398
DynamicProgramming,median_value,duplicate_pairs,0.04083060079824691
DynamicProgramming,median_value,time_millis,0.008891159176473703
DynamicProgramming,median_value,memory_bytes,0.005333737345089939
DynamicProgramming,median_value,memory_mb,0.0053290884864306215
DynamicProgramming,median_value,solution_value,0.01414095727377898
DynamicProgramming,median_value,optimal_value,0.01414095727377898
DynamicProgramming,median_value,nodes_generated,0.035705426527055224
DynamicProgramming,median_value,internal_nodes,0.03695875663952545
DynamicProgramming,median_value,max_depth,0.02063360727534656
DynamicProgramming,median_value,mean_depth,0.02118556015768492
DynamicProgramming,median_value,median_depth,0.020573145119018567
DynamicProgramming,median_value,mean_queue_size,0.018966016221902384
DynamicProgramming,median_value,final_queue_size,0.004270250043565741
DynamicProgramming,median_value,mean_bound,0.0141612148829638
DynamicProgramming,median_value,bound_variance,-0.019305605792606068
DynamicProgramming,median_value,min_bound,0.014242113509063827
DynamicProgramming,median_value,max_bound,0.014183360572651271
DynamicProgramming,median_value,mean_bound_gap,-0.00154476588574433
DynamicProgramming,median_value,bound_gap_variance,0.009001922217162114
DynamicProgramming,median_value,pruned_by_bound,-0.026251258653569406
DynamicProgramming,median_value,pruned_by_cap,0.004482462670384603
DynamicProgramming,median_value,left_branches,0.023254261161532022
DynamicProgramming,median_value,right_branches,0.03810627113522371
DynamicProgramming,median_value,explored_children,0.03613285012085294
DynamicProgramming,median_value,skipped_children,0.03802075598837288
DynamicProgramming,median_value,skipped_infeasible,0.027269169767228194
DynamicProgramming,median_value,skipped_by_bound,0.03139008426745201
DynamicProgramming,median_value,improvement_count,0.012204530758807454
DynamicProgramming,median_value,sum_improvement_amount,0.028967354926230707
DynamicProgramming,median_value,mean_improvement_amount,0.04782367511775233
DynamicProgramming,median_value,last_improvement_node,0.013893877064005649
DynamicProgramming,median_value,pruned_generated_ratio,-0.03518620838912321
DynamicProgramming,median_value,avg_branching_factor,0.0190659030989925
DynamicProgramming,median_value,capacity_density,0.022619389945890935
DynamicProgramming,median_value,cells_allocated,0.014629535718652874
DynamicProgramming,median_value,total_evaluations,0.01776788500053566
DynamicProgramming,median_value,include_count,0.014557107221890648
DynamicProgramming,median_value,exclude_count,0.019189204797074658
DynamicProgramming,median_value,tie_count,0.020040117348708454
DynamicProgramming,median_value,include_ratio,-0.005204500872912031
DynamicProgramming,median_value,nonzero_value_states,0.014088957630345036
DynamicProgramming,median_value,zero_value_states,0.01590609018222527
DynamicProgramming,median_value,fill_rate,-0.047723633352353974
DynamicProgramming,median_value,mean_cell_value,0.011703415653499735
DynamicProgramming,median_value,cell_value_variance,0.008392161584111798
DynamicProgramming,median_value,dp_sum_improvement_amount,0.02067198259549353
DynamicProgramming,median_value,dp_mean_improvement_amount,0.03179864072900172
DynamicProgramming,median_value,updates_per_cell,0.013423250833897418
DynamicProgramming,median_value,selected_count,0.010563229488475103
DynamicProgramming,median_value,solution_density,-0.006927291341045989
DynamicProgramming,median_value,residual_capacity,0.011456384920895065
DynamicProgramming,median_value,capacity_utilization,-0.005223298651654207
DynamicProgramming,median_value,last_selected_position,0.010885014153184535
DynamicProgramming,median_value,first_skipped_position,0.010647394675466264
DynamicProgramming,median_value,log_time_millis,0.019044912237452527
DynamicProgramming,median_value,log_memory_mb,-0.0077621008261156916
DynamicProgramming,median_value,AlmostEqualRatios,-0.032326830870380255
DynamicProgramming,median_value,InverseCorrelated,-0.008979675241772045
DynamicProgramming,median_value,StronglyCorrelated,0.047480902964440796
DynamicProgramming,median_value,WeaklyCorrelated,0.006056060046776798
DynamicProgramming,median_value,log_n,0.02638287775601278
DynamicProgramming,std_weight,std_value,0.7850457435267225
DynamicProgramming,std_weight,min_weight,-0.40112383312056343
DynamicProgramming,std_weight,max_weight,0.4026629045146238
DynamicProgramming,std_weight,min_value,-0.3117933109019523
DynamicProgramming,std_weight,max_value,0.2626950155011413
DynamicProgramming,std_weight,weight_cv,0.5620722946077629
DynamicProgramming,std_weight,value_cv,0.46299679835426605
DynamicProgramming,std_weight,weight_skewness,-0.06103806268382995
DynamicProgramming,std_weight,value_skewness,0.007589059378830667
DynamicProgramming,std_weight,weight_kurtosis,-0.6706136472189492
DynamicProgramming,std_weight,value_kurtosis,-0.5232802198620586
DynamicProgramming,std_weight,capacity_ratio,-0.014501711788620471
DynamicProgramming,std_weight,slack,0.168933672362971
DynamicProgramming,std_weight,average_fillable_items,0.0534212573457368
DynamicProgramming,std_weight,pearson_corr,-0.015313131908127784
DynamicProgramming,std_weight,spearman_corr,-0.012804668404713344
DynamicProgramming,std_weight,kendall_corr,-0.024363664855342172
DynamicProgramming,std_weight,mean_ratio,0.127601321997867
DynamicProgramming,std_weight,median_ratio,-0.05900001750519722
DynamicProgramming,std_weight,std_ratio,0.11026973114018404
DynamicProgramming,std_weight,ratio_entropy,-0.10594611422060948
DynamicProgramming,std_weight,unique_ratio_count,0.1689970850945393
DynamicProgramming,std_weight,duplicate_ratio_fraction,0.07729076546513175
DynamicProgramming,std_weight,unique_weights,0.1724473598797129
DynamicProgramming,std_weight,unique_values,0.1726562081567604
DynamicProgramming,std_weight,unique_pairs,0.16952658204900173
DynamicProgramming,std_weight,duplicate_items,0.09792396946526565
DynamicProgramming,std_weight,duplicate_pairs,0.09783908911937923
DynamicProgramming,std_weight,time_millis,0.06479970134691317
DynamicProgramming,std_weight,memory_bytes,0.05004294557502847
DynamicProgramming,std_weight,memory_mb,0.05003675635035493
DynamicProgramming,std_weight,solution_value,0.07605271500184992
DynamicProgramming,std_weight,optimal_value,0.07605271500184992
DynamicProgramming,std_weight,nodes_generated,0.07933562130437645
DynamicProgramming,std_weight,internal_nodes,0.07473855874932003
DynamicProgramming,std_weight,max_depth,0.10865203981090017
DynamicProgramming,std_weight,mean_depth,0.09830244936617621
DynamicProgramming,std_weight,median_depth,0.09693352007551893
DynamicProgramming,std_weight,mean_queue_size,0.07933665758097104
DynamicProgramming,std_weight,final_queue_size,0.026743265987456955
DynamicProgramming,std_weight,mean_bound,0.07601473166970096
DynamicProgramming,std_weight,bound_variance,-0.016446679930584435
DynamicProgramming,std_weight,min_bound,0.07592740564225088
DynamicProgramming,std_weight,max_bound,0.07603145219078214
DynamicProgramming,std_weight,mean_bound_gap,0.03977566614313173
DynamicProgramming,std_weight,bound_gap_variance,0.0607992532506467
DynamicProgramming,std_weight,pruned_by_bound,0.06926467465336682
DynamicProgramming,std_weight,pruned_by_cap,0.026779445712415736
DynamicProgramming,std_weight,left_branches,0.07437127209908116
DynamicProgramming,std_weight,right_branches,0.07534931738291417
DynamicProgramming,std_weight,explored_children,0.07710152873115135
DynamicProgramming,std_weight,skipped_children,0.061794746151655824
DynamicProgramming,std_weight,skipped_infeasible,0.05450413002939992
DynamicProgramming,std_weight,skipped_by_bound,0.01282229977580273
DynamicProgramming,std_weight,improvement_count,0.07935714398271167
DynamicProgramming,std_weight,sum_improvement_amount,0.08965563586100146
DynamicProgramming,std_weight,mean_improvement_amount,0.010282438596820822
DynamicProgramming,std_weight,last_improvement_node,0.018808494362538026
DynamicProgramming,std_weight,pruned_generated_ratio,0.05413086412696905
DynamicProgramming,std_weight,avg_branching_factor,0.03313907000044195
DynamicProgramming,std_weight,capacity_density,-0.0076302029450738065
DynamicProgramming,std_weight,cells_allocated,0.05679090587856588
DynamicProgramming,std_weight,total_evaluations,0.11328393583666921
DynamicProgramming,std_weight,include_count,0.09564243933896441
DynamicProgramming,std_weight,exclude_count,0.11685237551172967
DynamicProgramming,std_weight,tie_count,0.08996368025418178
DynamicProgramming,std_weight,include_ratio,0.007902805773221786
DynamicProgramming,std_weight,nonzero_value_states,0.05977729155777919
DynamicProgramming,std_weight,zero_value_states,-0.2933603528477053
DynamicProgramming,std_weight,fill_rate,0.31076389460226483
DynamicProgramming,std_weight,mean_cell_value,0.07254807822259578
DynamicProgramming,std_weight,cell_value_variance,0.05958534744213242
DynamicProgramming,std_weight,dp_sum_improvement_amount,0.07804275272330256
DynamicProgramming,std_weight,dp_mean_improvement_amount,-0.026635273304827945
DynamicProgramming,std_weight,updates_per_cell,0.1435222450343025
DynamicProgramming,std_weight,selected_count,0.08022703832034271
DynamicProgramming,std_weight,solution_density,0.010743655211947591
DynamicProgramming,std_weight,residual_capacity,-0.04218611086560645
DynamicProgramming,std_weight,capacity_utilization,0.09733748573190498
DynamicProgramming,std_weight,last_selected_position,0.09347732130238225
DynamicProgramming,std_weight,first_skipped_position,0.07926453253498597
DynamicProgramming,std_weight,log_time_millis,0.12326446084596286
DynamicProgramming,std_weight,log_memory_mb,0.005920586858480073
DynamicProgramming,std_weight,AlmostEqualRatios,0.015480255183331158
DynamicProgramming,std_weight,InverseCorrelated,0.020041051410703968
DynamicProgramming,std_weight,StronglyCorrelated,-0.019197726131576772
DynamicProgramming,std_weight,WeaklyCorrelated,-0.009110280910671646
DynamicProgramming,std_weight,log_n,0.16873618974647825
DynamicProgramming,std_value,min_weight,-0.31828873856968554
DynamicProgramming,std_value,max_weight,0.348605177826248
DynamicProgramming,std_value,min_value,-0.3806243634875398
DynamicProgramming,std_value,max_value,0.37027465124462106
DynamicProgramming,std_value,weight_cv,0.43038123958296287
DynamicProgramming,std_value,value_cv,0.5884882328876082
DynamicProgramming,std_value,weight_skewness,-0.042564774202208
DynamicProgramming,std_value,value_skewness,0.02121546140024853
DynamicProgramming,std_value,weight_kurtosis,-0.5320873489074289
DynamicProgramming,std_value,value_kurtosis,-0.6211572597470085
DynamicProgramming,std_value,capacity_ratio,-0.013805231647822054
DynamicProgramming,std_value,slack,0.15880022517246803
DynamicProgramming,std_value,average_fillable_items,0.050299027798608516
DynamicProgramming,std_value,pearson_corr,0.0154703604027693
DynamicProgramming,std_value,spearman_corr,0.019014956253072642
DynamicProgramming,std_value,kendall_corr,0.007244360955776524
DynamicProgramming,std_value,mean_ratio,0.06003939333530046
DynamicProgramming,std_value,median_ratio,-0.05900025893579351
DynamicProgramming,std_value,std_ratio,0.047726567414574185
DynamicProgramming,std_value,ratio_entropy,-0.04225273955694401
DynamicProgramming,std_value,unique_ratio_count,0.16063945189093284
DynamicProgramming,std_value,duplicate_ratio_fraction,0.048937271440478304
DynamicProgramming,std_value,unique_weights,0.16273696919315392
DynamicProgramming,std_value,unique_values,0.16251662274367076
DynamicProgramming,std_value,unique_pairs,0.16120914265308026
DynamicProgramming,std_value,duplicate_items,0.07750336431246678
DynamicProgramming,std_value,duplicate_pairs,0.07745417305538126
DynamicProgramming,std_value,time_millis,0.06045127861702056
DynamicProgramming,std_value,memory_bytes,0.04625942204978453
DynamicProgramming,std_value,memory_mb,0.046252630332081913
DynamicProgramming,std_value,solution_value,0.06199250887636427
DynamicProgramming,std_value,optimal_value,0.06199250887636427
DynamicProgramming,std_value,nodes_generated,0.050886986971678705
DynamicProgramming,std_value,internal_nodes,0.047388034401778474
DynamicProgramming,std_value,max_depth,0.0947122110983685
DynamicProgramming,std_value,mean_depth,0.0824397812163573
DynamicProgramming,std_value,median_depth,0.08159394913477015
DynamicProgramming,std_value,mean_queue_size,0.04611740239127478
DynamicProgramming,std_value,final_queue_size,0.012865569800846173
DynamicProgramming,std_value,mean_bound,0.06196118224814725
DynamicProgramming,std_value,bound_variance,-0.02252492819259606
DynamicProgramming,std_value,min_bound,0.062031562459770914
DynamicProgramming,std_value,max_bound,0.061930280209088535
DynamicProgramming,std_value,mean_bound_gap,0.038331531978541306
DynamicProgramming,std_value,bound_gap_variance,0.052390186621441494
DynamicProgramming,std_value,pruned_by_bound,0.06025866993042059
DynamicProgramming,std_value,pruned_by_cap,0.012859811851698412
DynamicProgramming,std_value,left_branches,0.04230775618175621
DynamicProgramming,std_value,right_branches,0.04800800001474875
DynamicProgramming,std_value,explored_children,0.048620859058092714
DynamicProgramming,std_value,skipped_children,0.03681380155464275
DynamicProgramming,std_value,skipped_infeasible,0.037067768575089546
DynamicProgramming,std_value,skipped_by_bound,-0.012358392636424935
DynamicProgramming,std_value,improvement_count,0.0646548432849261
DynamicProgramming,std_value,sum_improvement_amount,0.06631127090084123
DynamicProgramming,std_value,mean_improvement_amount,0.0048143535932020625
DynamicProgramming,std_value,last_improvement_node,0.009493344877153377
DynamicProgramming,std_value,pruned_generated_ratio,0.04397395081962729
DynamicProgramming,std_value,avg_branching_factor,0.023251192030564832
DynamicProgramming,std_value,capacity_density,-0.00746300153811163
DynamicProgramming,std_value,cells_allocated,0.0533738006190692
DynamicProgramming,std_value,total_evaluations,0.10652120868519117
DynamicProgramming,std_value,include_count,0.0838844613201312
DynamicProgramming,std_value,exclude_count,0.11626662304556472
DynamicProgramming,std_value,tie_count,0.1056059339851634
DynamicProgramming,std_value,include_ratio,-0.028013532305547335
DynamicProgramming,std_value,nonzero_value_states,0.05571450318491143
DynamicProgramming,std_value,zero_value_states,-0.23688661475262762
DynamicProgramming,std_value,fill_rate,0.24671635135070988
DynamicProgramming,std_value,mean_cell_value,0.05418321309525738
DynamicProgramming,std_value,cell_value_variance,0.051260688451926474
DynamicProgramming,std_value,dp_sum_improvement_amount,0.06182734066285284
DynamicProgramming,std_value,dp_mean_improvement_amount,-0.05035578815409889
DynamicProgramming,std_value,updates_per_cell,0.12086308315185804
DynamicProgramming,std_value,selected_count,0.0663741521124114
DynamicProgramming,std_value,solution_density,-0.02099960442802876
DynamicProgramming,std_value,residual_capacity,-0.08128014705530848
DynamicProgramming,std_value,capacity_utilization,0.1304377519952742
DynamicProgramming,std_value,last_selected_position,0.10823479020994342
DynamicProgramming,std_value,first_skipped_position,0.06478896344262389
DynamicProgramming,std_value,log_time_millis,0.1138379386688814
DynamicProgramming,std_value,log_memory_mb,0.00814366198086966
DynamicProgramming,std_value,AlmostEqualRatios,0.036880455330616624
DynamicProgramming,std_value,InverseCorrelated,-0.019333285479104123
DynamicProgramming,std_value,StronglyCorrelated,-0.05762006382240388
DynamicProgramming,std_value,WeaklyCorrelated,0.0745587043496988
DynamicProgramming,std_value,log_n,0.15872484452421046
DynamicProgramming,min_weight,max_weight,-0.3555897611608753
DynamicProgramming,min_weight,min_value,0.72384834790995
DynamicProgramming,min_weight,max_value,-0.32715796771954136
DynamicProgramming,min_weight,weight_cv,-0.38781127263103987
DynamicProgramming,min_weight,value_cv,-0.25623794975808867
DynamicProgramming,min_weight,weight_skewness,-0.014617641109503868
DynamicProgramming,min_weight,value_skewness,-0.005261971450391847
DynamicProgramming,min_weight,weight_kurtosis,0.1505165802021929
DynamicProgramming,min_weight,value_kurtosis,0.13006400189340217
DynamicProgramming,min_weight,capacity_ratio,0.04151524256558554
DynamicProgramming,min_weight,slack,-0.5149771038844223
DynamicProgramming,min_weight,average_fillable_items,-0.18038634973171497
DynamicProgramming,min_weight,pearson_corr,0.03568565376273502
DynamicProgramming,min_weight,spearman_corr,0.01834594603585312
DynamicProgramming,min_weight,kendall_corr,0.05144296003020308
DynamicProgramming,min_weight,mean_ratio,-0.15481008416624845
DynamicProgramming,min_weight,median_ratio,-0.03285379394784323
DynamicProgramming,min_weight,std_ratio,-0.19598578313274898
DynamicProgramming,min_weight,ratio_entropy,0.3300362384552705
DynamicProgramming,min_weight,unique_ratio_count,-0.543517771072554
DynamicProgramming,min_weight,duplicate_ratio_fraction,-0.22906348269706747
DynamicProgramming,min_weight,unique_weights,-0.5550582284248876
DynamicProgramming,min_weight,unique_values,-0.5541132783121595
DynamicProgramming,min_weight,unique_pairs,-0.5431463669626311
DynamicProgramming,min_weight,duplicate_items,-0.33177208692324545
DynamicProgramming,min_weight,duplicate_pairs,-0.3317227181822624
DynamicProgramming,min_weight,time_millis,-0.20030053296194278
DynamicProgramming,min_weight,memory_bytes,-0.1500115621987541
DynamicProgramming,min_weight,memory_mb,-0.14999114033443073
DynamicProgramming,min_weight,solution_value,-0.230693501017262
DynamicProgramming,min_weight,optimal_value,-0.230693501017262
DynamicProgramming,min_weight,nodes_generated,-0.3012452575657355
DynamicProgramming,min_weight,internal_nodes,-0.29388857808092833
DynamicProgramming,min_weight,max_depth,-0.34968734667549195
DynamicProgramming,min_weight,mean_depth,-0.3126325702814939
DynamicProgramming,min_weight,median_depth,-0.30607983402466205
DynamicProgramming,min_weight,mean_queue_size,-0.29729837341226917
DynamicProgramming,min_weight,final_queue_size,-0.08981588702747294
DynamicProgramming,min_weight,mean_bound,-0.23067536449641624
DynamicProgramming,min_weight,bound_variance,0.09239984734356832
DynamicProgramming,min_weight,min_bound,-0.23054057517031679
DynamicProgramming,min_weight,max_bound,-0.23071682849369263
DynamicProgramming,min_weight,mean_bound_gap,-0.056311623811537266
DynamicProgramming,min_weight,bound_gap_variance,-0.1297022652232932
DynamicProgramming,min_weight,pruned_by_bound,-0.14657445016846907
DynamicProgramming,min_weight,pruned_by_cap,-0.0898350994123401
DynamicProgramming,min_weight,left_branches,-0.26483101869338815
DynamicProgramming,min_weight,right_branches,-0.30004125696696443
DynamicProgramming,min_weight,explored_children,-0.2999798948193426
DynamicProgramming,min_weight,skipped_children,-0.26625357610977374
DynamicProgramming,min_weight,skipped_infeasible,-0.23298352113747073
DynamicProgramming,min_weight,skipped_by_bound,-0.11748951358608453
DynamicProgramming,min_weight,improvement_count,-0.24147020313246564
DynamicProgramming,min_weight,sum_improvement_amount,-0.2589116939866144
DynamicProgramming,min_weight,mean_improvement_amount,0.0039121369038883375
DynamicProgramming,min_weight,last_improvement_node,-0.059993369635676676
DynamicProgramming,min_weight,pruned_generated_ratio,-0.0263127557777773
DynamicProgramming,min_weight,avg_branching_factor,-0.15673780735822096
DynamicProgramming,min_weight,capacity_density,0.06050725139973591
DynamicProgramming,min_weight,cells_allocated,-0.17331056959030738
DynamicProgramming,min_weight,total_evaluations,-0.3625680266367539
DynamicProgramming,min_weight,include_count,-0.27894997393483245
DynamicProgramming,min_weight,exclude_count,-0.4020136389532264
DynamicProgramming,min_weight,tie_count,-0.30852469348145933
DynamicProgramming,min_weight,include_ratio,0.14332797629674823
DynamicProgramming,min_weight,nonzero_value_states,-0.18058272943535558
DynamicProgramming,min_weight,zero_value_states,0.7614920269036304
DynamicProgramming,min_weight,fill_rate,-0.7730093709184325
DynamicProgramming,min_weight,mean_cell_value,-0.2169714639208141
DynamicProgramming,min_weight,cell_value_variance,-0.1843621730503154
DynamicProgramming,min_weight,dp_sum_improvement_amount,-0.2253395140549604
DynamicProgramming,min_weight,dp_mean_improvement_amount,0.0869774276130149
DynamicProgramming,min_weight,updates_per_cell,-0.4077984028896836
DynamicProgramming,min_weight,selected_count,-0.24186548006218767
DynamicProgramming,min_weight,solution_density,0.04870538758639093
DynamicProgramming,min_weight,residual_capacity,0.10141418334746859
DynamicProgramming,min_weight,capacity_utilization,-0.26008327428778577
DynamicProgramming,min_weight,last_selected_position,-0.28325212025036683
DynamicProgramming,min_weight,first_skipped_position,-0.24028377580193955
DynamicProgramming,min_weight,log_time_millis,-0.39199234658876597
DynamicProgramming,min_weight,log_memory_mb,-0.014061138262973245
DynamicProgramming,min_weight,AlmostEqualRatios,0.014381839040841594
DynamicProgramming,min_weight,InverseCorrelated,-0.037725324712048744
DynamicProgramming,min_weight,StronglyCorrelated,0.009341321944142503
DynamicProgramming,min_weight,WeaklyCorrelated,0.014643684084826076
DynamicProgramming,min_weight,log_n,-0.5415104457508017
DynamicProgramming,max_weight,min_value,-0.43272570461008114
DynamicProgramming,max_weight,max_value,0.5511362929055936
DynamicProgramming,max_weight,weight_cv,0.012084087107668433
DynamicProgramming,max_weight,value_cv,0.09193657402645743
DynamicProgramming,max_weight,weight_skewness,-0.035098456545650726
DynamicProgramming,max_weight,value_skewness,0.017074035380455606
DynamicProgramming,max_weight,weight_kurtosis,-0.15287152267601906
DynamicProgramming,max_weight,value_kurtosis,-0.13535849461066424
DynamicProgramming,max_weight,capacity_ratio,-0.04854468781772443
DynamicProgramming,max_weight,slack,0.5416774282933571
DynamicProgramming,max_weight,average_fillable_items,0.17142328558715791
DynamicProgramming,max_weight,pearson_corr,-0.029541839847056134
DynamicProgramming,max_weight,spearman_corr,-0.011856852795681676
DynamicProgramming,max_weight,kendall_corr,-0.048187860709448194
DynamicProgramming,max_weight,mean_ratio,0.032025395861294416
DynamicProgramming,max_weight,median_ratio,-0.13642263814449476
DynamicProgramming,max_weight,std_ratio,0.09076916084977987
DynamicProgramming,max_weight,ratio_entropy,-0.19132372933966796
DynamicProgramming,max_weight,unique_ratio_count,0.5434631503803571
DynamicProgramming,max_weight,duplicate_ratio_fraction,0.2221747933038442
DynamicProgramming,max_weight,unique_weights,0.5539432404461524
DynamicProgramming,max_weight,unique_values,0.5544253357224985
DynamicProgramming,max_weight,unique_pairs,0.5426915337959821
DynamicProgramming,max_weight,duplicate_items,0.3302739416148831
DynamicProgramming,max_weight,duplicate_pairs,0.33020066350218163
DynamicProgramming,max_weight,time_millis,0.1999933276286296
DynamicProgramming,max_weight,memory_bytes,0.15099538437305157
DynamicProgramming,max_weight,memory_mb,0.1509798654550735
DynamicProgramming,max_weight,solution_value,0.22980060621087817
DynamicProgramming,max_weight,optimal_value,0.22980060621087817
DynamicProgramming,max_weight,nodes_generated,0.29649704292383444
DynamicProgramming,max_weight,internal_nodes,0.2910114702958955
DynamicProgramming,max_weight,max_depth,0.34997698527815746
DynamicProgramming,max_weight,mean_depth,0.3116723752830527
DynamicProgramming,max_weight,median_depth,0.30492793008890756
DynamicProgramming,max_weight,mean_queue_size,0.2693490040196286
DynamicProgramming,max_weight,final_queue_size,0.09000165209246652
DynamicProgramming,max_weight,mean_bound,0.22978824975233447
DynamicProgramming,max_weight,bound_variance,-0.10221374285937773
DynamicProgramming,max_weight,min_bound,0.22978172150081913
DynamicProgramming,max_weight,max_bound,0.2298089264445933
DynamicProgramming,max_weight,mean_bound_gap,0.047014582184933436
DynamicProgramming,max_weight,bound_gap_variance,0.11930716968778327
DynamicProgramming,max_weight,pruned_by_bound,0.08237696440261698
DynamicProgramming,max_weight,pruned_by_cap,0.09003596606866719
DynamicProgramming,max_weight,left_branches,0.24908497557867532
DynamicProgramming,max_weight,right_branches,0.29684674679626505
DynamicProgramming,max_weight,explored_children,0.29463641129075463
DynamicProgramming,max_weight,skipped_children,0.2670635152445812
DynamicProgramming,max_weight,skipped_infeasible,0.23936451220647414
DynamicProgramming,max_weight,skipped_by_bound,0.1150016062685902
DynamicProgramming,max_weight,improvement_count,0.23876163290470595
DynamicProgramming,max_weight,sum_improvement_amount,0.25340052208031466
DynamicProgramming,max_weight,mean_improvement_amount,0.038268902145111784
DynamicProgramming,max_weight,last_improvement_node,0.059770818539543365
DynamicProgramming,max_weight,pruned_generated_ratio,-0.008701170416159625
DynamicProgramming,max_weight,avg_branching_factor,0.13071098865969905
DynamicProgramming,max_weight,capacity_density,-0.023967028388806773
DynamicProgramming,max_weight,cells_allocated,0.18197121470071717
DynamicProgramming,max_weight,total_evaluations,0.3624039056497762
DynamicProgramming,max_weight,include_count,0.273910273504614
DynamicProgramming,max_weight,exclude_count,0.40635911409980324
DynamicProgramming,max_weight,tie_count,0.28864524178916623
DynamicProgramming,max_weight,include_ratio,-0.17179170750953332
DynamicProgramming,max_weight,nonzero_value_states,0.18421205562145568
DynamicProgramming,max_weight,zero_value_states,-0.4139649784910012
DynamicProgramming,max_weight,fill_rate,0.28539208306386965
DynamicProgramming,max_weight,mean_cell_value,0.2154423846179003
DynamicProgramming,max_weight,cell_value_variance,0.18399420316456405
DynamicProgramming,max_weight,dp_sum_improvement_amount,0.22444507957558013
DynamicProgramming,max_weight,dp_mean_improvement_amount,-0.07245422481184274
DynamicProgramming,max_weight,updates_per_cell,0.38384105634466203
DynamicProgramming,max_weight,selected_count,0.23922494555940313
DynamicProgramming,max_weight,solution_density,-0.09352879070222925
DynamicProgramming,max_weight,residual_capacity,-0.0878634192205591
DynamicProgramming,max_weight,capacity_utilization,0.2442928248190131
DynamicProgramming,max_weight,last_selected_position,0.27903674527688677
DynamicProgramming,max_weight,first_skipped_position,0.23815095592622137
DynamicProgramming,max_weight,log_time_millis,0.39375925708602033
DynamicProgramming,max_weight,log_memory_mb,0.02349443768568822
DynamicProgramming,max_weight,AlmostEqualRatios,-0.009607371022420663
DynamicProgramming,max_weight,InverseCorrelated,0.033199018235791425
DynamicProgramming,max_weight,StronglyCorrelated,-0.006173875032443764
DynamicProgramming,max_weight,WeaklyCorrelated,-0.008355909867194308
DynamicProgramming,max_weight,log_n,0.5410498611084411
DynamicProgramming,min_value,max_value,-0.2892512945750254
DynamicProgramming,min_value,weight_cv,-0.24700690451736576
DynamicProgramming,min_value,value_cv,-0.402691585387285
DynamicProgramming,min_value,weight_skewness,-0.007954522828375455
DynamicProgramming,min_value,value_skewness,-0.03631462197910271
DynamicProgramming,min_value,weight_kurtosis,0.11673486832250532
DynamicProgramming,min_value,value_kurtosis,0.08579332139139507
DynamicProgramming,min_value,capacity_ratio,0.0401282471431889
DynamicProgramming,min_value,slack,-0.4801011209423449
DynamicProgramming,min_value,average_fillable_items,-0.1645829639171011
DynamicProgramming,min_value,pearson_corr,0.04866358573258529
DynamicProgramming,min_value,spearman_corr,0.03077360105397016
DynamicProgramming,min_value,kendall_corr,0.060814942144950465
DynamicProgramming,min_value,mean_ratio,-0.026338395279146387
DynamicProgramming,min_value,median_ratio,0.12720733960117517
DynamicProgramming,min_value,std_ratio,-0.08556919057378892
DynamicProgramming,min_value,ratio_entropy,0.200442278287689
DynamicProgramming,min_value,unique_ratio_count,-0.5016135797368937
DynamicProgramming,min_value,duplicate_ratio_fraction,-0.20170378157196614
DynamicProgramming,min_value,unique_weights,-0.5121759022824302
DynamicProgramming,min_value,unique_values,-0.5118386565425489
DynamicProgramming,min_value,unique_pairs,-0.5008115568826726
DynamicProgramming,min_value,duplicate_items,-0.28482114790340923
DynamicProgramming,min_value,duplicate_pairs,-0.28467232753461735
DynamicProgramming,min_value,time_millis,-0.1794016117507988
DynamicProgramming,min_value,memory_bytes,-0.13577671571987013
DynamicProgramming,min_value,memory_mb,-0.13575686022805716
DynamicProgramming,min_value,solution_value,-0.21135773282956516
DynamicProgramming,min_value,optimal_value,-0.21135773282956516
DynamicProgramming,min_value,nodes_generated,-0.2569664443437105
DynamicProgramming,min_value,internal_nodes,-0.2511005789562914
DynamicProgramming,min_value,max_depth,-0.313462759744062
DynamicProgramming,min_value,mean_depth,-0.2741146180454282
DynamicProgramming,min_value,median_depth,-0.26823194029427555
DynamicProgramming,min_value,mean_queue_size,-0.254349677769246
DynamicProgramming,min_value,final_queue_size,-0.0762053669276518
DynamicProgramming,min_value,mean_bound,-0.21134639540340558
DynamicProgramming,min_value,bound_variance,0.058518053178835024
DynamicProgramming,min_value,min_bound,-0.21132872895568394
DynamicProgramming,min_value,max_bound,-0.2113632177613663
DynamicProgramming,min_value,mean_bound_gap,-0.06183018829224206
DynamicProgramming,min_value,bound_gap_variance,-0.12098948873877963
DynamicProgramming,min_value,pruned_by_bound,-0.12922019527039136
DynamicProgramming,min_value,pruned_by_cap,-0.07598069338553605
DynamicProgramming,min_value,left_branches,-0.2240507795982394
DynamicProgramming,min_value,right_branches,-0.2565744654118056
DynamicProgramming,min_value,explored_children,-0.25592361627571336
DynamicProgramming,min_value,skipped_children,-0.22774474063976935
DynamicProgramming,min_value,skipped_infeasible,-0.20622679402332642
DynamicProgramming,min_value,skipped_by_bound,-0.09580503900467002
DynamicProgramming,min_value,improvement_count,-0.21402973698818564
DynamicProgramming,min_value,sum_improvement_amount,-0.2301759874997441
DynamicProgramming,min_value,mean_improvement_amount,0.003807134964218873
DynamicProgramming,min_value,last_improvement_node,-0.039966440854551435
DynamicProgramming,min_value,pruned_generated_ratio,-0.014232038380722909
DynamicProgramming,min_value,avg_branching_factor,-0.1414037967123771
DynamicProgramming,min_value,capacity_density,0.04913492307557791
DynamicProgramming,min_value,cells_allocated,-0.16148074533324513
DynamicProgramming,min_value,total_evaluations,-0.334273424036127
DynamicProgramming,min_value,include_count,-0.2533386387237455
DynamicProgramming,min_value,exclude_count,-0.3760708958472806
DynamicProgramming,min_value,tie_count,-0.29371529428193566
DynamicProgramming,min_value,include_ratio,0.15774365429562354
DynamicProgramming,min_value,nonzero_value_states,-0.16664843403632904
DynamicProgramming,min_value,zero_value_states,0.5777960764374127
DynamicProgramming,min_value,fill_rate,-0.5627572997206955
DynamicProgramming,min_value,mean_cell_value,-0.19950170217670535
DynamicProgramming,min_value,cell_value_variance,-0.16932915817332597
DynamicProgramming,min_value,dp_sum_improvement_amount,-0.20252045463192112
DynamicProgramming,min_value,dp_mean_improvement_amount,0.0876755237463949
DynamicProgramming,min_value,updates_per_cell,-0.3646135597486898
DynamicProgramming,min_value,selected_count,-0.21668163602174154
DynamicProgramming,min_value,solution_density,0.07367829373975435
DynamicProgramming,min_value,residual_capacity,0.12040718039705293
DynamicProgramming,min_value,capacity_utilization,-0.2772992871898136
DynamicProgramming,min_value,last_selected_position,-0.2698884071877947
DynamicProgramming,min_value,first_skipped_position,-0.214768169365418
DynamicProgramming,min_value,log_time_millis,-0.3595076116345489
DynamicProgramming,min_value,log_memory_mb,-0.015697468382594986
DynamicProgramming,min_value,AlmostEqualRatios,0.015013079264199824
DynamicProgramming,min_value,InverseCorrelated,-0.026402311809454918
DynamicProgramming,min_value,StronglyCorrelated,0.09909131294987338
DynamicProgramming,min_value,WeaklyCorrelated,-0.10733073036076186
DynamicProgramming,min_value,log_n,-0.4992040777570209
DynamicProgramming,max_value,weight_cv,0.037238731973622305
DynamicProgramming,max_value,value_cv,0.060688867141342265
DynamicProgramming,max_value,weight_skewness,-0.0339489519784085
DynamicProgramming,max_value,value_skewness,0.045683137760674855
DynamicProgramming,max_value,weight_kurtosis,-0.16559921651543305
DynamicProgramming,max_value,value_kurtosis,-0.024061696771000708
DynamicProgramming,max_value,capacity_ratio,-0.03887138803337772
DynamicProgramming,max_value,slack,0.47598911824552037
DynamicProgramming,max_value,average_fillable_items,0.15472211973829103
DynamicProgramming,max_value,pearson_corr,0.2377027838196792
DynamicProgramming,max_value,spearman_corr,0.26030865831469147
DynamicProgramming,max_value,kendall_corr,0.219853571077154
DynamicProgramming,max_value,mean_ratio,-0.1759378532737397
DynamicProgramming,max_value,median_ratio,-0.01003857194560936
DynamicProgramming,max_value,std_ratio,-0.1506080853089195
DynamicProgramming,max_value,ratio_entropy,0.22022594751835425
DynamicProgramming,max_value,unique_ratio_count,0.4960821759475617
DynamicProgramming,max_value,duplicate_ratio_fraction,0.03634715433411209
DynamicProgramming,max_value,unique_weights,0.49030314179634804
DynamicProgramming,max_value,unique_values,0.4903373528509973
DynamicProgramming,max_value,unique_pairs,0.498762939061388
DynamicProgramming,max_value,duplicate_items,0.2458954928478978
DynamicProgramming,max_value,duplicate_pairs,0.24627098538823058
DynamicProgramming,max_value,time_millis,0.20244053406335535
DynamicProgramming,max_value,memory_bytes,0.14990744785411836
DynamicProgramming,max_value,memory_mb,0.1498934716843245
DynamicProgramming,max_value,solution_value,0.1344436126979262
DynamicProgramming,max_value,optimal_value,0.1344436126979262
DynamicProgramming,max_value,nodes_generated,0.13564041282462305
DynamicProgramming,max_value,internal_nodes,0.12857911264084326
DynamicProgramming,max_value,max_depth,0.24951093370359764
DynamicProgramming,max_value,mean_depth,0.21910260150328334
DynamicProgramming,max_value,median_depth,0.21749673363549685
DynamicProgramming,max_value,mean_queue_size,0.11046557515554223
DynamicProgramming,max_value,final_queue_size,-0.019602782711048247
DynamicProgramming,max_value,mean_bound,0.13445516428806026
DynamicProgramming,max_value,bound_variance,-0.243224384533405
DynamicProgramming,max_value,min_bound,0.1356344759100718
DynamicProgramming,max_value,max_bound,0.13409134725278907
DynamicProgramming,max_value,mean_bound_gap,0.011978195844085318
DynamicProgramming,max_value,bound_gap_variance,0.03920277253355495
DynamicProgramming,max_value,pruned_by_bound,0.10922525393448022
DynamicProgramming,max_value,pruned_by_cap,-0.020316247759384277
DynamicProgramming,max_value,left_branches,0.10032841839645852
DynamicProgramming,max_value,right_branches,0.13427593220342718
DynamicProgramming,max_value,explored_children,0.13336427329904757
DynamicProgramming,max_value,skipped_children,0.09818734702599052
DynamicProgramming,max_value,skipped_infeasible,0.0891615575799345
DynamicProgramming,max_value,skipped_by_bound,-0.06506504992036
DynamicProgramming,max_value,improvement_count,0.1617575051091506
DynamicProgramming,max_value,sum_improvement_amount,0.07796851274974365
DynamicProgramming,max_value,mean_improvement_amount,-0.21264139078166144
DynamicProgramming,max_value,last_improvement_node,0.0010670834110873592
DynamicProgramming,max_value,pruned_generated_ratio,0.0691201317693034
DynamicProgramming,max_value,avg_branching_factor,0.0918606671460184
DynamicProgramming,max_value,capacity_density,-0.026689740679555204
DynamicProgramming,max_value,cells_allocated,0.1601478122414619
DynamicProgramming,max_value,total_evaluations,0.322540172704822
DynamicProgramming,max_value,include_count,0.21397280627050794
DynamicProgramming,max_value,exclude_count,0.37943978538371687
DynamicProgramming,max_value,tie_count,0.37688932250298307
DynamicProgramming,max_value,include_ratio,-0.2558841837669061
DynamicProgramming,max_value,nonzero_value_states,0.16219126356562533
DynamicProgramming,max_value,zero_value_states,-0.3857009479195799
DynamicProgramming,max_value,fill_rate,0.25917381804480544
DynamicProgramming,max_value,mean_cell_value,0.07959332126060968
DynamicProgramming,max_value,cell_value_variance,0.13246325378565668
DynamicProgramming,max_value,dp_sum_improvement_amount,0.1123697374009236
DynamicProgramming,max_value,dp_mean_improvement_amount,-0.31330318833058357
DynamicProgramming,max_value,updates_per_cell,0.2745301869388942
DynamicProgramming,max_value,selected_count,0.1676334654692524
DynamicProgramming,max_value,solution_density,-0.17839345411398297
DynamicProgramming,max_value,residual_capacity,-0.2901882193649452
DynamicProgramming,max_value,capacity_utilization,0.3309257787230405
DynamicProgramming,max_value,last_selected_position,0.4212614694035348
DynamicProgramming,max_value,first_skipped_position,0.16207476330214807
DynamicProgramming,max_value,log_time_millis,0.351332228436489
DynamicProgramming,max_value,log_memory_mb,0.015627185900230576
DynamicProgramming,max_value,AlmostEqualRatios,0.3447701709646981
DynamicProgramming,max_value,InverseCorrelated,-0.23603308153806793
DynamicProgramming,max_value,StronglyCorrelated,-0.19512195699505497
DynamicProgramming,max_value,WeaklyCorrelated,0.3574263854030461
DynamicProgramming,max_value,log_n,0.48206774917657425
DynamicProgramming,weight_cv,value_cv,0.5222716099514266
DynamicProgramming,weight_cv,weight_skewness,0.6386619493302363
DynamicProgramming,weight_cv,value_skewness,0.23544299605843497
DynamicProgramming,weight_cv,weight_kurtosis,-0.33695276023131016
DynamicProgramming,weight_cv,value_kurtosis,-0.2776266256901895
DynamicProgramming,weight_cv,capacity_ratio,0.003937283667984366
DynamicProgramming,weight_cv,slack,0.013614730200325754
DynamicProgramming,weight_cv,average_fillable_items,0.03281850328034514
DynamicProgramming,weight_cv,pearson_corr,0.0008944932738955178
DynamicProgramming,weight_cv,spearman_corr,0.0031589282388744546
DynamicProgramming,weight_cv,kendall_corr,-0.002091619025902528
DynamicProgramming,weight_cv,mean_ratio,0.15764119911728866
DynamicProgramming,weight_cv,median_ratio,0.3599045185181723
DynamicProgramming,weight_cv,std_ratio,0.11343467036445938
DynamicProgramming,weight_cv,ratio_entropy,-0.05399841659562095
DynamicProgramming,weight_cv,unique_ratio_count,0.05715948191530826
DynamicProgramming,weight_cv,duplicate_ratio_fraction,0.03799452209680469
DynamicProgramming,weight_cv,unique_weights,0.05937240577765849
DynamicProgramming,weight_cv,unique_values,0.058651660278078895
DynamicProgramming,weight_cv,unique_pairs,0.05820416090930604
DynamicProgramming,weight_cv,duplicate_items,0.03079755873620507
DynamicProgramming,weight_cv,duplicate_pairs,0.030730811446585515
DynamicProgramming,weight_cv,time_millis,0.01888093872258901
DynamicProgramming,weight_cv,memory_bytes,0.007468221835597742
DynamicProgramming,weight_cv,memory_mb,0.007466097702947462
DynamicProgramming,weight_cv,solution_value,0.026035354921643862
DynamicProgramming,weight_cv,optimal_value,0.026035354921643862
DynamicProgramming,weight_cv,nodes_generated,0.016781651559826354
DynamicProgramming,weight_cv,internal_nodes,0.012063190338882318
DynamicProgramming,weight_cv,max_depth,0.03327149504529509
DynamicProgramming,weight_cv,mean_depth,0.03197272790288275
DynamicProgramming,weight_cv,median_depth,0.03204123238192772
DynamicProgramming,weight_cv,mean_queue_size,0.036248503477190115
DynamicProgramming,weight_cv,final_queue_size,0.0071543928116351505
DynamicProgramming,weight_cv,mean_bound,0.02600992274789389
DynamicProgramming,weight_cv,bound_variance,0.002833063119339834
DynamicProgramming,weight_cv,min_bound,0.02591925819083106
DynamicProgramming,weight_cv,max_bound,0.026035308445399596
DynamicProgramming,weight_cv,mean_bound_gap,0.04054232770139976
DynamicProgramming,weight_cv,bound_gap_variance,0.04390823731480461
DynamicProgramming,weight_cv,pruned_by_bound,0.08291945448375881
DynamicProgramming,weight_cv,pruned_by_cap,0.007133524650804565
DynamicProgramming,weight_cv,left_branches,0.03175644925887617
DynamicProgramming,weight_cv,right_branches,0.010904542028460142
DynamicProgramming,weight_cv,explored_children,0.015476953935319214
DynamicProgramming,weight_cv,skipped_children,0.002014822577222077
DynamicProgramming,weight_cv,skipped_infeasible,-0.0042670426864411205
DynamicProgramming,weight_cv,skipped_by_bound,-0.006950576016318386
DynamicProgramming,weight_cv,improvement_count,0.02948545386339176
DynamicProgramming,weight_cv,sum_improvement_amount,0.03908409150944946
DynamicProgramming,weight_cv,mean_improvement_amount,-0.02224971974827378
DynamicProgramming,weight_cv,last_improvement_node,0.0026167439027971434
DynamicProgramming,weight_cv,pruned_generated_ratio,0.08025784403202565
DynamicProgramming,weight_cv,avg_branching_factor,0.0105768310353133
DynamicProgramming,weight_cv,capacity_density,-0.0633564629902501
DynamicProgramming,weight_cv,cells_allocated,0.004918225133303756
DynamicProgramming,weight_cv,total_evaluations,0.03858003522957026
DynamicProgramming,weight_cv,include_count,0.03874541975429956
DynamicProgramming,weight_cv,exclude_count,0.03272036500179356
DynamicProgramming,weight_cv,tie_count,0.07477539829579528
DynamicProgramming,weight_cv,include_ratio,0.04121761974659543
DynamicProgramming,weight_cv,nonzero_value_states,0.007887317958816288
DynamicProgramming,weight_cv,zero_value_states,-0.24818071872053749
DynamicProgramming,weight_cv,fill_rate,0.2920325798528635
DynamicProgramming,weight_cv,mean_cell_value,0.026707747679372784
DynamicProgramming,weight_cv,cell_value_variance,0.018958737648791496
DynamicProgramming,weight_cv,dp_sum_improvement_amount,0.025255834207141593
DynamicProgramming,weight_cv,dp_mean_improvement_amount,-0.036719943577118636
DynamicProgramming,weight_cv,updates_per_cell,0.08358996689173653
DynamicProgramming,weight_cv,selected_count,0.03057234999461274
DynamicProgramming,weight_cv,solution_density,0.058960182633143066
DynamicProgramming,weight_cv,residual_capacity,-0.06267557527471605
DynamicProgramming,weight_cv,capacity_utilization,0.09191824738322185
DynamicProgramming,weight_cv,last_selected_position,0.032321777678946464
DynamicProgramming,weight_cv,first_skipped_position,0.029819978867715445
DynamicProgramming,weight_cv,log_time_millis,0.042088674440962696
DynamicProgramming,weight_cv,log_memory_mb,0.0020465498284942055
DynamicProgramming,weight_cv,AlmostEqualRatios,0.022416301466304387
DynamicProgramming,weight_cv,InverseCorrelated,-0.0039396247430128605
DynamicProgramming,weight_cv,StronglyCorrelated,-0.01741786241647448
DynamicProgramming,weight_cv,WeaklyCorrelated,-0.02101282719795182
DynamicProgramming,weight_cv,log_n,0.05777121480093144
DynamicProgramming,value_cv,weight_skewness,0.20858372324846983
DynamicProgramming,value_cv,value_skewness,0.6548312797084149
DynamicProgramming,value_cv,weight_kurtosis,-0.26316284913697374
DynamicProgramming,value_cv,value_kurtosis,-0.3231137089542058
DynamicProgramming,value_cv,capacity_ratio,0.0005399519023479637
DynamicProgramming,value_cv,slack,0.02033183316708365
DynamicProgramming,value_cv,average_fillable_items,0.01651137212094465
DynamicProgramming,value_cv,pearson_corr,-0.03412221461949875
DynamicProgramming,value_cv,spearman_corr,-0.031021851657706392
DynamicProgramming,value_cv,kendall_corr,-0.03657079358877652
DynamicProgramming,value_cv,mean_ratio,0.012816515038997759
DynamicProgramming,value_cv,median_ratio,-0.3923547520996508
DynamicProgramming,value_cv,std_ratio,0.014974188194697882
DynamicProgramming,value_cv,ratio_entropy,-0.008947114185464978
DynamicProgramming,value_cv,unique_ratio_count,0.035989795278382135
DynamicProgramming,value_cv,duplicate_ratio_fraction,0.01782264929295997
DynamicProgramming,value_cv,unique_weights,0.03689513723763429
DynamicProgramming,value_cv,unique_values,0.03599012576340492
DynamicProgramming,value_cv,unique_pairs,0.03685961541979428
DynamicProgramming,value_cv,duplicate_items,-0.000569016957806165
DynamicProgramming,value_cv,duplicate_pairs,-0.0006019268497175346
DynamicProgramming,value_cv,time_millis,0.013162377537522344
DynamicProgramming,value_cv,memory_bytes,0.011628486250102084
DynamicProgramming,value_cv,memory_mb,0.011630169962843401
DynamicProgramming,value_cv,solution_value,0.01122617740071023
DynamicProgramming,value_cv,optimal_value,0.01122617740071023
DynamicProgramming,value_cv,nodes_generated,-0.023053697473392906
DynamicProgramming,value_cv,internal_nodes,-0.026219487048552946
DynamicProgramming,value_cv,max_depth,0.01410868646800268
DynamicProgramming,value_cv,mean_depth,0.007671689152594215
DynamicProgramming,value_cv,median_depth,0.008121270828329967
DynamicProgramming,value_cv,mean_queue_size,-0.006456874603789202
DynamicProgramming,value_cv,final_queue_size,-0.005262229245344348
DynamicProgramming,value_cv,mean_bound,0.011190455951231639
DynamicProgramming,value_cv,bound_variance,0.03081250695456684
DynamicProgramming,value_cv,min_bound,0.011081347018941716
DynamicProgramming,value_cv,max_bound,0.011180530218734282
DynamicProgramming,value_cv,mean_bound_gap,0.031192224366766934
DynamicProgramming,value_cv,bound_gap_variance,0.025869083704564734
DynamicProgramming,value_cv,pruned_by_bound,0.06667791166719009
DynamicProgramming,value_cv,pruned_by_cap,-0.005532819662930048
DynamicProgramming,value_cv,left_branches,-0.011557117028696502
DynamicProgramming,value_cv,right_branches,-0.026975020204961397
DynamicProgramming,value_cv,explored_children,-0.02427910039057698
DynamicProgramming,value_cv,skipped_children,-0.0325196139484796
DynamicProgramming,value_cv,skipped_infeasible,-0.021564064449150072
DynamicProgramming,value_cv,skipped_by_bound,-0.04076381174240693
DynamicProgramming,value_cv,improvement_count,0.011467601479750967
DynamicProgramming,value_cv,sum_improvement_amount,0.00556668857126321
DynamicProgramming,value_cv,mean_improvement_amount,-0.025263362751554674
DynamicProgramming,value_cv,last_improvement_node,-0.014239804385065813
DynamicProgramming,value_cv,pruned_generated_ratio,0.0646663230427854
DynamicProgramming,value_cv,avg_branching_factor,-0.009408406872548169
DynamicProgramming,value_cv,capacity_density,-0.02234125915897152
DynamicProgramming,value_cv,cells_allocated,0.006987836764232803
DynamicProgramming,value_cv,total_evaluations,0.02392182445667076
DynamicProgramming,value_cv,include_count,0.020646449757317508
DynamicProgramming,value_cv,exclude_count,0.02458094856866944
DynamicProgramming,value_cv,tie_count,0.015624396111626563
DynamicProgramming,value_cv,include_ratio,0.007110510214605253
DynamicProgramming,value_cv,nonzero_value_states,0.008963363811024609
DynamicProgramming,value_cv,zero_value_states,-0.14734039859536308
DynamicProgramming,value_cv,fill_rate,0.19487793983597237
DynamicProgramming,value_cv,mean_cell_value,0.010624105657649818
DynamicProgramming,value_cv,cell_value_variance,0.011285267064650358
DynamicProgramming,value_cv,dp_sum_improvement_amount,0.008942472011692357
DynamicProgramming,value_cv,dp_mean_improvement_amount,-0.03797827119151283
DynamicProgramming,value_cv,updates_per_cell,0.03839901492167651
DynamicProgramming,value_cv,selected_count,0.014572793193944712
DynamicProgramming,value_cv,solution_density,0.00645780078951834
DynamicProgramming,value_cv,residual_capacity,-0.03853525778241903
DynamicProgramming,value_cv,capacity_utilization,0.06269460634971111
DynamicProgramming,value_cv,last_selected_position,0.03695969989613054
DynamicProgramming,value_cv,first_skipped_position,0.013554732219150843
DynamicProgramming,value_cv,log_time_millis,0.021919653459952008
DynamicProgramming,value_cv,log_memory_mb,0.00976666605380081
DynamicProgramming,value_cv,AlmostEqualRatios,0.04314934298376163
DynamicProgramming,value_cv,InverseCorrelated,0.018179049622304568
DynamicProgramming,value_cv,StronglyCorrelated,-0.0914200690513512
DynamicProgramming,value_cv,WeaklyCorrelated,0.03270203744840734
DynamicProgramming,value_cv,log_n,0.0359762701914259
DynamicProgramming,weight_skewness,value_skewness,0.3445835909932911
DynamicProgramming,weight_skewness,weight_kurtosis,0.039136083752772395
DynamicProgramming,weight_skewness,value_kurtosis,-0.008268346310944518
DynamicProgramming,weight_skewness,capacity_ratio,0.007880305246094035
DynamicProgramming,weight_skewness,slack,-0.03815376978516092
DynamicProgramming,weight_skewness,average_fillable_items,0.017544029906963004
DynamicProgramming,weight_skewness,pearson_corr,0.009696236221644275
DynamicProgramming,weight_skewness,spearman_corr,0.014099240056427929
DynamicProgramming,weight_skewness,kendall_corr,0.01155769970710272
DynamicProgramming,weight_skewness,mean_ratio,0.029278068664951102
DynamicProgramming,weight_skewness,median_ratio,0.4623823305418644
DynamicProgramming,weight_skewness,std_ratio,0.013304562933083458
DynamicProgramming,weight_skewness,ratio_entropy,0.028180515852606364
DynamicProgramming,weight_skewness,unique_ratio_count,0.0076212368013509925
DynamicProgramming,weight_skewness,duplicate_ratio_fraction,0.00539251926836479
DynamicProgramming,weight_skewness,unique_weights,0.008791553493857735
DynamicProgramming,weight_skewness,unique_values,0.008286372383631712
DynamicProgramming,weight_skewness,unique_pairs,0.00799215856180048
DynamicProgramming,weight_skewness,duplicate_items,-0.004723425746491451
DynamicProgramming,weight_skewness,duplicate_pairs,-0.0047427348615257155
DynamicProgramming,weight_skewness,time_millis,-0.004053137211820001
DynamicProgramming,weight_skewness,memory_bytes,-0.010713079155701341
DynamicProgramming,weight_skewness,memory_mb,-0.010710591152827284
DynamicProgramming,weight_skewness,solution_value,-0.00017891483379510676
DynamicProgramming,weight_skewness,optimal_value,-0.00017891483379510676
DynamicProgramming,weight_skewness,nodes_generated,-0.00558329353435954
DynamicProgramming,weight_skewness,internal_nodes,-0.007475878864404427
DynamicProgramming,weight_skewness,max_depth,-0.0009011439231691111
DynamicProgramming,weight_skewness,mean_depth,0.0008305868992865542
DynamicProgramming,weight_skewness,median_depth,0.001181819920874322
DynamicProgramming,weight_skewness,mean_queue_size,0.0033217949083953007
DynamicProgramming,weight_skewness,final_queue_size,-0.0024512990651859795
DynamicProgramming,weight_skewness,mean_bound,-0.00018066178932855156
DynamicProgramming,weight_skewness,bound_variance,-0.0012302759975815524
DynamicProgramming,weight_skewness,min_bound,-0.00019504560195101334
DynamicProgramming,weight_skewness,max_bound,-0.00016512085712721414
DynamicProgramming,weight_skewness,mean_bound_gap,0.018925100634330744
DynamicProgramming,weight_skewness,bound_gap_variance,0.015139769232475425
DynamicProgramming,weight_skewness,pruned_by_bound,0.03072052076448673
DynamicProgramming,weight_skewness,pruned_by_cap,-0.002439213062800439
DynamicProgramming,weight_skewness,left_branches,0.003262696806164913
DynamicProgramming,weight_skewness,right_branches,-0.008990988986596216
DynamicProgramming,weight_skewness,explored_children,-0.006310731370293387
DynamicProgramming,weight_skewness,skipped_children,-0.010547066788453937
DynamicProgramming,weight_skewness,skipped_infeasible,-0.016802347164185376
DynamicProgramming,weight_skewness,skipped_by_bound,-0.004245760131222995
DynamicProgramming,weight_skewness,improvement_count,0.0017713148703401307
DynamicProgramming,weight_skewness,sum_improvement_amount,0.007791816202883783
DynamicProgramming,weight_skewness,mean_improvement_amount,-0.007493747336515095
DynamicProgramming,weight_skewness,last_improvement_node,-0.0016759428073818902
DynamicProgramming,weight_skewness,pruned_generated_ratio,0.03671607677024033
DynamicProgramming,weight_skewness,avg_branching_factor,-0.011637201253320757
DynamicProgramming,weight_skewness,capacity_density,-0.06465410007974551
DynamicProgramming,weight_skewness,cells_allocated,-0.012517112862262113
DynamicProgramming,weight_skewness,total_evaluations,0.005186206805535082
DynamicProgramming,weight_skewness,include_count,0.00442371999392358
DynamicProgramming,weight_skewness,exclude_count,0.003673789984664276
DynamicProgramming,weight_skewness,tie_count,0.04478959064762165
DynamicProgramming,weight_skewness,include_ratio,0.0035000991347475022
DynamicProgramming,weight_skewness,nonzero_value_states,-0.012432877876769803
DynamicProgramming,weight_skewness,zero_value_states,-0.013566960530036391
DynamicProgramming,weight_skewness,fill_rate,0.0043102448867118935
DynamicProgramming,weight_skewness,mean_cell_value,0.0010792853598877
DynamicProgramming,weight_skewness,cell_value_variance,-0.0010471325227560822
DynamicProgramming,weight_skewness,dp_sum_improvement_amount,-0.0026153395128997265
DynamicProgramming,weight_skewness,dp_mean_improvement_amount,-0.026612150906285582
DynamicProgramming,weight_skewness,updates_per_cell,0.02794404862582114
DynamicProgramming,weight_skewness,selected_count,0.0020042157633733413
DynamicProgramming,weight_skewness,solution_density,0.03049248534243731
DynamicProgramming,weight_skewness,residual_capacity,-0.05507410293877227
DynamicProgramming,weight_skewness,capacity_utilization,0.06744361717291811
DynamicProgramming,weight_skewness,last_selected_position,-0.0038654998405502398
DynamicProgramming,weight_skewness,first_skipped_position,0.00209454097363677
DynamicProgramming,weight_skewness,log_time_millis,0.006799446222562799
DynamicProgramming,weight_skewness,log_memory_mb,0.0024398454143282934
DynamicProgramming,weight_skewness,AlmostEqualRatios,0.010706129949116827
DynamicProgramming,weight_skewness,InverseCorrelated,-0.01932700670571563
DynamicProgramming,weight_skewness,StronglyCorrelated,-0.004229973296253112
DynamicProgramming,weight_skewness,WeaklyCorrelated,-0.02202172591885284
DynamicProgramming,weight_skewness,log_n,0.0076916269455067346
DynamicProgramming,value_skewness,weight_kurtosis,-0.009333937339127464
DynamicProgramming,value_skewness,value_kurtosis,-0.005615673579222751
DynamicProgramming,value_skewness,capacity_ratio,0.0030392027800154966
DynamicProgramming,value_skewness,slack,-0.01660210797778242
DynamicProgramming,value_skewness,average_fillable_items,0.004496699176655855
DynamicProgramming,value_skewness,pearson_corr,0.01728556608741171
DynamicProgramming,value_skewness,spearman_corr,0.021712071678290753
DynamicProgramming,value_skewness,kendall_corr,0.013677408016926988
DynamicProgramming,value_skewness,mean_ratio,-0.03746936791450562
DynamicProgramming,value_skewness,median_ratio,-0.47529598270830437
DynamicProgramming,value_skewness,std_ratio,-0.0256571193603716
DynamicProgramming,value_skewness,ratio_entropy,0.04710905058311964
DynamicProgramming,value_skewness,unique_ratio_count,-0.0010697001116685616
DynamicProgramming,value_skewness,duplicate_ratio_fraction,-0.005160861356683353
DynamicProgramming,value_skewness,unique_weights,-0.0011423132655540259
DynamicProgramming,value_skewness,unique_values,-0.001650580761722867
DynamicProgramming,value_skewness,unique_pairs,-8.837820748829671e-05
DynamicProgramming,value_skewness,duplicate_items,-0.01628260234995479
DynamicProgramming,value_skewness,duplicate_pairs,-0.016149029525810127
DynamicProgramming,value_skewness,time_millis,-0.0006267311875314813
DynamicProgramming,value_skewness,memory_bytes,-0.000508755730304295
DynamicProgramming,value_skewness,memory_mb,-0.0005035754371354637
DynamicProgramming,value_skewness,solution_value,-0.014966814588685451
DynamicProgramming,value_skewness,optimal_value,-0.014966814588685451
DynamicProgramming,value_skewness,nodes_generated,-0.02426326054736566
DynamicProgramming,value_skewness,internal_nodes,-0.024981000724282415
DynamicProgramming,value_skewness,max_depth,-0.011770622685311908
DynamicProgramming,value_skewness,mean_depth,-0.010903937765783883
DynamicProgramming,value_skewness,median_depth,-0.010501910079023702
DynamicProgramming,value_skewness,mean_queue_size,-0.020404993726376067
DynamicProgramming,value_skewness,final_queue_size,-0.007710278076862991
DynamicProgramming,value_skewness,mean_bound,-0.01498306073124189
DynamicProgramming,value_skewness,bound_variance,-0.024627352516060897
DynamicProgramming,value_skewness,min_bound,-0.014921363628584356
DynamicProgramming,value_skewness,max_bound,-0.015048336725700766
DynamicProgramming,value_skewness,mean_bound_gap,-0.015407278858046925
DynamicProgramming,value_skewness,bound_gap_variance,-0.020848691069221388
DynamicProgramming,value_skewness,pruned_by_bound,0.020451178442421017
DynamicProgramming,value_skewness,pruned_by_cap,-0.007805514840859245
DynamicProgramming,value_skewness,left_branches,-0.019322355483446248
DynamicProgramming,value_skewness,right_branches,-0.025968470719168375
DynamicProgramming,value_skewness,explored_children,-0.025035113256246105
DynamicProgramming,value_skewness,skipped_children,-0.026292160716556778
DynamicProgramming,value_skewness,skipped_infeasible,-0.01755244990255113
DynamicProgramming,value_skewness,skipped_by_bound,-0.030821532534868176
DynamicProgramming,value_skewness,improvement_count,-0.0072630931593233635
DynamicProgramming,value_skewness,sum_improvement_amount,-0.03453949524581497
DynamicProgramming,value_skewness,mean_improvement_amount,-0.06691604760069665
DynamicProgramming,value_skewness,last_improvement_node,-0.006801520343381259
DynamicProgramming,value_skewness,pruned_generated_ratio,0.02098992234627826
DynamicProgramming,value_skewness,avg_branching_factor,-0.020725291533462847
DynamicProgramming,value_skewness,capacity_density,-0.0208002035397139
DynamicProgramming,value_skewness,cells_allocated,-0.005472624978586355
DynamicProgramming,value_skewness,total_evaluations,-0.0010613294982939878
DynamicProgramming,value_skewness,include_count,-0.004778696509005863
DynamicProgramming,value_skewness,exclude_count,0.0009871117234562562
DynamicProgramming,value_skewness,tie_count,0.020709086014629334
DynamicProgramming,value_skewness,include_ratio,-0.014071923845601608
DynamicProgramming,value_skewness,nonzero_value_states,-0.005433655088699069
DynamicProgramming,value_skewness,zero_value_states,0.0011747755777300418
DynamicProgramming,value_skewness,fill_rate,0.002520780494831587
DynamicProgramming,value_skewness,mean_cell_value,-0.017317651734482117
DynamicProgramming,value_skewness,cell_value_variance,-0.008777503597972337
DynamicProgramming,value_skewness,dp_sum_improvement_amount,-0.020020526206583615
DynamicProgramming,value_skewness,dp_mean_improvement_amount,-0.06439723762564104
DynamicProgramming,value_skewness,updates_per_cell,-0.003463650892821797
DynamicProgramming,value_skewness,selected_count,-0.0064335397862651765
DynamicProgramming,value_skewness,solution_density,-0.011362833640809662
DynamicProgramming,value_skewness,residual_capacity,-0.023193195245335075
DynamicProgramming,value_skewness,capacity_utilization,0.020093143525657522
DynamicProgramming,value_skewness,last_selected_position,0.005109232256801359
DynamicProgramming,value_skewness,first_skipped_position,-0.006738480973761912
DynamicProgramming,value_skewness,log_time_millis,-7.133966284310877e-05
DynamicProgramming,value_skewness,log_memory_mb,0.008875140733167157
DynamicProgramming,value_skewness,AlmostEqualRatios,0.07399475258168914
DynamicProgramming,value_skewness,InverseCorrelated,-0.01247830457043172
DynamicProgramming,value_skewness,StronglyCorrelated,-0.03028824212303567
DynamicProgramming,value_skewness,WeaklyCorrelated,-0.002049819041412548
DynamicProgramming,value_skewness,log_n,-0.0014958167030765487
DynamicProgramming,weight_kurtosis,value_kurtosis,0.7962166738545845
DynamicProgramming,weight_kurtosis,capacity_ratio,0.020660407954810018
DynamicProgramming,weight_kurtosis,slack,-0.22973381395545658
DynamicProgramming,weight_kurtosis,average_fillable_items,-0.07401638688158406
DynamicProgramming,weight_kurtosis,pearson_corr,-0.008892074506310035
DynamicProgramming,weight_kurtosis,spearman_corr,-0.015426878041156212
DynamicProgramming,weight_kurtosis,kendall_corr,-0.0009324259193895449
DynamicProgramming,weight_kurtosis,mean_ratio,-0.03143453651480708
DynamicProgramming,weight_kurtosis,median_ratio,0.08562722915920265
DynamicProgramming,weight_kurtosis,std_ratio,-0.05075809734381884
DynamicProgramming,weight_kurtosis,ratio_entropy,0.0529402146231347
DynamicProgramming,weight_kurtosis,unique_ratio_count,-0.23246708125695698
DynamicProgramming,weight_kurtosis,duplicate_ratio_fraction,-0.09543245119651426
DynamicProgramming,weight_kurtosis,unique_weights,-0.23763022605736953
DynamicProgramming,weight_kurtosis,unique_values,-0.23777683686480722
DynamicProgramming,weight_kurtosis,unique_pairs,-0.23246934448557155
DynamicProgramming,weight_kurtosis,duplicate_items,-0.1289947289637666
DynamicProgramming,weight_kurtosis,duplicate_pairs,-0.12890756645576038
DynamicProgramming,weight_kurtosis,time_millis,-0.08536292703288959
DynamicProgramming,weight_kurtosis,memory_bytes,-0.0654155608056643
DynamicProgramming,weight_kurtosis,memory_mb,-0.06540612195276142
DynamicProgramming,weight_kurtosis,solution_value,-0.09927980985267007
DynamicProgramming,weight_kurtosis,optimal_value,-0.09927980985267007
DynamicProgramming,weight_kurtosis,nodes_generated,-0.12771501415575867
DynamicProgramming,weight_kurtosis,internal_nodes,-0.12456083611192707
DynamicProgramming,weight_kurtosis,max_depth,-0.14862074507006368
DynamicProgramming,weight_kurtosis,mean_depth,-0.1326586271117068
DynamicProgramming,weight_kurtosis,median_depth,-0.12991910301619228
DynamicProgramming,weight_kurtosis,mean_queue_size,-0.11458277194355974
DynamicProgramming,weight_kurtosis,final_queue_size,-0.03631272639206844
DynamicProgramming,weight_kurtosis,mean_bound,-0.09925149069293494
DynamicProgramming,weight_kurtosis,bound_variance,0.05548133638060704
DynamicProgramming,weight_kurtosis,min_bound,-0.09930629332389723
DynamicProgramming,weight_kurtosis,max_bound,-0.09924020384166345
DynamicProgramming,weight_kurtosis,mean_bound_gap,-0.017121836734602262
DynamicProgramming,weight_kurtosis,bound_gap_variance,-0.05024049516885812
DynamicProgramming,weight_kurtosis,pruned_by_bound,-0.0491709417299056
DynamicProgramming,weight_kurtosis,pruned_by_cap,-0.03636338159376213
DynamicProgramming,weight_kurtosis,left_branches,-0.11032594395618678
DynamicProgramming,weight_kurtosis,right_branches,-0.12612526238433264
DynamicProgramming,weight_kurtosis,explored_children,-0.12560402970024453
DynamicProgramming,weight_kurtosis,skipped_children,-0.11276813385000314
DynamicProgramming,weight_kurtosis,skipped_infeasible,-0.10192705666508783
DynamicProgramming,weight_kurtosis,skipped_by_bound,-0.04893998627763354
DynamicProgramming,weight_kurtosis,improvement_count,-0.10333648662837555
DynamicProgramming,weight_kurtosis,sum_improvement_amount,-0.10778117810547531
DynamicProgramming,weight_kurtosis,mean_improvement_amount,-0.0019944482256531652
DynamicProgramming,weight_kurtosis,last_improvement_node,-0.02545967743610908
DynamicProgramming,weight_kurtosis,pruned_generated_ratio,-0.011722725492284272
DynamicProgramming,weight_kurtosis,avg_branching_factor,-0.0536332956553212
DynamicProgramming,weight_kurtosis,capacity_density,0.015622435036758258
DynamicProgramming,weight_kurtosis,cells_allocated,-0.0771688213414105
DynamicProgramming,weight_kurtosis,total_evaluations,-0.1558361855641285
DynamicProgramming,weight_kurtosis,include_count,-0.12143038359831997
DynamicProgramming,weight_kurtosis,exclude_count,-0.17079492906208069
DynamicProgramming,weight_kurtosis,tie_count,-0.1532174496392168
DynamicProgramming,weight_kurtosis,include_ratio,0.05157137132176578
DynamicProgramming,weight_kurtosis,nonzero_value_states,-0.07810620783238183
DynamicProgramming,weight_kurtosis,zero_value_states,0.18756118937628433
DynamicProgramming,weight_kurtosis,fill_rate,-0.12043345592939755
DynamicProgramming,weight_kurtosis,mean_cell_value,-0.09386819431790173
DynamicProgramming,weight_kurtosis,cell_value_variance,-0.07921868033654893
DynamicProgramming,weight_kurtosis,dp_sum_improvement_amount,-0.09522427055838387
DynamicProgramming,weight_kurtosis,dp_mean_improvement_amount,0.04955886640463173
DynamicProgramming,weight_kurtosis,updates_per_cell,-0.17509340316598668
DynamicProgramming,weight_kurtosis,selected_count,-0.10368242457055084
DynamicProgramming,weight_kurtosis,solution_density,0.02418446215610349
DynamicProgramming,weight_kurtosis,residual_capacity,0.0790025074323834
DynamicProgramming,weight_kurtosis,capacity_utilization,-0.17042987390901626
DynamicProgramming,weight_kurtosis,last_selected_position,-0.12000865286695045
DynamicProgramming,weight_kurtosis,first_skipped_position,-0.10297334336094834
DynamicProgramming,weight_kurtosis,log_time_millis,-0.1724992288716189
DynamicProgramming,weight_kurtosis,log_memory_mb,-0.008217833870545255
DynamicProgramming,weight_kurtosis,AlmostEqualRatios,-0.02525943867255674
DynamicProgramming,weight_kurtosis,InverseCorrelated,0.003278076412902318
DynamicProgramming,weight_kurtosis,StronglyCorrelated,0.006660846930343752
DynamicProgramming,weight_kurtosis,WeaklyCorrelated,0.0015198306437737654
DynamicProgramming,weight_kurtosis,log_n,-0.2314657899187249
DynamicProgramming,value_kurtosis,capacity_ratio,0.01773219208259394
DynamicProgramming,value_kurtosis,slack,-0.19849310885770902
DynamicProgramming,value_kurtosis,average_fillable_items,-0.06509663676342647
DynamicProgramming,value_kurtosis,pearson_corr,0.044130817217977125
DynamicProgramming,value_kurtosis,spearman_corr,0.04028732077381505
DynamicProgramming,value_kurtosis,kendall_corr,0.0486734702477412
DynamicProgramming,value_kurtosis,mean_ratio,-0.06788798254238554
DynamicProgramming,value_kurtosis,median_ratio,0.07477108325099278
DynamicProgramming,value_kurtosis,std_ratio,-0.08425674961315312
DynamicProgramming,value_kurtosis,ratio_entropy,0.12203602421893309
DynamicProgramming,value_kurtosis,unique_ratio_count,-0.200441026779388
DynamicProgramming,value_kurtosis,duplicate_ratio_fraction,-0.11341614263533718
DynamicProgramming,value_kurtosis,unique_weights,-0.20749245368630295
DynamicProgramming,value_kurtosis,unique_values,-0.20740897089980673
DynamicProgramming,value_kurtosis,unique_pairs,-0.20007573287351757
DynamicProgramming,value_kurtosis,duplicate_items,-0.12225895388430603
DynamicProgramming,value_kurtosis,duplicate_pairs,-0.12211673192914538
DynamicProgramming,value_kurtosis,time_millis,-0.07351295354926154
DynamicProgramming,value_kurtosis,memory_bytes,-0.057080594569588264
DynamicProgramming,value_kurtosis,memory_mb,-0.057074767089096305
DynamicProgramming,value_kurtosis,solution_value,-0.10081212991116578
DynamicProgramming,value_kurtosis,optimal_value,-0.10081212991116578
DynamicProgramming,value_kurtosis,nodes_generated,-0.13171114660793398
DynamicProgramming,value_kurtosis,internal_nodes,-0.12893410953472093
DynamicProgramming,value_kurtosis,max_depth,-0.14211464825615
DynamicProgramming,value_kurtosis,mean_depth,-0.1288281826427535
DynamicProgramming,value_kurtosis,median_depth,-0.12578022452524407
DynamicProgramming,value_kurtosis,mean_queue_size,-0.12137324396827126
DynamicProgramming,value_kurtosis,final_queue_size,-0.04975506830299101
DynamicProgramming,value_kurtosis,mean_bound,-0.1007785316838591
DynamicProgramming,value_kurtosis,bound_variance,0.013848502802770177
DynamicProgramming,value_kurtosis,min_bound,-0.10053596647736897
DynamicProgramming,value_kurtosis,max_bound,-0.10085441833981368
DynamicProgramming,value_kurtosis,mean_bound_gap,-0.025275827173508562
DynamicProgramming,value_kurtosis,bound_gap_variance,-0.06131334191355852
DynamicProgramming,value_kurtosis,pruned_by_bound,-0.04425177208257104
DynamicProgramming,value_kurtosis,pruned_by_cap,-0.04994285781207531
DynamicProgramming,value_kurtosis,left_branches,-0.11513309503042539
DynamicProgramming,value_kurtosis,right_branches,-0.12971887253483894
DynamicProgramming,value_kurtosis,explored_children,-0.12948577889878332
DynamicProgramming,value_kurtosis,skipped_children,-0.11952495325193462
DynamicProgramming,value_kurtosis,skipped_infeasible,-0.10834808369449649
DynamicProgramming,value_kurtosis,skipped_by_bound,-0.06495909924687218
DynamicProgramming,value_kurtosis,improvement_count,-0.10120079336966818
DynamicProgramming,value_kurtosis,sum_improvement_amount,-0.12558729517517958
DynamicProgramming,value_kurtosis,mean_improvement_amount,-0.06817245084608753
DynamicProgramming,value_kurtosis,last_improvement_node,-0.033769836960449065
DynamicProgramming,value_kurtosis,pruned_generated_ratio,-0.005271675561092252
DynamicProgramming,value_kurtosis,avg_branching_factor,-0.045253720010568106
DynamicProgramming,value_kurtosis,capacity_density,0.016181258519167734
DynamicProgramming,value_kurtosis,cells_allocated,-0.06668268695328916
DynamicProgramming,value_kurtosis,total_evaluations,-0.13583712027743636
DynamicProgramming,value_kurtosis,include_count,-0.11006282465531923
DynamicProgramming,value_kurtosis,exclude_count,-0.14643393283268127
DynamicProgramming,value_kurtosis,tie_count,-0.09936407852004264
DynamicProgramming,value_kurtosis,include_ratio,0.03154259519684272
DynamicProgramming,value_kurtosis,nonzero_value_states,-0.06749268866689545
DynamicProgramming,value_kurtosis,zero_value_states,0.15703091496359642
DynamicProgramming,value_kurtosis,fill_rate,-0.10299739311184866
DynamicProgramming,value_kurtosis,mean_cell_value,-0.10271897917622731
DynamicProgramming,value_kurtosis,cell_value_variance,-0.07713782713616546
DynamicProgramming,value_kurtosis,dp_sum_improvement_amount,-0.10132707871646446
DynamicProgramming,value_kurtosis,dp_mean_improvement_amount,-0.016307146029678723
DynamicProgramming,value_kurtosis,updates_per_cell,-0.16329162426513374
DynamicProgramming,value_kurtosis,selected_count,-0.10027480819421056
DynamicProgramming,value_kurtosis,solution_density,0.0041944240600077344
DynamicProgramming,value_kurtosis,residual_capacity,0.030251279617286714
DynamicProgramming,value_kurtosis,capacity_utilization,-0.1275156814644781
DynamicProgramming,value_kurtosis,last_selected_position,-0.07441970886150345
DynamicProgramming,value_kurtosis,first_skipped_position,-0.10054466485791837
DynamicProgramming,value_kurtosis,log_time_millis,-0.14874785276486452
DynamicProgramming,value_kurtosis,log_memory_mb,-0.003203191667610208
DynamicProgramming,value_kurtosis,AlmostEqualRatios,0.0407452972550442
DynamicProgramming,value_kurtosis,InverseCorrelated,-0.03989500431298292
DynamicProgramming,value_kurtosis,StronglyCorrelated,-0.03542128365853179
DynamicProgramming,value_kurtosis,WeaklyCorrelated,0.11152382218311234
DynamicProgramming,value_kurtosis,log_n,-0.20175559148677952
DynamicProgramming,capacity_ratio,slack,-0.30142056632688263
DynamicProgramming,capacity_ratio,average_fillable_items,0.8821546976269373
DynamicProgramming,capacity_ratio,pearson_corr,0.00032286721871849195
DynamicProgramming,capacity_ratio,spearman_corr,-0.0015425575446624757
DynamicProgramming,capacity_ratio,kendall_corr,0.0023927859044340664
DynamicProgramming,capacity_ratio,mean_ratio,0.0019186753667703876
DynamicProgramming,capacity_ratio,median_ratio,0.008491792169711599
DynamicProgramming,capacity_ratio,std_ratio,-0.006525453987054717
DynamicProgramming,capacity_ratio,ratio_entropy,0.021073133935842366
DynamicProgramming,capacity_ratio,unique_ratio_count,-0.06444843957418722
DynamicProgramming,capacity_ratio,duplicate_ratio_fraction,-0.025577840980047454
DynamicProgramming,capacity_ratio,unique_weights,-0.06571352558342018
DynamicProgramming,capacity_ratio,unique_values,-0.06569669019463867
DynamicProgramming,capacity_ratio,unique_pairs,-0.06434037012923767
DynamicProgramming,capacity_ratio,duplicate_items,-0.03810483645265794
DynamicProgramming,capacity_ratio,duplicate_pairs,-0.038096859912188995
DynamicProgramming,capacity_ratio,time_millis,0.40970431385398953
DynamicProgramming,capacity_ratio,memory_bytes,0.2979232683943171
DynamicProgramming,capacity_ratio,memory_mb,0.29781742403689243
DynamicProgramming,capacity_ratio,solution_value,0.48249077015918335
DynamicProgramming,capacity_ratio,optimal_value,0.48249077015918335
DynamicProgramming,capacity_ratio,nodes_generated,0.2020439280032711
DynamicProgramming,capacity_ratio,internal_nodes,0.17282873264160012
DynamicProgramming,capacity_ratio,max_depth,0.033052368032764116
DynamicProgramming,capacity_ratio,mean_depth,0.2334604683962744
DynamicProgramming,capacity_ratio,median_depth,0.2676667751897046
DynamicProgramming,capacity_ratio,mean_queue_size,0.41393889728871375
DynamicProgramming,capacity_ratio,final_queue_size,0.17217382096499706
DynamicProgramming,capacity_ratio,mean_bound,0.4823840492326344
DynamicProgramming,capacity_ratio,bound_variance,0.08164212944940831
DynamicProgramming,capacity_ratio,min_bound,0.48226180171907285
DynamicProgramming,capacity_ratio,max_bound,0.4821788998176634
DynamicProgramming,capacity_ratio,mean_bound_gap,0.5996787023802322
DynamicProgramming,capacity_ratio,bound_gap_variance,0.6947484913700099
DynamicProgramming,capacity_ratio,pruned_by_bound,0.1408030413245343
DynamicProgramming,capacity_ratio,pruned_by_cap,0.1718689187804263
DynamicProgramming,capacity_ratio,left_branches,0.43949066081784577
DynamicProgramming,capacity_ratio,right_branches,0.16138650760733966
DynamicProgramming,capacity_ratio,explored_children,0.20205005021006947
DynamicProgramming,capacity_ratio,skipped_children,0.11337585690534813
DynamicProgramming,capacity_ratio,skipped_infeasible,0.10647009952896581
DynamicProgramming,capacity_ratio,skipped_by_bound,0.18242774112106552
DynamicProgramming,capacity_ratio,improvement_count,0.49599732826562576
DynamicProgramming,capacity_ratio,sum_improvement_amount,0.708348568240913
DynamicProgramming,capacity_ratio,mean_improvement_amount,0.24770174023716401
DynamicProgramming,capacity_ratio,last_improvement_node,0.12126194943291681
DynamicProgramming,capacity_ratio,pruned_generated_ratio,0.46467187267344406
DynamicProgramming,capacity_ratio,avg_branching_factor,0.12811157174636847
DynamicProgramming,capacity_ratio,capacity_density,0.9940099194374943
DynamicProgramming,capacity_ratio,cells_allocated,0.8813056016619389
DynamicProgramming,capacity_ratio,total_evaluations,0.6769951634857521
DynamicProgramming,capacity_ratio,include_count,0.7941738617204613
DynamicProgramming,capacity_ratio,exclude_count,0.5890423074380422
DynamicProgramming,capacity_ratio,tie_count,0.3117847228040635
DynamicProgramming,capacity_ratio,include_ratio,0.9078237830809859
DynamicProgramming,capacity_ratio,nonzero_value_states,0.8810505590609237
DynamicProgramming,capacity_ratio,zero_value_states,0.04851141964888026
DynamicProgramming,capacity_ratio,fill_rate,0.2666033170823946
DynamicProgramming,capacity_ratio,mean_cell_value,0.44786899252279017
DynamicProgramming,capacity_ratio,cell_value_variance,0.3739836461044941
DynamicProgramming,capacity_ratio,dp_sum_improvement_amount,0.818717591500543
DynamicProgramming,capacity_ratio,dp_mean_improvement_amount,0.4747317424503173
DynamicProgramming,capacity_ratio,updates_per_cell,0.6152896823000472
DynamicProgramming,capacity_ratio,selected_count,0.4929901839442063
DynamicProgramming,capacity_ratio,solution_density,0.9670404810288893
DynamicProgramming,capacity_ratio,residual_capacity,0.3176880887949548
DynamicProgramming,capacity_ratio,capacity_utilization,0.2797655024938384
DynamicProgramming,capacity_ratio,last_selected_position,0.27774542837630334
DynamicProgramming,capacity_ratio,first_skipped_position,0.49302816744918315
DynamicProgramming,capacity_ratio,log_time_millis,0.6077323055997257
DynamicProgramming,capacity_ratio,log_memory_mb,0.06812436283045471
DynamicProgramming,capacity_ratio,AlmostEqualRatios,0.00024533151283435425
DynamicProgramming,capacity_ratio,InverseCorrelated,-0.00019274659865451348
DynamicProgramming,capacity_ratio,StronglyCorrelated,-0.00015302687591801543
DynamicProgramming,capacity_ratio,WeaklyCorrelated,-0.0001263745393593189
DynamicProgramming,capacity_ratio,log_n,-0.06411306366812732
DynamicProgramming,slack,average_fillable_items,0.09962218483085118
DynamicProgramming,slack,pearson_corr,-0.002862853306627343
DynamicProgramming,slack,spearman_corr,0.023513312828963646
DynamicProgramming,slack,kendall_corr,-0.023855937131934506
DynamicProgramming,slack,mean_ratio,-0.019295220054439427
DynamicProgramming,slack,median_ratio,-0.07039184746080837
DynamicProgramming,slack,std_ratio,0.09923668730526426
DynamicProgramming,slack,ratio_entropy,-0.3100499792013897
DynamicProgramming,slack,unique_ratio_count,0.9675509558646161
DynamicProgramming,slack,duplicate_ratio_fraction,0.47916266905001187
DynamicProgramming,slack,unique_weights,0.9679044779726342
DynamicProgramming,slack,unique_values,0.9680173155533415
DynamicProgramming,slack,unique_pairs,0.9673174500443329
DynamicProgramming,slack,duplicate_items,0.611213902122696
DynamicProgramming,slack,duplicate_pairs,0.6104936732156967
DynamicProgramming,slack,time_millis,0.3962848113711332
DynamicProgramming,slack,memory_bytes,0.337877281463431
DynamicProgramming,slack,memory_mb,0.3379088339046686
DynamicProgramming,slack,solution_value,0.4020257784458618
DynamicProgramming,slack,optimal_value,0.4020257784458618
DynamicProgramming,slack,nodes_generated,0.5202415618901369
DynamicProgramming,slack,internal_nodes,0.516047148205199
DynamicProgramming,slack,max_depth,0.7654633513561867
DynamicProgramming,slack,mean_depth,0.6404962467280728
DynamicProgramming,slack,median_depth,0.6189922507177938
DynamicProgramming,slack,mean_queue_size,0.4274004355528681
DynamicProgramming,slack,final_queue_size,0.18855444588059345
DynamicProgramming,slack,mean_bound,0.40204761636169184
DynamicProgramming,slack,bound_variance,-0.2403324474611407
DynamicProgramming,slack,min_bound,0.4023115582890016
DynamicProgramming,slack,max_bound,0.40208925715673227
DynamicProgramming,slack,mean_bound_gap,-0.09487234037893962
DynamicProgramming,slack,bound_gap_variance,0.003485474971327237
DynamicProgramming,slack,pruned_by_bound,0.04114751794469211
DynamicProgramming,slack,pruned_by_cap,0.18885782600914952
DynamicProgramming,slack,left_branches,0.3873891924974511
DynamicProgramming,slack,right_branches,0.526400294505911
DynamicProgramming,slack,explored_children,0.5171611767365693
DynamicProgramming,slack,skipped_children,0.48335185346304244
DynamicProgramming,slack,skipped_infeasible,0.41912196543823915
DynamicProgramming,slack,skipped_by_bound,0.15511320621114283
DynamicProgramming,slack,improvement_count,0.41953469639438906
DynamicProgramming,slack,sum_improvement_amount,0.264321604964924
DynamicProgramming,slack,mean_improvement_amount,-0.05618510569187157
DynamicProgramming,slack,last_improvement_node,0.1297419770522387
DynamicProgramming,slack,pruned_generated_ratio,-0.11955671849558816
DynamicProgramming,slack,avg_branching_factor,0.21886629493305898
DynamicProgramming,slack,capacity_density,-0.29465700130398753
DynamicProgramming,slack,cells_allocated,0.10275165004735064
DynamicProgramming,slack,total_evaluations,0.4753577281723295
DynamicProgramming,slack,include_count,0.2858015498879876
DynamicProgramming,slack,exclude_count,0.5727836393206657
DynamicProgramming,slack,tie_count,0.42191108914628234
DynamicProgramming,slack,include_ratio,-0.5113941821853347
DynamicProgramming,slack,nonzero_value_states,0.10564322208969772
DynamicProgramming,slack,zero_value_states,-0.7213967533917682
DynamicProgramming,slack,fill_rate,0.3272670816516043
DynamicProgramming,slack,mean_cell_value,0.3768808757164844
DynamicProgramming,slack,cell_value_variance,0.3796970339858691
DynamicProgramming,slack,dp_sum_improvement_amount,0.18733861905670096
DynamicProgramming,slack,dp_mean_improvement_amount,-0.26661412913602317
DynamicProgramming,slack,updates_per_cell,0.5230725013243537
DynamicProgramming,slack,selected_count,0.421947932411669
DynamicProgramming,slack,solution_density,-0.3720003071464923
DynamicProgramming,slack,residual_capacity,-0.2584052245995039
DynamicProgramming,slack,capacity_utilization,0.3417188206350857
DynamicProgramming,slack,last_selected_position,0.5635284685005642
DynamicProgramming,slack,first_skipped_position,0.42001289080703197
DynamicProgramming,slack,log_time_millis,0.5364343082848715
DynamicProgramming,slack,log_memory_mb,0.02764250572962199
DynamicProgramming,slack,AlmostEqualRatios,-0.0007552730951343761
DynamicProgramming,slack,InverseCorrelated,0.0010013862177026946
DynamicProgramming,slack,StronglyCorrelated,0.0002440954181373428
DynamicProgramming,slack,WeaklyCorrelated,0.0011310452598939065
DynamicProgramming,slack,log_n,0.9693821606761356
DynamicProgramming,average_fillable_items,pearson_corr,-0.0005420170755292542
DynamicProgramming,average_fillable_items,spearman_corr,0.008426450354328468
DynamicProgramming,average_fillable_items,kendall_corr,-0.007479163996660493
DynamicProgramming,average_fillable_items,mean_ratio,-0.003171626821768803
DynamicProgramming,average_fillable_items,median_ratio,-0.0060875687061685965
DynamicProgramming,average_fillable_items,std_ratio,0.03549464249855279
DynamicProgramming,average_fillable_items,ratio_entropy,-0.10446867633866141
DynamicProgramming,average_fillable_items,unique_ratio_count,0.32538638825232835
DynamicProgramming,average_fillable_items,duplicate_ratio_fraction,0.16201163756498876
DynamicProgramming,average_fillable_items,unique_weights,0.3254516674350242
DynamicProgramming,average_fillable_items,unique_values,0.32545258835357005
DynamicProgramming,average_fillable_items,unique_pairs,0.3253414161649498
DynamicProgramming,average_fillable_items,duplicate_items,0.20568635359163392
DynamicProgramming,average_fillable_items,duplicate_pairs,0.2054402465318193
DynamicProgramming,average_fillable_items,time_millis,0.699499441181211
DynamicProgramming,average_fillable_items,memory_bytes,0.5445095794821073
DynamicProgramming,average_fillable_items,memory_mb,0.5444194458569751
DynamicProgramming,average_fillable_items,solution_value,0.7718036357876552
DynamicProgramming,average_fillable_items,optimal_value,0.7718036357876552
DynamicProgramming,average_fillable_items,nodes_generated,0.4539542059816707
DynamicProgramming,average_fillable_items,internal_nodes,0.42248083906935546
DynamicProgramming,average_fillable_items,max_depth,0.35443275708910343
DynamicProgramming,average_fillable_items,mean_depth,0.5586152630582771
DynamicProgramming,average_fillable_items,median_depth,0.5916619085627569
DynamicProgramming,average_fillable_items,mean_queue_size,0.6383977912129217
DynamicProgramming,average_fillable_items,final_queue_size,0.3064861176863522
DynamicProgramming,average_fillable_items,mean_bound,0.7717282516078642
DynamicProgramming,average_fillable_items,bound_variance,-0.024541395761200773
DynamicProgramming,average_fillable_items,min_bound,0.7718043605507753
DynamicProgramming,average_fillable_items,max_bound,0.7715227991251918
DynamicProgramming,average_fillable_items,mean_bound_gap,0.6001292022057068
DynamicProgramming,average_fillable_items,bound_gap_variance,0.7419594436398296
DynamicProgramming,average_fillable_items,pruned_by_bound,0.10702360289621214
DynamicProgramming,average_fillable_items,pruned_by_cap,0.3062246081438982
DynamicProgramming,average_fillable_items,left_branches,0.6497822204177999
DynamicProgramming,average_fillable_items,right_branches,0.41620043625267655
DynamicProgramming,average_fillable_items,explored_children,0.45237288537965153
DynamicProgramming,average_fillable_items,skipped_children,0.3462884163001951
DynamicProgramming,average_fillable_items,skipped_infeasible,0.3128851273546216
DynamicProgramming,average_fillable_items,skipped_by_bound,0.23737625674956023
DynamicProgramming,average_fillable_items,improvement_count,0.7954404910751071
DynamicProgramming,average_fillable_items,sum_improvement_amount,0.8760827906100587
DynamicProgramming,average_fillable_items,mean_improvement_amount,0.2385731555998947
DynamicProgramming,average_fillable_items,last_improvement_node,0.21625318522322426
DynamicProgramming,average_fillable_items,pruned_generated_ratio,0.4075274469762054
DynamicProgramming,average_fillable_items,avg_branching_factor,0.24551851085263343
DynamicProgramming,average_fillable_items,capacity_density,0.8765179921017776
DynamicProgramming,average_fillable_items,cells_allocated,0.9993346147911353
DynamicProgramming,average_fillable_items,total_evaluations,0.9205207045587972
DynamicProgramming,average_fillable_items,include_count,0.9791070169781346
DynamicProgramming,average_fillable_items,exclude_count,0.8693278122355024
DynamicProgramming,average_fillable_items,tie_count,0.4788482456948421
DynamicProgramming,average_fillable_items,include_ratio,0.7612909939275299
DynamicProgramming,average_fillable_items,nonzero_value_states,0.9993434846931292
DynamicProgramming,average_fillable_items,zero_value_states,-0.2469965286554455
DynamicProgramming,average_fillable_items,fill_rate,0.33280761943506276
DynamicProgramming,average_fillable_items,mean_cell_value,0.7181640019909001
DynamicProgramming,average_fillable_items,cell_value_variance,0.6523811756790872
DynamicProgramming,average_fillable_items,dp_sum_improvement_amount,0.9643504368692
DynamicProgramming,average_fillable_items,dp_mean_improvement_amount,0.4017446528563325
DynamicProgramming,average_fillable_items,updates_per_cell,0.8812398005252573
DynamicProgramming,average_fillable_items,selected_count,0.7936214863478063
DynamicProgramming,average_fillable_items,solution_density,0.8387744451143531
DynamicProgramming,average_fillable_items,residual_capacity,0.2088780128878568
DynamicProgramming,average_fillable_items,capacity_utilization,0.3678557487446046
DynamicProgramming,average_fillable_items,last_selected_position,0.5781662782860106
DynamicProgramming,average_fillable_items,first_skipped_position,0.7929295765325454
DynamicProgramming,average_fillable_items,log_time_millis,0.8735111602914942
DynamicProgramming,average_fillable_items,log_memory_mb,0.09120368713238812
DynamicProgramming,average_fillable_items,AlmostEqualRatios,0.0002418181319987132
DynamicProgramming,average_fillable_items,InverseCorrelated,-0.0003296297407752632
DynamicProgramming,average_fillable_items,StronglyCorrelated,-7.295908619662647e-05
DynamicProgramming,average_fillable_items,WeaklyCorrelated,-0.00037845178757530583
DynamicProgramming,average_fillable_items,log_n,0.32605986324847114
DynamicProgramming,pearson_corr,spearman_corr,0.99761491638728
DynamicProgramming,pearson_corr,kendall_corr,0.987874432525358
DynamicProgramming,pearson_corr,mean_ratio,-0.6059573806741106
DynamicProgramming,pearson_corr,median_ratio,-0.05180898903686605
DynamicProgramming,pearson_corr,std_ratio,-0.6014076678884648
DynamicProgramming,pearson_corr,ratio_entropy,0.30679313476273656
DynamicProgramming,pearson_corr,unique_ratio_count,0.026438688551792704
DynamicProgramming,pearson_corr,duplicate_ratio_fraction,-0.3923211025228428
DynamicProgramming,pearson_corr,unique_weights,-0.002251017788142606
DynamicProgramming,pearson_corr,unique_values,-0.0028145759542168697
DynamicProgramming,pearson_corr,unique_pairs,0.034358890804664664
DynamicProgramming,pearson_corr,duplicate_items,-0.20021642705036938
DynamicProgramming,pearson_corr,duplicate_pairs,-0.19816072904731777
DynamicProgramming,pearson_corr,time_millis,0.034974052915991205
DynamicProgramming,pearson_corr,memory_bytes,-0.0006105024143899519
DynamicProgramming,pearson_corr,memory_mb,-0.0006112109975352409
DynamicProgramming,pearson_corr,solution_value,-0.16037127059073156
DynamicProgramming,pearson_corr,optimal_value,-0.16037127059073156
DynamicProgramming,pearson_corr,nodes_generated,-0.10284564606182749
DynamicProgramming,pearson_corr,internal_nodes,-0.10217574396558672
DynamicProgramming,pearson_corr,max_depth,-0.0417256810568484
DynamicProgramming,pearson_corr,mean_depth,0.018135800152698337
DynamicProgramming,pearson_corr,median_depth,0.02674967952587809
DynamicProgramming,pearson_corr,mean_queue_size,-0.13602640540964106
DynamicProgramming,pearson_corr,final_queue_size,-0.12813399382828103
DynamicProgramming,pearson_corr,mean_bound,-0.16041386883277176
DynamicProgramming,pearson_corr,bound_variance,-0.639797113629046
DynamicProgramming,pearson_corr,min_bound,-0.15799391463395654
DynamicProgramming,pearson_corr,max_bound,-0.16144331977027826
DynamicProgramming,pearson_corr,mean_bound_gap,-0.21853443705951753
DynamicProgramming,pearson_corr,bound_gap_variance,-0.2174042970687505
DynamicProgramming,pearson_corr,pruned_by_bound,0.11815316438053865
DynamicProgramming,pearson_corr,pruned_by_cap,-0.12478048552262846
DynamicProgramming,pearson_corr,left_branches,-0.13488484829667768
DynamicProgramming,pearson_corr,right_branches,-0.096607424468034
DynamicProgramming,pearson_corr,explored_children,-0.10235386823645906
DynamicProgramming,pearson_corr,skipped_children,-0.1045071758726139
DynamicProgramming,pearson_corr,skipped_infeasible,-0.08106184002465913
DynamicProgramming,pearson_corr,skipped_by_bound,-0.18852163160721003
DynamicProgramming,pearson_corr,improvement_count,-0.029328222628260535
DynamicProgramming,pearson_corr,sum_improvement_amount,-0.33242047364953226
DynamicProgramming,pearson_corr,mean_improvement_amount,-0.7920739161723578
DynamicProgramming,pearson_corr,last_improvement_node,0.1359743342167823
DynamicProgramming,pearson_corr,pruned_generated_ratio,0.033870133333532414
DynamicProgramming,pearson_corr,avg_branching_factor,-0.04462001371641191
DynamicProgramming,pearson_corr,capacity_density,-0.0007085447560460973
DynamicProgramming,pearson_corr,cells_allocated,-0.0009574028115380798
DynamicProgramming,pearson_corr,total_evaluations,-0.0015277728981777214
DynamicProgramming,pearson_corr,include_count,-0.030263376520713366
DynamicProgramming,pearson_corr,exclude_count,0.014850866349787622
DynamicProgramming,pearson_corr,tie_count,0.39446748165390033
DynamicProgramming,pearson_corr,include_ratio,-0.13688940297100752
DynamicProgramming,pearson_corr,nonzero_value_states,-0.0012223626154024682
DynamicProgramming,pearson_corr,zero_value_states,0.019158346521528855
DynamicProgramming,pearson_corr,fill_rate,-0.026404656306428114
DynamicProgramming,pearson_corr,mean_cell_value,-0.23706359103961475
DynamicProgramming,pearson_corr,cell_value_variance,-0.0879026617956569
DynamicProgramming,pearson_corr,dp_sum_improvement_amount,-0.19711613145679655
DynamicProgramming,pearson_corr,dp_mean_improvement_amount,-0.6945564301597696
DynamicProgramming,pearson_corr,updates_per_cell,-0.06934834748253006
DynamicProgramming,pearson_corr,selected_count,-0.050032099334057514
DynamicProgramming,pearson_corr,solution_density,-0.10253402595683327
DynamicProgramming,pearson_corr,residual_capacity,-0.45774327413625443
DynamicProgramming,pearson_corr,capacity_utilization,0.25917586598853964
DynamicProgramming,pearson_corr,last_selected_position,0.058077735730671876
DynamicProgramming,pearson_corr,first_skipped_position,-0.05413304570890796
DynamicProgramming,pearson_corr,log_time_millis,0.059814487502465555
DynamicProgramming,pearson_corr,log_memory_mb,0.0050514261548852205
DynamicProgramming,pearson_corr,AlmostEqualRatios,0.270993983538596
DynamicProgramming,pearson_corr,InverseCorrelated,-0.8848988340359544
DynamicProgramming,pearson_corr,StronglyCorrelated,0.57754679801732
DynamicProgramming,pearson_corr,WeaklyCorrelated,0.1892166978762978
DynamicProgramming,pearson_corr,log_n,-0.002295813538932422
DynamicProgramming,spearman_corr,kendall_corr,0.9894735255885122
DynamicProgramming,spearman_corr,mean_ratio,-0.6070132713324191
DynamicProgramming,spearman_corr,median_ratio,-0.05212242207718218
DynamicProgramming,spearman_corr,std_ratio,-0.6019750628515481
DynamicProgramming,spearman_corr,ratio_entropy,0.3058829120194202
DynamicProgramming,spearman_corr,unique_ratio_count,0.054466932521267566
DynamicProgramming,spearman_corr,duplicate_ratio_fraction,-0.388611762543953
DynamicProgramming,spearman_corr,unique_weights,0.025461978033670205
DynamicProgramming,spearman_corr,unique_values,0.024904086182729525
DynamicProgramming,spearman_corr,unique_pairs,0.06251570366332868
DynamicProgramming,spearman_corr,duplicate_items,-0.18655027113714442
DynamicProgramming,spearman_corr,duplicate_pairs,-0.18446231818087613
DynamicProgramming,spearman_corr,time_millis,0.04737145788793978
DynamicProgramming,spearman_corr,memory_bytes,0.008320185533292957
DynamicProgramming,spearman_corr,memory_mb,0.008319617463108176
DynamicProgramming,spearman_corr,solution_value,-0.15021632959485975
DynamicProgramming,spearman_corr,optimal_value,-0.15021632959485975
DynamicProgramming,spearman_corr,nodes_generated,-0.09716749937538684
DynamicProgramming,spearman_corr,internal_nodes,-0.09704466224677158
DynamicProgramming,spearman_corr,max_depth,-0.02317530348401771
DynamicProgramming,spearman_corr,mean_depth,0.03546996301807764
DynamicProgramming,spearman_corr,median_depth,0.04393058292417942
DynamicProgramming,spearman_corr,mean_queue_size,-0.1300893171125064
DynamicProgramming,spearman_corr,final_queue_size,-0.12596738761316237
DynamicProgramming,spearman_corr,mean_bound,-0.1502612197689626
DynamicProgramming,spearman_corr,bound_variance,-0.6394462013217862
DynamicProgramming,spearman_corr,min_bound,-0.14785272429901328
DynamicProgramming,spearman_corr,max_bound,-0.15129313162745398
DynamicProgramming,spearman_corr,mean_bound_gap,-0.2097881420444668
DynamicProgramming,spearman_corr,bound_gap_variance,-0.20693490074005733
DynamicProgramming,spearman_corr,pruned_by_bound,0.12459769545698594
DynamicProgramming,spearman_corr,pruned_by_cap,-0.12254261744714587
DynamicProgramming,spearman_corr,left_branches,-0.1307831003445212
DynamicProgramming,spearman_corr,right_branches,-0.09114322526215596
DynamicProgramming,spearman_corr,explored_children,-0.09668264451324013
DynamicProgramming,spearman_corr,skipped_children,-0.10101966812549133
DynamicProgramming,spearman_corr,skipped_infeasible,-0.07801254159670377
DynamicProgramming,spearman_corr,skipped_by_bound,-0.19440338013589822
DynamicProgramming,spearman_corr,improvement_count,-0.01693097862049856
DynamicProgramming,spearman_corr,sum_improvement_amount,-0.3211155738074979
DynamicProgramming,spearman_corr,mean_improvement_amount,-0.7892305775979639
DynamicProgramming,spearman_corr,last_improvement_node,0.14247293043100892
DynamicProgramming,spearman_corr,pruned_generated_ratio,0.041381222595552644
DynamicProgramming,spearman_corr,avg_branching_factor,-0.04266766741325657
DynamicProgramming,spearman_corr,capacity_density,-0.0028340666200667563
DynamicProgramming,spearman_corr,cells_allocated,0.007935513270264915
DynamicProgramming,spearman_corr,total_evaluations,0.016753416308146134
DynamicProgramming,spearman_corr,include_count,-0.017114210534950314
DynamicProgramming,spearman_corr,exclude_count,0.035700305942758935
DynamicProgramming,spearman_corr,tie_count,0.3990994118131073
DynamicProgramming,spearman_corr,include_ratio,-0.14696625257197468
DynamicProgramming,spearman_corr,nonzero_value_states,0.007773196565887506
DynamicProgramming,spearman_corr,zero_value_states,-0.0035463777298283105
DynamicProgramming,spearman_corr,fill_rate,-0.012949819060300552
DynamicProgramming,spearman_corr,mean_cell_value,-0.22931820967394412
DynamicProgramming,spearman_corr,cell_value_variance,-0.07901309078342034
DynamicProgramming,spearman_corr,dp_sum_improvement_amount,-0.18666574314462464
DynamicProgramming,spearman_corr,dp_mean_improvement_amount,-0.6993563540787536
DynamicProgramming,spearman_corr,updates_per_cell,-0.05114324410420291
DynamicProgramming,spearman_corr,selected_count,-0.03761828705887677
DynamicProgramming,spearman_corr,solution_density,-0.10907920527709207
DynamicProgramming,spearman_corr,residual_capacity,-0.4697428859783489
DynamicProgramming,spearman_corr,capacity_utilization,0.2736843979912723
DynamicProgramming,spearman_corr,last_selected_position,0.07604126440898223
DynamicProgramming,spearman_corr,first_skipped_position,-0.04187787888158479
DynamicProgramming,spearman_corr,log_time_millis,0.07854232208607966
DynamicProgramming,spearman_corr,log_memory_mb,0.005765822157616152
DynamicProgramming,spearman_corr,AlmostEqualRatios,0.27871785846803354
DynamicProgramming,spearman_corr,InverseCorrelated,-0.8914646613661045
DynamicProgramming,spearman_corr,StronglyCorrelated,0.5590875386431878
DynamicProgramming,spearman_corr,WeaklyCorrelated,0.19662752024589308
DynamicProgramming,spearman_corr,log_n,0.02504992985138454
DynamicProgramming,kendall_corr,mean_ratio,-0.601081765673037
DynamicProgramming,kendall_corr,median_ratio,-0.05276612914607301
DynamicProgramming,kendall_corr,std_ratio,-0.5931586112794094
DynamicProgramming,kendall_corr,ratio_entropy,0.30854818912905635
DynamicProgramming,kendall_corr,unique_ratio_count,0.007513780907423558
DynamicProgramming,kendall_corr,duplicate_ratio_fraction,-0.43974590381224543
DynamicProgramming,kendall_corr,unique_weights,-0.024517626049829253
DynamicProgramming,kendall_corr,unique_values,-0.02502998307910193
DynamicProgramming,kendall_corr,unique_pairs,0.014731171562801999
DynamicProgramming,kendall_corr,duplicate_items,-0.266026851921664
DynamicProgramming,kendall_corr,duplicate_pairs,-0.26400663183091905
DynamicProgramming,kendall_corr,time_millis,0.025077765947645134
DynamicProgramming,kendall_corr,memory_bytes,-0.005789283381428389
DynamicProgramming,kendall_corr,memory_mb,-0.0057899731458603415
DynamicProgramming,kendall_corr,solution_value,-0.1602964046886217
DynamicProgramming,kendall_corr,optimal_value,-0.1602964046886217
DynamicProgramming,kendall_corr,nodes_generated,-0.15364991987657078
DynamicProgramming,kendall_corr,internal_nodes,-0.1541246111659249
DynamicProgramming,kendall_corr,max_depth,-0.06561877643147863
DynamicProgramming,kendall_corr,mean_depth,-0.010268001611111934
DynamicProgramming,kendall_corr,median_depth,0.0007517455894499103
DynamicProgramming,kendall_corr,mean_queue_size,-0.17358757235650266
DynamicProgramming,kendall_corr,final_queue_size,-0.14864362401795336
DynamicProgramming,kendall_corr,mean_bound,-0.1603586883155449
DynamicProgramming,kendall_corr,bound_variance,-0.5742585697233191
DynamicProgramming,kendall_corr,min_bound,-0.15813882454330105
DynamicProgramming,kendall_corr,max_bound,-0.16138367837282816
DynamicProgramming,kendall_corr,mean_bound_gap,-0.1674727603216341
DynamicProgramming,kendall_corr,bound_gap_variance,-0.17923658987052998
DynamicProgramming,kendall_corr,pruned_by_bound,0.12770568771877946
DynamicProgramming,kendall_corr,pruned_by_cap,-0.14548935791224665
DynamicProgramming,kendall_corr,left_branches,-0.17182907346668064
DynamicProgramming,kendall_corr,right_branches,-0.14862932999164546
DynamicProgramming,kendall_corr,explored_children,-0.15277752131832864
DynamicProgramming,kendall_corr,skipped_children,-0.15737197607287393
DynamicProgramming,kendall_corr,skipped_infeasible,-0.12904478244159517
DynamicProgramming,kendall_corr,skipped_by_bound,-0.22005640355497563
DynamicProgramming,kendall_corr,improvement_count,-0.041093938226573194
DynamicProgramming,kendall_corr,sum_improvement_amount,-0.3248166602573652
DynamicProgramming,kendall_corr,mean_improvement_amount,-0.7614640533623591
DynamicProgramming,kendall_corr,last_improvement_node,0.11463106997731935
DynamicProgramming,kendall_corr,pruned_generated_ratio,0.07236042212589697
DynamicProgramming,kendall_corr,avg_branching_factor,-0.05904485420153351
DynamicProgramming,kendall_corr,capacity_density,0.001147476745442891
DynamicProgramming,kendall_corr,cells_allocated,-0.007998265069790818
DynamicProgramming,kendall_corr,total_evaluations,-0.015874494542322638
DynamicProgramming,kendall_corr,include_count,-0.04071378072539002
DynamicProgramming,kendall_corr,exclude_count,-0.0006935088533076587
DynamicProgramming,kendall_corr,tie_count,0.36189676248520913
DynamicProgramming,kendall_corr,include_ratio,-0.12789048412844736
DynamicProgramming,kendall_corr,nonzero_value_states,-0.0083674061029773
DynamicProgramming,kendall_corr,zero_value_states,0.03445102316638593
DynamicProgramming,kendall_corr,fill_rate,-0.03903066356143171
DynamicProgramming,kendall_corr,mean_cell_value,-0.2345098925233356
DynamicProgramming,kendall_corr,cell_value_variance,-0.08717839340581561
DynamicProgramming,kendall_corr,dp_sum_improvement_amount,-0.1958091849422383
DynamicProgramming,kendall_corr,dp_mean_improvement_amount,-0.6515504063097624
DynamicProgramming,kendall_corr,updates_per_cell,-0.08385477814200183
DynamicProgramming,kendall_corr,selected_count,-0.05951347135947117
DynamicProgramming,kendall_corr,solution_density,-0.10038829388229226
DynamicProgramming,kendall_corr,residual_capacity,-0.4734566513408386
DynamicProgramming,kendall_corr,capacity_utilization,0.25644091393006524
DynamicProgramming,kendall_corr,last_selected_position,0.05367177474467539
DynamicProgramming,kendall_corr,first_skipped_position,-0.06366941132695639
DynamicProgramming,kendall_corr,log_time_millis,0.04127770455053096
DynamicProgramming,kendall_corr,log_memory_mb,0.004821037591522191
DynamicProgramming,kendall_corr,AlmostEqualRatios,0.2594585311604868
DynamicProgramming,kendall_corr,InverseCorrelated,-0.9252786026035057
DynamicProgramming,kendall_corr,StronglyCorrelated,0.5218376379296986
DynamicProgramming,kendall_corr,WeaklyCorrelated,0.19224661051725997
DynamicProgramming,kendall_corr,log_n,-0.023696295689457393
DynamicProgramming,mean_ratio,median_ratio,0.15191896870718227
DynamicProgramming,mean_ratio,std_ratio,0.9388938564828442
DynamicProgramming,mean_ratio,ratio_entropy,-0.36293574705124715
DynamicProgramming,mean_ratio,unique_ratio_count,-0.03234060808972141
DynamicProgramming,mean_ratio,duplicate_ratio_fraction,0.23337706226471883
DynamicProgramming,mean_ratio,unique_weights,-0.015517242771421741
DynamicProgramming,mean_ratio,unique_values,-0.014933069138758519
DynamicProgramming,mean_ratio,unique_pairs,-0.03697876466422329
DynamicProgramming,mean_ratio,duplicate_items,0.12519849461612007
DynamicProgramming,mean_ratio,duplicate_pairs,0.12419252798679545
DynamicProgramming,mean_ratio,time_millis,-0.023136949948494762
DynamicProgramming,mean_ratio,memory_bytes,-0.003978446095483498
DynamicProgramming,mean_ratio,memory_mb,-0.003980637412000099
DynamicProgramming,mean_ratio,solution_value,0.09753120058394302
DynamicProgramming,mean_ratio,optimal_value,0.09753120058394302
DynamicProgramming,mean_ratio,nodes_generated,0.07029783054878531
DynamicProgramming,mean_ratio,internal_nodes,0.06909394837772904
DynamicProgramming,mean_ratio,max_depth,0.02864752471193911
DynamicProgramming,mean_ratio,mean_depth,0.0014792098281384868
DynamicProgramming,mean_ratio,median_depth,-0.0034119404153935993
DynamicProgramming,mean_ratio,mean_queue_size,0.09390458170724944
DynamicProgramming,mean_ratio,final_queue_size,0.08918375542241028
DynamicProgramming,mean_ratio,mean_bound,0.09752953681018293
DynamicProgramming,mean_ratio,bound_variance,0.38205260535281754
DynamicProgramming,mean_ratio,min_bound,0.09582308857189453
DynamicProgramming,mean_ratio,max_bound,0.0981994596903689
DynamicProgramming,mean_ratio,mean_bound_gap,0.13718173161163702
DynamicProgramming,mean_ratio,bound_gap_variance,0.14510614867606375
DynamicProgramming,mean_ratio,pruned_by_bound,-0.06329200999052748
DynamicProgramming,mean_ratio,pruned_by_cap,0.08760547351008191
DynamicProgramming,mean_ratio,left_branches,0.09117487252485942
DynamicProgramming,mean_ratio,right_branches,0.06611342437071405
DynamicProgramming,mean_ratio,explored_children,0.0700490339505267
DynamicProgramming,mean_ratio,skipped_children,0.0700910074187346
DynamicProgramming,mean_ratio,skipped_infeasible,0.052914699254133016
DynamicProgramming,mean_ratio,skipped_by_bound,0.11815401393885513
DynamicProgramming,mean_ratio,improvement_count,0.025701707063268617
DynamicProgramming,mean_ratio,sum_improvement_amount,0.2150318123267284
DynamicProgramming,mean_ratio,mean_improvement_amount,0.4949505487813409
DynamicProgramming,mean_ratio,last_improvement_node,-0.05646552848781821
DynamicProgramming,mean_ratio,pruned_generated_ratio,-0.006917309344111925
DynamicProgramming,mean_ratio,avg_branching_factor,0.023979697815019355
DynamicProgramming,mean_ratio,capacity_density,-0.005821856751828955
DynamicProgramming,mean_ratio,cells_allocated,-0.006470098102668233
DynamicProgramming,mean_ratio,total_evaluations,-0.00988010201422798
DynamicProgramming,mean_ratio,include_count,0.01832563611893551
DynamicProgramming,mean_ratio,exclude_count,-0.029682047031154426
DynamicProgramming,mean_ratio,tie_count,-0.2555895324962789
DynamicProgramming,mean_ratio,include_ratio,0.13031131232078066
DynamicProgramming,mean_ratio,nonzero_value_states,-0.00530108460143321
DynamicProgramming,mean_ratio,zero_value_states,-0.2230264346878144
DynamicProgramming,mean_ratio,fill_rate,0.11621443663624745
DynamicProgramming,mean_ratio,mean_cell_value,0.1470953938619682
DynamicProgramming,mean_ratio,cell_value_variance,0.051457791011645014
DynamicProgramming,mean_ratio,dp_sum_improvement_amount,0.12598970028861134
DynamicProgramming,mean_ratio,dp_mean_improvement_amount,0.44760504028856707
DynamicProgramming,mean_ratio,updates_per_cell,0.051911455311954256
DynamicProgramming,mean_ratio,selected_count,0.034793816418911945
DynamicProgramming,mean_ratio,solution_density,0.10225886616323694
DynamicProgramming,mean_ratio,residual_capacity,0.32192159709575113
DynamicProgramming,mean_ratio,capacity_utilization,-0.20943108098071087
DynamicProgramming,mean_ratio,last_selected_position,-0.07167426239822015
DynamicProgramming,mean_ratio,first_skipped_position,0.03818245739228601
DynamicProgramming,mean_ratio,log_time_millis,-0.04722522486554331
DynamicProgramming,mean_ratio,log_memory_mb,-0.004195060531559076
DynamicProgramming,mean_ratio,AlmostEqualRatios,-0.2362172307004491
DynamicProgramming,mean_ratio,InverseCorrelated,0.5621317448080045
DynamicProgramming,mean_ratio,StronglyCorrelated,-0.23069661336807498
DynamicProgramming,mean_ratio,WeaklyCorrelated,-0.22356286572343187
DynamicProgramming,mean_ratio,log_n,-0.014761659026268787
DynamicProgramming,median_ratio,std_ratio,0.09435977499712038
DynamicProgramming,median_ratio,ratio_entropy,-0.010639774649872336
DynamicProgramming,median_ratio,unique_ratio_count,-0.04611908835345604
DynamicProgramming,median_ratio,duplicate_ratio_fraction,-0.00798578461823395
DynamicProgramming,median_ratio,unique_weights,-0.04570388324515825
DynamicProgramming,median_ratio,unique_values,-0.045308515351769496
DynamicProgramming,median_ratio,unique_pairs,-0.0461550357332581
DynamicProgramming,median_ratio,duplicate_items,0.016333651936447636
DynamicProgramming,median_ratio,duplicate_pairs,0.01630611307732843
DynamicProgramming,median_ratio,time_millis,-0.02271183617498833
DynamicProgramming,median_ratio,memory_bytes,-0.024515947873117762
DynamicProgramming,median_ratio,memory_mb,-0.02451861832177792
DynamicProgramming,median_ratio,solution_value,-0.016059185601552284
DynamicProgramming,median_ratio,optimal_value,-0.016059185601552284
DynamicProgramming,median_ratio,nodes_generated,-0.0179077835448652
DynamicProgramming,median_ratio,internal_nodes,-0.018768085136665984
DynamicProgramming,median_ratio,max_depth,-0.031094529705992725
DynamicProgramming,median_ratio,mean_depth,-0.02429014570692555
DynamicProgramming,median_ratio,median_depth,-0.023778653756999543
DynamicProgramming,median_ratio,mean_queue_size,-0.011057645428127745
DynamicProgramming,median_ratio,final_queue_size,-0.00992274245089036
DynamicProgramming,median_ratio,mean_bound,-0.016037514520449075
DynamicProgramming,median_ratio,bound_variance,0.03879807798354486
DynamicProgramming,median_ratio,min_bound,-0.01617794034681319
DynamicProgramming,median_ratio,max_bound,-0.015926305723301896
DynamicProgramming,median_ratio,mean_bound_gap,0.029469014646782737
DynamicProgramming,median_ratio,bound_gap_variance,0.025197963914803678
DynamicProgramming,median_ratio,pruned_by_bound,0.008013331295617319
DynamicProgramming,median_ratio,pruned_by_cap,-0.009796423456661346
DynamicProgramming,median_ratio,left_branches,-0.009546243874839407
DynamicProgramming,median_ratio,right_branches,-0.020167968359111527
DynamicProgramming,median_ratio,explored_children,-0.017804344757818547
DynamicProgramming,median_ratio,skipped_children,-0.019336237701876514
DynamicProgramming,median_ratio,skipped_infeasible,-0.03027151907612236
DynamicProgramming,median_ratio,skipped_by_bound,0.005606345144852152
DynamicProgramming,median_ratio,improvement_count,-0.019549247134634355
DynamicProgramming,median_ratio,sum_improvement_amount,0.015167045933535525
DynamicProgramming,median_ratio,mean_improvement_amount,0.0683878708655559
DynamicProgramming,median_ratio,last_improvement_node,0.00023908754861713788
DynamicProgramming,median_ratio,pruned_generated_ratio,0.02196460482404274
DynamicProgramming,median_ratio,avg_branching_factor,-0.009581320506911097
DynamicProgramming,median_ratio,capacity_density,-0.03302770694344727
DynamicProgramming,median_ratio,cells_allocated,-0.0234988973746723
DynamicProgramming,median_ratio,total_evaluations,-0.030461090346032303
DynamicProgramming,median_ratio,include_count,-0.01820596876883312
DynamicProgramming,median_ratio,exclude_count,-0.04029149418138714
DynamicProgramming,median_ratio,tie_count,-0.03443260543803052
DynamicProgramming,median_ratio,include_ratio,0.0453202058343575
DynamicProgramming,median_ratio,nonzero_value_states,-0.023212552874203336
DynamicProgramming,median_ratio,zero_value_states,-0.015545120998962244
DynamicProgramming,median_ratio,fill_rate,0.020195033301349474
DynamicProgramming,median_ratio,mean_cell_value,-0.013866110317810742
DynamicProgramming,median_ratio,cell_value_variance,-0.01766273923214816
DynamicProgramming,median_ratio,dp_sum_improvement_amount,-0.0033112418632252664
DynamicProgramming,median_ratio,dp_mean_improvement_amount,0.05213868299724299
DynamicProgramming,median_ratio,updates_per_cell,-0.009468762048367538
DynamicProgramming,median_ratio,selected_count,-0.019960256629563536
DynamicProgramming,median_ratio,solution_density,0.05295445823288343
DynamicProgramming,median_ratio,residual_capacity,0.02961454781932297
DynamicProgramming,median_ratio,capacity_utilization,-0.0336751334418422
DynamicProgramming,median_ratio,last_selected_position,-0.03139540059017974
DynamicProgramming,median_ratio,first_skipped_position,-0.01955869184851958
DynamicProgramming,median_ratio,log_time_millis,-0.03615867620928493
DynamicProgramming,median_ratio,log_memory_mb,-0.009740553713143387
DynamicProgramming,median_ratio,AlmostEqualRatios,-0.03450619370608069
DynamicProgramming,median_ratio,InverseCorrelated,0.05832984239807026
DynamicProgramming,median_ratio,StronglyCorrelated,0.004503768757719042
DynamicProgramming,median_ratio,WeaklyCorrelated,-0.03280445985595441
DynamicProgramming,median_ratio,log_n,-0.045299338508811036
DynamicProgramming,std_ratio,ratio_entropy,-0.42250575169171406
DynamicProgramming,std_ratio,unique_ratio_count,0.08518407441187109
DynamicProgramming,std_ratio,duplicate_ratio_fraction,0.3252341969455529
DynamicProgramming,std_ratio,unique_weights,0.10519068187890174
DynamicProgramming,std_ratio,unique_values,0.1055784049083761
DynamicProgramming,std_ratio,unique_pairs,0.07943896979759633
DynamicProgramming,std_ratio,duplicate_items,0.16567029667213767
DynamicProgramming,std_ratio,duplicate_pairs,0.16424716799851993
DynamicProgramming,std_ratio,time_millis,0.031197183967541883
DynamicProgramming,std_ratio,memory_bytes,0.04216806754626985
DynamicProgramming,std_ratio,memory_mb,0.04216439559383348
DynamicProgramming,std_ratio,solution_value,0.18239838030301622
DynamicProgramming,std_ratio,optimal_value,0.18239838030301622
DynamicProgramming,std_ratio,nodes_generated,0.16402370935885896
DynamicProgramming,std_ratio,internal_nodes,0.16235191976970828
DynamicProgramming,std_ratio,max_depth,0.128865009807055
DynamicProgramming,std_ratio,mean_depth,0.0841054197113874
DynamicProgramming,std_ratio,median_depth,0.07675602066433442
DynamicProgramming,std_ratio,mean_queue_size,0.17949129761723312
DynamicProgramming,std_ratio,final_queue_size,0.1346534201056246
DynamicProgramming,std_ratio,mean_bound,0.18239895147750324
DynamicProgramming,std_ratio,bound_variance,0.36589729441496144
DynamicProgramming,std_ratio,min_bound,0.18071424585685816
DynamicProgramming,std_ratio,max_bound,0.183057929229982
DynamicProgramming,std_ratio,mean_bound_gap,0.13859205844016886
DynamicProgramming,std_ratio,bound_gap_variance,0.16085569422254617
DynamicProgramming,std_ratio,pruned_by_bound,-0.07900028072023974
DynamicProgramming,std_ratio,pruned_by_cap,0.13263710774735005
DynamicProgramming,std_ratio,left_branches,0.17590706253657423
DynamicProgramming,std_ratio,right_branches,0.1601338328072703
DynamicProgramming,std_ratio,explored_children,0.16334787601352643
DynamicProgramming,std_ratio,skipped_children,0.1595012857721419
DynamicProgramming,std_ratio,skipped_infeasible,0.1290856494405946
DynamicProgramming,std_ratio,skipped_by_bound,0.17676021237554948
DynamicProgramming,std_ratio,improvement_count,0.09746281182042703
DynamicProgramming,std_ratio,sum_improvement_amount,0.28092104688005026
DynamicProgramming,std_ratio,mean_improvement_amount,0.5026003774316703
DynamicProgramming,std_ratio,last_improvement_node,-0.05839681799153774
DynamicProgramming,std_ratio,pruned_generated_ratio,-0.03277022301485428
DynamicProgramming,std_ratio,avg_branching_factor,0.07126377884216756
DynamicProgramming,std_ratio,capacity_density,-0.011338039385578935
DynamicProgramming,std_ratio,cells_allocated,0.033488572171034854
DynamicProgramming,std_ratio,total_evaluations,0.07053050756314873
DynamicProgramming,std_ratio,include_count,0.07959511609742026
DynamicProgramming,std_ratio,exclude_count,0.06233604072499049
DynamicProgramming,std_ratio,tie_count,-0.15469633497060276
DynamicProgramming,std_ratio,include_ratio,0.0852742867034324
DynamicProgramming,std_ratio,nonzero_value_states,0.034829750462930104
DynamicProgramming,std_ratio,zero_value_states,-0.33363383299994814
DynamicProgramming,std_ratio,fill_rate,0.147519962352023
DynamicProgramming,std_ratio,mean_cell_value,0.23876675078095627
DynamicProgramming,std_ratio,cell_value_variance,0.12431799927974867
DynamicProgramming,std_ratio,dp_sum_improvement_amount,0.1796384832263528
DynamicProgramming,std_ratio,dp_mean_improvement_amount,0.4454393563693548
DynamicProgramming,std_ratio,updates_per_cell,0.13881953993706786
DynamicProgramming,std_ratio,selected_count,0.10829985216628862
DynamicProgramming,std_ratio,solution_density,0.07927813727159437
DynamicProgramming,std_ratio,residual_capacity,0.29046955376541095
DynamicProgramming,std_ratio,capacity_utilization,-0.12043688032511117
DynamicProgramming,std_ratio,last_selected_position,-0.010584389832168561
DynamicProgramming,std_ratio,first_skipped_position,0.11166746551226724
DynamicProgramming,std_ratio,log_time_millis,0.04244174583714644
DynamicProgramming,std_ratio,log_memory_mb,-0.0060196587996127916
DynamicProgramming,std_ratio,AlmostEqualRatios,-0.2429058088790597
DynamicProgramming,std_ratio,InverseCorrelated,0.5438291562131238
DynamicProgramming,std_ratio,StronglyCorrelated,-0.2400469085952264
DynamicProgramming,std_ratio,WeaklyCorrelated,-0.21797635721916944
DynamicProgramming,std_ratio,log_n,0.10561307439317272
DynamicProgramming,ratio_entropy,unique_ratio_count,-0.3139497281041574
DynamicProgramming,ratio_entropy,duplicate_ratio_fraction,-0.22292630074475564
DynamicProgramming,ratio_entropy,unique_weights,-0.3206232743092129
DynamicProgramming,ratio_entropy,unique_values,-0.319839437665295
DynamicProgramming,ratio_entropy,unique_pairs,-0.3058873639886379
DynamicProgramming,ratio_entropy,duplicate_items,-0.24929790059354165
DynamicProgramming,ratio_entropy,duplicate_pairs,-0.24876803510161094
DynamicProgramming,ratio_entropy,time_millis,-0.1546214840732139
DynamicProgramming,ratio_entropy,memory_bytes,-0.12948972133727785
DynamicProgramming,ratio_entropy,memory_mb,-0.12949077597766703
DynamicProgramming,ratio_entropy,solution_value,-0.2483280930411653
DynamicProgramming,ratio_entropy,optimal_value,-0.2483280930411653
DynamicProgramming,ratio_entropy,nodes_generated,-0.28447535745908936
DynamicProgramming,ratio_entropy,internal_nodes,-0.28617330664956037
DynamicProgramming,ratio_entropy,max_depth,-0.3730959330335387
DynamicProgramming,ratio_entropy,mean_depth,-0.3243386383250173
DynamicProgramming,ratio_entropy,median_depth,-0.3165849146860131
DynamicProgramming,ratio_entropy,mean_queue_size,-0.2829187075469191
DynamicProgramming,ratio_entropy,final_queue_size,-0.15751895599267712
DynamicProgramming,ratio_entropy,mean_bound,-0.24830280088514087
DynamicProgramming,ratio_entropy,bound_variance,-0.19306314946381883
DynamicProgramming,ratio_entropy,min_bound,-0.24698318455362642
DynamicProgramming,ratio_entropy,max_bound,-0.248739936566315
DynamicProgramming,ratio_entropy,mean_bound_gap,-0.12518077034784636
DynamicProgramming,ratio_entropy,bound_gap_variance,-0.21266782105420934
DynamicProgramming,ratio_entropy,pruned_by_bound,-0.0207787691623705
DynamicProgramming,ratio_entropy,pruned_by_cap,-0.1590025039730156
DynamicProgramming,ratio_entropy,left_branches,-0.2603254061611945
DynamicProgramming,ratio_entropy,right_branches,-0.2878957377726812
DynamicProgramming,ratio_entropy,explored_children,-0.28480584883217325
DynamicProgramming,ratio_entropy,skipped_children,-0.2935070718765815
DynamicProgramming,ratio_entropy,skipped_infeasible,-0.2514160036332637
DynamicProgramming,ratio_entropy,skipped_by_bound,-0.27130449661223077
DynamicProgramming,ratio_entropy,improvement_count,-0.24235509927225396
DynamicProgramming,ratio_entropy,sum_improvement_amount,-0.32848664098040065
DynamicProgramming,ratio_entropy,mean_improvement_amount,-0.25910847553260286
DynamicProgramming,ratio_entropy,last_improvement_node,-0.10129221290081136
DynamicProgramming,ratio_entropy,pruned_generated_ratio,0.11453086612583961
DynamicProgramming,ratio_entropy,avg_branching_factor,-0.07930780086880647
DynamicProgramming,ratio_entropy,capacity_density,0.02131291684751905
DynamicProgramming,ratio_entropy,cells_allocated,-0.10458779014022254
DynamicProgramming,ratio_entropy,total_evaluations,-0.21376478851363276
DynamicProgramming,ratio_entropy,include_count,-0.20598602072366748
DynamicProgramming,ratio_entropy,exclude_count,-0.21592073573182133
DynamicProgramming,ratio_entropy,tie_count,0.01045680220580546
DynamicProgramming,ratio_entropy,include_ratio,-0.050393349392714885
DynamicProgramming,ratio_entropy,nonzero_value_states,-0.10674125104321228
DynamicProgramming,ratio_entropy,zero_value_states,0.3990087777560797
DynamicProgramming,ratio_entropy,fill_rate,-0.2515539853192007
DynamicProgramming,ratio_entropy,mean_cell_value,-0.2745180691195564
DynamicProgramming,ratio_entropy,cell_value_variance,-0.19319536959635417
DynamicProgramming,ratio_entropy,dp_sum_improvement_amount,-0.2377011954531035
DynamicProgramming,ratio_entropy,dp_mean_improvement_amount,-0.22648379625011142
DynamicProgramming,ratio_entropy,updates_per_cell,-0.3340400092466516
DynamicProgramming,ratio_entropy,selected_count,-0.2370877880760922
DynamicProgramming,ratio_entropy,solution_density,-0.08257281079331112
DynamicProgramming,ratio_entropy,residual_capacity,-0.18323608003263206
DynamicProgramming,ratio_entropy,capacity_utilization,0.02440584117000282
DynamicProgramming,ratio_entropy,last_selected_position,-0.14481802808669184
DynamicProgramming,ratio_entropy,first_skipped_position,-0.242429502387067
DynamicProgramming,ratio_entropy,log_time_millis,-0.22007139337561818
DynamicProgramming,ratio_entropy,log_memory_mb,-0.013557009763944507
DynamicProgramming,ratio_entropy,AlmostEqualRatios,0.8076690059989243
DynamicProgramming,ratio_entropy,InverseCorrelated,-0.3088377682179302
DynamicProgramming,ratio_entropy,StronglyCorrelated,-0.253868261571497
DynamicProgramming,ratio_entropy,WeaklyCorrelated,-0.00015045888039880634
DynamicProgramming,ratio_entropy,log_n,-0.32006525579960393
DynamicProgramming,unique_ratio_count,duplicate_ratio_fraction,0.44017105692976743
DynamicProgramming,unique_ratio_count,unique_weights,0.9970883216124238
DynamicProgramming,unique_ratio_count,unique_values,0.9971215497016946
DynamicProgramming,unique_ratio_count,unique_pairs,0.9998618563223803
DynamicProgramming,unique_ratio_count,duplicate_items,0.6096024221903655
DynamicProgramming,unique_ratio_count,duplicate_pairs,0.6090966280059891
DynamicProgramming,unique_ratio_count,time_millis,0.5105540043274326
DynamicProgramming,unique_ratio_count,memory_bytes,0.41930022933629346
DynamicProgramming,unique_ratio_count,memory_mb,0.41930497339411665
DynamicProgramming,unique_ratio_count,solution_value,0.5269167949713158
DynamicProgramming,unique_ratio_count,optimal_value,0.5269167949713158
DynamicProgramming,unique_ratio_count,nodes_generated,0.5641551161464369
DynamicProgramming,unique_ratio_count,internal_nodes,0.5519645535296064
DynamicProgramming,unique_ratio_count,max_depth,0.7926768892399787
DynamicProgramming,unique_ratio_count,mean_depth,0.7142542738681915
DynamicProgramming,unique_ratio_count,median_depth,0.7023765604341666
DynamicProgramming,unique_ratio_count,mean_queue_size,0.525801822263302
DynamicProgramming,unique_ratio_count,final_queue_size,0.21370089182064964
DynamicProgramming,unique_ratio_count,mean_bound,0.5269016695835022
DynamicProgramming,unique_ratio_count,bound_variance,-0.22984167005730446
DynamicProgramming,unique_ratio_count,min_bound,0.5271445003850949
DynamicProgramming,unique_ratio_count,max_bound,0.5268592669425931
DynamicProgramming,unique_ratio_count,mean_bound_gap,0.06870632359691684
DynamicProgramming,unique_ratio_count,bound_gap_variance,0.1923637073742498
DynamicProgramming,unique_ratio_count,pruned_by_bound,0.10525037506479047
DynamicProgramming,unique_ratio_count,pruned_by_cap,0.2141098505173566
DynamicProgramming,unique_ratio_count,left_branches,0.48908338149125546
DynamicProgramming,unique_ratio_count,right_branches,0.5602714414921683
DynamicProgramming,unique_ratio_count,explored_children,0.5611533696091692
DynamicProgramming,unique_ratio_count,skipped_children,0.5021604448972845
DynamicProgramming,unique_ratio_count,skipped_infeasible,0.43664791260979474
DynamicProgramming,unique_ratio_count,skipped_by_bound,0.1871803830077439
DynamicProgramming,unique_ratio_count,improvement_count,0.5527529864983793
DynamicProgramming,unique_ratio_count,sum_improvement_amount,0.44526643226074003
DynamicProgramming,unique_ratio_count,mean_improvement_amount,-0.01859043696567865
DynamicProgramming,unique_ratio_count,last_improvement_node,0.16421165792949233
DynamicProgramming,unique_ratio_count,pruned_generated_ratio,0.01198638958166358
DynamicProgramming,unique_ratio_count,avg_branching_factor,0.24959499719064748
DynamicProgramming,unique_ratio_count,capacity_density,-0.06367570385048883
DynamicProgramming,unique_ratio_count,cells_allocated,0.3264621238654855
DynamicProgramming,unique_ratio_count,total_evaluations,0.6663795928381232
DynamicProgramming,unique_ratio_count,include_count,0.49644107423022826
DynamicProgramming,unique_ratio_count,exclude_count,0.7469179581674545
DynamicProgramming,unique_ratio_count,tie_count,0.5247289299533086
DynamicProgramming,unique_ratio_count,include_ratio,-0.3121531884399564
DynamicProgramming,unique_ratio_count,nonzero_value_states,0.32956129414386426
DynamicProgramming,unique_ratio_count,zero_value_states,-0.74953876351659
DynamicProgramming,unique_ratio_count,fill_rate,0.4221664578766775
DynamicProgramming,unique_ratio_count,mean_cell_value,0.4871369021130763
DynamicProgramming,unique_ratio_count,cell_value_variance,0.4782773678543877
DynamicProgramming,unique_ratio_count,dp_sum_improvement_amount,0.39527525939160507
DynamicProgramming,unique_ratio_count,dp_mean_improvement_amount,-0.17826163043387402
DynamicProgramming,unique_ratio_count,updates_per_cell,0.7003903135416185
DynamicProgramming,unique_ratio_count,selected_count,0.5541945612741145
DynamicProgramming,unique_ratio_count,solution_density,-0.14903215640178138
DynamicProgramming,unique_ratio_count,residual_capacity,-0.21597851533240064
DynamicProgramming,unique_ratio_count,capacity_utilization,0.4405060938475367
DynamicProgramming,unique_ratio_count,last_selected_position,0.6624780335816796
DynamicProgramming,unique_ratio_count,first_skipped_position,0.5519380758933339
DynamicProgramming,unique_ratio_count,log_time_millis,0.7140568154658654
DynamicProgramming,unique_ratio_count,log_memory_mb,0.04559456884460546
DynamicProgramming,unique_ratio_count,AlmostEqualRatios,0.0025029830857618953
DynamicProgramming,unique_ratio_count,InverseCorrelated,-0.03839480206502696
DynamicProgramming,unique_ratio_count,StronglyCorrelated,0.00195319921625027
DynamicProgramming,unique_ratio_count,WeaklyCorrelated,0.015811037032420674
DynamicProgramming,unique_ratio_count,log_n,0.997979147426104
DynamicProgramming,duplicate_ratio_fraction,unique_weights,0.4826998965476531
DynamicProgramming,duplicate_ratio_fraction,unique_values,0.4832107363067325
DynamicProgramming,duplicate_ratio_fraction,unique_pairs,0.44014348989833396
DynamicProgramming,duplicate_ratio_fraction,duplicate_items,0.6113756558249493
DynamicProgramming,duplicate_ratio_fraction,duplicate_pairs,0.6077929149187908
DynamicProgramming,duplicate_ratio_fraction,time_millis,0.3178773429784179
DynamicProgramming,duplicate_ratio_fraction,memory_bytes,0.2969975647497673
DynamicProgramming,duplicate_ratio_fraction,memory_mb,0.29702545897115906
DynamicProgramming,duplicate_ratio_fraction,solution_value,0.43374241464416496
DynamicProgramming,duplicate_ratio_fraction,optimal_value,0.43374241464416496
DynamicProgramming,duplicate_ratio_fraction,nodes_generated,0.70910059721017
DynamicProgramming,duplicate_ratio_fraction,internal_nodes,0.7080279421520331
DynamicProgramming,duplicate_ratio_fraction,max_depth,0.6087649328349962
DynamicProgramming,duplicate_ratio_fraction,mean_depth,0.5402589527778301
DynamicProgramming,duplicate_ratio_fraction,median_depth,0.5046416591689601
DynamicProgramming,duplicate_ratio_fraction,mean_queue_size,0.6218695763502166
DynamicProgramming,duplicate_ratio_fraction,final_queue_size,0.46942360207719863
DynamicProgramming,duplicate_ratio_fraction,mean_bound,0.4338885653536249
DynamicProgramming,duplicate_ratio_fraction,bound_variance,-0.14275904336381684
DynamicProgramming,duplicate_ratio_fraction,min_bound,0.43401637499077617
DynamicProgramming,duplicate_ratio_fraction,max_bound,0.4343766100381
DynamicProgramming,duplicate_ratio_fraction,mean_bound_gap,-0.21930436670847092
DynamicProgramming,duplicate_ratio_fraction,bound_gap_variance,-0.1144012539255337
DynamicProgramming,duplicate_ratio_fraction,pruned_by_bound,-0.26823546022247197
DynamicProgramming,duplicate_ratio_fraction,pruned_by_cap,0.46738956185625047
DynamicProgramming,duplicate_ratio_fraction,left_branches,0.6176156620214663
DynamicProgramming,duplicate_ratio_fraction,right_branches,0.7061088246345202
DynamicProgramming,duplicate_ratio_fraction,explored_children,0.7044646326643124
DynamicProgramming,duplicate_ratio_fraction,skipped_children,0.6899346187135111
DynamicProgramming,duplicate_ratio_fraction,skipped_infeasible,0.603817723132465
DynamicProgramming,duplicate_ratio_fraction,skipped_by_bound,0.3920067139832745
DynamicProgramming,duplicate_ratio_fraction,improvement_count,0.39596836775017835
DynamicProgramming,duplicate_ratio_fraction,sum_improvement_amount,0.33475002190722125
DynamicProgramming,duplicate_ratio_fraction,mean_improvement_amount,0.26683897445213955
DynamicProgramming,duplicate_ratio_fraction,last_improvement_node,0.10999387825575914
DynamicProgramming,duplicate_ratio_fraction,pruned_generated_ratio,-0.24859235879678374
DynamicProgramming,duplicate_ratio_fraction,avg_branching_factor,0.28552078676983766
DynamicProgramming,duplicate_ratio_fraction,capacity_density,-0.026176789581647278
DynamicProgramming,duplicate_ratio_fraction,cells_allocated,0.16207226157042445
DynamicProgramming,duplicate_ratio_fraction,total_evaluations,0.33067967305191126
DynamicProgramming,duplicate_ratio_fraction,include_count,0.25980071520668124
DynamicProgramming,duplicate_ratio_fraction,exclude_count,0.35818341167582896
DynamicProgramming,duplicate_ratio_fraction,tie_count,0.24057907024669775
DynamicProgramming,duplicate_ratio_fraction,include_ratio,-0.08391362776919235
DynamicProgramming,duplicate_ratio_fraction,nonzero_value_states,0.16326260258621011
DynamicProgramming,duplicate_ratio_fraction,zero_value_states,-0.37119849812690814
DynamicProgramming,duplicate_ratio_fraction,fill_rate,0.17476597141442737
DynamicProgramming,duplicate_ratio_fraction,mean_cell_value,0.4820019122984523
DynamicProgramming,duplicate_ratio_fraction,cell_value_variance,0.38036069653396976
DynamicProgramming,duplicate_ratio_fraction,dp_sum_improvement_amount,0.2612224683873757
DynamicProgramming,duplicate_ratio_fraction,dp_mean_improvement_amount,0.12836171275128397
DynamicProgramming,duplicate_ratio_fraction,updates_per_cell,0.3788767839858881
DynamicProgramming,duplicate_ratio_fraction,selected_count,0.4009085189696613
DynamicProgramming,duplicate_ratio_fraction,solution_density,-0.0031614784680688243
DynamicProgramming,duplicate_ratio_fraction,residual_capacity,0.2111062598721322
DynamicProgramming,duplicate_ratio_fraction,capacity_utilization,0.10437655509303909
DynamicProgramming,duplicate_ratio_fraction,last_selected_position,0.2574257934250376
DynamicProgramming,duplicate_ratio_fraction,first_skipped_position,0.40295464385096097
DynamicProgramming,duplicate_ratio_fraction,log_time_millis,0.3402781029211198
DynamicProgramming,duplicate_ratio_fraction,log_memory_mb,0.024077000601683198
DynamicProgramming,duplicate_ratio_fraction,AlmostEqualRatios,-0.018979556260794433
DynamicProgramming,duplicate_ratio_fraction,InverseCorrelated,0.536187603029002
DynamicProgramming,duplicate_ratio_fraction,StronglyCorrelated,-0.013918917968832364
DynamicProgramming,duplicate_ratio_fraction,WeaklyCorrelated,-0.2325320041837837
DynamicProgramming,duplicate_ratio_fraction,log_n,0.4961708694318538
DynamicProgramming,unique_weights,unique_values,0.9997478693651167
DynamicProgramming,unique_weights,unique_pairs,0.996743659911013
DynamicProgramming,unique_weights,duplicate_items,0.6258263869502103
DynamicProgramming,unique_weights,duplicate_pairs,0.6251612559472981
DynamicProgramming,unique_weights,time_millis,0.4936985087695559
DynamicProgramming,unique_weights,memory_bytes,0.4014226403471649
DynamicProgramming,unique_weights,memory_mb,0.4014252560908178
DynamicProgramming,unique_weights,solution_value,0.5241388565280128
DynamicProgramming,unique_weights,optimal_value,0.5241388565280128
DynamicProgramming,unique_weights,nodes_generated,0.5900885907096298
DynamicProgramming,unique_weights,internal_nodes,0.5785388716604312
DynamicProgramming,unique_weights,max_depth,0.7874444043603395
DynamicProgramming,unique_weights,mean_depth,0.7077881579934456
DynamicProgramming,unique_weights,median_depth,0.6939279039505601
DynamicProgramming,unique_weights,mean_queue_size,0.5469700800181809
DynamicProgramming,unique_weights,final_queue_size,0.2289525472554369
DynamicProgramming,unique_weights,mean_bound,0.5241328441286087
DynamicProgramming,unique_weights,bound_variance,-0.2288309905966162
DynamicProgramming,unique_weights,min_bound,0.5243567744947156
DynamicProgramming,unique_weights,max_bound,0.5241249798075023
DynamicProgramming,unique_weights,mean_bound_gap,0.05301254703042058
DynamicProgramming,unique_weights,bound_gap_variance,0.18078996776399875
DynamicProgramming,unique_weights,pruned_by_bound,0.09324909024057294
DynamicProgramming,unique_weights,pruned_by_cap,0.2291511190224717
DynamicProgramming,unique_weights,left_branches,0.5104876923547883
DynamicProgramming,unique_weights,right_branches,0.5866493322895695
DynamicProgramming,unique_weights,explored_children,0.5868760139919648
DynamicProgramming,unique_weights,skipped_children,0.5300194203795425
DynamicProgramming,unique_weights,skipped_infeasible,0.46142213332261983
DynamicProgramming,unique_weights,skipped_by_bound,0.21315732367137866
DynamicProgramming,unique_weights,improvement_count,0.5457435663153769
DynamicProgramming,unique_weights,sum_improvement_amount,0.45365858019089156
DynamicProgramming,unique_weights,mean_improvement_amount,0.0014569760914127587
DynamicProgramming,unique_weights,last_improvement_node,0.15722640599811263
DynamicProgramming,unique_weights,pruned_generated_ratio,-0.008641181289836328
DynamicProgramming,unique_weights,avg_branching_factor,0.2594461131161018
DynamicProgramming,unique_weights,capacity_density,-0.06503136167201656
DynamicProgramming,unique_weights,cells_allocated,0.3265036995631494
DynamicProgramming,unique_weights,total_evaluations,0.6666132148118934
DynamicProgramming,unique_weights,include_count,0.49785840431275696
DynamicProgramming,unique_weights,exclude_count,0.7469007455070933
DynamicProgramming,unique_weights,tie_count,0.5300465282234731
DynamicProgramming,unique_weights,include_ratio,-0.31115754667594936
DynamicProgramming,unique_weights,nonzero_value_states,0.3296973862144533
DynamicProgramming,unique_weights,zero_value_states,-0.7534369945256358
DynamicProgramming,unique_weights,fill_rate,0.431626701821029
DynamicProgramming,unique_weights,mean_cell_value,0.49036621221513316
DynamicProgramming,unique_weights,cell_value_variance,0.4667390504376279
DynamicProgramming,unique_weights,dp_sum_improvement_amount,0.40012914712207504
DynamicProgramming,unique_weights,dp_mean_improvement_amount,-0.16358171448382813
DynamicProgramming,unique_weights,updates_per_cell,0.7036427070098822
DynamicProgramming,unique_weights,selected_count,0.5472231766003044
DynamicProgramming,unique_weights,solution_density,-0.14626880582262067
DynamicProgramming,unique_weights,residual_capacity,-0.19735357376383555
DynamicProgramming,unique_weights,capacity_utilization,0.44202066943747886
DynamicProgramming,unique_weights,last_selected_position,0.6389190004059289
DynamicProgramming,unique_weights,first_skipped_position,0.5451729071673923
DynamicProgramming,unique_weights,log_time_millis,0.7151794387659686
DynamicProgramming,unique_weights,log_memory_mb,0.04307176860879943
DynamicProgramming,unique_weights,AlmostEqualRatios,0.0003073448686819859
DynamicProgramming,unique_weights,InverseCorrelated,0.00015611201834566364
DynamicProgramming,unique_weights,StronglyCorrelated,0.0003245617558241122
DynamicProgramming,unique_weights,WeaklyCorrelated,-0.0003590703123890206
DynamicProgramming,unique_weights,log_n,0.9981429454972574
DynamicProgramming,unique_values,unique_pairs,0.9968053779463357
DynamicProgramming,unique_values,duplicate_items,0.6266564702388646
DynamicProgramming,unique_values,duplicate_pairs,0.6259921997889941
DynamicProgramming,unique_values,time_millis,0.4942219311497519
DynamicProgramming,unique_values,memory_bytes,0.4020454039378995
DynamicProgramming,unique_values,memory_mb,0.40204813334286144
DynamicProgramming,unique_values,solution_value,0.524398200533846
DynamicProgramming,unique_values,optimal_value,0.524398200533846
DynamicProgramming,unique_values,nodes_generated,0.59029188569794
DynamicProgramming,unique_values,internal_nodes,0.578704515257251
DynamicProgramming,unique_values,max_depth,0.787554213999132
DynamicProgramming,unique_values,mean_depth,0.7080487546460775
DynamicProgramming,unique_values,median_depth,0.6942014017465588
DynamicProgramming,unique_values,mean_queue_size,0.5471399551569922
DynamicProgramming,unique_values,final_queue_size,0.22878034463442862
DynamicProgramming,unique_values,mean_bound,0.5243921679087861
DynamicProgramming,unique_values,bound_variance,-0.2291707808521301
DynamicProgramming,unique_values,min_bound,0.5246134005681031
DynamicProgramming,unique_values,max_bound,0.5243851042766087
DynamicProgramming,unique_values,mean_bound_gap,0.052873583488928885
DynamicProgramming,unique_values,bound_gap_variance,0.18069364650263584
DynamicProgramming,unique_values,pruned_by_bound,0.09339668313096793
DynamicProgramming,unique_values,pruned_by_cap,0.22897125829154047
DynamicProgramming,unique_values,left_branches,0.510694996177001
DynamicProgramming,unique_values,right_branches,0.5867835508552607
DynamicProgramming,unique_values,explored_children,0.587047125482661
DynamicProgramming,unique_values,skipped_children,0.5300665358767714
DynamicProgramming,unique_values,skipped_infeasible,0.46153796543513814
DynamicProgramming,unique_values,skipped_by_bound,0.2128940438077534
DynamicProgramming,unique_values,improvement_count,0.5460526871448719
DynamicProgramming,unique_values,sum_improvement_amount,0.45383480718840513
DynamicProgramming,unique_values,mean_improvement_amount,0.002099328717848219
DynamicProgramming,unique_values,last_improvement_node,0.15703025578909327
DynamicProgramming,unique_values,pruned_generated_ratio,-0.008090968966871363
DynamicProgramming,unique_values,avg_branching_factor,0.2593460408154032
DynamicProgramming,unique_values,capacity_density,-0.0649174265919585
DynamicProgramming,unique_values,cells_allocated,0.32654326097438824
DynamicProgramming,unique_values,total_evaluations,0.6666506522624899
DynamicProgramming,unique_values,include_count,0.4978408637979602
DynamicProgramming,unique_values,exclude_count,0.7469005882944867
DynamicProgramming,unique_values,tie_count,0.528735804059133
DynamicProgramming,unique_values,include_ratio,-0.3109506984903311
DynamicProgramming,unique_values,nonzero_value_states,0.3297295855503513
DynamicProgramming,unique_values,zero_value_states,-0.7527719862316696
DynamicProgramming,unique_values,fill_rate,0.43090680087218663
DynamicProgramming,unique_values,mean_cell_value,0.4905407629039052
DynamicProgramming,unique_values,cell_value_variance,0.4671056231138495
DynamicProgramming,unique_values,dp_sum_improvement_amount,0.4002551523736449
DynamicProgramming,unique_values,dp_mean_improvement_amount,-0.16300473564081866
DynamicProgramming,unique_values,updates_per_cell,0.7035460736870761
DynamicProgramming,unique_values,selected_count,0.5475201463939929
DynamicProgramming,unique_values,solution_density,-0.14608909138027662
DynamicProgramming,unique_values,residual_capacity,-0.1966226944294123
DynamicProgramming,unique_values,capacity_utilization,0.44135113531833325
DynamicProgramming,unique_values,last_selected_position,0.639141028123327
DynamicProgramming,unique_values,first_skipped_position,0.5454735098261319
DynamicProgramming,unique_values,log_time_millis,0.7150665031690814
DynamicProgramming,unique_values,log_memory_mb,0.04301304228402582
DynamicProgramming,unique_values,AlmostEqualRatios,0.0017545075459990144
DynamicProgramming,unique_values,InverseCorrelated,0.0006604755751672246
DynamicProgramming,unique_values,StronglyCorrelated,0.00043031829358885896
DynamicProgramming,unique_values,WeaklyCorrelated,-0.0032463380508947733
DynamicProgramming,unique_values,log_n,0.9982049333592632
DynamicProgramming,unique_pairs,duplicate_items,0.6115267830352455
DynamicProgramming,unique_pairs,duplicate_pairs,0.6110482588135797
DynamicProgramming,unique_pairs,time_millis,0.5121923326296669
DynamicProgramming,unique_pairs,memory_bytes,0.4204573598728115
DynamicProgramming,unique_pairs,memory_mb,0.42046243570760183
DynamicProgramming,unique_pairs,solution_value,0.5249366675912269
DynamicProgramming,unique_pairs,optimal_value,0.5249366675912269
DynamicProgramming,unique_pairs,nodes_generated,0.5646363152428974
DynamicProgramming,unique_pairs,internal_nodes,0.552409352163131
DynamicProgramming,unique_pairs,max_depth,0.7931281138624825
DynamicProgramming,unique_pairs,mean_depth,0.7162343255731108
DynamicProgramming,unique_pairs,median_depth,0.7043198717629711
DynamicProgramming,unique_pairs,mean_queue_size,0.5254866858892684
DynamicProgramming,unique_pairs,final_queue_size,0.2139628211843245
DynamicProgramming,unique_pairs,mean_bound,0.5249219822693844
DynamicProgramming,unique_pairs,bound_variance,-0.23884989175332996
DynamicProgramming,unique_pairs,min_bound,0.5251906909706535
DynamicProgramming,unique_pairs,max_bound,0.5248715550547447
DynamicProgramming,unique_pairs,mean_bound_gap,0.06400557353221423
DynamicProgramming,unique_pairs,bound_gap_variance,0.18792523035312172
DynamicProgramming,unique_pairs,pruned_by_bound,0.10526497799568249
DynamicProgramming,unique_pairs,pruned_by_cap,0.2144333463502218
DynamicProgramming,unique_pairs,left_branches,0.4887526323044978
DynamicProgramming,unique_pairs,right_branches,0.5607254702383907
DynamicProgramming,unique_pairs,explored_children,0.5616080382173181
DynamicProgramming,unique_pairs,skipped_children,0.5023272179023084
DynamicProgramming,unique_pairs,skipped_infeasible,0.43700777235589716
DynamicProgramming,unique_pairs,skipped_by_bound,0.18423196564958744
DynamicProgramming,unique_pairs,improvement_count,0.5530864885681905
DynamicProgramming,unique_pairs,sum_improvement_amount,0.4411789792903624
DynamicProgramming,unique_pairs,mean_improvement_amount,-0.025669222402707994
DynamicProgramming,unique_pairs,last_improvement_node,0.16859771936474857
DynamicProgramming,unique_pairs,pruned_generated_ratio,0.01227914786027709
DynamicProgramming,unique_pairs,avg_branching_factor,0.24942238923758245
DynamicProgramming,unique_pairs,capacity_density,-0.06363093205492489
DynamicProgramming,unique_pairs,cells_allocated,0.3263891490929516
DynamicProgramming,unique_pairs,total_evaluations,0.6662500879245389
DynamicProgramming,unique_pairs,include_count,0.49580119825830543
DynamicProgramming,unique_pairs,exclude_count,0.7468742619140256
DynamicProgramming,unique_pairs,tie_count,0.5267910615355628
DynamicProgramming,unique_pairs,include_ratio,-0.3133569768046974
DynamicProgramming,unique_pairs,nonzero_value_states,0.32948508867599285
DynamicProgramming,unique_pairs,zero_value_states,-0.7499843897243306
DynamicProgramming,unique_pairs,fill_rate,0.4218228179057481
DynamicProgramming,unique_pairs,mean_cell_value,0.48392593778279747
DynamicProgramming,unique_pairs,cell_value_variance,0.47734112522399846
DynamicProgramming,unique_pairs,dp_sum_improvement_amount,0.39288313359636345
DynamicProgramming,unique_pairs,dp_mean_improvement_amount,-0.18570764003488224
DynamicProgramming,unique_pairs,updates_per_cell,0.6989982295939253
DynamicProgramming,unique_pairs,selected_count,0.5542407646043708
DynamicProgramming,unique_pairs,solution_density,-0.1498542256652631
DynamicProgramming,unique_pairs,residual_capacity,-0.21862711793558773
DynamicProgramming,unique_pairs,capacity_utilization,0.441211699652572
DynamicProgramming,unique_pairs,last_selected_position,0.6626370834587679
DynamicProgramming,unique_pairs,first_skipped_position,0.5519245624906878
DynamicProgramming,unique_pairs,log_time_millis,0.7141326525165295
DynamicProgramming,unique_pairs,log_memory_mb,0.04583184923191387
DynamicProgramming,unique_pairs,AlmostEqualRatios,0.011265593816028183
DynamicProgramming,unique_pairs,InverseCorrelated,-0.043463914135798754
DynamicProgramming,unique_pairs,StronglyCorrelated,0.0069621058778717325
DynamicProgramming,unique_pairs,WeaklyCorrelated,0.012287110652741105
DynamicProgramming,unique_pairs,log_n,0.9977985533435884
DynamicProgramming,duplicate_items,duplicate_pairs,0.9999776249811946
DynamicProgramming,duplicate_items,time_millis,0.34475442044395455
DynamicProgramming,duplicate_items,memory_bytes,0.27928056538911183
DynamicProgramming,duplicate_items,memory_mb,0.2793076502667291
DynamicProgramming,duplicate_items,solution_value,0.34271246852408305
DynamicProgramming,duplicate_items,optimal_value,0.34271246852408305
DynamicProgramming,duplicate_items,nodes_generated,0.5787803641571823
DynamicProgramming,duplicate_items,internal_nodes,0.576031408235478
DynamicProgramming,duplicate_items,max_depth,0.571967601239157
DynamicProgramming,duplicate_items,mean_depth,0.5366697398486059
DynamicProgramming,duplicate_items,median_depth,0.5169874676590944
DynamicProgramming,duplicate_items,mean_queue_size,0.5075314716295415
DynamicProgramming,duplicate_items,final_queue_size,0.24373861173790148
DynamicProgramming,duplicate_items,mean_bound,0.3428090716315652
DynamicProgramming,duplicate_items,bound_variance,-0.25060248703307103
DynamicProgramming,duplicate_items,min_bound,0.3431487170050786
DynamicProgramming,duplicate_items,max_bound,0.34307552409168746
DynamicProgramming,duplicate_items,mean_bound_gap,-0.14755543835535986
DynamicProgramming,duplicate_items,bound_gap_variance,-0.020416686542457457
DynamicProgramming,duplicate_items,pruned_by_bound,-0.008558458425974092
DynamicProgramming,duplicate_items,pruned_by_cap,0.24372437057914087
DynamicProgramming,duplicate_items,left_branches,0.4891045217673731
DynamicProgramming,duplicate_items,right_branches,0.5795691815187849
DynamicProgramming,duplicate_items,explored_children,0.5763823194167225
DynamicProgramming,duplicate_items,skipped_children,0.5494882906570374
DynamicProgramming,duplicate_items,skipped_infeasible,0.4783906659968746
DynamicProgramming,duplicate_items,skipped_by_bound,0.29870131983060694
DynamicProgramming,duplicate_items,improvement_count,0.37890070154710814
DynamicProgramming,duplicate_items,sum_improvement_amount,0.2978501351467952
DynamicProgramming,duplicate_items,mean_improvement_amount,0.07721587380241765
DynamicProgramming,duplicate_items,last_improvement_node,0.14982958564835924
DynamicProgramming,duplicate_items,pruned_generated_ratio,-0.16517566296337335
DynamicProgramming,duplicate_items,avg_branching_factor,0.2182799445126168
DynamicProgramming,duplicate_items,capacity_density,-0.03754727205959837
DynamicProgramming,duplicate_items,cells_allocated,0.20639517726526993
DynamicProgramming,duplicate_items,total_evaluations,0.4210029210735828
DynamicProgramming,duplicate_items,include_count,0.3180243514078962
DynamicProgramming,duplicate_items,exclude_count,0.46219349536668464
DynamicProgramming,duplicate_items,tie_count,0.33615882663795854
DynamicProgramming,duplicate_items,include_ratio,-0.15354521216057854
DynamicProgramming,duplicate_items,nonzero_value_states,0.20824409610553368
DynamicProgramming,duplicate_items,zero_value_states,-0.47032245303398257
DynamicProgramming,duplicate_items,fill_rate,0.2558098006511235
DynamicProgramming,duplicate_items,mean_cell_value,0.3229965931221171
DynamicProgramming,duplicate_items,cell_value_variance,0.2978553788389915
DynamicProgramming,duplicate_items,dp_sum_improvement_amount,0.26111320330999666
DynamicProgramming,duplicate_items,dp_mean_improvement_amount,-0.08200078847568598
DynamicProgramming,duplicate_items,updates_per_cell,0.45252974807075513
DynamicProgramming,duplicate_items,selected_count,0.3754255403562654
DynamicProgramming,duplicate_items,solution_density,-0.0466455996896971
DynamicProgramming,duplicate_items,residual_capacity,0.1068080148831991
DynamicProgramming,duplicate_items,capacity_utilization,0.15018494421196377
DynamicProgramming,duplicate_items,last_selected_position,0.4140725246643045
DynamicProgramming,duplicate_items,first_skipped_position,0.37550122405415826
DynamicProgramming,duplicate_items,log_time_millis,0.44056083194780105
DynamicProgramming,duplicate_items,log_memory_mb,0.032407862137039986
DynamicProgramming,duplicate_items,AlmostEqualRatios,-0.02290173362416563
DynamicProgramming,duplicate_items,InverseCorrelated,0.39209075205769445
DynamicProgramming,duplicate_items,StronglyCorrelated,0.1235170125120365
DynamicProgramming,duplicate_items,WeaklyCorrelated,-0.12362934394993845
DynamicProgramming,duplicate_items,log_n,0.6308956590558037
DynamicProgramming,duplicate_pairs,time_millis,0.3439962998515638
DynamicProgramming,duplicate_pairs,memory_bytes,0.27830096537328824
DynamicProgramming,duplicate_pairs,memory_mb,0.2783279723806902
DynamicProgramming,duplicate_pairs,solution_value,0.34113680607101454
DynamicProgramming,duplicate_pairs,optimal_value,0.34113680607101454
DynamicProgramming,duplicate_pairs,nodes_generated,0.5768692491223212
DynamicProgramming,duplicate_pairs,internal_nodes,0.5741250744815573
DynamicProgramming,duplicate_pairs,max_depth,0.5703837493300911
DynamicProgramming,duplicate_pairs,mean_depth,0.5355178390423223
DynamicProgramming,duplicate_pairs,median_depth,0.5159735685768383
DynamicProgramming,duplicate_pairs,mean_queue_size,0.505773487871562
DynamicProgramming,duplicate_pairs,final_queue_size,0.24196600045533756
DynamicProgramming,duplicate_pairs,mean_bound,0.34123289861036415
DynamicProgramming,duplicate_pairs,bound_variance,-0.25133378246334076
DynamicProgramming,duplicate_pairs,min_bound,0.34157379099517066
DynamicProgramming,duplicate_pairs,max_bound,0.3414970891379355
DynamicProgramming,duplicate_pairs,mean_bound_gap,-0.147239823394636
DynamicProgramming,duplicate_pairs,bound_gap_variance,-0.020164611493095064
DynamicProgramming,duplicate_pairs,pruned_by_bound,-0.007106557963860716
DynamicProgramming,duplicate_pairs,pruned_by_cap,0.2419770740576692
DynamicProgramming,duplicate_pairs,left_branches,0.48729348718435417
DynamicProgramming,duplicate_pairs,right_branches,0.5776854429088376
DynamicProgramming,duplicate_pairs,explored_children,0.5744858569763902
DynamicProgramming,duplicate_pairs,skipped_children,0.5476094517223135
DynamicProgramming,duplicate_pairs,skipped_infeasible,0.4767347844353049
DynamicProgramming,duplicate_pairs,skipped_by_bound,0.29748682019364725
DynamicProgramming,duplicate_pairs,improvement_count,0.3778816209621789
DynamicProgramming,duplicate_pairs,sum_improvement_amount,0.2967302947003159
DynamicProgramming,duplicate_pairs,mean_improvement_amount,0.07556346199351378
DynamicProgramming,duplicate_pairs,last_improvement_node,0.15028905256576933
DynamicProgramming,duplicate_pairs,pruned_generated_ratio,-0.16448508599395575
DynamicProgramming,duplicate_pairs,avg_branching_factor,0.21715738290914557
DynamicProgramming,duplicate_pairs,capacity_density,-0.03753723949168621
DynamicProgramming,duplicate_pairs,cells_allocated,0.20614966424769376
DynamicProgramming,duplicate_pairs,total_evaluations,0.42050426044990385
DynamicProgramming,duplicate_pairs,include_count,0.31758837470322127
DynamicProgramming,duplicate_pairs,exclude_count,0.46167090014283463
DynamicProgramming,duplicate_pairs,tie_count,0.33616057787960335
DynamicProgramming,duplicate_pairs,include_ratio,-0.15362671906039857
DynamicProgramming,duplicate_pairs,nonzero_value_states,0.20799920588394938
DynamicProgramming,duplicate_pairs,zero_value_states,-0.4698912676329051
DynamicProgramming,duplicate_pairs,fill_rate,0.2557884363355575
DynamicProgramming,duplicate_pairs,mean_cell_value,0.32104563123227553
DynamicProgramming,duplicate_pairs,cell_value_variance,0.29640262442537796
DynamicProgramming,duplicate_pairs,dp_sum_improvement_amount,0.26037293145064205
DynamicProgramming,duplicate_pairs,dp_mean_improvement_amount,-0.08344711614013053
DynamicProgramming,duplicate_pairs,updates_per_cell,0.45185671597290067
DynamicProgramming,duplicate_pairs,selected_count,0.3743204906308523
DynamicProgramming,duplicate_pairs,solution_density,-0.04676278699493233
DynamicProgramming,duplicate_pairs,residual_capacity,0.10590193323404572
DynamicProgramming,duplicate_pairs,capacity_utilization,0.15015594622892606
DynamicProgramming,duplicate_pairs,last_selected_position,0.41344797981557413
DynamicProgramming,duplicate_pairs,first_skipped_position,0.3743868065743272
DynamicProgramming,duplicate_pairs,log_time_millis,0.44013646048559263
DynamicProgramming,duplicate_pairs,log_memory_mb,0.03233289579027211
DynamicProgramming,duplicate_pairs,AlmostEqualRatios,-0.022531797696155948
DynamicProgramming,duplicate_pairs,InverseCorrelated,0.3901751915863362
DynamicProgramming,duplicate_pairs,StronglyCorrelated,0.1248389534086417
DynamicProgramming,duplicate_pairs,WeaklyCorrelated,-0.12349162174444445
DynamicProgramming,duplicate_pairs,log_n,0.630142994623846
DynamicProgramming,time_millis,memory_bytes,0.9071250712624468
DynamicProgramming,time_millis,memory_mb,0.9071225685291097
DynamicProgramming,time_millis,solution_value,0.9091663067975516
DynamicProgramming,time_millis,optimal_value,0.9091663067975516
DynamicProgramming,time_millis,nodes_generated,0.5333799958110128
DynamicProgramming,time_millis,internal_nodes,0.5115867952659228
DynamicProgramming,time_millis,max_depth,0.647161920697244
DynamicProgramming,time_millis,mean_depth,0.8160229141445507
DynamicProgramming,time_millis,median_depth,0.8375281931097828
DynamicProgramming,time_millis,mean_queue_size,0.6140051467049387
DynamicProgramming,time_millis,final_queue_size,0.44097395479580553
DynamicProgramming,time_millis,mean_bound,0.9091808486126453
DynamicProgramming,time_millis,bound_variance,-0.17792857015365682
DynamicProgramming,time_millis,min_bound,0.9097417014644912
DynamicProgramming,time_millis,max_bound,0.9090509212036023
DynamicProgramming,time_millis,mean_bound_gap,0.3225944389722078
DynamicProgramming,time_millis,bound_gap_variance,0.44490289413581946
DynamicProgramming,time_millis,pruned_by_bound,-0.0994040997883423
DynamicProgramming,time_millis,pruned_by_cap,0.44230763867542344
DynamicProgramming,time_millis,left_branches,0.613201097258987
DynamicProgramming,time_millis,right_branches,0.5109212899380289
DynamicProgramming,time_millis,explored_children,0.5304622395495182
DynamicProgramming,time_millis,skipped_children,0.44748056742510095
DynamicProgramming,time_millis,skipped_infeasible,0.4000385352637734
DynamicProgramming,time_millis,skipped_by_bound,0.08467426909393233
DynamicProgramming,time_millis,improvement_count,0.9539536235889455
DynamicProgramming,time_millis,sum_improvement_amount,0.6597343061263532
DynamicProgramming,time_millis,mean_improvement_amount,0.11347973632089994
DynamicProgramming,time_millis,last_improvement_node,0.37513288437869935
DynamicProgramming,time_millis,pruned_generated_ratio,0.18576212161138536
DynamicProgramming,time_millis,avg_branching_factor,0.28262614004038195
DynamicProgramming,time_millis,capacity_density,0.4079127154269391
DynamicProgramming,time_millis,cells_allocated,0.699888586024835
DynamicProgramming,time_millis,total_evaluations,0.7497187676507054
DynamicProgramming,time_millis,include_count,0.739959834701439
DynamicProgramming,time_millis,exclude_count,0.7489462818888264
DynamicProgramming,time_millis,tie_count,0.3663658821054546
DynamicProgramming,time_millis,include_ratio,0.33936854846010406
DynamicProgramming,time_millis,nonzero_value_states,0.6993266504219582
DynamicProgramming,time_millis,zero_value_states,-0.36527994986367734
DynamicProgramming,time_millis,fill_rate,0.17570926245607105
DynamicProgramming,time_millis,mean_cell_value,0.8354709912566376
DynamicProgramming,time_millis,cell_value_variance,0.9391380759176906
DynamicProgramming,time_millis,dp_sum_improvement_amount,0.696068355501729
DynamicProgramming,time_millis,dp_mean_improvement_amount,0.1701366633850383
DynamicProgramming,time_millis,updates_per_cell,0.7438798124514555
DynamicProgramming,time_millis,selected_count,0.9551714021637147
DynamicProgramming,time_millis,solution_density,0.379179152517964
DynamicProgramming,time_millis,residual_capacity,0.03376909701922457
DynamicProgramming,time_millis,capacity_utilization,0.217143413369279
DynamicProgramming,time_millis,last_selected_position,0.7943510028265839
DynamicProgramming,time_millis,first_skipped_position,0.9543108097896206
DynamicProgramming,time_millis,log_time_millis,0.7437210674222337
DynamicProgramming,time_millis,log_memory_mb,0.10735571140097783
DynamicProgramming,time_millis,AlmostEqualRatios,0.0020407531775014673
DynamicProgramming,time_millis,InverseCorrelated,-0.022240072439074873
DynamicProgramming,time_millis,StronglyCorrelated,0.03637301304049101
DynamicProgramming,time_millis,WeaklyCorrelated,0.002840399522409294
DynamicProgramming,time_millis,log_n,0.5163732070231145
DynamicProgramming,memory_bytes,memory_mb,0.9999999248115906
DynamicProgramming,memory_bytes,solution_value,0.8136419274402048
DynamicProgramming,memory_bytes,optimal_value,0.8136419274402048
DynamicProgramming,memory_bytes,nodes_generated,0.4433184287943282
DynamicProgramming,memory_bytes,internal_nodes,0.42571812275875215
DynamicProgramming,memory_bytes,max_depth,0.5784215408103793
DynamicProgramming,memory_bytes,mean_depth,0.7196845355320902
DynamicProgramming,memory_bytes,median_depth,0.7377981757808354
DynamicProgramming,memory_bytes,mean_queue_size,0.5066215503287517
DynamicProgramming,memory_bytes,final_queue_size,0.41518144070097335
DynamicProgramming,memory_bytes,mean_bound,0.813663227315788
DynamicProgramming,memory_bytes,bound_variance,-0.14252419856034548
DynamicProgramming,memory_bytes,min_bound,0.8141232155021328
DynamicProgramming,memory_bytes,max_bound,0.8135812333547475
DynamicProgramming,memory_bytes,mean_bound_gap,0.24317929625375
DynamicProgramming,memory_bytes,bound_gap_variance,0.33480278073062836
DynamicProgramming,memory_bytes,pruned_by_bound,-0.138720285398081
DynamicProgramming,memory_bytes,pruned_by_cap,0.4154318251285318
DynamicProgramming,memory_bytes,left_branches,0.5071709393328102
DynamicProgramming,memory_bytes,right_branches,0.424970857644282
DynamicProgramming,memory_bytes,explored_children,0.4407617854641033
DynamicProgramming,memory_bytes,skipped_children,0.3730514488969551
DynamicProgramming,memory_bytes,skipped_infeasible,0.33253532692311777
DynamicProgramming,memory_bytes,skipped_by_bound,0.026041343857996776
DynamicProgramming,memory_bytes,improvement_count,0.835247080488207
DynamicProgramming,memory_bytes,sum_improvement_amount,0.5212485925460112
DynamicProgramming,memory_bytes,mean_improvement_amount,0.09616844640724696
DynamicProgramming,memory_bytes,last_improvement_node,0.3195469236471712
DynamicProgramming,memory_bytes,pruned_generated_ratio,0.13618031801971886
DynamicProgramming,memory_bytes,avg_branching_factor,0.2773932648886654
DynamicProgramming,memory_bytes,capacity_density,0.29815849483213247
DynamicProgramming,memory_bytes,cells_allocated,0.5451511007260978
DynamicProgramming,memory_bytes,total_evaluations,0.5923571395735591
DynamicProgramming,memory_bytes,include_count,0.5811053546792516
DynamicProgramming,memory_bytes,exclude_count,0.5946020197173323
DynamicProgramming,memory_bytes,tie_count,0.272686327595322
DynamicProgramming,memory_bytes,include_ratio,0.2517341524329589
DynamicProgramming,memory_bytes,nonzero_value_states,0.544597806547196
DynamicProgramming,memory_bytes,zero_value_states,-0.2928433620365913
DynamicProgramming,memory_bytes,fill_rate,0.12508182697704878
DynamicProgramming,memory_bytes,mean_cell_value,0.7586625314603483
DynamicProgramming,memory_bytes,cell_value_variance,0.8870587414004183
DynamicProgramming,memory_bytes,dp_sum_improvement_amount,0.5468811044825337
DynamicProgramming,memory_bytes,dp_mean_improvement_amount,0.13460906123615873
DynamicProgramming,memory_bytes,updates_per_cell,0.5904944015878033
DynamicProgramming,memory_bytes,selected_count,0.8404382424497873
DynamicProgramming,memory_bytes,solution_density,0.27888735741395326
DynamicProgramming,memory_bytes,residual_capacity,0.03818460022146158
DynamicProgramming,memory_bytes,capacity_utilization,0.1556977641522184
DynamicProgramming,memory_bytes,last_selected_position,0.7025396681156256
DynamicProgramming,memory_bytes,first_skipped_position,0.8399722915806144
DynamicProgramming,memory_bytes,log_time_millis,0.583439064613807
DynamicProgramming,memory_bytes,log_memory_mb,0.35203710731178434
DynamicProgramming,memory_bytes,AlmostEqualRatios,-0.00342674886433708
DynamicProgramming,memory_bytes,InverseCorrelated,0.002394772600282446
DynamicProgramming,memory_bytes,StronglyCorrelated,0.006042185134865363
DynamicProgramming,memory_bytes,WeaklyCorrelated,-0.0036618181698264947
DynamicProgramming,memory_bytes,log_n,0.42688737879471306
DynamicProgramming,memory_mb,solution_value,0.8136272699276756
DynamicProgramming,memory_mb,optimal_value,0.8136272699276756
DynamicProgramming,memory_mb,nodes_generated,0.44332028243470606
DynamicProgramming,memory_mb,internal_nodes,0.425722601366894
DynamicProgramming,memory_mb,max_depth,0.5784479251138749
DynamicProgramming,memory_mb,mean_depth,0.7197003965228718
DynamicProgramming,memory_mb,median_depth,0.737810231304065
DynamicProgramming,memory_mb,mean_queue_size,0.5065984314933231
DynamicProgramming,memory_mb,final_queue_size,0.41519168602927214
DynamicProgramming,memory_mb,mean_bound,0.8136485883893753
DynamicProgramming,memory_mb,bound_variance,-0.1425494771071954
DynamicProgramming,memory_mb,min_bound,0.8141086480940105
DynamicProgramming,memory_mb,max_bound,0.8135666204669979
DynamicProgramming,memory_mb,mean_bound_gap,0.2430991947571951
DynamicProgramming,memory_mb,bound_gap_variance,0.33471526563023235
DynamicProgramming,memory_mb,pruned_by_bound,-0.1387559761134171
DynamicProgramming,memory_mb,pruned_by_cap,0.4154420452090448
DynamicProgramming,memory_mb,left_branches,0.5071455832993739
DynamicProgramming,memory_mb,right_branches,0.4249762859671264
DynamicProgramming,memory_mb,explored_children,0.4407633776146103
DynamicProgramming,memory_mb,skipped_children,0.3730604393182213
DynamicProgramming,memory_mb,skipped_infeasible,0.33254312236270245
DynamicProgramming,memory_mb,skipped_by_bound,0.026022306392289293
DynamicProgramming,memory_mb,improvement_count,0.8352359119929718
DynamicProgramming,memory_mb,sum_improvement_amount,0.5211757839802995
DynamicProgramming,memory_mb,mean_improvement_amount,0.09613872907970526
DynamicProgramming,memory_mb,last_improvement_node,0.3195547344850192
DynamicProgramming,memory_mb,pruned_generated_ratio,0.1361289640417841
DynamicProgramming,memory_mb,avg_branching_factor,0.2773848105308787
DynamicProgramming,memory_mb,capacity_density,0.29805340801204183
DynamicProgramming,memory_mb,cells_allocated,0.5450609773720018
DynamicProgramming,memory_mb,total_evaluations,0.5922869617627212
DynamicProgramming,memory_mb,include_count,0.5810238099026449
DynamicProgramming,memory_mb,exclude_count,0.5945404188848457
DynamicProgramming,memory_mb,tie_count,0.27263593064378056
DynamicProgramming,memory_mb,include_ratio,0.2516429204169942
DynamicProgramming,memory_mb,nonzero_value_states,0.5445075634480688
DynamicProgramming,memory_mb,zero_value_states,-0.29284294750238765
DynamicProgramming,memory_mb,fill_rate,0.12503958435362886
DynamicProgramming,memory_mb,mean_cell_value,0.7586484316897101
DynamicProgramming,memory_mb,cell_value_variance,0.8870591319879869
DynamicProgramming,memory_mb,dp_sum_improvement_amount,0.5467971306019792
DynamicProgramming,memory_mb,dp_mean_improvement_amount,0.13456068745645136
DynamicProgramming,memory_mb,updates_per_cell,0.5904307066776096
DynamicProgramming,memory_mb,selected_count,0.8404266445911708
DynamicProgramming,memory_mb,solution_density,0.27878812181187174
DynamicProgramming,memory_mb,residual_capacity,0.03815905876519694
DynamicProgramming,memory_mb,capacity_utilization,0.1556552507384204
DynamicProgramming,memory_mb,last_selected_position,0.7025420707097719
DynamicProgramming,memory_mb,first_skipped_position,0.8399607605009802
DynamicProgramming,memory_mb,log_time_millis,0.5833752693829698
DynamicProgramming,memory_mb,log_memory_mb,0.3520267289553192
DynamicProgramming,memory_mb,AlmostEqualRatios,-0.0034358593620054797
DynamicProgramming,memory_mb,InverseCorrelated,0.0023989503985354147
DynamicProgramming,memory_mb,StronglyCorrelated,0.0060501001809228185
DynamicProgramming,memory_mb,WeaklyCorrelated,-0.003661401707166588
DynamicProgramming,memory_mb,log_n,0.4268938482553931
DynamicProgramming,solution_value,optimal_value,1.0
DynamicProgramming,solution_value,nodes_generated,0.5855276947301807
DynamicProgramming,solution_value,internal_nodes,0.5621631769438359
DynamicProgramming,solution_value,max_depth,0.6447223355785238
DynamicProgramming,solution_value,mean_depth,0.8057800409042379
DynamicProgramming,solution_value,median_depth,0.8292265881587426
DynamicProgramming,solution_value,mean_queue_size,0.6887720820075323
DynamicProgramming,solution_value,final_queue_size,0.486903138680406
DynamicProgramming,solution_value,mean_bound,0.9999998772756196
DynamicProgramming,solution_value,bound_variance,-0.022431647934395144
DynamicProgramming,solution_value,min_bound,0.9999935700678297
DynamicProgramming,solution_value,max_bound,0.9999987751439641
DynamicProgramming,solution_value,mean_bound_gap,0.3991162963144563
DynamicProgramming,solution_value,bound_gap_variance,0.5239167669465862
DynamicProgramming,solution_value,pruned_by_bound,-0.11959341637672662
DynamicProgramming,solution_value,pruned_by_cap,0.48505125294946194
DynamicProgramming,solution_value,left_branches,0.6908309167383071
DynamicProgramming,solution_value,right_branches,0.5599989997398548
DynamicProgramming,solution_value,explored_children,0.5824748237182128
DynamicProgramming,solution_value,skipped_children,0.4977875865873629
DynamicProgramming,solution_value,skipped_infeasible,0.44264203493303106
DynamicProgramming,solution_value,skipped_by_bound,0.19261929479000678
DynamicProgramming,solution_value,improvement_count,0.9685046699589152
DynamicProgramming,solution_value,sum_improvement_amount,0.7715197637635527
DynamicProgramming,solution_value,mean_improvement_amount,0.2448526865524158
DynamicProgramming,solution_value,last_improvement_node,0.2214703869495293
DynamicProgramming,solution_value,pruned_generated_ratio,0.19434074173584284
DynamicProgramming,solution_value,avg_branching_factor,0.3267698258254798
DynamicProgramming,solution_value,capacity_density,0.47996603810116034
DynamicProgramming,solution_value,cells_allocated,0.7721062961102597
DynamicProgramming,solution_value,total_evaluations,0.8180370545701815
DynamicProgramming,solution_value,include_count,0.81711951605644
DynamicProgramming,solution_value,exclude_count,0.8089222452219575
DynamicProgramming,solution_value,tie_count,0.37415812830217776
DynamicProgramming,solution_value,include_ratio,0.43020187801215976
DynamicProgramming,solution_value,nonzero_value_states,0.7717148317207327
DynamicProgramming,solution_value,zero_value_states,-0.3902711628066659
DynamicProgramming,solution_value,fill_rate,0.21706347789260164
DynamicProgramming,solution_value,mean_cell_value,0.9836557346865388
DynamicProgramming,solution_value,cell_value_variance,0.9638685866456325
DynamicProgramming,solution_value,dp_sum_improvement_amount,0.7979654729201846
DynamicProgramming,solution_value,dp_mean_improvement_amount,0.3073955194445673
DynamicProgramming,solution_value,updates_per_cell,0.8225224444136293
DynamicProgramming,solution_value,selected_count,0.9780249747938959
DynamicProgramming,solution_value,solution_density,0.48019872255943885
DynamicProgramming,solution_value,residual_capacity,0.16754724357570563
DynamicProgramming,solution_value,capacity_utilization,0.24548814780702252
DynamicProgramming,solution_value,last_selected_position,0.7657411689246343
DynamicProgramming,solution_value,first_skipped_position,0.9783269044992267
DynamicProgramming,solution_value,log_time_millis,0.7949490711086563
DynamicProgramming,solution_value,log_memory_mb,0.10223653625259858
DynamicProgramming,solution_value,AlmostEqualRatios,-0.06929611334785214
DynamicProgramming,solution_value,InverseCorrelated,0.13023971198201048
DynamicProgramming,solution_value,StronglyCorrelated,-0.0755131606428331
DynamicProgramming,solution_value,WeaklyCorrelated,-0.057081258250576035
DynamicProgramming,solution_value,log_n,0.5408476544818596
DynamicProgramming,optimal_value,nodes_generated,0.5855276947301807
DynamicProgramming,optimal_value,internal_nodes,0.5621631769438359
DynamicProgramming,optimal_value,max_depth,0.6447223355785238
DynamicProgramming,optimal_value,mean_depth,0.8057800409042379
DynamicProgramming,optimal_value,median_depth,0.8292265881587426
DynamicProgramming,optimal_value,mean_queue_size,0.6887720820075323
DynamicProgramming,optimal_value,final_queue_size,0.486903138680406
DynamicProgramming,optimal_value,mean_bound,0.9999998772756196
DynamicProgramming,optimal_value,bound_variance,-0.022431647934395144
DynamicProgramming,optimal_value,min_bound,0.9999935700678297
DynamicProgramming,optimal_value,max_bound,0.9999987751439641
DynamicProgramming,optimal_value,mean_bound_gap,0.3991162963144563
DynamicProgramming,optimal_value,bound_gap_variance,0.5239167669465862
DynamicProgramming,optimal_value,pruned_by_bound,-0.11959341637672662
DynamicProgramming,optimal_value,pruned_by_cap,0.48505125294946194
DynamicProgramming,optimal_value,left_branches,0.6908309167383071
DynamicProgramming,optimal_value,right_branches,0.5599989997398548
DynamicProgramming,optimal_value,explored_children,0.5824748237182128
DynamicProgramming,optimal_value,skipped_children,0.4977875865873629
DynamicProgramming,optimal_value,skipped_infeasible,0.44264203493303106
DynamicProgramming,optimal_value,skipped_by_bound,0.19261929479000678
DynamicProgramming,optimal_value,improvement_count,0.9685046699589152
DynamicProgramming,optimal_value,sum_improvement_amount,0.7715197637635527
DynamicProgramming,optimal_value,mean_improvement_amount,0.2448526865524158
DynamicProgramming,optimal_value,last_improvement_node,0.2214703869495293
DynamicProgramming,optimal_value,pruned_generated_ratio,0.19434074173584284
DynamicProgramming,optimal_value,avg_branching_factor,0.3267698258254798
DynamicProgramming,optimal_value,capacity_density,0.47996603810116034
DynamicProgramming,optimal_value,cells_allocated,0.7721062961102597
DynamicProgramming,optimal_value,total_evaluations,0.8180370545701815
DynamicProgramming,optimal_value,include_count,0.81711951605644
DynamicProgramming,optimal_value,exclude_count,0.8089222452219575
DynamicProgramming,optimal_value,tie_count,0.37415812830217776
DynamicProgramming,optimal_value,include_ratio,0.43020187801215976
DynamicProgramming,optimal_value,nonzero_value_states,0.7717148317207327
DynamicProgramming,optimal_value,zero_value_states,-0.3902711628066659
DynamicProgramming,optimal_value,fill_rate,0.21706347789260164
DynamicProgramming,optimal_value,mean_cell_value,0.9836557346865388
DynamicProgramming,optimal_value,cell_value_variance,0.9638685866456325
DynamicProgramming,optimal_value,dp_sum_improvement_amount,0.7979654729201846
DynamicProgramming,optimal_value,dp_mean_improvement_amount,0.3073955194445673
DynamicProgramming,optimal_value,updates_per_cell,0.8225224444136293
DynamicProgramming,optimal_value,selected_count,0.9780249747938959
DynamicProgramming,optimal_value,solution_density,0.48019872255943885
DynamicProgramming,optimal_value,residual_capacity,0.16754724357570563
DynamicProgramming,optimal_value,capacity_utilization,0.24548814780702252
DynamicProgramming,optimal_value,last_selected_position,0.7657411689246343
DynamicProgramming,optimal_value,first_skipped_position,0.9783269044992267
DynamicProgramming,optimal_value,log_time_millis,0.7949490711086563
DynamicProgramming,optimal_value,log_memory_mb,0.10223653625259858
DynamicProgramming,optimal_value,AlmostEqualRatios,-0.06929611334785214
DynamicProgramming,optimal_value,InverseCorrelated,0.13023971198201048
DynamicProgramming,optimal_value,StronglyCorrelated,-0.0755131606428331
DynamicProgramming,optimal_value,WeaklyCorrelated,-0.057081258250576035
DynamicProgramming,optimal_value,log_n,0.5408476544818596
DynamicProgramming,nodes_generated,internal_nodes,0.9985223574928013
DynamicProgramming,nodes_generated,max_depth,0.6778113146666069
DynamicProgramming,nodes_generated,mean_depth,0.7336137234435229
DynamicProgramming,nodes_generated,median_depth,0.7062314544186531
DynamicProgramming,nodes_generated,mean_queue_size,0.9332036789509454
DynamicProgramming,nodes_generated,final_queue_size,0.622521254283729
DynamicProgramming,nodes_generated,mean_bound,0.585687676907042
DynamicProgramming,nodes_generated,bound_variance,-0.4149815389279509
DynamicProgramming,nodes_generated,min_bound,0.5864725310413849
DynamicProgramming,nodes_generated,max_bound,0.5859233135920164
DynamicProgramming,nodes_generated,mean_bound_gap,-0.27206969403836906
DynamicProgramming,nodes_generated,bound_gap_variance,-0.06548264693460905
DynamicProgramming,nodes_generated,pruned_by_bound,-0.25176354753483016
DynamicProgramming,nodes_generated,pruned_by_cap,0.6226130293358895
DynamicProgramming,nodes_generated,left_branches,0.9412857692377273
DynamicProgramming,nodes_generated,right_branches,0.9951111323260285
DynamicProgramming,nodes_generated,explored_children,0.9964662237371633
DynamicProgramming,nodes_generated,skipped_children,0.9786815403875407
DynamicProgramming,nodes_generated,skipped_infeasible,0.8834906124157472
DynamicProgramming,nodes_generated,skipped_by_bound,0.60273408504725
DynamicProgramming,nodes_generated,improvement_count,0.6336620705129034
DynamicProgramming,nodes_generated,sum_improvement_amount,0.5157737505675314
DynamicProgramming,nodes_generated,mean_improvement_amount,0.09201952425214295
DynamicProgramming,nodes_generated,last_improvement_node,0.40329551936501523
DynamicProgramming,nodes_generated,pruned_generated_ratio,-0.3357920560531059
DynamicProgramming,nodes_generated,avg_branching_factor,0.47562281205532975
DynamicProgramming,nodes_generated,capacity_density,0.20202484052740072
DynamicProgramming,nodes_generated,cells_allocated,0.4546876992662144
DynamicProgramming,nodes_generated,total_evaluations,0.5988787338805549
DynamicProgramming,nodes_generated,include_count,0.541099335084903
DynamicProgramming,nodes_generated,exclude_count,0.6154907852525315
DynamicProgramming,nodes_generated,tie_count,0.4535687173704553
DynamicProgramming,nodes_generated,include_ratio,0.09864647369828877
DynamicProgramming,nodes_generated,nonzero_value_states,0.45583992827340136
DynamicProgramming,nodes_generated,zero_value_states,-0.44197145937678367
DynamicProgramming,nodes_generated,fill_rate,0.26744229710318124
DynamicProgramming,nodes_generated,mean_cell_value,0.5774627876770532
DynamicProgramming,nodes_generated,cell_value_variance,0.5094334489675004
DynamicProgramming,nodes_generated,dp_sum_improvement_amount,0.49868304744578923
DynamicProgramming,nodes_generated,dp_mean_improvement_amount,0.0823356494459773
DynamicProgramming,nodes_generated,updates_per_cell,0.6243125235539769
DynamicProgramming,nodes_generated,selected_count,0.6184144354337472
DynamicProgramming,nodes_generated,solution_density,0.20732870561219216
DynamicProgramming,nodes_generated,residual_capacity,0.24735233991348618
DynamicProgramming,nodes_generated,capacity_utilization,0.1973495912718189
DynamicProgramming,nodes_generated,last_selected_position,0.4751474408024258
DynamicProgramming,nodes_generated,first_skipped_position,0.6199022360277742
DynamicProgramming,nodes_generated,log_time_millis,0.6145552599087512
DynamicProgramming,nodes_generated,log_memory_mb,0.05600896309368598
DynamicProgramming,nodes_generated,AlmostEqualRatios,-0.06938342755461428
DynamicProgramming,nodes_generated,InverseCorrelated,0.2742075799708149
DynamicProgramming,nodes_generated,StronglyCorrelated,0.2139143285979995
DynamicProgramming,nodes_generated,WeaklyCorrelated,-0.15687041653067046
DynamicProgramming,nodes_generated,log_n,0.5951362499358407
DynamicProgramming,internal_nodes,max_depth,0.6737302451311802
DynamicProgramming,internal_nodes,mean_depth,0.7246000611985786
DynamicProgramming,internal_nodes,median_depth,0.6954402975613024
DynamicProgramming,internal_nodes,mean_queue_size,0.9189439546222926
DynamicProgramming,internal_nodes,final_queue_size,0.6164714825091622
DynamicProgramming,internal_nodes,mean_bound,0.5623356003458126
DynamicProgramming,internal_nodes,bound_variance,-0.42630535819710325
DynamicProgramming,internal_nodes,min_bound,0.5631358751485489
DynamicProgramming,internal_nodes,max_bound,0.5625736384580586
DynamicProgramming,internal_nodes,mean_bound_gap,-0.3081303511155814
DynamicProgramming,internal_nodes,bound_gap_variance,-0.09971400754818914
DynamicProgramming,internal_nodes,pruned_by_bound,-0.26175552365756644
DynamicProgramming,internal_nodes,pruned_by_cap,0.6166875826697386
DynamicProgramming,internal_nodes,left_branches,0.9275236103945844
DynamicProgramming,internal_nodes,right_branches,0.9962182733145349
DynamicProgramming,internal_nodes,explored_children,0.9949271869989136
DynamicProgramming,internal_nodes,skipped_children,0.9876879723026125
DynamicProgramming,internal_nodes,skipped_infeasible,0.8952649967848777
DynamicProgramming,internal_nodes,skipped_by_bound,0.617480667384272
DynamicProgramming,internal_nodes,improvement_count,0.6109660007982624
DynamicProgramming,internal_nodes,sum_improvement_amount,0.48624166803892543
DynamicProgramming,internal_nodes,mean_improvement_amount,0.08028377860559152
DynamicProgramming,internal_nodes,last_improvement_node,0.4009538018682811
DynamicProgramming,internal_nodes,pruned_generated_ratio,-0.3859168807653749
DynamicProgramming,internal_nodes,avg_branching_factor,0.47009865806644785
DynamicProgramming,internal_nodes,capacity_density,0.17318842231266415
DynamicProgramming,internal_nodes,cells_allocated,0.42331363158479507
DynamicProgramming,internal_nodes,total_evaluations,0.5690605358646987
DynamicProgramming,internal_nodes,include_count,0.5097732654790048
DynamicProgramming,internal_nodes,exclude_count,0.5869983543600124
DynamicProgramming,internal_nodes,tie_count,0.44144450122154244
DynamicProgramming,internal_nodes,include_ratio,0.07550825483646004
DynamicProgramming,internal_nodes,nonzero_value_states,0.4244319806854444
DynamicProgramming,internal_nodes,zero_value_states,-0.43175084013098564
DynamicProgramming,internal_nodes,fill_rate,0.2536152079416074
DynamicProgramming,internal_nodes,mean_cell_value,0.5566689120999795
DynamicProgramming,internal_nodes,cell_value_variance,0.4891157835021816
DynamicProgramming,internal_nodes,dp_sum_improvement_amount,0.46729667939271474
DynamicProgramming,internal_nodes,dp_mean_improvement_amount,0.06731124202174828
DynamicProgramming,internal_nodes,updates_per_cell,0.5952746957082885
DynamicProgramming,internal_nodes,selected_count,0.5951430631496092
DynamicProgramming,internal_nodes,solution_density,0.18114937822268753
DynamicProgramming,internal_nodes,residual_capacity,0.24908745169130111
DynamicProgramming,internal_nodes,capacity_utilization,0.18206972435809332
DynamicProgramming,internal_nodes,last_selected_position,0.457857855733884
DynamicProgramming,internal_nodes,first_skipped_position,0.5967114042650216
DynamicProgramming,internal_nodes,log_time_millis,0.5863671115867488
DynamicProgramming,internal_nodes,log_memory_mb,0.052611387041303956
DynamicProgramming,internal_nodes,AlmostEqualRatios,-0.07480766029812175
DynamicProgramming,internal_nodes,InverseCorrelated,0.278865380376983
DynamicProgramming,internal_nodes,StronglyCorrelated,0.22118083455940865
DynamicProgramming,internal_nodes,WeaklyCorrelated,-0.15338701220883671
DynamicProgramming,internal_nodes,log_n,0.5832581636585057
DynamicProgramming,max_depth,mean_depth,0.9024294827779837
DynamicProgramming,max_depth,median_depth,0.8841074810303468
DynamicProgramming,max_depth,mean_queue_size,0.6046632805845205
DynamicProgramming,max_depth,final_queue_size,0.3425879269952052
DynamicProgramming,max_depth,mean_bound,0.6447616087361997
DynamicProgramming,max_depth,bound_variance,-0.24629483040264355
DynamicProgramming,max_depth,min_bound,0.645090261799321
DynamicProgramming,max_depth,max_bound,0.644853804648947
DynamicProgramming,max_depth,mean_bound_gap,-0.030603643495213974
DynamicProgramming,max_depth,bound_gap_variance,0.11839606758105006
DynamicProgramming,max_depth,pruned_by_bound,-0.05363848734691162
DynamicProgramming,max_depth,pruned_by_cap,0.34429597256460587
DynamicProgramming,max_depth,left_branches,0.581102558295656
DynamicProgramming,max_depth,right_branches,0.6766084680738047
DynamicProgramming,max_depth,explored_children,0.6748260135505413
DynamicProgramming,max_depth,skipped_children,0.6505872476497085
DynamicProgramming,max_depth,skipped_infeasible,0.5929040348524066
DynamicProgramming,max_depth,skipped_by_bound,0.31283706941048944
DynamicProgramming,max_depth,improvement_count,0.6732997844399606
DynamicProgramming,max_depth,sum_improvement_amount,0.45631824757483425
DynamicProgramming,max_depth,mean_improvement_amount,0.05001109978759605
DynamicProgramming,max_depth,last_improvement_node,0.2705538616703432
DynamicProgramming,max_depth,pruned_generated_ratio,-0.16348953007254946
DynamicProgramming,max_depth,avg_branching_factor,0.2613597121290097
DynamicProgramming,max_depth,capacity_density,0.033444715503494545
DynamicProgramming,max_depth,cells_allocated,0.35525274012112373
DynamicProgramming,max_depth,total_evaluations,0.6087541252410125
DynamicProgramming,max_depth,include_count,0.49208646176339027
DynamicProgramming,max_depth,exclude_count,0.6590507811086013
DynamicProgramming,max_depth,tie_count,0.3985369477624046
DynamicProgramming,max_depth,include_ratio,-0.12137117743632989
DynamicProgramming,max_depth,nonzero_value_states,0.35675717439490284
DynamicProgramming,max_depth,zero_value_states,-0.5787159902136736
DynamicProgramming,max_depth,fill_rate,0.2710660944462627
DynamicProgramming,max_depth,mean_cell_value,0.6141016917963787
DynamicProgramming,max_depth,cell_value_variance,0.6355846552431026
DynamicProgramming,max_depth,dp_sum_improvement_amount,0.41725320699356605
DynamicProgramming,max_depth,dp_mean_improvement_amount,-0.07295490680051095
DynamicProgramming,max_depth,updates_per_cell,0.6497126323758781
DynamicProgramming,max_depth,selected_count,0.6734104937050285
DynamicProgramming,max_depth,solution_density,-0.006821585248542696
DynamicProgramming,max_depth,residual_capacity,-0.07893781680100716
DynamicProgramming,max_depth,capacity_utilization,0.27743101928091507
DynamicProgramming,max_depth,last_selected_position,0.6805480116907293
DynamicProgramming,max_depth,first_skipped_position,0.6733520828082618
DynamicProgramming,max_depth,log_time_millis,0.6319411565813482
DynamicProgramming,max_depth,log_memory_mb,0.06234584003012128
DynamicProgramming,max_depth,AlmostEqualRatios,-0.11507708293539844
DynamicProgramming,max_depth,InverseCorrelated,0.08517345994575903
DynamicProgramming,max_depth,StronglyCorrelated,0.09074727635671423
DynamicProgramming,max_depth,WeaklyCorrelated,-0.016983037372615518
DynamicProgramming,max_depth,log_n,0.8097977096641014
DynamicProgramming,mean_depth,median_depth,0.995231867426531
DynamicProgramming,mean_depth,mean_queue_size,0.7136772309838987
DynamicProgramming,mean_depth,final_queue_size,0.5107545745890248
DynamicProgramming,mean_depth,mean_bound,0.8058369290533915
DynamicProgramming,mean_depth,bound_variance,-0.33018502872612593
DynamicProgramming,mean_depth,min_bound,0.8064069692243375
DynamicProgramming,mean_depth,max_bound,0.8057028417481366
DynamicProgramming,mean_depth,mean_bound_gap,0.027324035981268615
DynamicProgramming,mean_depth,bound_gap_variance,0.21140753762429892
DynamicProgramming,mean_depth,pruned_by_bound,-0.1392102033201251
DynamicProgramming,mean_depth,pruned_by_cap,0.5117023131186261
DynamicProgramming,mean_depth,left_branches,0.6989472300064111
DynamicProgramming,mean_depth,right_branches,0.7251242463490093
DynamicProgramming,mean_depth,explored_children,0.7299818328576888
DynamicProgramming,mean_depth,skipped_children,0.6905989610702906
DynamicProgramming,mean_depth,skipped_infeasible,0.6228428523253879
DynamicProgramming,mean_depth,skipped_by_bound,0.2573929812627595
DynamicProgramming,mean_depth,improvement_count,0.8600416803428292
DynamicProgramming,mean_depth,sum_improvement_amount,0.5646787421182838
DynamicProgramming,mean_depth,mean_improvement_amount,0.0048071465212112625
DynamicProgramming,mean_depth,last_improvement_node,0.3731933346050328
DynamicProgramming,mean_depth,pruned_generated_ratio,-0.10605950430823195
DynamicProgramming,mean_depth,avg_branching_factor,0.3423565061376662
DynamicProgramming,mean_depth,capacity_density,0.23234672908770707
DynamicProgramming,mean_depth,cells_allocated,0.5592028750673738
DynamicProgramming,mean_depth,total_evaluations,0.7317690307242423
DynamicProgramming,mean_depth,include_count,0.6586150005573376
DynamicProgramming,mean_depth,exclude_count,0.7562562135961699
DynamicProgramming,mean_depth,tie_count,0.43118538233093945
DynamicProgramming,mean_depth,include_ratio,0.11512620250661769
DynamicProgramming,mean_depth,nonzero_value_states,0.5599035601118677
DynamicProgramming,mean_depth,zero_value_states,-0.5266267243897227
DynamicProgramming,mean_depth,fill_rate,0.2572475268267065
DynamicProgramming,mean_depth,mean_cell_value,0.7709818255167453
DynamicProgramming,mean_depth,cell_value_variance,0.7906989153191283
DynamicProgramming,mean_depth,dp_sum_improvement_amount,0.5776072082684445
DynamicProgramming,mean_depth,dp_mean_improvement_amount,-0.01956681269476134
DynamicProgramming,mean_depth,updates_per_cell,0.7517877606816559
DynamicProgramming,mean_depth,selected_count,0.8556395953702726
DynamicProgramming,mean_depth,solution_density,0.21479067231389068
DynamicProgramming,mean_depth,residual_capacity,0.055780059435250905
DynamicProgramming,mean_depth,capacity_utilization,0.2929227587328088
DynamicProgramming,mean_depth,last_selected_position,0.7635129518119571
DynamicProgramming,mean_depth,first_skipped_position,0.8558613086821368
DynamicProgramming,mean_depth,log_time_millis,0.7405752769732601
DynamicProgramming,mean_depth,log_memory_mb,0.08196148597715501
DynamicProgramming,mean_depth,AlmostEqualRatios,-0.08878122751640075
DynamicProgramming,mean_depth,InverseCorrelated,0.049344580067665726
DynamicProgramming,mean_depth,StronglyCorrelated,0.1543684235227425
DynamicProgramming,mean_depth,WeaklyCorrelated,-0.04397528585597385
DynamicProgramming,mean_depth,log_n,0.7287480961621183
DynamicProgramming,median_depth,mean_queue_size,0.700986677335534
DynamicProgramming,median_depth,final_queue_size,0.4923343978710487
DynamicProgramming,median_depth,mean_bound,0.8292728362749286
DynamicProgramming,median_depth,bound_variance,-0.3069588917676109
DynamicProgramming,median_depth,min_bound,0.8298172734747533
DynamicProgramming,median_depth,max_bound,0.8291209166587754
DynamicProgramming,median_depth,mean_bound_gap,0.07775768694179688
DynamicProgramming,median_depth,bound_gap_variance,0.2558139465626569
DynamicProgramming,median_depth,pruned_by_bound,-0.11993871816520614
DynamicProgramming,median_depth,pruned_by_cap,0.4931515026849808
DynamicProgramming,median_depth,left_branches,0.6867653478709238
DynamicProgramming,median_depth,right_branches,0.6958931802671734
DynamicProgramming,median_depth,explored_children,0.7027657478900436
DynamicProgramming,median_depth,skipped_children,0.6580060856008132
DynamicProgramming,median_depth,skipped_infeasible,0.5937074730746675
DynamicProgramming,median_depth,skipped_by_bound,0.24197728147968753
DynamicProgramming,median_depth,improvement_count,0.8802705085669014
DynamicProgramming,median_depth,sum_improvement_amount,0.5848218756039175
DynamicProgramming,median_depth,mean_improvement_amount,0.009023203205656017
DynamicProgramming,median_depth,last_improvement_node,0.3579684632455127
DynamicProgramming,median_depth,pruned_generated_ratio,-0.0637442805742174
DynamicProgramming,median_depth,avg_branching_factor,0.3330924031148967
DynamicProgramming,median_depth,capacity_density,0.26625638049181977
DynamicProgramming,median_depth,cells_allocated,0.5922090671159498
DynamicProgramming,median_depth,total_evaluations,0.7514610026012308
DynamicProgramming,median_depth,include_count,0.6857659330728719
DynamicProgramming,median_depth,exclude_count,0.7724202414841812
DynamicProgramming,median_depth,tie_count,0.4343791212749562
DynamicProgramming,median_depth,include_ratio,0.15275503710168173
DynamicProgramming,median_depth,nonzero_value_states,0.5927848001318513
DynamicProgramming,median_depth,zero_value_states,-0.5175795704147796
DynamicProgramming,median_depth,fill_rate,0.25555199215037827
DynamicProgramming,median_depth,mean_cell_value,0.7913034942799304
DynamicProgramming,median_depth,cell_value_variance,0.8143404031984894
DynamicProgramming,median_depth,dp_sum_improvement_amount,0.6049200997950126
DynamicProgramming,median_depth,dp_mean_improvement_amount,-0.006097609069381188
DynamicProgramming,median_depth,updates_per_cell,0.7687762363993359
DynamicProgramming,median_depth,selected_count,0.8768427572527876
DynamicProgramming,median_depth,solution_density,0.24795702311783357
DynamicProgramming,median_depth,residual_capacity,0.05447714180009985
DynamicProgramming,median_depth,capacity_utilization,0.29426772188086614
DynamicProgramming,median_depth,last_selected_position,0.7752297336781694
DynamicProgramming,median_depth,first_skipped_position,0.8769366664080666
DynamicProgramming,median_depth,log_time_millis,0.7571019864094143
DynamicProgramming,median_depth,log_memory_mb,0.08535298828478083
DynamicProgramming,median_depth,AlmostEqualRatios,-0.08574281311654484
DynamicProgramming,median_depth,InverseCorrelated,0.03294666976793214
DynamicProgramming,median_depth,StronglyCorrelated,0.1492052948086225
DynamicProgramming,median_depth,WeaklyCorrelated,-0.04041586031450856
DynamicProgramming,median_depth,log_n,0.7147417739926799
DynamicProgramming,mean_queue_size,final_queue_size,0.6378114320200178
DynamicProgramming,mean_queue_size,mean_bound,0.6888817369982707
DynamicProgramming,mean_queue_size,bound_variance,-0.2709175526731619
DynamicProgramming,mean_queue_size,min_bound,0.6894070177440876
DynamicProgramming,mean_queue_size,max_bound,0.6890844315306563
DynamicProgramming,mean_queue_size,mean_bound_gap,-0.015545083980832996
DynamicProgramming,mean_queue_size,bound_gap_variance,0.18314682144102665
DynamicProgramming,mean_queue_size,pruned_by_bound,-0.1736387691835149
DynamicProgramming,mean_queue_size,pruned_by_cap,0.6366031167989135
DynamicProgramming,mean_queue_size,left_branches,0.9826575605562025
DynamicProgramming,mean_queue_size,right_branches,0.9211546539787135
DynamicProgramming,mean_queue_size,explored_children,0.9371045858821719
DynamicProgramming,mean_queue_size,skipped_children,0.8729226676656335
DynamicProgramming,mean_queue_size,skipped_infeasible,0.7858692112288767
DynamicProgramming,mean_queue_size,skipped_by_bound,0.5146919823153183
DynamicProgramming,mean_queue_size,improvement_count,0.7226983494352481
DynamicProgramming,mean_queue_size,sum_improvement_amount,0.6819851443463911
DynamicProgramming,mean_queue_size,mean_improvement_amount,0.17372126234266957
DynamicProgramming,mean_queue_size,last_improvement_node,0.38067338199074396
DynamicProgramming,mean_queue_size,pruned_generated_ratio,-0.08715717999185367
DynamicProgramming,mean_queue_size,avg_branching_factor,0.5246565341132419
DynamicProgramming,mean_queue_size,capacity_density,0.41171557492293587
DynamicProgramming,mean_queue_size,cells_allocated,0.6382481989056117
DynamicProgramming,mean_queue_size,total_evaluations,0.7271534741265734
DynamicProgramming,mean_queue_size,include_count,0.7044668783828003
DynamicProgramming,mean_queue_size,exclude_count,0.7235462124302443
DynamicProgramming,mean_queue_size,tie_count,0.45783298342868967
DynamicProgramming,mean_queue_size,include_ratio,0.3103830676358999
DynamicProgramming,mean_queue_size,nonzero_value_states,0.6393651603596705
DynamicProgramming,mean_queue_size,zero_value_states,-0.42255270749614676
DynamicProgramming,mean_queue_size,fill_rate,0.3244163528726158
DynamicProgramming,mean_queue_size,mean_cell_value,0.6732979429647543
DynamicProgramming,mean_queue_size,cell_value_variance,0.5927343195186604
DynamicProgramming,mean_queue_size,dp_sum_improvement_amount,0.6805014979887551
DynamicProgramming,mean_queue_size,dp_mean_improvement_amount,0.23463346430912005
DynamicProgramming,mean_queue_size,updates_per_cell,0.7476895817010408
DynamicProgramming,mean_queue_size,selected_count,0.7123882435095832
DynamicProgramming,mean_queue_size,solution_density,0.4173968583698344
DynamicProgramming,mean_queue_size,residual_capacity,0.30357400620122976
DynamicProgramming,mean_queue_size,capacity_utilization,0.23590159012234335
DynamicProgramming,mean_queue_size,last_selected_position,0.5254730108077226
DynamicProgramming,mean_queue_size,first_skipped_position,0.7137251501968166
DynamicProgramming,mean_queue_size,log_time_millis,0.7233353813585105
DynamicProgramming,mean_queue_size,log_memory_mb,0.07212490259278682
DynamicProgramming,mean_queue_size,AlmostEqualRatios,-0.09164620088751106
DynamicProgramming,mean_queue_size,InverseCorrelated,0.25518413151980385
DynamicProgramming,mean_queue_size,StronglyCorrelated,0.1414660223488294
DynamicProgramming,mean_queue_size,WeaklyCorrelated,-0.13614658038231595
DynamicProgramming,mean_queue_size,log_n,0.552103439119522
DynamicProgramming,final_queue_size,mean_bound,0.4870370224530994
DynamicProgramming,final_queue_size,bound_variance,-0.2408359410676775
DynamicProgramming,final_queue_size,min_bound,0.48777431728852777
DynamicProgramming,final_queue_size,max_bound,0.48706784276782056
DynamicProgramming,final_queue_size,mean_bound_gap,-0.13731628283750813
DynamicProgramming,final_queue_size,bound_gap_variance,-0.07082238410898826
DynamicProgramming,final_queue_size,pruned_by_bound,-0.7099547147951386
DynamicProgramming,final_queue_size,pruned_by_cap,0.9996539044388573
DynamicProgramming,final_queue_size,left_branches,0.6456223047802004
DynamicProgramming,final_queue_size,right_branches,0.6117335616215198
DynamicProgramming,final_queue_size,explored_children,0.6182806413535986
DynamicProgramming,final_queue_size,skipped_children,0.5988690969424599
DynamicProgramming,final_queue_size,skipped_infeasible,0.5224487844287146
DynamicProgramming,final_queue_size,skipped_by_bound,0.023843162904133127
DynamicProgramming,final_queue_size,improvement_count,0.506269652857841
DynamicProgramming,final_queue_size,sum_improvement_amount,0.31087532568228404
DynamicProgramming,final_queue_size,mean_improvement_amount,0.06670505821491211
DynamicProgramming,final_queue_size,last_improvement_node,0.525847037147036
DynamicProgramming,final_queue_size,pruned_generated_ratio,-0.1694940223147655
DynamicProgramming,final_queue_size,avg_branching_factor,0.5404981537673152
DynamicProgramming,final_queue_size,capacity_density,0.17154183125841208
DynamicProgramming,final_queue_size,cells_allocated,0.3066593720496454
DynamicProgramming,final_queue_size,total_evaluations,0.33381541823044586
DynamicProgramming,final_queue_size,include_count,0.3316162180125568
DynamicProgramming,final_queue_size,exclude_count,0.3258309055297612
DynamicProgramming,final_queue_size,tie_count,0.15503114044144373
DynamicProgramming,final_queue_size,include_ratio,0.18075212115497102
DynamicProgramming,final_queue_size,nonzero_value_states,0.3064045276079381
DynamicProgramming,final_queue_size,zero_value_states,-0.16892828244330435
DynamicProgramming,final_queue_size,fill_rate,0.07611204398650614
DynamicProgramming,final_queue_size,mean_cell_value,0.5132013069399818
DynamicProgramming,final_queue_size,cell_value_variance,0.4680098196890404
DynamicProgramming,final_queue_size,dp_sum_improvement_amount,0.32133963706035845
DynamicProgramming,final_queue_size,dp_mean_improvement_amount,0.11454625416360154
DynamicProgramming,final_queue_size,updates_per_cell,0.34321944900368717
DynamicProgramming,final_queue_size,selected_count,0.49969114738149106
DynamicProgramming,final_queue_size,solution_density,0.21247307554941222
DynamicProgramming,final_queue_size,residual_capacity,0.3484645623479634
DynamicProgramming,final_queue_size,capacity_utilization,0.08488306231217302
DynamicProgramming,final_queue_size,last_selected_position,0.33251477842984467
DynamicProgramming,final_queue_size,first_skipped_position,0.5015316457966025
DynamicProgramming,final_queue_size,log_time_millis,0.3266289446333089
DynamicProgramming,final_queue_size,log_memory_mb,0.05040323220410051
DynamicProgramming,final_queue_size,AlmostEqualRatios,-0.06887476909290799
DynamicProgramming,final_queue_size,InverseCorrelated,0.19383881515423762
DynamicProgramming,final_queue_size,StronglyCorrelated,0.057766863431812344
DynamicProgramming,final_queue_size,WeaklyCorrelated,-0.09136545474657085
DynamicProgramming,final_queue_size,log_n,0.24002817574868743
DynamicProgramming,mean_bound,bound_variance,-0.022537689061108892
DynamicProgramming,mean_bound,min_bound,0.9999942584013753
DynamicProgramming,mean_bound,max_bound,0.9999990373532652
DynamicProgramming,mean_bound,mean_bound_gap,0.39891598654983856
DynamicProgramming,mean_bound,bound_gap_variance,0.5237435227066298
DynamicProgramming,mean_bound,pruned_by_bound,-0.11973289469325944
DynamicProgramming,mean_bound,pruned_by_cap,0.48518353981914547
DynamicProgramming,mean_bound,left_branches,0.6909499097470432
DynamicProgramming,mean_bound,right_branches,0.5601675752471702
DynamicProgramming,mean_bound,explored_children,0.5826338319669505
DynamicProgramming,mean_bound,skipped_children,0.4979852569077096
DynamicProgramming,mean_bound,skipped_infeasible,0.44284425476192596
DynamicProgramming,mean_bound,skipped_by_bound,0.1927417537532105
DynamicProgramming,mean_bound,improvement_count,0.9685090573705658
DynamicProgramming,mean_bound,sum_improvement_amount,0.7714709643655328
DynamicProgramming,mean_bound,mean_improvement_amount,0.24486520968207307
DynamicProgramming,mean_bound,last_improvement_node,0.2214845352015252
DynamicProgramming,mean_bound,pruned_generated_ratio,0.19405806530447658
DynamicProgramming,mean_bound,avg_branching_factor,0.3268676189453907
DynamicProgramming,mean_bound,capacity_density,0.4798593516674171
DynamicProgramming,mean_bound,cells_allocated,0.7720310493711592
DynamicProgramming,mean_bound,total_evaluations,0.8179718508880983
DynamicProgramming,mean_bound,include_count,0.8170497644878459
DynamicProgramming,mean_bound,exclude_count,0.8088649904612332
DynamicProgramming,mean_bound,tie_count,0.3741259328913473
DynamicProgramming,mean_bound,include_ratio,0.43012440484556974
DynamicProgramming,mean_bound,nonzero_value_states,0.7716391815336733
DynamicProgramming,mean_bound,zero_value_states,-0.39025773807715936
DynamicProgramming,mean_bound,fill_rate,0.21699758559505467
DynamicProgramming,mean_bound,mean_cell_value,0.9836628270049118
DynamicProgramming,mean_bound,cell_value_variance,0.963883020253184
DynamicProgramming,mean_bound,dp_sum_improvement_amount,0.7978997458783819
DynamicProgramming,mean_bound,dp_mean_improvement_amount,0.30737902154231594
DynamicProgramming,mean_bound,updates_per_cell,0.8224653686659575
DynamicProgramming,mean_bound,selected_count,0.9780285510105534
DynamicProgramming,mean_bound,solution_density,0.48009644146493796
DynamicProgramming,mean_bound,residual_capacity,0.16769631108294442
DynamicProgramming,mean_bound,capacity_utilization,0.24530030131251113
DynamicProgramming,mean_bound,last_selected_position,0.7657398424096112
DynamicProgramming,mean_bound,first_skipped_position,0.978330744504477
DynamicProgramming,mean_bound,log_time_millis,0.7948932423490569
DynamicProgramming,mean_bound,log_memory_mb,0.10222749087855573
DynamicProgramming,mean_bound,AlmostEqualRatios,-0.06928037002867812
DynamicProgramming,mean_bound,InverseCorrelated,0.13035457603133177
DynamicProgramming,mean_bound,StronglyCorrelated,-0.07549589333330438
DynamicProgramming,mean_bound,WeaklyCorrelated,-0.05704930623984926
DynamicProgramming,mean_bound,log_n,0.5408432102110069
DynamicProgramming,bound_variance,min_bound,-0.024971949865900258
DynamicProgramming,bound_variance,max_bound,-0.021889843113497332
DynamicProgramming,bound_variance,mean_bound_gap,0.5784138998622657
DynamicProgramming,bound_variance,bound_gap_variance,0.4722532501717643
DynamicProgramming,bound_variance,pruned_by_bound,0.1374328075047878
DynamicProgramming,bound_variance,pruned_by_cap,-0.24410288537054273
DynamicProgramming,bound_variance,left_branches,-0.2766509082672901
DynamicProgramming,bound_variance,right_branches,-0.42369797151518346
DynamicProgramming,bound_variance,explored_children,-0.4073680875302336
DynamicProgramming,bound_variance,skipped_children,-0.441495270974427
DynamicProgramming,bound_variance,skipped_infeasible,-0.3993132411523944
DynamicProgramming,bound_variance,skipped_by_bound,-0.12961750160434493
DynamicProgramming,bound_variance,improvement_count,-0.1659179115670463
DynamicProgramming,bound_variance,sum_improvement_amount,0.21591483924907945
DynamicProgramming,bound_variance,mean_improvement_amount,0.6321902986119599
DynamicProgramming,bound_variance,last_improvement_node,-0.34408552180790375
DynamicProgramming,bound_variance,pruned_generated_ratio,0.35090370393050646
DynamicProgramming,bound_variance,avg_branching_factor,-0.147142112695683
DynamicProgramming,bound_variance,capacity_density,0.0804892401568113
DynamicProgramming,bound_variance,cells_allocated,-0.024895490464784474
DynamicProgramming,bound_variance,total_evaluations,-0.1125243043453393
DynamicProgramming,bound_variance,include_count,-0.03949145211507902
DynamicProgramming,bound_variance,exclude_count,-0.13961916237576105
DynamicProgramming,bound_variance,tie_count,-0.431086174505834
DynamicProgramming,bound_variance,include_ratio,0.20811287509456627
DynamicProgramming,bound_variance,nonzero_value_states,-0.025295135742740955
DynamicProgramming,bound_variance,zero_value_states,0.1637011887111704
DynamicProgramming,bound_variance,fill_rate,-0.04899275166781119
DynamicProgramming,bound_variance,mean_cell_value,0.02357887223037911
DynamicProgramming,bound_variance,cell_value_variance,-0.06915028285760179
DynamicProgramming,bound_variance,dp_sum_improvement_amount,0.11772411318142971
DynamicProgramming,bound_variance,dp_mean_improvement_amount,0.6223564906499318
DynamicProgramming,bound_variance,updates_per_cell,-0.05722683874238636
DynamicProgramming,bound_variance,selected_count,-0.1367777537650834
DynamicProgramming,bound_variance,solution_density,0.12999852899161657
DynamicProgramming,bound_variance,residual_capacity,0.14822660302223228
DynamicProgramming,bound_variance,capacity_utilization,-0.1983828953126359
DynamicProgramming,bound_variance,last_selected_position,-0.1870381291957674
DynamicProgramming,bound_variance,first_skipped_position,-0.1346285031945931
DynamicProgramming,bound_variance,log_time_millis,-0.17072804862733384
DynamicProgramming,bound_variance,log_memory_mb,-0.02905408451501926
DynamicProgramming,bound_variance,AlmostEqualRatios,-0.2838967406210686
DynamicProgramming,bound_variance,InverseCorrelated,0.3548865875287897
DynamicProgramming,bound_variance,StronglyCorrelated,-0.5906674974218196
DynamicProgramming,bound_variance,WeaklyCorrelated,0.03500989556317763
DynamicProgramming,bound_variance,log_n,-0.2311650962995132
DynamicProgramming,min_bound,max_bound,0.9999912228666967
DynamicProgramming,min_bound,mean_bound_gap,0.39751925121399406
DynamicProgramming,min_bound,bound_gap_variance,0.5223810265092876
DynamicProgramming,min_bound,pruned_by_bound,-0.12036381586760322
DynamicProgramming,min_bound,pruned_by_cap,0.48592024212348844
DynamicProgramming,min_bound,left_branches,0.6915192710962295
DynamicProgramming,min_bound,right_branches,0.5609757081894935
DynamicProgramming,min_bound,explored_children,0.5834114545114164
DynamicProgramming,min_bound,skipped_children,0.49877863381896603
DynamicProgramming,min_bound,skipped_infeasible,0.4435758310730124
DynamicProgramming,min_bound,skipped_by_bound,0.19264695801933968
DynamicProgramming,min_bound,improvement_count,0.9688482831418747
DynamicProgramming,min_bound,sum_improvement_amount,0.7705485788646895
DynamicProgramming,min_bound,mean_improvement_amount,0.24263905596545363
DynamicProgramming,min_bound,last_improvement_node,0.22193272343755974
DynamicProgramming,min_bound,pruned_generated_ratio,0.19344981866138233
DynamicProgramming,min_bound,avg_branching_factor,0.327377697572486
DynamicProgramming,min_bound,capacity_density,0.4797393525701773
DynamicProgramming,min_bound,cells_allocated,0.7721088185948414
DynamicProgramming,min_bound,total_evaluations,0.8181176544913902
DynamicProgramming,min_bound,include_count,0.8170574027102192
DynamicProgramming,min_bound,exclude_count,0.8090931095962216
DynamicProgramming,min_bound,tie_count,0.3754823005466876
DynamicProgramming,min_bound,include_ratio,0.4295642837571103
DynamicProgramming,min_bound,nonzero_value_states,0.7717143833439964
DynamicProgramming,min_bound,zero_value_states,-0.390293151138389
DynamicProgramming,min_bound,fill_rate,0.2167671952146864
DynamicProgramming,min_bound,mean_cell_value,0.9834777814079217
DynamicProgramming,min_bound,cell_value_variance,0.964129656129243
DynamicProgramming,min_bound,dp_sum_improvement_amount,0.7973808965326853
DynamicProgramming,min_bound,dp_mean_improvement_amount,0.30523607040941
DynamicProgramming,min_bound,updates_per_cell,0.8223737986436963
DynamicProgramming,min_bound,selected_count,0.978322034316632
DynamicProgramming,min_bound,solution_density,0.4796236403448672
DynamicProgramming,min_bound,residual_capacity,0.1669597140014414
DynamicProgramming,min_bound,capacity_utilization,0.245707589785997
DynamicProgramming,min_bound,last_selected_position,0.766394181673142
DynamicProgramming,min_bound,first_skipped_position,0.978610830086025
DynamicProgramming,min_bound,log_time_millis,0.7952216511255049
DynamicProgramming,min_bound,log_memory_mb,0.10224044359195347
DynamicProgramming,min_bound,AlmostEqualRatios,-0.06806573118772395
DynamicProgramming,min_bound,InverseCorrelated,0.12880662436705512
DynamicProgramming,min_bound,StronglyCorrelated,-0.0741134600516502
DynamicProgramming,min_bound,WeaklyCorrelated,-0.05598414755966401
DynamicProgramming,min_bound,log_n,0.5410855701117904
DynamicProgramming,max_bound,mean_bound_gap,0.39901036285586156
DynamicProgramming,max_bound,bound_gap_variance,0.5237898419541913
DynamicProgramming,max_bound,pruned_by_bound,-0.11982519926238432
DynamicProgramming,max_bound,pruned_by_cap,0.4852141295381915
DynamicProgramming,max_bound,left_branches,0.6911580314647119
DynamicProgramming,max_bound,right_branches,0.5603996591087375
DynamicProgramming,max_bound,explored_children,0.5828684886634463
DynamicProgramming,max_bound,skipped_children,0.49822584297364314
DynamicProgramming,max_bound,skipped_infeasible,0.4430409087190692
DynamicProgramming,max_bound,skipped_by_bound,0.19316950598862634
DynamicProgramming,max_bound,improvement_count,0.9684035792298221
DynamicProgramming,max_bound,sum_improvement_amount,0.7717442010317251
DynamicProgramming,max_bound,mean_improvement_amount,0.24583120959200208
DynamicProgramming,max_bound,last_improvement_node,0.22139632649888852
DynamicProgramming,max_bound,pruned_generated_ratio,0.19393215093353972
DynamicProgramming,max_bound,avg_branching_factor,0.3268636694222302
DynamicProgramming,max_bound,capacity_density,0.47965305656680884
DynamicProgramming,max_bound,cells_allocated,0.7718249696821169
DynamicProgramming,max_bound,total_evaluations,0.817807080219999
DynamicProgramming,max_bound,include_count,0.8169047520097931
DynamicProgramming,max_bound,exclude_count,0.808698268232476
DynamicProgramming,max_bound,tie_count,0.37363452971021005
DynamicProgramming,max_bound,include_ratio,0.43008707217212994
DynamicProgramming,max_bound,nonzero_value_states,0.7714337681349273
DynamicProgramming,max_bound,zero_value_states,-0.39027366936253055
DynamicProgramming,max_bound,fill_rate,0.216994718546606
DynamicProgramming,max_bound,mean_cell_value,0.9837111243045654
DynamicProgramming,max_bound,cell_value_variance,0.96383393620038
DynamicProgramming,max_bound,dp_sum_improvement_amount,0.7979571081582849
DynamicProgramming,max_bound,dp_mean_improvement_amount,0.30813571642262777
DynamicProgramming,max_bound,updates_per_cell,0.8224165511533218
DynamicProgramming,max_bound,selected_count,0.9779352761061538
DynamicProgramming,max_bound,solution_density,0.47999945148522033
DynamicProgramming,max_bound,residual_capacity,0.16805381589923704
DynamicProgramming,max_bound,capacity_utilization,0.2447022362515021
DynamicProgramming,max_bound,last_selected_position,0.7655077650012254
DynamicProgramming,max_bound,first_skipped_position,0.9782428102104638
DynamicProgramming,max_bound,log_time_millis,0.7946949577625253
DynamicProgramming,max_bound,log_memory_mb,0.10220079649333091
DynamicProgramming,max_bound,AlmostEqualRatios,-0.06967383483358719
DynamicProgramming,max_bound,InverseCorrelated,0.13131876584573085
DynamicProgramming,max_bound,StronglyCorrelated,-0.07590905618162835
DynamicProgramming,max_bound,WeaklyCorrelated,-0.0573758173172013
DynamicProgramming,max_bound,log_n,0.5408366421415951
DynamicProgramming,mean_bound_gap,bound_gap_variance,0.9460025676149476
DynamicProgramming,mean_bound_gap,pruned_by_bound,0.2977492762650424
DynamicProgramming,mean_bound_gap,pruned_by_cap,-0.13866478391486978
DynamicProgramming,mean_bound_gap,left_branches,-0.0265770791602868
DynamicProgramming,mean_bound_gap,right_branches,-0.3090114892378454
DynamicProgramming,mean_bound_gap,explored_children,-0.27092282493255365
DynamicProgramming,mean_bound_gap,skipped_children,-0.3852234521013398
DynamicProgramming,mean_bound_gap,skipped_infeasible,-0.3637065180513179
DynamicProgramming,mean_bound_gap,skipped_by_bound,-0.22590223607425924
DynamicProgramming,mean_bound_gap,improvement_count,0.3439142948314171
DynamicProgramming,mean_bound_gap,sum_improvement_amount,0.6559098089525585
DynamicProgramming,mean_bound_gap,mean_improvement_amount,0.5045392224387012
DynamicProgramming,mean_bound_gap,last_improvement_node,-0.13101246118129437
DynamicProgramming,mean_bound_gap,pruned_generated_ratio,0.745634420382119
DynamicProgramming,mean_bound_gap,avg_branching_factor,-0.08406993307537472
DynamicProgramming,mean_bound_gap,capacity_density,0.5945794571954729
DynamicProgramming,mean_bound_gap,cells_allocated,0.5991633899565098
DynamicProgramming,mean_bound_gap,total_evaluations,0.49483288419226934
DynamicProgramming,mean_bound_gap,include_count,0.5735825882070823
DynamicProgramming,mean_bound_gap,exclude_count,0.4512724107494101
DynamicProgramming,mean_bound_gap,tie_count,0.03818107907234774
DynamicProgramming,mean_bound_gap,include_ratio,0.57244962641843
DynamicProgramming,mean_bound_gap,nonzero_value_states,0.5989914922197761
DynamicProgramming,mean_bound_gap,zero_value_states,-0.052062268229100726
DynamicProgramming,mean_bound_gap,fill_rate,0.18160170587725993
DynamicProgramming,mean_bound_gap,mean_cell_value,0.357849190503438
DynamicProgramming,mean_bound_gap,cell_value_variance,0.3197283470225828
DynamicProgramming,mean_bound_gap,dp_sum_improvement_amount,0.6519021986807376
DynamicProgramming,mean_bound_gap,dp_mean_improvement_amount,0.5899152432513988
DynamicProgramming,mean_bound_gap,updates_per_cell,0.49693172782088557
DynamicProgramming,mean_bound_gap,selected_count,0.3621317365126751
DynamicProgramming,mean_bound_gap,solution_density,0.5639006778118537
DynamicProgramming,mean_bound_gap,residual_capacity,-0.009320659877668173
DynamicProgramming,mean_bound_gap,capacity_utilization,0.1524701906622671
DynamicProgramming,mean_bound_gap,last_selected_position,0.23717804179064864
DynamicProgramming,mean_bound_gap,first_skipped_position,0.36145524420094216
DynamicProgramming,mean_bound_gap,log_time_millis,0.4393529524038771
DynamicProgramming,mean_bound_gap,log_memory_mb,0.044869438184319446
DynamicProgramming,mean_bound_gap,AlmostEqualRatios,-0.12514454867689154
DynamicProgramming,mean_bound_gap,InverseCorrelated,-0.009568235583037172
DynamicProgramming,mean_bound_gap,StronglyCorrelated,-0.3423015424689224
DynamicProgramming,mean_bound_gap,WeaklyCorrelated,0.06931357913558267
DynamicProgramming,mean_bound_gap,log_n,0.05189677970575552
DynamicProgramming,bound_gap_variance,pruned_by_bound,0.3318483145315148
DynamicProgramming,bound_gap_variance,pruned_by_cap,-0.07098289102010394
DynamicProgramming,bound_gap_variance,left_branches,0.17556717971454497
DynamicProgramming,bound_gap_variance,right_branches,-0.0930644625608018
DynamicProgramming,bound_gap_variance,explored_children,-0.055637473000715636
DynamicProgramming,bound_gap_variance,skipped_children,-0.17555798516884574
DynamicProgramming,bound_gap_variance,skipped_infeasible,-0.16053304257296672
DynamicProgramming,bound_gap_variance,skipped_by_bound,-0.05182442857688799
DynamicProgramming,bound_gap_variance,improvement_count,0.49390958076588337
DynamicProgramming,bound_gap_variance,sum_improvement_amount,0.806744647872374
DynamicProgramming,bound_gap_variance,mean_improvement_amount,0.5263399173347036
DynamicProgramming,bound_gap_variance,last_improvement_node,-0.04105665629299808
DynamicProgramming,bound_gap_variance,pruned_generated_ratio,0.6496664460980299
DynamicProgramming,bound_gap_variance,avg_branching_factor,0.01686752109315797
DynamicProgramming,bound_gap_variance,capacity_density,0.6901170527263397
DynamicProgramming,bound_gap_variance,cells_allocated,0.7412272189874446
DynamicProgramming,bound_gap_variance,total_evaluations,0.6590062252981186
DynamicProgramming,bound_gap_variance,include_count,0.7321062936858066
DynamicProgramming,bound_gap_variance,exclude_count,0.6141661347471387
DynamicProgramming,bound_gap_variance,tie_count,0.14962359321946897
DynamicProgramming,bound_gap_variance,include_ratio,0.6392857880989484
DynamicProgramming,bound_gap_variance,nonzero_value_states,0.7414528928990775
DynamicProgramming,bound_gap_variance,zero_value_states,-0.15034134448335995
DynamicProgramming,bound_gap_variance,fill_rate,0.2687677280911337
DynamicProgramming,bound_gap_variance,mean_cell_value,0.47395140113502876
DynamicProgramming,bound_gap_variance,cell_value_variance,0.42116820345073497
DynamicProgramming,bound_gap_variance,dp_sum_improvement_amount,0.8020599748975257
DynamicProgramming,bound_gap_variance,dp_mean_improvement_amount,0.6305923574469527
DynamicProgramming,bound_gap_variance,updates_per_cell,0.6673749185756525
DynamicProgramming,bound_gap_variance,selected_count,0.5055426368547156
DynamicProgramming,bound_gap_variance,solution_density,0.6599325042477602
DynamicProgramming,bound_gap_variance,residual_capacity,0.03235559335274329
DynamicProgramming,bound_gap_variance,capacity_utilization,0.22984967498091635
DynamicProgramming,bound_gap_variance,last_selected_position,0.3451854542610171
DynamicProgramming,bound_gap_variance,first_skipped_position,0.5053160313354318
DynamicProgramming,bound_gap_variance,log_time_millis,0.6069058638544188
DynamicProgramming,bound_gap_variance,log_memory_mb,0.0600851942754216
DynamicProgramming,bound_gap_variance,AlmostEqualRatios,-0.16528044243312703
DynamicProgramming,bound_gap_variance,InverseCorrelated,0.03271598793421964
DynamicProgramming,bound_gap_variance,StronglyCorrelated,-0.25769405396023387
DynamicProgramming,bound_gap_variance,WeaklyCorrelated,0.034082402297933405
DynamicProgramming,bound_gap_variance,log_n,0.17863570830292783
DynamicProgramming,pruned_by_bound,pruned_by_cap,-0.7106275799419363
DynamicProgramming,pruned_by_bound,left_branches,-0.2088292941388927
DynamicProgramming,pruned_by_bound,right_branches,-0.25377577731789247
DynamicProgramming,pruned_by_bound,explored_children,-0.24526731602535318
DynamicProgramming,pruned_by_bound,skipped_children,-0.28298368538872676
DynamicProgramming,pruned_by_bound,skipped_infeasible,-0.24205042770957863
DynamicProgramming,pruned_by_bound,skipped_by_bound,0.08184590168256609
DynamicProgramming,pruned_by_bound,improvement_count,-0.11189818100355858
DynamicProgramming,pruned_by_bound,sum_improvement_amount,0.1058990860018053
DynamicProgramming,pruned_by_bound,mean_improvement_amount,0.0012787849257319729
DynamicProgramming,pruned_by_bound,last_improvement_node,-0.3384918416451537
DynamicProgramming,pruned_by_bound,pruned_generated_ratio,0.32334818103645074
DynamicProgramming,pruned_by_bound,avg_branching_factor,-0.2949058379159864
DynamicProgramming,pruned_by_bound,capacity_density,0.1382723952408658
DynamicProgramming,pruned_by_bound,cells_allocated,0.10507711917207216
DynamicProgramming,pruned_by_bound,total_evaluations,0.12674325876726955
DynamicProgramming,pruned_by_bound,include_count,0.1174814357168559
DynamicProgramming,pruned_by_bound,exclude_count,0.12887066141873174
DynamicProgramming,pruned_by_bound,tie_count,0.09841491540039653
DynamicProgramming,pruned_by_bound,include_ratio,0.04187116761323672
DynamicProgramming,pruned_by_bound,nonzero_value_states,0.10719608306104784
DynamicProgramming,pruned_by_bound,zero_value_states,-0.11174151553472546
DynamicProgramming,pruned_by_bound,fill_rate,0.24520132067585573
DynamicProgramming,pruned_by_bound,mean_cell_value,-0.16742927262512658
DynamicProgramming,pruned_by_bound,cell_value_variance,-0.150786716695006
DynamicProgramming,pruned_by_bound,dp_sum_improvement_amount,0.10588062135910868
DynamicProgramming,pruned_by_bound,dp_mean_improvement_amount,0.008125758634748223
DynamicProgramming,pruned_by_bound,updates_per_cell,0.12660468270793176
DynamicProgramming,pruned_by_bound,selected_count,-0.11050084021850759
DynamicProgramming,pruned_by_bound,solution_density,0.09150199597800444
DynamicProgramming,pruned_by_bound,residual_capacity,-0.25660259251371503
DynamicProgramming,pruned_by_bound,capacity_utilization,0.1412865599951272
DynamicProgramming,pruned_by_bound,last_selected_position,-0.012286924858550815
DynamicProgramming,pruned_by_bound,first_skipped_position,-0.11235844400844669
DynamicProgramming,pruned_by_bound,log_time_millis,0.13161494953242164
DynamicProgramming,pruned_by_bound,log_memory_mb,-0.00247112346911952
DynamicProgramming,pruned_by_bound,AlmostEqualRatios,-0.025365476517030763
DynamicProgramming,pruned_by_bound,InverseCorrelated,-0.15927688927371272
DynamicProgramming,pruned_by_bound,StronglyCorrelated,0.0302969434606361
DynamicProgramming,pruned_by_bound,WeaklyCorrelated,0.05833382094766022
DynamicProgramming,pruned_by_bound,log_n,0.08253106020624437
DynamicProgramming,pruned_by_cap,left_branches,0.6443227620466921
DynamicProgramming,pruned_by_cap,right_branches,0.6119474557453687
DynamicProgramming,pruned_by_cap,explored_children,0.6183718977954719
DynamicProgramming,pruned_by_cap,skipped_children,0.5993281130033643
DynamicProgramming,pruned_by_cap,skipped_infeasible,0.5228441603609252
DynamicProgramming,pruned_by_cap,skipped_by_bound,0.025711415037428548
DynamicProgramming,pruned_by_cap,improvement_count,0.5069549938703041
DynamicProgramming,pruned_by_cap,sum_improvement_amount,0.3105376438629
DynamicProgramming,pruned_by_cap,mean_improvement_amount,0.06550621726256474
DynamicProgramming,pruned_by_cap,last_improvement_node,0.5394252801772799
DynamicProgramming,pruned_by_cap,pruned_generated_ratio,-0.16959408221117495
DynamicProgramming,pruned_by_cap,avg_branching_factor,0.5267388383334538
DynamicProgramming,pruned_by_cap,capacity_density,0.1712498983771633
DynamicProgramming,pruned_by_cap,cells_allocated,0.3063997258014795
DynamicProgramming,pruned_by_cap,total_evaluations,0.33371398088080967
DynamicProgramming,pruned_by_cap,include_count,0.3314329191931721
DynamicProgramming,pruned_by_cap,exclude_count,0.32572610341780805
DynamicProgramming,pruned_by_cap,tie_count,0.15555223116896438
DynamicProgramming,pruned_by_cap,include_ratio,0.18025458577626238
DynamicProgramming,pruned_by_cap,nonzero_value_states,0.3061458637407961
DynamicProgramming,pruned_by_cap,zero_value_states,-0.1689586527185558
DynamicProgramming,pruned_by_cap,fill_rate,0.07612577040574366
DynamicProgramming,pruned_by_cap,mean_cell_value,0.5101230695006052
DynamicProgramming,pruned_by_cap,cell_value_variance,0.46653164532348895
DynamicProgramming,pruned_by_cap,dp_sum_improvement_amount,0.32091853686227834
DynamicProgramming,pruned_by_cap,dp_mean_improvement_amount,0.11349023466798255
DynamicProgramming,pruned_by_cap,updates_per_cell,0.34315655689990554
DynamicProgramming,pruned_by_cap,selected_count,0.49980156001799075
DynamicProgramming,pruned_by_cap,solution_density,0.2120701118809386
DynamicProgramming,pruned_by_cap,residual_capacity,0.343774229109088
DynamicProgramming,pruned_by_cap,capacity_utilization,0.08483471560771853
DynamicProgramming,pruned_by_cap,last_selected_position,0.33228253300988875
DynamicProgramming,pruned_by_cap,first_skipped_position,0.5016389669940899
DynamicProgramming,pruned_by_cap,log_time_millis,0.32673621279459314
DynamicProgramming,pruned_by_cap,log_memory_mb,0.05035460515998789
DynamicProgramming,pruned_by_cap,AlmostEqualRatios,-0.07019673167022247
DynamicProgramming,pruned_by_cap,InverseCorrelated,0.19127431582624363
DynamicProgramming,pruned_by_cap,StronglyCorrelated,0.061716589589256195
DynamicProgramming,pruned_by_cap,WeaklyCorrelated,-0.09139708687263885
DynamicProgramming,pruned_by_cap,log_n,0.24026753674566828
DynamicProgramming,left_branches,right_branches,0.9280171306749808
DynamicProgramming,left_branches,explored_children,0.9454911681077522
DynamicProgramming,left_branches,skipped_children,0.8817346754898779
DynamicProgramming,left_branches,skipped_infeasible,0.7911811328512961
DynamicProgramming,left_branches,skipped_by_bound,0.5482183656662252
DynamicProgramming,left_branches,improvement_count,0.7224244890236962
DynamicProgramming,left_branches,sum_improvement_amount,0.6827343751337306
DynamicProgramming,left_branches,mean_improvement_amount,0.18589168107812964
DynamicProgramming,left_branches,last_improvement_node,0.3827473052360183
DynamicProgramming,left_branches,pruned_generated_ratio,-0.10094976207229525
DynamicProgramming,left_branches,avg_branching_factor,0.530552100872274
DynamicProgramming,left_branches,capacity_density,0.43716825118445635
DynamicProgramming,left_branches,cells_allocated,0.6497295009424678
DynamicProgramming,left_branches,total_evaluations,0.7212731623451917
DynamicProgramming,left_branches,include_count,0.7072517483467847
DynamicProgramming,left_branches,exclude_count,0.7130570234482934
DynamicProgramming,left_branches,tie_count,0.46104636610952554
DynamicProgramming,left_branches,include_ratio,0.3424429966131791
DynamicProgramming,left_branches,nonzero_value_states,0.6505627089397088
DynamicProgramming,left_branches,zero_value_states,-0.38887701438319466
DynamicProgramming,left_branches,fill_rate,0.2997249315769739
DynamicProgramming,left_branches,mean_cell_value,0.6767180551865372
DynamicProgramming,left_branches,cell_value_variance,0.5940602200800144
DynamicProgramming,left_branches,dp_sum_improvement_amount,0.6865831684914329
DynamicProgramming,left_branches,dp_mean_improvement_amount,0.24938873015082733
DynamicProgramming,left_branches,updates_per_cell,0.7380420876258529
DynamicProgramming,left_branches,selected_count,0.7122796428644149
DynamicProgramming,left_branches,solution_density,0.4431440422835999
DynamicProgramming,left_branches,residual_capacity,0.3320086930607324
DynamicProgramming,left_branches,capacity_utilization,0.22085037176860844
DynamicProgramming,left_branches,last_selected_position,0.5142069809596013
DynamicProgramming,left_branches,first_skipped_position,0.713729455851637
DynamicProgramming,left_branches,log_time_millis,0.7142799522102636
DynamicProgramming,left_branches,log_memory_mb,0.07408955696098
DynamicProgramming,left_branches,AlmostEqualRatios,-0.07617532867682568
DynamicProgramming,left_branches,InverseCorrelated,0.26112950687476255
DynamicProgramming,left_branches,StronglyCorrelated,0.1427442171155947
DynamicProgramming,left_branches,WeaklyCorrelated,-0.1421164185102186
DynamicProgramming,left_branches,log_n,0.5163015634435895
DynamicProgramming,right_branches,explored_children,0.9983685894740375
DynamicProgramming,right_branches,skipped_children,0.982564953130282
DynamicProgramming,right_branches,skipped_infeasible,0.896869199998677
DynamicProgramming,right_branches,skipped_by_bound,0.6041520900674603
DynamicProgramming,right_branches,improvement_count,0.6091677308829048
DynamicProgramming,right_branches,sum_improvement_amount,0.48138226106912446
DynamicProgramming,right_branches,mean_improvement_amount,0.07115357399960816
DynamicProgramming,right_branches,last_improvement_node,0.3979246048123857
DynamicProgramming,right_branches,pruned_generated_ratio,-0.378300599575102
DynamicProgramming,right_branches,avg_branching_factor,0.4979076901780695
DynamicProgramming,right_branches,capacity_density,0.16191280879554987
DynamicProgramming,right_branches,cells_allocated,0.4170918993889629
DynamicProgramming,right_branches,total_evaluations,0.567182783490689
DynamicProgramming,right_branches,include_count,0.5055554186249771
DynamicProgramming,right_branches,exclude_count,0.5867849584257454
DynamicProgramming,right_branches,tie_count,0.44274550756022957
DynamicProgramming,right_branches,include_ratio,0.06322490787536104
DynamicProgramming,right_branches,nonzero_value_states,0.4182305176772206
DynamicProgramming,right_branches,zero_value_states,-0.4391087355191421
DynamicProgramming,right_branches,fill_rate,0.2536114559739589
DynamicProgramming,right_branches,mean_cell_value,0.553925634492457
DynamicProgramming,right_branches,cell_value_variance,0.48788798885468415
DynamicProgramming,right_branches,dp_sum_improvement_amount,0.46142931377283675
DynamicProgramming,right_branches,dp_mean_improvement_amount,0.05859611682464693
DynamicProgramming,right_branches,updates_per_cell,0.5941751041303492
DynamicProgramming,right_branches,selected_count,0.5934303799235248
DynamicProgramming,right_branches,solution_density,0.1688477353529862
DynamicProgramming,right_branches,residual_capacity,0.2356816374762935
DynamicProgramming,right_branches,capacity_utilization,0.18535623459162165
DynamicProgramming,right_branches,last_selected_position,0.4602513265308776
DynamicProgramming,right_branches,first_skipped_position,0.5949239489900056
DynamicProgramming,right_branches,log_time_millis,0.5860824745876155
DynamicProgramming,right_branches,log_memory_mb,0.05187469880477186
DynamicProgramming,right_branches,AlmostEqualRatios,-0.07381785571701302
DynamicProgramming,right_branches,InverseCorrelated,0.2727115597387959
DynamicProgramming,right_branches,StronglyCorrelated,0.22344941371737373
DynamicProgramming,right_branches,WeaklyCorrelated,-0.15186563991689758
DynamicProgramming,right_branches,log_n,0.5911560474286367
DynamicProgramming,explored_children,skipped_children,0.9747939454159673
DynamicProgramming,explored_children,skipped_infeasible,0.8861125658518927
DynamicProgramming,explored_children,skipped_by_bound,0.6006238930598709
DynamicProgramming,explored_children,improvement_count,0.630344329883365
DynamicProgramming,explored_children,sum_improvement_amount,0.5142024384075741
DynamicProgramming,explored_children,mean_improvement_amount,0.08829227578011005
DynamicProgramming,explored_children,last_improvement_node,0.40055933103916014
DynamicProgramming,explored_children,pruned_generated_ratio,-0.3331071862402651
DynamicProgramming,explored_children,avg_branching_factor,0.5045598506271113
DynamicProgramming,explored_children,capacity_density,0.20202322061226916
DynamicProgramming,explored_children,cells_allocated,0.45310367195636336
DynamicProgramming,explored_children,total_evaluations,0.5963495627279951
DynamicProgramming,explored_children,include_count,0.5391101210331282
DynamicProgramming,explored_children,exclude_count,0.6127760386637592
DynamicProgramming,explored_children,tie_count,0.4514197750931468
DynamicProgramming,explored_children,include_ratio,0.09929933856461032
DynamicProgramming,explored_children,nonzero_value_states,0.45425479306842786
DynamicProgramming,explored_children,zero_value_states,-0.44029961952010854
DynamicProgramming,explored_children,fill_rate,0.2667925027429119
DynamicProgramming,explored_children,mean_cell_value,0.5743783266436675
DynamicProgramming,explored_children,cell_value_variance,0.5065972305715366
DynamicProgramming,explored_children,dp_sum_improvement_amount,0.49707956507062856
DynamicProgramming,explored_children,dp_mean_improvement_amount,0.08296988310725063
DynamicProgramming,explored_children,updates_per_cell,0.6218942713252354
DynamicProgramming,explored_children,selected_count,0.615192421701788
DynamicProgramming,explored_children,solution_density,0.20746295933262338
DynamicProgramming,explored_children,residual_capacity,0.24606701021903424
DynamicProgramming,explored_children,capacity_utilization,0.19593772586404223
DynamicProgramming,explored_children,last_selected_position,0.4731856150157881
DynamicProgramming,explored_children,first_skipped_position,0.6166553275398192
DynamicProgramming,explored_children,log_time_millis,0.6118669047589552
DynamicProgramming,explored_children,log_memory_mb,0.05563152848076512
DynamicProgramming,explored_children,AlmostEqualRatios,-0.07110662365728569
DynamicProgramming,explored_children,InverseCorrelated,0.27262514025863627
DynamicProgramming,explored_children,StronglyCorrelated,0.2134037059133782
DynamicProgramming,explored_children,WeaklyCorrelated,-0.15505524865110507
DynamicProgramming,explored_children,log_n,0.5919114364517933
DynamicProgramming,skipped_children,skipped_infeasible,0.9202307796952761
DynamicProgramming,skipped_children,skipped_by_bound,0.6473456870670334
DynamicProgramming,skipped_children,improvement_count,0.5462383718884559
DynamicProgramming,skipped_children,sum_improvement_amount,0.4123748914349115
DynamicProgramming,skipped_children,mean_improvement_amount,0.05729364782840198
DynamicProgramming,skipped_children,last_improvement_node,0.3914514288153981
DynamicProgramming,skipped_children,pruned_generated_ratio,-0.5040998944339813
DynamicProgramming,skipped_children,avg_branching_factor,0.4480439047884567
DynamicProgramming,skipped_children,capacity_density,0.11452053748828704
DynamicProgramming,skipped_children,cells_allocated,0.347270827017142
DynamicProgramming,skipped_children,total_evaluations,0.4887468840409558
DynamicProgramming,skipped_children,include_count,0.43002152117716996
DynamicProgramming,skipped_children,exclude_count,0.5072131974117428
DynamicProgramming,skipped_children,tie_count,0.39989280954899675
DynamicProgramming,skipped_children,include_ratio,0.03484867547426613
DynamicProgramming,skipped_children,nonzero_value_states,0.3482886654229134
DynamicProgramming,skipped_children,zero_value_states,-0.3912918603884171
DynamicProgramming,skipped_children,fill_rate,0.21821960427173298
DynamicProgramming,skipped_children,mean_cell_value,0.5005435497545238
DynamicProgramming,skipped_children,cell_value_variance,0.43191760949024754
DynamicProgramming,skipped_children,dp_sum_improvement_amount,0.390420456661029
DynamicProgramming,skipped_children,dp_mean_improvement_amount,0.0414109645840522
DynamicProgramming,skipped_children,updates_per_cell,0.515958495465976
DynamicProgramming,skipped_children,selected_count,0.5290987801311526
DynamicProgramming,skipped_children,solution_density,0.13134799711017386
DynamicProgramming,skipped_children,residual_capacity,0.25790674187749374
DynamicProgramming,skipped_children,capacity_utilization,0.14427274994120204
DynamicProgramming,skipped_children,last_selected_position,0.40657832458471516
DynamicProgramming,skipped_children,first_skipped_position,0.5309556441567473
DynamicProgramming,skipped_children,log_time_millis,0.5081045779833816
DynamicProgramming,skipped_children,log_memory_mb,0.042893979788242706
DynamicProgramming,skipped_children,AlmostEqualRatios,-0.09896977737841424
DynamicProgramming,skipped_children,InverseCorrelated,0.2876956307536209
DynamicProgramming,skipped_children,StronglyCorrelated,0.2341178062606152
DynamicProgramming,skipped_children,WeaklyCorrelated,-0.14120519134281387
DynamicProgramming,skipped_children,log_n,0.533840938510481
DynamicProgramming,skipped_infeasible,skipped_by_bound,0.5845058100079256
DynamicProgramming,skipped_infeasible,improvement_count,0.4865238747026033
DynamicProgramming,skipped_infeasible,sum_improvement_amount,0.3618091739979381
DynamicProgramming,skipped_infeasible,mean_improvement_amount,0.034242071219386175
DynamicProgramming,skipped_infeasible,last_improvement_node,0.34161533935490734
DynamicProgramming,skipped_infeasible,pruned_generated_ratio,-0.5103033829558454
DynamicProgramming,skipped_infeasible,avg_branching_factor,0.4523266610495671
DynamicProgramming,skipped_infeasible,capacity_density,0.1079457693256704
DynamicProgramming,skipped_infeasible,cells_allocated,0.31402580658658186
DynamicProgramming,skipped_infeasible,total_evaluations,0.4340306860027457
DynamicProgramming,skipped_infeasible,include_count,0.38429301709592534
DynamicProgramming,skipped_infeasible,exclude_count,0.4494074769560867
DynamicProgramming,skipped_infeasible,tie_count,0.3596194514092901
DynamicProgramming,skipped_infeasible,include_ratio,0.03941397781178076
DynamicProgramming,skipped_infeasible,nonzero_value_states,0.314872401573422
DynamicProgramming,skipped_infeasible,zero_value_states,-0.34353431058149686
DynamicProgramming,skipped_infeasible,fill_rate,0.18993772259878486
DynamicProgramming,skipped_infeasible,mean_cell_value,0.44374933812682565
DynamicProgramming,skipped_infeasible,cell_value_variance,0.38518316647377926
DynamicProgramming,skipped_infeasible,dp_sum_improvement_amount,0.3471762892678139
DynamicProgramming,skipped_infeasible,dp_mean_improvement_amount,0.029966773682788307
DynamicProgramming,skipped_infeasible,updates_per_cell,0.45590878005731156
DynamicProgramming,skipped_infeasible,selected_count,0.4713392773527137
DynamicProgramming,skipped_infeasible,solution_density,0.1220722943636741
DynamicProgramming,skipped_infeasible,residual_capacity,0.2286783550482607
DynamicProgramming,skipped_infeasible,capacity_utilization,0.11160944595604003
DynamicProgramming,skipped_infeasible,last_selected_position,0.37268057965762147
DynamicProgramming,skipped_infeasible,first_skipped_position,0.4726531825085124
DynamicProgramming,skipped_infeasible,log_time_millis,0.4517641652861048
DynamicProgramming,skipped_infeasible,log_memory_mb,0.03630070207772905
DynamicProgramming,skipped_infeasible,AlmostEqualRatios,-0.08047046585654943
DynamicProgramming,skipped_infeasible,InverseCorrelated,0.24403974210005225
DynamicProgramming,skipped_infeasible,StronglyCorrelated,0.20980793167747047
DynamicProgramming,skipped_infeasible,WeaklyCorrelated,-0.12006284298293185
DynamicProgramming,skipped_infeasible,log_n,0.46445872385324644
DynamicProgramming,skipped_by_bound,improvement_count,0.19623622399884358
DynamicProgramming,skipped_by_bound,sum_improvement_amount,0.31479286886491825
DynamicProgramming,skipped_by_bound,mean_improvement_amount,0.17164036877606437
DynamicProgramming,skipped_by_bound,last_improvement_node,-0.0015073495059137315
DynamicProgramming,skipped_by_bound,pruned_generated_ratio,-0.43457552158809404
DynamicProgramming,skipped_by_bound,avg_branching_factor,0.09697314817159115
DynamicProgramming,skipped_by_bound,capacity_density,0.1825042768780129
DynamicProgramming,skipped_by_bound,cells_allocated,0.23769213271322304
DynamicProgramming,skipped_by_bound,total_evaluations,0.27568466219205745
DynamicProgramming,skipped_by_bound,include_count,0.271966340695061
DynamicProgramming,skipped_by_bound,exclude_count,0.26684330142477164
DynamicProgramming,skipped_by_bound,tie_count,0.24148774999153508
DynamicProgramming,skipped_by_bound,include_ratio,0.151495030764344
DynamicProgramming,skipped_by_bound,nonzero_value_states,0.23844050496951294
DynamicProgramming,skipped_by_bound,zero_value_states,-0.14819872604721737
DynamicProgramming,skipped_by_bound,fill_rate,0.15451070069345496
DynamicProgramming,skipped_by_bound,mean_cell_value,0.20834272950364274
DynamicProgramming,skipped_by_bound,cell_value_variance,0.09228911303794665
DynamicProgramming,skipped_by_bound,dp_sum_improvement_amount,0.2871525886091746
DynamicProgramming,skipped_by_bound,dp_mean_improvement_amount,0.19022057498621736
DynamicProgramming,skipped_by_bound,updates_per_cell,0.3009066929098096
DynamicProgramming,skipped_by_bound,selected_count,0.1832804533866094
DynamicProgramming,skipped_by_bound,solution_density,0.2121371827700585
DynamicProgramming,skipped_by_bound,residual_capacity,0.2506830119228163
DynamicProgramming,skipped_by_bound,capacity_utilization,0.017070643547224425
DynamicProgramming,skipped_by_bound,last_selected_position,0.08835568551973401
DynamicProgramming,skipped_by_bound,first_skipped_position,0.18537249039701834
DynamicProgramming,skipped_by_bound,log_time_millis,0.27218545371119796
DynamicProgramming,skipped_by_bound,log_memory_mb,0.0061076459197210355
DynamicProgramming,skipped_by_bound,AlmostEqualRatios,-0.1846835764182017
DynamicProgramming,skipped_by_bound,InverseCorrelated,0.31704374002347346
DynamicProgramming,skipped_by_bound,StronglyCorrelated,0.14652945823919464
DynamicProgramming,skipped_by_bound,WeaklyCorrelated,-0.09465413358960924
DynamicProgramming,skipped_by_bound,log_n,0.2082175255604832
DynamicProgramming,improvement_count,sum_improvement_amount,0.7618630542840287
DynamicProgramming,improvement_count,mean_improvement_amount,0.15533687165203686
DynamicProgramming,improvement_count,last_improvement_node,0.3709993563459253
DynamicProgramming,improvement_count,pruned_generated_ratio,0.169694554164273
DynamicProgramming,improvement_count,avg_branching_factor,0.3207116510768481
DynamicProgramming,improvement_count,capacity_density,0.4930316114736114
DynamicProgramming,improvement_count,cells_allocated,0.7956567733214868
DynamicProgramming,improvement_count,total_evaluations,0.8453117639765922
DynamicProgramming,improvement_count,include_count,0.8410163253082167
DynamicProgramming,improvement_count,exclude_count,0.836507943985217
DynamicProgramming,improvement_count,tie_count,0.420352854542076
DynamicProgramming,improvement_count,include_ratio,0.42711244038456087
DynamicProgramming,improvement_count,nonzero_value_states,0.7952833713788142
DynamicProgramming,improvement_count,zero_value_states,-0.40803765721961655
DynamicProgramming,improvement_count,fill_rate,0.22672558217159633
DynamicProgramming,improvement_count,mean_cell_value,0.9206278222139559
DynamicProgramming,improvement_count,cell_value_variance,0.9373343570278112
DynamicProgramming,improvement_count,dp_sum_improvement_amount,0.8010076134256
DynamicProgramming,improvement_count,dp_mean_improvement_amount,0.23364216299624868
DynamicProgramming,improvement_count,updates_per_cell,0.8452124542154116
DynamicProgramming,improvement_count,selected_count,0.9980394708128733
DynamicProgramming,improvement_count,solution_density,0.4853607524566727
DynamicProgramming,improvement_count,residual_capacity,0.119051240766227
DynamicProgramming,improvement_count,capacity_utilization,0.2653952987326616
DynamicProgramming,improvement_count,last_selected_position,0.7885099137265702
DynamicProgramming,improvement_count,first_skipped_position,0.9980416478765909
DynamicProgramming,improvement_count,log_time_millis,0.8294756691580338
DynamicProgramming,improvement_count,log_memory_mb,0.10687563840931871
DynamicProgramming,improvement_count,AlmostEqualRatios,-0.05837554108140205
DynamicProgramming,improvement_count,InverseCorrelated,0.044588592217289585
DynamicProgramming,improvement_count,StronglyCorrelated,0.05290789233470607
DynamicProgramming,improvement_count,WeaklyCorrelated,-0.04935880035328451
DynamicProgramming,improvement_count,log_n,0.5627038980710445
DynamicProgramming,sum_improvement_amount,mean_improvement_amount,0.5932481054149107
DynamicProgramming,sum_improvement_amount,last_improvement_node,0.19140922181072065
DynamicProgramming,sum_improvement_amount,pruned_generated_ratio,0.35150761809205916
DynamicProgramming,sum_improvement_amount,avg_branching_factor,0.25098834136119624
DynamicProgramming,sum_improvement_amount,capacity_density,0.7050547145034395
DynamicProgramming,sum_improvement_amount,cells_allocated,0.8760611917596828
DynamicProgramming,sum_improvement_amount,total_evaluations,0.8763495287283869
DynamicProgramming,sum_improvement_amount,include_count,0.9125975771862239
DynamicProgramming,sum_improvement_amount,exclude_count,0.844193260334749
DynamicProgramming,sum_improvement_amount,tie_count,0.3362105638042162
DynamicProgramming,sum_improvement_amount,include_ratio,0.6160147215581994
DynamicProgramming,sum_improvement_amount,nonzero_value_states,0.8768007371366733
DynamicProgramming,sum_improvement_amount,zero_value_states,-0.3492068121592294
DynamicProgramming,sum_improvement_amount,fill_rate,0.36550441848974985
DynamicProgramming,sum_improvement_amount,mean_cell_value,0.7317559831306094
DynamicProgramming,sum_improvement_amount,cell_value_variance,0.6354426770594568
DynamicProgramming,sum_improvement_amount,dp_sum_improvement_amount,0.9713844672570919
DynamicProgramming,sum_improvement_amount,dp_mean_improvement_amount,0.6702135603824492
DynamicProgramming,sum_improvement_amount,updates_per_cell,0.8993060462054896
DynamicProgramming,sum_improvement_amount,selected_count,0.7640056403485633
DynamicProgramming,sum_improvement_amount,solution_density,0.6878831332601905
DynamicProgramming,sum_improvement_amount,residual_capacity,0.2094454776086436
DynamicProgramming,sum_improvement_amount,capacity_utilization,0.28029948933108007
DynamicProgramming,sum_improvement_amount,last_selected_position,0.5286278550529726
DynamicProgramming,sum_improvement_amount,first_skipped_position,0.7650399655470808
DynamicProgramming,sum_improvement_amount,log_time_millis,0.8349948606991647
DynamicProgramming,sum_improvement_amount,log_memory_mb,0.08109963904171293
DynamicProgramming,sum_improvement_amount,AlmostEqualRatios,-0.16783556560869106
DynamicProgramming,sum_improvement_amount,InverseCorrelated,0.25520017558897395
DynamicProgramming,sum_improvement_amount,StronglyCorrelated,-0.1675292983171519
DynamicProgramming,sum_improvement_amount,WeaklyCorrelated,-0.09837014443236401
DynamicProgramming,sum_improvement_amount,log_n,0.4545674796397416
DynamicProgramming,mean_improvement_amount,last_improvement_node,-0.04331698277397503
DynamicProgramming,mean_improvement_amount,pruned_generated_ratio,0.18039393030790515
DynamicProgramming,mean_improvement_amount,avg_branching_factor,-0.0038193639835418704
DynamicProgramming,mean_improvement_amount,capacity_density,0.25019976371127706
DynamicProgramming,mean_improvement_amount,cells_allocated,0.23970599612054136
DynamicProgramming,mean_improvement_amount,total_evaluations,0.18965537623939607
DynamicProgramming,mean_improvement_amount,include_count,0.25171225221435917
DynamicProgramming,mean_improvement_amount,exclude_count,0.16117947076088615
DynamicProgramming,mean_improvement_amount,tie_count,-0.2752469103198538
DynamicProgramming,mean_improvement_amount,include_ratio,0.3261936189850496
DynamicProgramming,mean_improvement_amount,nonzero_value_states,0.2394805302744972
DynamicProgramming,mean_improvement_amount,zero_value_states,0.005313080647261974
DynamicProgramming,mean_improvement_amount,fill_rate,0.05714786657659142
DynamicProgramming,mean_improvement_amount,mean_cell_value,0.2592513356350113
DynamicProgramming,mean_improvement_amount,cell_value_variance,0.15702081547773178
DynamicProgramming,mean_improvement_amount,dp_sum_improvement_amount,0.44375282508882086
DynamicProgramming,mean_improvement_amount,dp_mean_improvement_amount,0.9017222289310601
DynamicProgramming,mean_improvement_amount,updates_per_cell,0.25075981160465277
DynamicProgramming,mean_improvement_amount,selected_count,0.1694924568698107
DynamicProgramming,mean_improvement_amount,solution_density,0.2787872600987197
DynamicProgramming,mean_improvement_amount,residual_capacity,0.23086732209531588
DynamicProgramming,mean_improvement_amount,capacity_utilization,-0.16497216496782727
DynamicProgramming,mean_improvement_amount,last_selected_position,-0.038262092756299
DynamicProgramming,mean_improvement_amount,first_skipped_position,0.17295940262664342
DynamicProgramming,mean_improvement_amount,log_time_millis,0.13662393836274994
DynamicProgramming,mean_improvement_amount,log_memory_mb,0.01650969742332282
DynamicProgramming,mean_improvement_amount,AlmostEqualRatios,-0.2134167680272293
DynamicProgramming,mean_improvement_amount,InverseCorrelated,0.6263081434271239
DynamicProgramming,mean_improvement_amount,StronglyCorrelated,-0.49113650160080047
DynamicProgramming,mean_improvement_amount,WeaklyCorrelated,-0.23785348413177332
DynamicProgramming,mean_improvement_amount,log_n,0.001296351951088522
DynamicProgramming,last_improvement_node,pruned_generated_ratio,-0.09838566536611036
DynamicProgramming,last_improvement_node,avg_branching_factor,0.1203256279793184
DynamicProgramming,last_improvement_node,capacity_density,0.12121167962202169
DynamicProgramming,last_improvement_node,cells_allocated,0.21648336175722463
DynamicProgramming,last_improvement_node,total_evaluations,0.23387140314754676
DynamicProgramming,last_improvement_node,include_count,0.23048383681889467
DynamicProgramming,last_improvement_node,exclude_count,0.22914572272525124
DynamicProgramming,last_improvement_node,tie_count,0.13955230853745862
DynamicProgramming,last_improvement_node,include_ratio,0.10520557514779713
DynamicProgramming,last_improvement_node,nonzero_value_states,0.21627752183764246
DynamicProgramming,last_improvement_node,zero_value_states,-0.11502902152766623
DynamicProgramming,last_improvement_node,fill_rate,0.051079784181055014
DynamicProgramming,last_improvement_node,mean_cell_value,0.15631124580579392
DynamicProgramming,last_improvement_node,cell_value_variance,0.23321348673946102
DynamicProgramming,last_improvement_node,dp_sum_improvement_amount,0.20481348573406324
DynamicProgramming,last_improvement_node,dp_mean_improvement_amount,0.004073177480726953
DynamicProgramming,last_improvement_node,updates_per_cell,0.23384193570505812
DynamicProgramming,last_improvement_node,selected_count,0.3375596437805716
DynamicProgramming,last_improvement_node,solution_density,0.128358353676832
DynamicProgramming,last_improvement_node,residual_capacity,0.001854330455810985
DynamicProgramming,last_improvement_node,capacity_utilization,0.06376490827245097
DynamicProgramming,last_improvement_node,last_selected_position,0.23123086264740625
DynamicProgramming,last_improvement_node,first_skipped_position,0.33821294755776754
DynamicProgramming,last_improvement_node,log_time_millis,0.23639851898533012
DynamicProgramming,last_improvement_node,log_memory_mb,0.05511619034732488
DynamicProgramming,last_improvement_node,AlmostEqualRatios,-0.040533200247631435
DynamicProgramming,last_improvement_node,InverseCorrelated,-0.061068498522543216
DynamicProgramming,last_improvement_node,StronglyCorrelated,0.22365081129908015
DynamicProgramming,last_improvement_node,WeaklyCorrelated,-0.06099136645962811
DynamicProgramming,last_improvement_node,log_n,0.16566591851691603
DynamicProgramming,pruned_generated_ratio,avg_branching_factor,-0.15980662574370252
DynamicProgramming,pruned_generated_ratio,capacity_density,0.45795140159427755
DynamicProgramming,pruned_generated_ratio,cells_allocated,0.4054049109083836
DynamicProgramming,pruned_generated_ratio,total_evaluations,0.32324624812234365
DynamicProgramming,pruned_generated_ratio,include_count,0.37271964362645676
DynamicProgramming,pruned_generated_ratio,exclude_count,0.29186198353288306
DynamicProgramming,pruned_generated_ratio,tie_count,0.062219113936793136
DynamicProgramming,pruned_generated_ratio,include_ratio,0.39035311148521745
DynamicProgramming,pruned_generated_ratio,nonzero_value_states,0.40568982705843787
DynamicProgramming,pruned_generated_ratio,zero_value_states,-0.021584011397230943
DynamicProgramming,pruned_generated_ratio,fill_rate,0.1630544375881669
DynamicProgramming,pruned_generated_ratio,mean_cell_value,0.14906514355039463
DynamicProgramming,pruned_generated_ratio,cell_value_variance,0.16272597643267395
DynamicProgramming,pruned_generated_ratio,dp_sum_improvement_amount,0.39029290950674145
DynamicProgramming,pruned_generated_ratio,dp_mean_improvement_amount,0.24748468772762983
DynamicProgramming,pruned_generated_ratio,updates_per_cell,0.30031279417089396
DynamicProgramming,pruned_generated_ratio,selected_count,0.1835638316000873
DynamicProgramming,pruned_generated_ratio,solution_density,0.40836945882139525
DynamicProgramming,pruned_generated_ratio,residual_capacity,-0.13290237953078224
DynamicProgramming,pruned_generated_ratio,capacity_utilization,0.20836410082090043
DynamicProgramming,pruned_generated_ratio,last_selected_position,0.1306645214466774
DynamicProgramming,pruned_generated_ratio,first_skipped_position,0.18162513693692536
DynamicProgramming,pruned_generated_ratio,log_time_millis,0.288504303685151
DynamicProgramming,pruned_generated_ratio,log_memory_mb,0.03798110740440731
DynamicProgramming,pruned_generated_ratio,AlmostEqualRatios,0.10136497321332129
DynamicProgramming,pruned_generated_ratio,InverseCorrelated,-0.18935366766606115
DynamicProgramming,pruned_generated_ratio,StronglyCorrelated,-0.19016383292219316
DynamicProgramming,pruned_generated_ratio,WeaklyCorrelated,0.0003052754747159254
DynamicProgramming,pruned_generated_ratio,log_n,-0.0055305918043400204
DynamicProgramming,avg_branching_factor,capacity_density,0.1273577276629541
DynamicProgramming,avg_branching_factor,cells_allocated,0.24560585667477064
DynamicProgramming,avg_branching_factor,total_evaluations,0.29880358991658285
DynamicProgramming,avg_branching_factor,include_count,0.2788422513521857
DynamicProgramming,avg_branching_factor,exclude_count,0.30542791513370726
DynamicProgramming,avg_branching_factor,tie_count,0.22355195697902294
DynamicProgramming,avg_branching_factor,include_ratio,0.07694947811670777
DynamicProgramming,avg_branching_factor,nonzero_value_states,0.24636470639280159
DynamicProgramming,avg_branching_factor,zero_value_states,-0.20768957253289613
DynamicProgramming,avg_branching_factor,fill_rate,0.15655067352832772
DynamicProgramming,avg_branching_factor,mean_cell_value,0.33287257947951415
DynamicProgramming,avg_branching_factor,cell_value_variance,0.3032321049134467
DynamicProgramming,avg_branching_factor,dp_sum_improvement_amount,0.25639522270664217
DynamicProgramming,avg_branching_factor,dp_mean_improvement_amount,0.040028900513129365
DynamicProgramming,avg_branching_factor,updates_per_cell,0.3058350770488451
DynamicProgramming,avg_branching_factor,selected_count,0.3236604679806252
DynamicProgramming,avg_branching_factor,solution_density,0.12710353883875516
DynamicProgramming,avg_branching_factor,residual_capacity,0.1796762674684128
DynamicProgramming,avg_branching_factor,capacity_utilization,0.10271495089643627
DynamicProgramming,avg_branching_factor,last_selected_position,0.2636849305228958
DynamicProgramming,avg_branching_factor,first_skipped_position,0.3239517809865229
DynamicProgramming,avg_branching_factor,log_time_millis,0.301382957515348
DynamicProgramming,avg_branching_factor,log_memory_mb,0.04082883337096441
DynamicProgramming,avg_branching_factor,AlmostEqualRatios,0.00657646106679212
DynamicProgramming,avg_branching_factor,InverseCorrelated,0.09272553853607707
DynamicProgramming,avg_branching_factor,StronglyCorrelated,0.031180117457988897
DynamicProgramming,avg_branching_factor,WeaklyCorrelated,-0.03742456194007755
DynamicProgramming,avg_branching_factor,log_n,0.2615723886564796
DynamicProgramming,capacity_density,cells_allocated,0.8788616755958313
DynamicProgramming,capacity_density,total_evaluations,0.6747678085705273
DynamicProgramming,capacity_density,include_count,0.7907254765830237
DynamicProgramming,capacity_density,exclude_count,0.5880022631978762
DynamicProgramming,capacity_density,tie_count,0.3067004133321865
DynamicProgramming,capacity_density,include_ratio,0.8999929454561028
DynamicProgramming,capacity_density,nonzero_value_states,0.878546293143252
DynamicProgramming,capacity_density,zero_value_states,0.058664848159148915
DynamicProgramming,capacity_density,fill_rate,0.25979395048704534
DynamicProgramming,capacity_density,mean_cell_value,0.445288370046982
DynamicProgramming,capacity_density,cell_value_variance,0.3720579859433343
DynamicProgramming,capacity_density,dp_sum_improvement_amount,0.8157106064949176
DynamicProgramming,capacity_density,dp_mean_improvement_amount,0.4749045555545775
DynamicProgramming,capacity_density,updates_per_cell,0.6106725883559428
DynamicProgramming,capacity_density,selected_count,0.48995087279930477
DynamicProgramming,capacity_density,solution_density,0.9574280801645956
DynamicProgramming,capacity_density,residual_capacity,0.32188397317863354
DynamicProgramming,capacity_density,capacity_utilization,0.2773469657218292
DynamicProgramming,capacity_density,last_selected_position,0.27632595759939654
DynamicProgramming,capacity_density,first_skipped_position,0.490011529911998
DynamicProgramming,capacity_density,log_time_millis,0.606274919929444
DynamicProgramming,capacity_density,log_memory_mb,0.06812043233008538
DynamicProgramming,capacity_density,AlmostEqualRatios,-0.0009777191557732716
DynamicProgramming,capacity_density,InverseCorrelated,0.001382743759415709
DynamicProgramming,capacity_density,StronglyCorrelated,0.0002246985108661494
DynamicProgramming,capacity_density,WeaklyCorrelated,0.0015529464760132693
DynamicProgramming,capacity_density,log_n,-0.0633973002345287
DynamicProgramming,cells_allocated,total_evaluations,0.9209585964042115
DynamicProgramming,cells_allocated,include_count,0.9791944356974112
DynamicProgramming,cells_allocated,exclude_count,0.8700561100178255
DynamicProgramming,cells_allocated,tie_count,0.47732165367460755
DynamicProgramming,cells_allocated,include_ratio,0.7597657201935668
DynamicProgramming,cells_allocated,nonzero_value_states,0.999953287447126
DynamicProgramming,cells_allocated,zero_value_states,-0.2433815873372131
DynamicProgramming,cells_allocated,fill_rate,0.3276047790916689
DynamicProgramming,cells_allocated,mean_cell_value,0.7183849909744402
DynamicProgramming,cells_allocated,cell_value_variance,0.6526695757731668
DynamicProgramming,cells_allocated,dp_sum_improvement_amount,0.964641480115618
DynamicProgramming,cells_allocated,dp_mean_improvement_amount,0.40261609625510647
DynamicProgramming,cells_allocated,updates_per_cell,0.8805078854878884
DynamicProgramming,cells_allocated,selected_count,0.7938167533993791
DynamicProgramming,cells_allocated,solution_density,0.8363243978230038
DynamicProgramming,cells_allocated,residual_capacity,0.21062177701899604
DynamicProgramming,cells_allocated,capacity_utilization,0.3658171613974634
DynamicProgramming,cells_allocated,last_selected_position,0.5786545629002962
DynamicProgramming,cells_allocated,first_skipped_position,0.7931323317555151
DynamicProgramming,cells_allocated,log_time_millis,0.874025645509483
DynamicProgramming,cells_allocated,log_memory_mb,0.09128619588379469
DynamicProgramming,cells_allocated,AlmostEqualRatios,-0.00024169475486600389
DynamicProgramming,cells_allocated,InverseCorrelated,0.00032955755132382125
DynamicProgramming,cells_allocated,StronglyCorrelated,7.308080162973148e-05
DynamicProgramming,cells_allocated,WeaklyCorrelated,0.0003782805474755264
DynamicProgramming,cells_allocated,log_n,0.3271086586621043
DynamicProgramming,total_evaluations,include_count,0.9754030631517999
DynamicProgramming,total_evaluations,exclude_count,0.9921970579075827
DynamicProgramming,total_evaluations,tie_count,0.5967082338345742
DynamicProgramming,total_evaluations,include_ratio,0.47328850510233067
DynamicProgramming,total_evaluations,nonzero_value_states,0.9223571565666917
DynamicProgramming,total_evaluations,zero_value_states,-0.5014413123310821
DynamicProgramming,total_evaluations,fill_rate,0.44739146580251793
DynamicProgramming,total_evaluations,mean_cell_value,0.7622715938751695
DynamicProgramming,total_evaluations,cell_value_variance,0.7020035918147867
DynamicProgramming,total_evaluations,dp_sum_improvement_amount,0.9238471168399531
DynamicProgramming,total_evaluations,dp_mean_improvement_amount,0.24996171273693613
DynamicProgramming,total_evaluations,updates_per_cell,0.9828539764391947
DynamicProgramming,total_evaluations,selected_count,0.8445335458012034
DynamicProgramming,total_evaluations,solution_density,0.6067873572952391
DynamicProgramming,total_evaluations,residual_capacity,0.08840065876390826
DynamicProgramming,total_evaluations,capacity_utilization,0.47837603675254936
DynamicProgramming,total_evaluations,last_selected_position,0.7183347425704039
DynamicProgramming,total_evaluations,first_skipped_position,0.8431472049734234
DynamicProgramming,total_evaluations,log_time_millis,0.9821952596155706
DynamicProgramming,total_evaluations,log_memory_mb,0.08971766685519343
DynamicProgramming,total_evaluations,AlmostEqualRatios,-8.245338485661871e-06
DynamicProgramming,total_evaluations,InverseCorrelated,-1.8895647625360202e-06
DynamicProgramming,total_evaluations,StronglyCorrelated,1.1649355339601186e-05
DynamicProgramming,total_evaluations,WeaklyCorrelated,2.614902680373517e-05
DynamicProgramming,total_evaluations,log_n,0.667683652261369
DynamicProgramming,include_count,exclude_count,0.9431141526462987
DynamicProgramming,include_count,tie_count,0.5301769676305691
DynamicProgramming,include_count,include_ratio,0.6457940898935141
DynamicProgramming,include_count,nonzero_value_states,0.9799206449235337
DynamicProgramming,include_count,zero_value_states,-0.3798944235055007
DynamicProgramming,include_count,fill_rate,0.39848565464765145
DynamicProgramming,include_count,mean_cell_value,0.7630418958076186
DynamicProgramming,include_count,cell_value_variance,0.6941465362048606
DynamicProgramming,include_count,dp_sum_improvement_amount,0.9735556330078432
DynamicProgramming,include_count,dp_mean_improvement_amount,0.36394869951506514
DynamicProgramming,include_count,updates_per_cell,0.9583809156458825
DynamicProgramming,include_count,selected_count,0.8397452329062354
DynamicProgramming,include_count,solution_density,0.7449558668722719
DynamicProgramming,include_count,residual_capacity,0.16577508569214594
DynamicProgramming,include_count,capacity_utilization,0.4130062283567483
DynamicProgramming,include_count,last_selected_position,0.6456300088509742
DynamicProgramming,include_count,first_skipped_position,0.839117915278077
DynamicProgramming,include_count,log_time_millis,0.9421003941498994
DynamicProgramming,include_count,log_memory_mb,0.09208293809242006
DynamicProgramming,include_count,AlmostEqualRatios,-0.04345934891418024
DynamicProgramming,include_count,InverseCorrelated,0.027728141729710245
DynamicProgramming,include_count,StronglyCorrelated,0.007120914597846201
DynamicProgramming,include_count,WeaklyCorrelated,-0.008667399712904368
DynamicProgramming,include_count,log_n,0.498407998095592
DynamicProgramming,exclude_count,tie_count,0.6195432571036109
DynamicProgramming,exclude_count,include_ratio,0.36157967345125896
DynamicProgramming,exclude_count,nonzero_value_states,0.8717098458684146
DynamicProgramming,exclude_count,zero_value_states,-0.5573699405427731
DynamicProgramming,exclude_count,fill_rate,0.4564417312963285
DynamicProgramming,exclude_count,mean_cell_value,0.751117931142531
DynamicProgramming,exclude_count,cell_value_variance,0.6998450510690593
DynamicProgramming,exclude_count,dp_sum_improvement_amount,0.8801764477933346
DynamicProgramming,exclude_count,dp_mean_improvement_amount,0.18832408476709875
DynamicProgramming,exclude_count,updates_per_cell,0.9790413328914629
DynamicProgramming,exclude_count,selected_count,0.8366027672269045
DynamicProgramming,exclude_count,solution_density,0.5061342164778779
DynamicProgramming,exclude_count,residual_capacity,0.027957976846519104
DynamicProgramming,exclude_count,capacity_utilization,0.4994811195247637
DynamicProgramming,exclude_count,last_selected_position,0.7428133574352292
DynamicProgramming,exclude_count,first_skipped_position,0.8348179015221573
DynamicProgramming,exclude_count,log_time_millis,0.9848785858371395
DynamicProgramming,exclude_count,log_memory_mb,0.08684907715737657
DynamicProgramming,exclude_count,AlmostEqualRatios,0.021331899078189297
DynamicProgramming,exclude_count,InverseCorrelated,-0.019729272827240806
DynamicProgramming,exclude_count,StronglyCorrelated,-0.011319330599052898
DynamicProgramming,exclude_count,WeaklyCorrelated,0.016286058687659862
DynamicProgramming,exclude_count,log_n,0.7475104967534173
DynamicProgramming,tie_count,include_ratio,0.06512938922561075
DynamicProgramming,tie_count,nonzero_value_states,0.4793496901226071
DynamicProgramming,tie_count,zero_value_states,-0.3974974918459196
DynamicProgramming,tie_count,fill_rate,0.3635460201383475
DynamicProgramming,tie_count,mean_cell_value,0.33390881561792746
DynamicProgramming,tie_count,cell_value_variance,0.31590670664206705
DynamicProgramming,tie_count,dp_sum_improvement_amount,0.40608791115952947
DynamicProgramming,tie_count,dp_mean_improvement_amount,-0.2558070734288519
DynamicProgramming,tie_count,updates_per_cell,0.5669543138465537
DynamicProgramming,tie_count,selected_count,0.4139721765580138
DynamicProgramming,tie_count,solution_density,0.21081345332929358
DynamicProgramming,tie_count,residual_capacity,-0.1508173947792159
DynamicProgramming,tie_count,capacity_utilization,0.5271794491184043
DynamicProgramming,tie_count,last_selected_position,0.4095153781572098
DynamicProgramming,tie_count,first_skipped_position,0.4112505561940706
DynamicProgramming,tie_count,log_time_millis,0.6299220449763712
DynamicProgramming,tie_count,log_memory_mb,0.02655757925434975
DynamicProgramming,tie_count,AlmostEqualRatios,0.20040030869676298
DynamicProgramming,tie_count,InverseCorrelated,-0.26600270197469844
DynamicProgramming,tie_count,StronglyCorrelated,0.2512212531711375
DynamicProgramming,tie_count,WeaklyCorrelated,0.0875406984927275
DynamicProgramming,tie_count,log_n,0.523920531048638
DynamicProgramming,include_ratio,nonzero_value_states,0.758195759600013
DynamicProgramming,include_ratio,zero_value_states,0.20607587452188478
DynamicProgramming,include_ratio,fill_rate,0.09258534738329903
DynamicProgramming,include_ratio,mean_cell_value,0.41752084923728766
DynamicProgramming,include_ratio,cell_value_variance,0.3329533695872623
DynamicProgramming,include_ratio,dp_sum_improvement_amount,0.7137911170283894
DynamicProgramming,include_ratio,dp_mean_improvement_amount,0.5818957031449132
DynamicProgramming,include_ratio,updates_per_cell,0.43966775705148775
DynamicProgramming,include_ratio,selected_count,0.4244836626742614
DynamicProgramming,include_ratio,solution_density,0.9588532404488552
DynamicProgramming,include_ratio,residual_capacity,0.43359913798854693
DynamicProgramming,include_ratio,capacity_utilization,0.027567476122855695
DynamicProgramming,include_ratio,last_selected_position,0.13402941220913345
DynamicProgramming,include_ratio,first_skipped_position,0.4264925225257415
DynamicProgramming,include_ratio,log_time_millis,0.3875079413080332
DynamicProgramming,include_ratio,log_memory_mb,0.06047741555267854
DynamicProgramming,include_ratio,AlmostEqualRatios,-0.1396521407865115
DynamicProgramming,include_ratio,InverseCorrelated,0.1322531714796541
DynamicProgramming,include_ratio,StronglyCorrelated,0.010214511828179024
DynamicProgramming,include_ratio,WeaklyCorrelated,-0.06975274414707573
DynamicProgramming,include_ratio,log_n,-0.3076917687271925
DynamicProgramming,nonzero_value_states,zero_value_states,-0.2483431702504271
DynamicProgramming,nonzero_value_states,fill_rate,0.3367088170686042
DynamicProgramming,nonzero_value_states,mean_cell_value,0.7180336794904381
DynamicProgramming,nonzero_value_states,cell_value_variance,0.6520941328367429
DynamicProgramming,nonzero_value_states,dp_sum_improvement_amount,0.9650411085785996
DynamicProgramming,nonzero_value_states,dp_mean_improvement_amount,0.4016271868806281
DynamicProgramming,nonzero_value_states,updates_per_cell,0.882270031278699
DynamicProgramming,nonzero_value_states,selected_count,0.7934444863790511
DynamicProgramming,nonzero_value_states,solution_density,0.8358815391854534
DynamicProgramming,nonzero_value_states,residual_capacity,0.2100053182904469
DynamicProgramming,nonzero_value_states,capacity_utilization,0.3683502788085071
DynamicProgramming,nonzero_value_states,last_selected_position,0.5791392888926074
DynamicProgramming,nonzero_value_states,first_skipped_position,0.7927486965181533
DynamicProgramming,nonzero_value_states,log_time_millis,0.8757141276145529
DynamicProgramming,nonzero_value_states,log_memory_mb,0.09119691159919574
DynamicProgramming,nonzero_value_states,AlmostEqualRatios,-0.0003421985873817162
DynamicProgramming,nonzero_value_states,InverseCorrelated,0.0006165716263238292
DynamicProgramming,nonzero_value_states,StronglyCorrelated,6.372475367375213e-06
DynamicProgramming,nonzero_value_states,WeaklyCorrelated,0.00025973122067894416
DynamicProgramming,nonzero_value_states,log_n,0.3301878365776085
DynamicProgramming,zero_value_states,fill_rate,-0.5810660873692788
DynamicProgramming,zero_value_states,mean_cell_value,-0.36576333834786645
DynamicProgramming,zero_value_states,cell_value_variance,-0.3434188558553856
DynamicProgramming,zero_value_states,dp_sum_improvement_amount,-0.3060232053087649
DynamicProgramming,zero_value_states,dp_mean_improvement_amount,0.12196090628271485
DynamicProgramming,zero_value_states,updates_per_cell,-0.545022467356412
DynamicProgramming,zero_value_states,selected_count,-0.40910747247333484
DynamicProgramming,zero_value_states,solution_density,0.08571329645384472
DynamicProgramming,zero_value_states,residual_capacity,0.13787029703545287
DynamicProgramming,zero_value_states,capacity_utilization,-0.3230574612931792
DynamicProgramming,zero_value_states,last_selected_position,-0.4793718976050782
DynamicProgramming,zero_value_states,first_skipped_position,-0.40705727046507834
DynamicProgramming,zero_value_states,log_time_millis,-0.5352147389268538
DynamicProgramming,zero_value_states,log_memory_mb,-0.026363350462526282
DynamicProgramming,zero_value_states,AlmostEqualRatios,0.0016703969328459457
DynamicProgramming,zero_value_states,InverseCorrelated,-0.021587624227787656
DynamicProgramming,zero_value_states,StronglyCorrelated,0.0026647749912625533
DynamicProgramming,zero_value_states,WeaklyCorrelated,0.015243804028566104
DynamicProgramming,zero_value_states,log_n,-0.750767861809148
DynamicProgramming,fill_rate,mean_cell_value,0.2032674826608814
DynamicProgramming,fill_rate,cell_value_variance,0.15861066112412386
DynamicProgramming,fill_rate,dp_sum_improvement_amount,0.36064568327112334
DynamicProgramming,fill_rate,dp_mean_improvement_amount,0.03371362169242575
DynamicProgramming,fill_rate,updates_per_cell,0.4699586589765699
DynamicProgramming,fill_rate,selected_count,0.2262215480947001
DynamicProgramming,fill_rate,solution_density,0.23178378040526665
DynamicProgramming,fill_rate,residual_capacity,0.007355551390069819
DynamicProgramming,fill_rate,capacity_utilization,0.3775056606615674
DynamicProgramming,fill_rate,last_selected_position,0.24180135815036993
DynamicProgramming,fill_rate,first_skipped_position,0.22484603130497055
DynamicProgramming,fill_rate,log_time_millis,0.46084228573370667
DynamicProgramming,fill_rate,log_memory_mb,0.021409898347936378
DynamicProgramming,fill_rate,AlmostEqualRatios,-0.010163988072011238
DynamicProgramming,fill_rate,InverseCorrelated,0.028116979502102207
DynamicProgramming,fill_rate,StronglyCorrelated,-0.006815576348665946
DynamicProgramming,fill_rate,WeaklyCorrelated,-0.010970310442162009
DynamicProgramming,fill_rate,log_n,0.4203887581735922
DynamicProgramming,mean_cell_value,cell_value_variance,0.942096191059821
DynamicProgramming,mean_cell_value,dp_sum_improvement_amount,0.7532107143923131
DynamicProgramming,mean_cell_value,dp_mean_improvement_amount,0.3198940107895771
DynamicProgramming,mean_cell_value,updates_per_cell,0.771777104442929
DynamicProgramming,mean_cell_value,selected_count,0.9335429282701879
DynamicProgramming,mean_cell_value,solution_density,0.466356596055261
DynamicProgramming,mean_cell_value,residual_capacity,0.2326022715915251
DynamicProgramming,mean_cell_value,capacity_utilization,0.22497962460210877
DynamicProgramming,mean_cell_value,last_selected_position,0.711037922984446
DynamicProgramming,mean_cell_value,first_skipped_position,0.9345350708311061
DynamicProgramming,mean_cell_value,log_time_millis,0.7369499533054553
DynamicProgramming,mean_cell_value,log_memory_mb,0.0941900447521623
DynamicProgramming,mean_cell_value,AlmostEqualRatios,-0.1001028950291454
DynamicProgramming,mean_cell_value,InverseCorrelated,0.19942501817187716
DynamicProgramming,mean_cell_value,StronglyCorrelated,-0.10631157655920023
DynamicProgramming,mean_cell_value,WeaklyCorrelated,-0.08571978919207966
DynamicProgramming,mean_cell_value,log_n,0.50601292622941
DynamicProgramming,cell_value_variance,dp_sum_improvement_amount,0.6644902770660206
DynamicProgramming,cell_value_variance,dp_mean_improvement_amount,0.20656226662710025
DynamicProgramming,cell_value_variance,updates_per_cell,0.7032919163016821
DynamicProgramming,cell_value_variance,selected_count,0.9477323212303226
DynamicProgramming,cell_value_variance,solution_density,0.36828982871177335
DynamicProgramming,cell_value_variance,residual_capacity,0.10874919165061404
DynamicProgramming,cell_value_variance,capacity_utilization,0.1945997651271792
DynamicProgramming,cell_value_variance,last_selected_position,0.7687655926890697
DynamicProgramming,cell_value_variance,first_skipped_position,0.9477000725839279
DynamicProgramming,cell_value_variance,log_time_millis,0.6882042940674497
DynamicProgramming,cell_value_variance,log_memory_mb,0.10451620805600305
DynamicProgramming,cell_value_variance,AlmostEqualRatios,-0.03904835389434862
DynamicProgramming,cell_value_variance,InverseCorrelated,0.06357259457648179
DynamicProgramming,cell_value_variance,StronglyCorrelated,-0.04907816422368039
DynamicProgramming,cell_value_variance,WeaklyCorrelated,-0.029610827481872184
DynamicProgramming,cell_value_variance,log_n,0.4902159189793864
DynamicProgramming,dp_sum_improvement_amount,dp_mean_improvement_amount,0.5671070308473005
DynamicProgramming,dp_sum_improvement_amount,updates_per_cell,0.9170812614798232
DynamicProgramming,dp_sum_improvement_amount,selected_count,0.8017764283484988
DynamicProgramming,dp_sum_improvement_amount,solution_density,0.7898766583645722
DynamicProgramming,dp_sum_improvement_amount,residual_capacity,0.23333331560707843
DynamicProgramming,dp_sum_improvement_amount,capacity_utilization,0.32568195434835223
DynamicProgramming,dp_sum_improvement_amount,last_selected_position,0.5676813391950102
DynamicProgramming,dp_sum_improvement_amount,first_skipped_position,0.8021071631576454
DynamicProgramming,dp_sum_improvement_amount,log_time_millis,0.8764529626618898
DynamicProgramming,dp_sum_improvement_amount,log_memory_mb,0.08848271556610358
DynamicProgramming,dp_sum_improvement_amount,AlmostEqualRatios,-0.10037538199980056
DynamicProgramming,dp_sum_improvement_amount,InverseCorrelated,0.1518586642762849
DynamicProgramming,dp_sum_improvement_amount,StronglyCorrelated,-0.09825160163746705
DynamicProgramming,dp_sum_improvement_amount,WeaklyCorrelated,-0.057214216615278354
DynamicProgramming,dp_sum_improvement_amount,log_n,0.40086350758918265
DynamicProgramming,dp_mean_improvement_amount,updates_per_cell,0.28374741260533365
DynamicProgramming,dp_mean_improvement_amount,selected_count,0.2413594583346641
DynamicProgramming,dp_mean_improvement_amount,solution_density,0.5345921711796012
DynamicProgramming,dp_mean_improvement_amount,residual_capacity,0.3536502042825505
DynamicProgramming,dp_mean_improvement_amount,capacity_utilization,-0.16118966123217512
DynamicProgramming,dp_mean_improvement_amount,last_selected_position,-0.013220257465214673
DynamicProgramming,dp_mean_improvement_amount,first_skipped_position,0.24496960906262225
DynamicProgramming,dp_mean_improvement_amount,log_time_millis,0.17679794019833678
DynamicProgramming,dp_mean_improvement_amount,log_memory_mb,0.028763021288237198
DynamicProgramming,dp_mean_improvement_amount,AlmostEqualRatios,-0.2525562969138124
DynamicProgramming,dp_mean_improvement_amount,InverseCorrelated,0.519176596055469
DynamicProgramming,dp_mean_improvement_amount,StronglyCorrelated,-0.426257310117256
DynamicProgramming,dp_mean_improvement_amount,WeaklyCorrelated,-0.20202032418794064
DynamicProgramming,dp_mean_improvement_amount,log_n,-0.1625691185986387
DynamicProgramming,updates_per_cell,selected_count,0.8448318896711837
DynamicProgramming,updates_per_cell,solution_density,0.5636000557576396
DynamicProgramming,updates_per_cell,residual_capacity,0.09092877815403257
DynamicProgramming,updates_per_cell,capacity_utilization,0.4501180406367631
DynamicProgramming,updates_per_cell,last_selected_position,0.6940883626588852
DynamicProgramming,updates_per_cell,first_skipped_position,0.8443293819648325
DynamicProgramming,updates_per_cell,log_time_millis,0.9710884819330761
DynamicProgramming,updates_per_cell,log_memory_mb,0.0866760837806397
DynamicProgramming,updates_per_cell,AlmostEqualRatios,-0.10118109011298089
DynamicProgramming,updates_per_cell,InverseCorrelated,0.06430934445332412
DynamicProgramming,updates_per_cell,StronglyCorrelated,0.01653165425603494
DynamicProgramming,updates_per_cell,WeaklyCorrelated,-0.02077926378629323
DynamicProgramming,updates_per_cell,log_n,0.7040754468952775
DynamicProgramming,selected_count,solution_density,0.4812259349951284
DynamicProgramming,selected_count,residual_capacity,0.12156676573406247
DynamicProgramming,selected_count,capacity_utilization,0.26473228199900617
DynamicProgramming,selected_count,last_selected_position,0.7946216998183689
DynamicProgramming,selected_count,first_skipped_position,0.9999382856928846
DynamicProgramming,selected_count,log_time_millis,0.8271774848954329
DynamicProgramming,selected_count,log_memory_mb,0.10645930526607336
DynamicProgramming,selected_count,AlmostEqualRatios,-0.05365305794070817
DynamicProgramming,selected_count,InverseCorrelated,0.055564443265031876
DynamicProgramming,selected_count,StronglyCorrelated,0.022449656035016544
DynamicProgramming,selected_count,WeaklyCorrelated,-0.04231560948477271
DynamicProgramming,selected_count,log_n,0.5645102487418633
DynamicProgramming,solution_density,residual_capacity,0.43152970681128205
DynamicProgramming,solution_density,capacity_utilization,0.1830052733924048
DynamicProgramming,solution_density,last_selected_position,0.21983602358076446
DynamicProgramming,solution_density,first_skipped_position,0.48267296333110515
DynamicProgramming,solution_density,log_time_millis,0.5289795689708711
DynamicProgramming,solution_density,log_memory_mb,0.06557800108245398
DynamicProgramming,solution_density,AlmostEqualRatios,-0.12192389306795236
DynamicProgramming,solution_density,InverseCorrelated,0.1154060381652837
DynamicProgramming,solution_density,StronglyCorrelated,0.049149279967498676
DynamicProgramming,solution_density,WeaklyCorrelated,-0.08384057958426021
DynamicProgramming,solution_density,log_n,-0.14435298116893303
DynamicProgramming,residual_capacity,capacity_utilization,-0.3246391387647602
DynamicProgramming,residual_capacity,last_selected_position,-0.04072761778807941
DynamicProgramming,residual_capacity,first_skipped_position,0.12560202808845763
DynamicProgramming,residual_capacity,log_time_millis,0.02700605875596361
DynamicProgramming,residual_capacity,log_memory_mb,0.008515562254493677
DynamicProgramming,residual_capacity,AlmostEqualRatios,-0.21403573780296126
DynamicProgramming,residual_capacity,InverseCorrelated,0.5393327824354089
DynamicProgramming,residual_capacity,StronglyCorrelated,-0.019361262638259404
DynamicProgramming,residual_capacity,WeaklyCorrelated,-0.21177024055666022
DynamicProgramming,residual_capacity,log_n,-0.19424873011771063
DynamicProgramming,capacity_utilization,last_selected_position,0.30730865635970506
DynamicProgramming,capacity_utilization,first_skipped_position,0.26188886204123335
DynamicProgramming,capacity_utilization,log_time_millis,0.5019252628068036
DynamicProgramming,capacity_utilization,log_memory_mb,0.0205301835786475
DynamicProgramming,capacity_utilization,AlmostEqualRatios,0.16092355473523018
DynamicProgramming,capacity_utilization,InverseCorrelated,-0.3046340883381556
DynamicProgramming,capacity_utilization,StronglyCorrelated,-0.01766922688407468
DynamicProgramming,capacity_utilization,WeaklyCorrelated,0.1351628213136125
DynamicProgramming,capacity_utilization,log_n,0.4334827078009343
DynamicProgramming,last_selected_position,first_skipped_position,0.791544029266366
DynamicProgramming,last_selected_position,log_time_millis,0.7131926010662072
DynamicProgramming,last_selected_position,log_memory_mb,0.07821627475612773
DynamicProgramming,last_selected_position,AlmostEqualRatios,0.028034926960333453
DynamicProgramming,last_selected_position,InverseCorrelated,-0.0831359651375251
DynamicProgramming,last_selected_position,StronglyCorrelated,-0.09529081604893097
DynamicProgramming,last_selected_position,WeaklyCorrelated,0.20739087103350712
DynamicProgramming,last_selected_position,log_n,0.6591700160230923
DynamicProgramming,first_skipped_position,log_time_millis,0.825597486732974
DynamicProgramming,first_skipped_position,log_memory_mb,0.106570949214482
DynamicProgramming,first_skipped_position,AlmostEqualRatios,-0.059394777269406125
DynamicProgramming,first_skipped_position,InverseCorrelated,0.060258070618171365
DynamicProgramming,first_skipped_position,StronglyCorrelated,0.024790939811104855
DynamicProgramming,first_skipped_position,WeaklyCorrelated,-0.045117795561973505
DynamicProgramming,first_skipped_position,log_n,0.5624759882331936
DynamicProgramming,log_time_millis,log_memory_mb,0.06124973670873267
DynamicProgramming,log_time_millis,AlmostEqualRatios,0.007993273381794314
DynamicProgramming,log_time_millis,InverseCorrelated,-0.046726087330743064
DynamicProgramming,log_time_millis,StronglyCorrelated,0.05420162927637034
DynamicProgramming,log_time_millis,WeaklyCorrelated,-0.0012437672332197185
DynamicProgramming,log_time_millis,log_n,0.7144736515663699
DynamicProgramming,log_memory_mb,AlmostEqualRatios,-0.006249119509033959
DynamicProgramming,log_memory_mb,InverseCorrelated,-0.005253602910594814
DynamicProgramming,log_memory_mb,StronglyCorrelated,0.012631081892127107
DynamicProgramming,log_memory_mb,WeaklyCorrelated,-0.011980462894343628
DynamicProgramming,log_memory_mb,log_n,0.04581209242203791
DynamicProgramming,AlmostEqualRatios,InverseCorrelated,-0.24999999999999994
DynamicProgramming,AlmostEqualRatios,StronglyCorrelated,-0.24999999999999972
DynamicProgramming,AlmostEqualRatios,WeaklyCorrelated,-0.24999999999999944
DynamicProgramming,AlmostEqualRatios,log_n,-1.6074927539095008e-16
DynamicProgramming,InverseCorrelated,StronglyCorrelated,-0.2500000000000006
DynamicProgramming,InverseCorrelated,WeaklyCorrelated,-0.2500000000000004
DynamicProgramming,InverseCorrelated,log_n,-4.853512286695524e-16
DynamicProgramming,StronglyCorrelated,WeaklyCorrelated,-0.25000000000000067
DynamicProgramming,StronglyCorrelated,log_n,4.315298606509122e-16
DynamicProgramming,WeaklyCorrelated,log_n,4.940163468766355e-16
