algorithm,var_a,var_b,correlation
BranchAndBound,instance_id,n,0.8818934594168748
BranchAndBound,instance_id,total_weight,0.983664939404026
BranchAndBound,instance_id,total_value,0.9834604706176645
BranchAndBound,instance_id,mean_weight,-0.004565222558999441
BranchAndBound,instance_id,mean_value,0.0070179777098117145
BranchAndBound,instance_id,median_weight,-0.0027521811673483242
BranchAndBound,instance_id,median_value,0.023953645404841177
BranchAndBound,instance_id,std_weight,0.16888028771173005
BranchAndBound,instance_id,std_value,0.1588227936409751
BranchAndBound,instance_id,min_weight,-0.5298668388595552
BranchAndBound,instance_id,max_weight,0.5319887276500729
BranchAndBound,instance_id,min_value,-0.48416223637146105
BranchAndBound,instance_id,max_value,0.5031943790170372
BranchAndBound,instance_id,weight_cv,0.05650613118693027
BranchAndBound,instance_id,value_cv,0.038423963642710376
BranchAndBound,instance_id,weight_skewness,0.004678444380066667
BranchAndBound,instance_id,value_skewness,0.006781716191040201
BranchAndBound,instance_id,weight_kurtosis,-0.2290456466899049
BranchAndBound,instance_id,value_kurtosis,-0.19336796051371752
BranchAndBound,instance_id,capacity_ratio,-0.06266439856313968
BranchAndBound,instance_id,slack,0.95493266628991
BranchAndBound,instance_id,average_fillable_items,0.3211315850343725
BranchAndBound,instance_id,pearson_corr,-0.012715593005182671
BranchAndBound,instance_id,spearman_corr,0.013449533449001157
BranchAndBound,instance_id,kendall_corr,-0.046133689017013035
BranchAndBound,instance_id,mean_ratio,-0.013040675213681328
BranchAndBound,instance_id,median_ratio,-0.04387729916204898
BranchAndBound,instance_id,std_ratio,0.10119673283571108
BranchAndBound,instance_id,ratio_entropy,-0.2321827629326216
BranchAndBound,instance_id,unique_ratio_count,0.9790116715384692
BranchAndBound,instance_id,duplicate_ratio_fraction,0.5486176824811
BranchAndBound,instance_id,unique_weights,0.982987744680279
BranchAndBound,instance_id,unique_values,0.9832663627549469
BranchAndBound,instance_id,unique_pairs,0.98007262476065
BranchAndBound,instance_id,duplicate_items,0.6781014739508775
BranchAndBound,instance_id,duplicate_pairs,0.6772892112279001
BranchAndBound,instance_id,time_millis,0.27484094950347987
BranchAndBound,instance_id,memory_bytes,0.17485261945928846
BranchAndBound,instance_id,memory_mb,0.174852622948608
BranchAndBound,instance_id,solution_value,0.5299461663650145
BranchAndBound,instance_id,optimal_value,0.5299461663650145
BranchAndBound,instance_id,nodes_explored,0.2838274611801041
BranchAndBound,instance_id,nodes_pruned,0.07394989935782215
BranchAndBound,instance_id,max_queue_size,0.17102878851642958
BranchAndBound,instance_id,optimal,-0.25283132844801737
BranchAndBound,instance_id,nodes_generated,0.6237081911027187
BranchAndBound,instance_id,internal_nodes,0.6124594415465993
BranchAndBound,instance_id,max_depth,0.7980353545803108
BranchAndBound,instance_id,mean_depth,0.7225099183287937
BranchAndBound,instance_id,median_depth,0.7066940133796573
BranchAndBound,instance_id,mean_queue_size,0.5685186256909956
BranchAndBound,instance_id,final_queue_size,0.25171025711909617
BranchAndBound,instance_id,mean_bound,0.5299653788061589
BranchAndBound,instance_id,bound_variance,-0.28372657050243244
BranchAndBound,instance_id,min_bound,0.530390882563052
BranchAndBound,instance_id,max_bound,0.5299660419726409
BranchAndBound,instance_id,mean_bound_gap,-0.0015299869173590421
BranchAndBound,instance_id,bound_gap_variance,0.1278647892369904
BranchAndBound,instance_id,pruned_by_bound,0.0586170121316431
BranchAndBound,instance_id,pruned_by_cap,0.2517322950785143
BranchAndBound,instance_id,left_branches,0.5370181885574187
BranchAndBound,instance_id,right_branches,0.6197706246465176
BranchAndBound,instance_id,explored_children,0.6199866919444389
BranchAndBound,instance_id,skipped_children,0.5622207143732946
BranchAndBound,instance_id,skipped_infeasible,0.48960758973286256
BranchAndBound,instance_id,skipped_by_bound,0.22260096265944218
BranchAndBound,instance_id,improvement_count,0.5538705419038686
BranchAndBound,instance_id,sum_improvement_amount,0.4321035372570833
BranchAndBound,instance_id,mean_improvement_amount,-0.007551712801533921
BranchAndBound,instance_id,last_improvement_node,0.1661146572988572
BranchAndBound,instance_id,pruned_generated_ratio,-0.030163922364491377
BranchAndBound,instance_id,avg_branching_factor,0.2716642363372622
BranchAndBound,instance_id,capacity_density,-0.06173174901376958
BranchAndBound,instance_id,cells_allocated,0.3222647546657667
BranchAndBound,instance_id,total_evaluations,0.6576441744652313
BranchAndBound,instance_id,include_count,0.4869405319682133
BranchAndBound,instance_id,exclude_count,0.7370576013690604
BranchAndBound,instance_id,tie_count,0.5417428318857561
BranchAndBound,instance_id,include_ratio,-0.3121760729956482
BranchAndBound,instance_id,nonzero_value_states,0.32526538170771635
BranchAndBound,instance_id,zero_value_states,-0.7407134068823655
BranchAndBound,instance_id,fill_rate,0.41088221551595494
BranchAndBound,instance_id,mean_cell_value,0.4952485759323536
BranchAndBound,instance_id,cell_value_variance,0.48139641999257504
BranchAndBound,instance_id,dp_sum_improvement_amount,0.38563670280388684
BranchAndBound,instance_id,dp_mean_improvement_amount,-0.1833063617776304
BranchAndBound,instance_id,updates_per_cell,0.6841022738055933
BranchAndBound,instance_id,selected_count,0.5555899531131707
BranchAndBound,instance_id,solution_density,-0.14767150295512096
BranchAndBound,instance_id,residual_capacity,-0.16734799509627554
BranchAndBound,instance_id,capacity_utilization,0.41683210973421847
BranchAndBound,instance_id,last_selected_position,0.6457222609722303
BranchAndBound,instance_id,first_skipped_position,0.5532545663795719
BranchAndBound,instance_id,solution_gap,0.09731352909516813
BranchAndBound,instance_id,log_time_millis,0.6739087177286587
BranchAndBound,instance_id,log_nodes_explored,0.6289116793348101
BranchAndBound,instance_id,AlmostEqualRatios,0.11547006025292865
BranchAndBound,instance_id,InverseCorrelated,0.05773503012646438
BranchAndBound,instance_id,StronglyCorrelated,2.0366654465523009e-16
BranchAndBound,instance_id,WeaklyCorrelated,-0.0577350301264644
BranchAndBound,instance_id,log_n,0.9850387068117942
BranchAndBound,n,total_weight,0.8911585027029661
BranchAndBound,n,total_value,0.8906479811501963
BranchAndBound,n,mean_weight,-0.0003057097834765226
BranchAndBound,n,mean_value,0.004140566365516933
BranchAndBound,n,median_weight,0.005094316645962669
BranchAndBound,n,median_value,0.01480104513534733
BranchAndBound,n,std_weight,0.12221168826949637
BranchAndBound,n,std_value,0.11326469187106955
BranchAndBound,n,min_weight,-0.376811531547718
BranchAndBound,n,max_weight,0.37587992066621506
BranchAndBound,n,min_value,-0.3427677389982856
BranchAndBound,n,max_value,0.36110505329135956
BranchAndBound,n,weight_cv,0.040061122745695746
BranchAndBound,n,value_cv,0.028747029914918863
BranchAndBound,n,weight_skewness,-0.0015925608719249366
BranchAndBound,n,value_skewness,-0.001319490303154483
BranchAndBound,n,weight_kurtosis,-0.16142657521221396
BranchAndBound,n,value_kurtosis,-0.14028979064888197
BranchAndBound,n,capacity_ratio,-0.044109970018616045
BranchAndBound,n,slack,0.8628170353211042
BranchAndBound,n,average_fillable_items,0.2910807936705485
BranchAndBound,n,pearson_corr,-0.0014806412176522888
BranchAndBound,n,spearman_corr,0.02021513501742397
BranchAndBound,n,kendall_corr,-0.013995993858123555
BranchAndBound,n,mean_ratio,-0.008387792585048612
BranchAndBound,n,median_ratio,-0.039027040856607756
BranchAndBound,n,std_ratio,0.09468557742849455
BranchAndBound,n,ratio_entropy,-0.27576785682494376
BranchAndBound,n,unique_ratio_count,0.8838880665049031
BranchAndBound,n,duplicate_ratio_fraction,0.5326005271592931
BranchAndBound,n,unique_weights,0.8646752389731782
BranchAndBound,n,unique_values,0.865304217477955
BranchAndBound,n,unique_pairs,0.8850652713584389
BranchAndBound,n,duplicate_items,0.5810631153912573
BranchAndBound,n,duplicate_pairs,0.5797359352291738
BranchAndBound,n,time_millis,0.31573705399264906
BranchAndBound,n,memory_bytes,0.19224826785697946
BranchAndBound,n,memory_mb,0.19224837848881315
BranchAndBound,n,solution_value,0.6035502265733642
BranchAndBound,n,optimal_value,0.6035502265733642
BranchAndBound,n,nodes_explored,0.3285943835865302
BranchAndBound,n,nodes_pruned,0.08607162683843801
BranchAndBound,n,max_queue_size,0.19407673131139794
BranchAndBound,n,optimal,-0.2972478625997418
BranchAndBound,n,nodes_generated,0.5616596914380786
BranchAndBound,n,internal_nodes,0.5488173282385111
BranchAndBound,n,max_depth,0.8839838467212954
BranchAndBound,n,mean_depth,0.802517869941855
BranchAndBound,n,median_depth,0.7891091328097437
BranchAndBound,n,mean_queue_size,0.5238424409305786
BranchAndBound,n,final_queue_size,0.2960291830921995
BranchAndBound,n,mean_bound,0.6035615760252301
BranchAndBound,n,bound_variance,-0.22239606767523634
BranchAndBound,n,min_bound,0.6039189396847712
BranchAndBound,n,max_bound,0.6035654003308277
BranchAndBound,n,mean_bound_gap,0.035752738424907594
BranchAndBound,n,bound_gap_variance,0.1395407949541485
BranchAndBound,n,pruned_by_bound,-0.008608492444722777
BranchAndBound,n,pruned_by_cap,0.2965633174851107
BranchAndBound,n,left_branches,0.49786911184520866
BranchAndBound,n,right_branches,0.5541609072697932
BranchAndBound,n,explored_children,0.5587811853328539
BranchAndBound,n,skipped_children,0.4987934062611494
BranchAndBound,n,skipped_infeasible,0.4320011522365736
BranchAndBound,n,skipped_by_bound,0.1451444229955286
BranchAndBound,n,improvement_count,0.6251010440301401
BranchAndBound,n,sum_improvement_amount,0.4055079217651668
BranchAndBound,n,mean_improvement_amount,-0.0009327061870073836
BranchAndBound,n,last_improvement_node,0.21266205918113107
BranchAndBound,n,pruned_generated_ratio,0.016879690462347455
BranchAndBound,n,avg_branching_factor,0.24755455041125446
BranchAndBound,n,capacity_density,-0.0432858496869316
BranchAndBound,n,cells_allocated,0.29196029722198624
BranchAndBound,n,total_evaluations,0.5947140046832406
BranchAndBound,n,include_count,0.44189446856810144
BranchAndBound,n,exclude_count,0.6613214454964221
BranchAndBound,n,tie_count,0.4065330482464084
BranchAndBound,n,include_ratio,-0.2439949198131573
BranchAndBound,n,nonzero_value_states,0.29382578115766245
BranchAndBound,n,zero_value_states,-0.643105221336301
BranchAndBound,n,fill_rate,0.2869059724609394
BranchAndBound,n,mean_cell_value,0.5644852430486531
BranchAndBound,n,cell_value_variance,0.6123460428847854
BranchAndBound,n,dp_sum_improvement_amount,0.3573162366331343
BranchAndBound,n,dp_mean_improvement_amount,-0.13636522939877888
BranchAndBound,n,updates_per_cell,0.6215096855615566
BranchAndBound,n,selected_count,0.6292028770660152
BranchAndBound,n,solution_density,-0.11219414461562387
BranchAndBound,n,residual_capacity,-0.1454292020747417
BranchAndBound,n,capacity_utilization,0.3141207925966709
BranchAndBound,n,last_selected_position,0.7353886846197251
BranchAndBound,n,first_skipped_position,0.6275327224500529
BranchAndBound,n,solution_gap,0.12295911764055757
BranchAndBound,n,log_time_millis,0.6217227619399146
BranchAndBound,n,log_nodes_explored,0.5597289948878937
BranchAndBound,n,AlmostEqualRatios,8.053756320281227e-17
BranchAndBound,n,InverseCorrelated,-1.5669957118917312e-16
BranchAndBound,n,StronglyCorrelated,2.2923807251191e-16
BranchAndBound,n,WeaklyCorrelated,1.9860918599674881e-16
BranchAndBound,n,log_n,0.8926327822256555
BranchAndBound,total_weight,total_value,0.998116559380473
BranchAndBound,total_weight,mean_weight,0.04766172271548054
BranchAndBound,total_weight,mean_value,0.029099404748338806
BranchAndBound,total_weight,median_weight,0.044885534174080435
BranchAndBound,total_weight,median_value,0.044656191553243005
BranchAndBound,total_weight,std_weight,0.17334810904861853
BranchAndBound,total_weight,std_value,0.16291829576158431
BranchAndBound,total_weight,min_weight,-0.5290094110304987
BranchAndBound,total_weight,max_weight,0.5554467627739182
BranchAndBound,total_weight,min_value,-0.49290047659043096
BranchAndBound,total_weight,max_value,0.48883175720656513
BranchAndBound,total_weight,weight_cv,0.015010387422292099
BranchAndBound,total_weight,value_cv,0.021328913819404664
BranchAndBound,total_weight,weight_skewness,-0.03820921552434654
BranchAndBound,total_weight,value_skewness,-0.01670545050048542
BranchAndBound,total_weight,weight_kurtosis,-0.2355494027457473
BranchAndBound,total_weight,value_kurtosis,-0.2035421060791444
BranchAndBound,total_weight,capacity_ratio,-0.06464995258460317
BranchAndBound,total_weight,slack,0.9709711695619664
BranchAndBound,total_weight,average_fillable_items,0.3245400227975114
BranchAndBound,total_weight,pearson_corr,-0.002922527439338865
BranchAndBound,total_weight,spearman_corr,0.02422182591061744
BranchAndBound,total_weight,kendall_corr,-0.024414117894485263
BranchAndBound,total_weight,mean_ratio,-0.019749010170124228
BranchAndBound,total_weight,median_ratio,-0.07172851507661282
BranchAndBound,total_weight,std_ratio,0.10221902539401054
BranchAndBound,total_weight,ratio_entropy,-0.319239031582103
BranchAndBound,total_weight,unique_ratio_count,0.9964773125106209
BranchAndBound,total_weight,duplicate_ratio_fraction,0.4946982533863984
BranchAndBound,total_weight,unique_weights,0.9966048687475926
BranchAndBound,total_weight,unique_values,0.9967256197705915
BranchAndBound,total_weight,unique_pairs,0.996254520585926
BranchAndBound,total_weight,duplicate_items,0.6299892089824849
BranchAndBound,total_weight,duplicate_pairs,0.6292398362381354
BranchAndBound,total_weight,time_millis,0.26046255958753917
BranchAndBound,total_weight,memory_bytes,0.16019707721633486
BranchAndBound,total_weight,memory_mb,0.16019716532772596
BranchAndBound,total_weight,solution_value,0.5399174327980804
BranchAndBound,total_weight,optimal_value,0.5399174327980804
BranchAndBound,total_weight,nodes_explored,0.2702949861247316
BranchAndBound,total_weight,nodes_pruned,0.06398863782385486
BranchAndBound,total_weight,max_queue_size,0.1555151500677909
BranchAndBound,total_weight,optimal,-0.24117826582365082
BranchAndBound,total_weight,nodes_generated,0.5945235423841161
BranchAndBound,total_weight,internal_nodes,0.582817665709861
BranchAndBound,total_weight,max_depth,0.8085411506806558
BranchAndBound,total_weight,mean_depth,0.7275142181705476
BranchAndBound,total_weight,median_depth,0.713510675852113
BranchAndBound,total_weight,mean_queue_size,0.5503976699447684
BranchAndBound,total_weight,final_queue_size,0.23965122866128868
BranchAndBound,total_weight,mean_bound,0.5399143783417623
BranchAndBound,total_weight,bound_variance,-0.23094141660040013
BranchAndBound,total_weight,min_bound,0.5401584634819728
BranchAndBound,total_weight,max_bound,0.5399067543041383
BranchAndBound,total_weight,mean_bound_gap,0.050605869871207465
BranchAndBound,total_weight,bound_gap_variance,0.1773619151537573
BranchAndBound,total_weight,pruned_by_bound,0.0793739030976436
BranchAndBound,total_weight,pruned_by_cap,0.23989249221394907
BranchAndBound,total_weight,left_branches,0.5148695967725536
BranchAndBound,total_weight,right_branches,0.5907744428983831
BranchAndBound,total_weight,explored_children,0.5913045792925058
BranchAndBound,total_weight,skipped_children,0.5337489584017147
BranchAndBound,total_weight,skipped_infeasible,0.4648207198406886
BranchAndBound,total_weight,skipped_by_bound,0.20815293324295042
BranchAndBound,total_weight,improvement_count,0.5615831157769571
BranchAndBound,total_weight,sum_improvement_amount,0.4535291755384557
BranchAndBound,total_weight,mean_improvement_amount,0.003163453595467431
BranchAndBound,total_weight,last_improvement_node,0.16557633378915235
BranchAndBound,total_weight,pruned_generated_ratio,-0.008496556229154358
BranchAndBound,total_weight,avg_branching_factor,0.2609696189615879
BranchAndBound,total_weight,capacity_density,-0.05906659572806473
BranchAndBound,total_weight,cells_allocated,0.32761622589839146
BranchAndBound,total_weight,total_evaluations,0.6666633901072923
BranchAndBound,total_weight,include_count,0.4974496624948913
BranchAndBound,total_weight,exclude_count,0.7466354126115569
BranchAndBound,total_weight,tie_count,0.5201358426804424
BranchAndBound,total_weight,include_ratio,-0.3085419711844952
BranchAndBound,total_weight,nonzero_value_states,0.33060067574293134
BranchAndBound,total_weight,zero_value_states,-0.7428866737855152
BranchAndBound,total_weight,fill_rate,0.41127720690937825
BranchAndBound,total_weight,mean_cell_value,0.5050467240707107
BranchAndBound,total_weight,cell_value_variance,0.48936019301643446
BranchAndBound,total_weight,dp_sum_improvement_amount,0.40053349636094654
BranchAndBound,total_weight,dp_mean_improvement_amount,-0.160459472642852
BranchAndBound,total_weight,updates_per_cell,0.7011226805073717
BranchAndBound,total_weight,selected_count,0.5633500481013785
BranchAndBound,total_weight,solution_density,-0.14709827699229333
BranchAndBound,total_weight,residual_capacity,-0.19080673862467978
BranchAndBound,total_weight,capacity_utilization,0.429170624184258
BranchAndBound,total_weight,last_selected_position,0.6580278454871433
BranchAndBound,total_weight,first_skipped_position,0.5613335802557525
BranchAndBound,total_weight,solution_gap,0.0917597360929931
BranchAndBound,total_weight,log_time_millis,0.6559449084948591
BranchAndBound,total_weight,log_nodes_explored,0.5994793724599579
BranchAndBound,total_weight,AlmostEqualRatios,-0.0007379331923536142
BranchAndBound,total_weight,InverseCorrelated,0.0010059956338830025
BranchAndBound,total_weight,StronglyCorrelated,0.0002229130440016693
BranchAndBound,total_weight,WeaklyCorrelated,0.0011548267745233262
BranchAndBound,total_weight,log_n,0.9984505232074993
BranchAndBound,total_value,mean_weight,0.013501947831707856
BranchAndBound,total_value,mean_value,0.06303315056070803
BranchAndBound,total_value,median_weight,0.014631221899705588
BranchAndBound,total_value,median_value,0.07510287206995551
BranchAndBound,total_value,std_weight,0.16991481438897976
BranchAndBound,total_value,std_value,0.1607312135867842
BranchAndBound,total_value,min_weight,-0.5338070054901022
BranchAndBound,total_value,max_weight,0.5466731285434578
BranchAndBound,total_value,min_value,-0.4837237934508116
BranchAndBound,total_value,max_value,0.49169804877397155
BranchAndBound,total_value,weight_cv,0.04044321859109144
BranchAndBound,total_value,value_cv,-0.007121399807894476
BranchAndBound,total_value,weight_skewness,-0.008950849622909545
BranchAndBound,total_value,value_skewness,-0.04597401693346432
BranchAndBound,total_value,weight_kurtosis,-0.2337943420717829
BranchAndBound,total_value,value_kurtosis,-0.2036979739137072
BranchAndBound,total_value,capacity_ratio,-0.06432569025937054
BranchAndBound,total_value,slack,0.969102932224663
BranchAndBound,total_value,average_fillable_items,0.3251597329595434
BranchAndBound,total_value,pearson_corr,0.0004721063929879413
BranchAndBound,total_value,spearman_corr,0.027573915435603988
BranchAndBound,total_value,kendall_corr,-0.021022593405931496
BranchAndBound,total_value,mean_ratio,-0.012703692050986374
BranchAndBound,total_value,median_ratio,-0.020045597686152238
BranchAndBound,total_value,std_ratio,0.10616492220318023
BranchAndBound,total_value,ratio_entropy,-0.31939864090800957
BranchAndBound,total_value,unique_ratio_count,0.9965098565154346
BranchAndBound,total_value,duplicate_ratio_fraction,0.4943630283334578
BranchAndBound,total_value,unique_weights,0.9966625580973922
BranchAndBound,total_value,unique_values,0.9967752644523327
BranchAndBound,total_value,unique_pairs,0.9962990513829186
BranchAndBound,total_value,duplicate_items,0.6307450329316538
BranchAndBound,total_value,duplicate_pairs,0.6299959861007236
BranchAndBound,total_value,time_millis,0.2602951299912078
BranchAndBound,total_value,memory_bytes,0.15980018345147123
BranchAndBound,total_value,memory_mb,0.1598002726567225
BranchAndBound,total_value,solution_value,0.5397864136373296
BranchAndBound,total_value,optimal_value,0.5397864136373296
BranchAndBound,total_value,nodes_explored,0.27017061201275044
BranchAndBound,total_value,nodes_pruned,0.06384068926816935
BranchAndBound,total_value,max_queue_size,0.15518041235789312
BranchAndBound,total_value,optimal,-0.24122615975096684
BranchAndBound,total_value,nodes_generated,0.5954060092040661
BranchAndBound,total_value,internal_nodes,0.5836526990145128
BranchAndBound,total_value,max_depth,0.8084387194502436
BranchAndBound,total_value,mean_depth,0.7277614517168429
BranchAndBound,total_value,median_depth,0.7137670096849741
BranchAndBound,total_value,mean_queue_size,0.5513085268860702
BranchAndBound,total_value,final_queue_size,0.23966810002474123
BranchAndBound,total_value,mean_bound,0.5397842912715739
BranchAndBound,total_value,bound_variance,-0.23273532758940946
BranchAndBound,total_value,min_bound,0.5400353565187408
BranchAndBound,total_value,max_bound,0.539777378949479
BranchAndBound,total_value,mean_bound_gap,0.05118132836204588
BranchAndBound,total_value,bound_gap_variance,0.17810648480740268
BranchAndBound,total_value,pruned_by_bound,0.07988891177732473
BranchAndBound,total_value,pruned_by_cap,0.23992456701053647
BranchAndBound,total_value,left_branches,0.5159029425555481
BranchAndBound,total_value,right_branches,0.5915769615411821
BranchAndBound,total_value,explored_children,0.5921853593110588
BranchAndBound,total_value,skipped_children,0.5344791058823183
BranchAndBound,total_value,skipped_infeasible,0.4647122817177778
BranchAndBound,total_value,skipped_by_bound,0.20914580241794503
BranchAndBound,total_value,improvement_count,0.5616088448676265
BranchAndBound,total_value,sum_improvement_amount,0.45442439545368596
BranchAndBound,total_value,mean_improvement_amount,0.003480191170101259
BranchAndBound,total_value,last_improvement_node,0.166181506093505
BranchAndBound,total_value,pruned_generated_ratio,-0.007861547000663433
BranchAndBound,total_value,avg_branching_factor,0.2616016638251155
BranchAndBound,total_value,capacity_density,-0.06172278398044379
BranchAndBound,total_value,cells_allocated,0.32699920297329016
BranchAndBound,total_value,total_evaluations,0.6666699169846249
BranchAndBound,total_value,include_count,0.49764735766322266
BranchAndBound,total_value,exclude_count,0.7463853634836076
BranchAndBound,total_value,tie_count,0.5240848565774877
BranchAndBound,total_value,include_ratio,-0.30746432985203853
BranchAndBound,total_value,nonzero_value_states,0.33002007785698567
BranchAndBound,total_value,zero_value_states,-0.7463359173764935
BranchAndBound,total_value,fill_rate,0.4146639556820202
BranchAndBound,total_value,mean_cell_value,0.5048488571357803
BranchAndBound,total_value,cell_value_variance,0.4890397892277461
BranchAndBound,total_value,dp_sum_improvement_amount,0.40058744088788917
BranchAndBound,total_value,dp_mean_improvement_amount,-0.16095229593121813
BranchAndBound,total_value,updates_per_cell,0.7024525816432292
BranchAndBound,total_value,selected_count,0.5632713396995621
BranchAndBound,total_value,solution_density,-0.14477827359946555
BranchAndBound,total_value,residual_capacity,-0.19383574688875627
BranchAndBound,total_value,capacity_utilization,0.43199508797769487
BranchAndBound,total_value,last_selected_position,0.6576769027647225
BranchAndBound,total_value,first_skipped_position,0.5612504054083903
BranchAndBound,total_value,solution_gap,0.09189658250440738
BranchAndBound,total_value,log_time_millis,0.6566606404226726
BranchAndBound,total_value,log_nodes_explored,0.6004294307439246
BranchAndBound,total_value,AlmostEqualRatios,-0.0014178877746173772
BranchAndBound,total_value,InverseCorrelated,-0.0017820804381880899
BranchAndBound,total_value,StronglyCorrelated,0.0036210043018137135
BranchAndBound,total_value,WeaklyCorrelated,0.001072982929269945
BranchAndBound,total_value,log_n,0.998454478848765
BranchAndBound,mean_weight,mean_value,0.3831700736526396
BranchAndBound,mean_weight,median_weight,0.8901935185854343
BranchAndBound,mean_weight,median_value,0.3270879100099349
BranchAndBound,mean_weight,std_weight,0.06954076284110287
BranchAndBound,mean_weight,std_value,0.0657359939570525
BranchAndBound,mean_weight,min_weight,0.22329991612355576
BranchAndBound,mean_weight,max_weight,0.25638974562694306
BranchAndBound,mean_weight,min_value,0.11073853202579136
BranchAndBound,mean_weight,max_value,0.1252998285073399
BranchAndBound,mean_weight,weight_cv,-0.7686718884931676
BranchAndBound,mean_weight,value_cv,-0.2581391231176498
BranchAndBound,mean_weight,weight_skewness,-0.8289838859924666
BranchAndBound,mean_weight,value_skewness,-0.2717191465665569
BranchAndBound,mean_weight,weight_kurtosis,-0.04000463496044582
BranchAndBound,mean_weight,value_kurtosis,-0.003135611385576844
BranchAndBound,mean_weight,capacity_ratio,-0.009897907711270143
BranchAndBound,mean_weight,slack,0.047601858250772795
BranchAndBound,mean_weight,average_fillable_items,-0.020686998817163488
BranchAndBound,mean_weight,pearson_corr,-0.011804417771988067
BranchAndBound,mean_weight,spearman_corr,-0.015362465622079388
BranchAndBound,mean_weight,kendall_corr,-0.013881051777852099
BranchAndBound,mean_weight,mean_ratio,-0.09060452622890748
BranchAndBound,mean_weight,median_ratio,-0.4700535631111503
BranchAndBound,mean_weight,std_ratio,-0.05982740058472592
BranchAndBound,mean_weight,ratio_entropy,0.009528314075713284
BranchAndBound,mean_weight,unique_ratio_count,-0.007258113485622605
BranchAndBound,mean_weight,duplicate_ratio_fraction,-0.012288444928820615
BranchAndBound,mean_weight,unique_weights,-0.008744556361008906
BranchAndBound,mean_weight,unique_values,-0.0076255301117210085
BranchAndBound,mean_weight,unique_pairs,-0.00796505056177065
BranchAndBound,mean_weight,duplicate_items,-0.0014844953944221728
BranchAndBound,mean_weight,duplicate_pairs,-0.0014655371120821375
BranchAndBound,mean_weight,time_millis,0.0022887315632081117
BranchAndBound,mean_weight,memory_bytes,-0.00044723309799813945
BranchAndBound,mean_weight,memory_mb,-0.00044723666432050133
BranchAndBound,mean_weight,solution_value,-0.000914026727213037
BranchAndBound,mean_weight,optimal_value,-0.000914026727213037
BranchAndBound,mean_weight,nodes_explored,0.0027485445304934832
BranchAndBound,mean_weight,nodes_pruned,9.250540809018795e-05
BranchAndBound,mean_weight,max_queue_size,-0.0012184581210381963
BranchAndBound,mean_weight,optimal,-0.0009240875943202724
BranchAndBound,mean_weight,nodes_generated,0.002268261777591234
BranchAndBound,mean_weight,internal_nodes,0.005023502845674506
BranchAndBound,mean_weight,max_depth,0.0005977262256595307
BranchAndBound,mean_weight,mean_depth,-0.0011062455573762698
BranchAndBound,mean_weight,median_depth,-0.0014122535576130825
BranchAndBound,mean_weight,mean_queue_size,-0.01830913136950473
BranchAndBound,mean_weight,final_queue_size,0.0012249020396794402
BranchAndBound,mean_weight,mean_bound,-0.0009097284802333337
BranchAndBound,mean_weight,bound_variance,-0.0006616693284083162
BranchAndBound,mean_weight,min_bound,-0.0008691338704556887
BranchAndBound,mean_weight,max_bound,-0.0009284087981588535
BranchAndBound,mean_weight,mean_bound_gap,-0.022856305030309852
BranchAndBound,mean_weight,bound_gap_variance,-0.02043513626298074
BranchAndBound,mean_weight,pruned_by_bound,-0.05905059174167068
BranchAndBound,mean_weight,pruned_by_cap,0.0012690680439920701
BranchAndBound,mean_weight,left_branches,-0.0137862152121795
BranchAndBound,mean_weight,right_branches,0.006076544608789357
BranchAndBound,mean_weight,explored_children,0.002308566919693737
BranchAndBound,mean_weight,skipped_children,0.010037745899975126
BranchAndBound,mean_weight,skipped_infeasible,0.01617436565989448
BranchAndBound,mean_weight,skipped_by_bound,0.002335655060786637
BranchAndBound,mean_weight,improvement_count,-0.0038189109620494154
BranchAndBound,mean_weight,sum_improvement_amount,-0.009696122019119928
BranchAndBound,mean_weight,mean_improvement_amount,0.0334952776814632
BranchAndBound,mean_weight,last_improvement_node,0.004024303147032438
BranchAndBound,mean_weight,pruned_generated_ratio,-0.05240325991706877
BranchAndBound,mean_weight,avg_branching_factor,-0.005818413657936501
BranchAndBound,mean_weight,capacity_density,0.07763896058005129
BranchAndBound,mean_weight,cells_allocated,0.01561372968112208
BranchAndBound,mean_weight,total_evaluations,-0.005186668978619739
BranchAndBound,mean_weight,include_count,-0.007603510681956228
BranchAndBound,mean_weight,exclude_count,-0.0010728544015763913
BranchAndBound,mean_weight,tie_count,-0.06079981327871835
BranchAndBound,mean_weight,include_ratio,-0.02052267567456058
BranchAndBound,mean_weight,nonzero_value_states,0.01389398984317715
BranchAndBound,mean_weight,zero_value_states,0.12843890898898364
BranchAndBound,mean_weight,fill_rate,-0.16295460614454255
BranchAndBound,mean_weight,mean_cell_value,-0.002622242809098423
BranchAndBound,mean_weight,cell_value_variance,0.0006840022469814865
BranchAndBound,mean_weight,dp_sum_improvement_amount,0.0019925771124730094
BranchAndBound,mean_weight,dp_mean_improvement_amount,0.035537355566281424
BranchAndBound,mean_weight,updates_per_cell,-0.03972865313891734
BranchAndBound,mean_weight,selected_count,-0.004416858931217207
BranchAndBound,mean_weight,solution_density,-0.051158314366254544
BranchAndBound,mean_weight,residual_capacity,0.06069639662685728
BranchAndBound,mean_weight,capacity_utilization,-0.07393297745036827
BranchAndBound,mean_weight,last_selected_position,-0.0014094291230110345
BranchAndBound,mean_weight,first_skipped_position,-0.004140458814139403
BranchAndBound,mean_weight,solution_gap,-0.0012710028479678212
BranchAndBound,mean_weight,log_time_millis,-0.0034208558090232143
BranchAndBound,mean_weight,log_nodes_explored,0.000995537444753485
BranchAndBound,mean_weight,AlmostEqualRatios,-0.012843655247160853
BranchAndBound,mean_weight,InverseCorrelated,0.01816046233022384
BranchAndBound,mean_weight,StronglyCorrelated,0.0029476296281427347
BranchAndBound,mean_weight,WeaklyCorrelated,0.020398920620882048
BranchAndBound,mean_weight,log_n,-0.007761736604608579
BranchAndBound,mean_value,median_weight,0.3437864031377868
BranchAndBound,mean_value,median_value,0.8812141837257296
BranchAndBound,mean_value,std_weight,0.014557975119664435
BranchAndBound,mean_value,std_value,0.024436890719434612
BranchAndBound,mean_value,min_weight,0.126060635120515
BranchAndBound,mean_value,max_weight,0.10833603722565864
BranchAndBound,mean_value,min_value,0.27304556829210813
BranchAndBound,mean_value,max_value,0.18382460555338473
BranchAndBound,mean_value,weight_cv,-0.307941158003204
BranchAndBound,mean_value,value_cv,-0.775873999918868
BranchAndBound,mean_value,weight_skewness,-0.30136371582323745
BranchAndBound,mean_value,value_skewness,-0.8027771915144392
BranchAndBound,mean_value,weight_kurtosis,-0.018056005964726035
BranchAndBound,mean_value,value_kurtosis,-0.005855524026537881
BranchAndBound,mean_value,capacity_ratio,-0.005086887022055722
BranchAndBound,mean_value,slack,0.028874939791415175
BranchAndBound,mean_value,average_fillable_items,-0.004514572298231163
BranchAndBound,mean_value,pearson_corr,0.05050737352768894
BranchAndBound,mean_value,spearman_corr,0.04657012529086935
BranchAndBound,mean_value,kendall_corr,0.04785989913869764
BranchAndBound,mean_value,mean_ratio,0.036391321338583235
BranchAndBound,mean_value,median_ratio,0.4610555393532891
BranchAndBound,mean_value,std_ratio,0.012942180107442467
BranchAndBound,mean_value,ratio_entropy,0.0012638913545077947
BranchAndBound,mean_value,unique_ratio_count,0.008682627242356541
BranchAndBound,mean_value,duplicate_ratio_fraction,-0.010811676783343759
BranchAndBound,mean_value,unique_weights,0.007661990280054217
BranchAndBound,mean_value,unique_values,0.008590953188534357
BranchAndBound,mean_value,unique_pairs,0.00819664484488055
BranchAndBound,mean_value,duplicate_items,0.02200071131931136
BranchAndBound,mean_value,duplicate_pairs,0.022015031686232096
BranchAndBound,mean_value,time_millis,0.0032811696983493345
BranchAndBound,mean_value,memory_bytes,-0.005245831510496233
BranchAndBound,mean_value,memory_mb,-0.005245813806881074
BranchAndBound,mean_value,solution_value,0.00496288540785457
BranchAndBound,mean_value,optimal_value,0.00496288540785457
BranchAndBound,mean_value,nodes_explored,0.00468522129272055
BranchAndBound,mean_value,nodes_pruned,-0.0016237686892764708
BranchAndBound,mean_value,max_queue_size,-0.004940939344789036
BranchAndBound,mean_value,optimal,-0.005563659485080985
BranchAndBound,mean_value,nodes_generated,0.027724799017752128
BranchAndBound,mean_value,internal_nodes,0.02947345623629257
BranchAndBound,mean_value,max_depth,0.01121751747517301
BranchAndBound,mean_value,mean_depth,0.014695009304014987
BranchAndBound,mean_value,median_depth,0.014342523302406181
BranchAndBound,mean_value,mean_queue_size,0.006825169055278144
BranchAndBound,mean_value,final_queue_size,0.005272130853687972
BranchAndBound,mean_value,mean_bound,0.004983880396564347
BranchAndBound,mean_value,bound_variance,-0.03775637163741435
BranchAndBound,mean_value,min_bound,0.005157928699201756
BranchAndBound,mean_value,max_bound,0.004976685503205667
BranchAndBound,mean_value,mean_bound_gap,-0.01228336237988865
BranchAndBound,mean_value,bound_gap_variance,-0.004766630633182618
BranchAndBound,mean_value,pruned_by_bound,-0.04865595227726373
BranchAndBound,mean_value,pruned_by_cap,0.005599848773004865
BranchAndBound,mean_value,left_branches,0.013054212688809382
BranchAndBound,mean_value,right_branches,0.03007271480527965
BranchAndBound,mean_value,explored_children,0.027683854052948136
BranchAndBound,mean_value,skipped_children,0.031892550493883204
BranchAndBound,mean_value,skipped_infeasible,0.021943683569706506
BranchAndBound,mean_value,skipped_by_bound,0.023831746024898265
BranchAndBound,mean_value,improvement_count,0.005326818440153067
BranchAndBound,mean_value,sum_improvement_amount,0.01313403854970306
BranchAndBound,mean_value,mean_improvement_amount,0.038300832679501316
BranchAndBound,mean_value,last_improvement_node,0.01776488450095116
BranchAndBound,mean_value,pruned_generated_ratio,-0.04171589530981499
BranchAndBound,mean_value,avg_branching_factor,0.009798129012141537
BranchAndBound,mean_value,capacity_density,0.028716583198653476
BranchAndBound,mean_value,cells_allocated,0.009532806950785592
BranchAndBound,mean_value,total_evaluations,0.0052317747333266405
BranchAndBound,mean_value,include_count,0.0036978579564081156
BranchAndBound,mean_value,exclude_count,0.005881025401157598
BranchAndBound,mean_value,tie_count,0.01972482264824151
BranchAndBound,mean_value,include_ratio,-0.005551129373604681
BranchAndBound,mean_value,nonzero_value_states,0.008536146363653652
BranchAndBound,mean_value,zero_value_states,0.05424228400845436
BranchAndBound,mean_value,fill_rate,-0.09360438724991797
BranchAndBound,mean_value,mean_cell_value,0.0014775945834707878
BranchAndBound,mean_value,cell_value_variance,0.0023723141669403855
BranchAndBound,mean_value,dp_sum_improvement_amount,0.008958620411663164
BranchAndBound,mean_value,dp_mean_improvement_amount,0.023193297725148772
BranchAndBound,mean_value,updates_per_cell,-0.004773429280620447
BranchAndBound,mean_value,selected_count,0.002831621002029596
BranchAndBound,mean_value,solution_density,-0.01165757041778055
BranchAndBound,mean_value,residual_capacity,0.002084620598249684
BranchAndBound,mean_value,capacity_utilization,-0.015042725249472715
BranchAndBound,mean_value,last_selected_position,0.0023124415983789264
BranchAndBound,mean_value,first_skipped_position,0.0029938051795487274
BranchAndBound,mean_value,solution_gap,0.002682337310928164
BranchAndBound,mean_value,log_time_millis,0.019958594410934213
BranchAndBound,mean_value,log_nodes_explored,0.027792391327392828
BranchAndBound,mean_value,AlmostEqualRatios,-0.024821912754576996
BranchAndBound,mean_value,InverseCorrelated,-0.03237055826832946
BranchAndBound,mean_value,StronglyCorrelated,0.06524177714677938
BranchAndBound,mean_value,WeaklyCorrelated,0.019999286057598705
BranchAndBound,mean_value,log_n,0.007685524219987563
BranchAndBound,median_weight,median_value,0.36511780859328896
BranchAndBound,median_weight,std_weight,0.050402082413756204
BranchAndBound,median_weight,std_value,0.03789456835212213
BranchAndBound,median_weight,min_weight,0.14972817493502208
BranchAndBound,median_weight,max_weight,0.15136320012414564
BranchAndBound,median_weight,min_value,0.07764187633296202
BranchAndBound,median_weight,max_value,0.07020240605694533
BranchAndBound,median_weight,weight_cv,-0.6993452558461447
BranchAndBound,median_weight,value_cv,-0.2488938126985912
BranchAndBound,median_weight,weight_skewness,-0.9013487169874798
BranchAndBound,median_weight,value_skewness,-0.3183038166976763
BranchAndBound,median_weight,weight_kurtosis,-0.034746261093049215
BranchAndBound,median_weight,value_kurtosis,0.004541351350447845
BranchAndBound,median_weight,capacity_ratio,-0.008389600008935455
BranchAndBound,median_weight,slack,0.04465312609647353
BranchAndBound,median_weight,average_fillable_items,-0.017602278091959123
BranchAndBound,median_weight,pearson_corr,-0.012208906792693703
BranchAndBound,median_weight,spearman_corr,-0.01572931934704855
BranchAndBound,median_weight,kendall_corr,-0.013259365359934558
BranchAndBound,median_weight,mean_ratio,-0.06954293351332609
BranchAndBound,median_weight,median_ratio,-0.4931629375969705
BranchAndBound,median_weight,std_ratio,-0.050326467455415046
BranchAndBound,median_weight,ratio_entropy,0.0008957030793249361
BranchAndBound,median_weight,unique_ratio_count,-0.0040427092044586065
BranchAndBound,median_weight,duplicate_ratio_fraction,-0.009018148790862367
BranchAndBound,median_weight,unique_weights,-0.005882441790512731
BranchAndBound,median_weight,unique_values,-0.005022453244682412
BranchAndBound,median_weight,unique_pairs,-0.004622600850322182
BranchAndBound,median_weight,duplicate_items,0.0016677495194652673
BranchAndBound,median_weight,duplicate_pairs,0.0016868879651680822
BranchAndBound,median_weight,time_millis,0.004654770273314275
BranchAndBound,median_weight,memory_bytes,0.0016487053059636412
BranchAndBound,median_weight,memory_mb,0.0016487056931789867
BranchAndBound,median_weight,solution_value,0.0021250882888453606
BranchAndBound,median_weight,optimal_value,0.0021250882888453606
BranchAndBound,median_weight,nodes_explored,0.005071253439768497
BranchAndBound,median_weight,nodes_pruned,-3.74110522808321e-07
BranchAndBound,median_weight,max_queue_size,0.00035385325104577174
BranchAndBound,median_weight,optimal,-0.0033440817323781517
BranchAndBound,median_weight,nodes_generated,0.0024261006659331828
BranchAndBound,median_weight,internal_nodes,0.004382787038148771
BranchAndBound,median_weight,max_depth,0.004581978257310202
BranchAndBound,median_weight,mean_depth,0.002339770409345773
BranchAndBound,median_weight,median_depth,0.0021403116519919294
BranchAndBound,median_weight,mean_queue_size,-0.011827413741893939
BranchAndBound,median_weight,final_queue_size,0.0035968004870734413
BranchAndBound,median_weight,mean_bound,0.0021257574452674005
BranchAndBound,median_weight,bound_variance,0.0031834470092332364
BranchAndBound,median_weight,min_bound,0.0021401808128473066
BranchAndBound,median_weight,max_bound,0.0021106075518592072
BranchAndBound,median_weight,mean_bound_gap,-0.01604262156630645
BranchAndBound,median_weight,bound_gap_variance,-0.013098933480203516
BranchAndBound,median_weight,pruned_by_bound,-0.040760828783375336
BranchAndBound,median_weight,pruned_by_cap,0.003612972768132983
BranchAndBound,median_weight,left_branches,-0.008786134614937264
BranchAndBound,median_weight,right_branches,0.005797948153330764
BranchAndBound,median_weight,explored_children,0.003088306020334924
BranchAndBound,median_weight,skipped_children,0.007746039158775295
BranchAndBound,median_weight,skipped_infeasible,0.013032134459163156
BranchAndBound,median_weight,skipped_by_bound,-0.001110161316358977
BranchAndBound,median_weight,improvement_count,-4.3927883407163605e-05
BranchAndBound,median_weight,sum_improvement_amount,-0.005827231608940344
BranchAndBound,median_weight,mean_improvement_amount,0.024671956093430227
BranchAndBound,median_weight,last_improvement_node,0.003926864338719173
BranchAndBound,median_weight,pruned_generated_ratio,-0.037533578847692504
BranchAndBound,median_weight,avg_branching_factor,-0.00020218665058096706
BranchAndBound,median_weight,capacity_density,0.06945086647199526
BranchAndBound,median_weight,cells_allocated,0.014704414456329884
BranchAndBound,median_weight,total_evaluations,-0.003006353804651613
BranchAndBound,median_weight,include_count,-0.004274981319906841
BranchAndBound,median_weight,exclude_count,-0.00041276974490849264
BranchAndBound,median_weight,tie_count,-0.0576002729701164
BranchAndBound,median_weight,include_ratio,-0.010628524046016443
BranchAndBound,median_weight,nonzero_value_states,0.013551338810688306
BranchAndBound,median_weight,zero_value_states,0.08460113026623094
BranchAndBound,median_weight,fill_rate,-0.10782333393795217
BranchAndBound,median_weight,mean_cell_value,0.0002983351270840156
BranchAndBound,median_weight,cell_value_variance,0.002738935694348244
BranchAndBound,median_weight,dp_sum_improvement_amount,0.0042169294811294855
BranchAndBound,median_weight,dp_mean_improvement_amount,0.03260577456919641
BranchAndBound,median_weight,updates_per_cell,-0.03067389288984963
BranchAndBound,median_weight,selected_count,-0.0004805288421732741
BranchAndBound,median_weight,solution_density,-0.03918666683270324
BranchAndBound,median_weight,residual_capacity,0.048198650174726465
BranchAndBound,median_weight,capacity_utilization,-0.06211133105512292
BranchAndBound,median_weight,last_selected_position,0.004487336757411751
BranchAndBound,median_weight,first_skipped_position,-0.000389483062497998
BranchAndBound,median_weight,solution_gap,0.00010991200393190665
BranchAndBound,median_weight,log_time_millis,-0.0005690388643853755
BranchAndBound,median_weight,log_nodes_explored,0.0019545296736841154
BranchAndBound,median_weight,AlmostEqualRatios,-0.015628135624704526
BranchAndBound,median_weight,InverseCorrelated,0.014982879327886665
BranchAndBound,median_weight,StronglyCorrelated,0.0021621006198428642
BranchAndBound,median_weight,WeaklyCorrelated,0.015474904826549655
BranchAndBound,median_weight,log_n,-0.004431881016100886
BranchAndBound,median_value,std_weight,0.00451704382830996
BranchAndBound,median_value,std_value,0.0012665572087043528
BranchAndBound,median_value,min_weight,0.06553913305524942
BranchAndBound,median_value,max_weight,0.07474421580555386
BranchAndBound,median_value,min_value,0.17011200917367017
BranchAndBound,median_value,max_value,0.10744882317103635
BranchAndBound,median_value,weight_cv,-0.27439631180541574
BranchAndBound,median_value,value_cv,-0.7050936616991001
BranchAndBound,median_value,weight_skewness,-0.32229588844268775
BranchAndBound,median_value,value_skewness,-0.8845379166560118
BranchAndBound,median_value,weight_kurtosis,0.0022067777645178367
BranchAndBound,median_value,value_kurtosis,0.004492530459371623
BranchAndBound,median_value,capacity_ratio,-0.0062282948548220566
BranchAndBound,median_value,slack,0.04400123900478854
BranchAndBound,median_value,average_fillable_items,0.002601572172704638
BranchAndBound,median_value,pearson_corr,0.02050488227763328
BranchAndBound,median_value,spearman_corr,0.01722169465902465
BranchAndBound,median_value,kendall_corr,0.019458807292714306
BranchAndBound,median_value,mean_ratio,0.03946860087392036
BranchAndBound,median_value,median_ratio,0.49697418340461597
BranchAndBound,median_value,std_ratio,0.025393591249850644
BranchAndBound,median_value,ratio_entropy,-0.01757627664700964
BranchAndBound,median_value,unique_ratio_count,0.027157996430530695
BranchAndBound,median_value,duplicate_ratio_fraction,0.0011453469786162351
BranchAndBound,median_value,unique_weights,0.027144277195517177
BranchAndBound,median_value,unique_values,0.0279456068248709
BranchAndBound,median_value,unique_pairs,0.026498126950704134
BranchAndBound,median_value,duplicate_items,0.0408171905983398
BranchAndBound,median_value,duplicate_pairs,0.04083060079824691
BranchAndBound,median_value,time_millis,0.002668582398947876
BranchAndBound,median_value,memory_bytes,-0.0036908135147004544
BranchAndBound,median_value,memory_mb,-0.003690796475310749
BranchAndBound,median_value,solution_value,0.014140898905433581
BranchAndBound,median_value,optimal_value,0.014140898905433581
BranchAndBound,median_value,nodes_explored,0.004104484393167648
BranchAndBound,median_value,nodes_pruned,-0.0025999232099942742
BranchAndBound,median_value,max_queue_size,-0.003804560922729376
BranchAndBound,median_value,optimal,-0.004393959986368013
BranchAndBound,median_value,nodes_generated,0.035705426527055224
BranchAndBound,median_value,internal_nodes,0.03695875663952545
BranchAndBound,median_value,max_depth,0.02063360727534656
BranchAndBound,median_value,mean_depth,0.02118556015768492
BranchAndBound,median_value,median_depth,0.020573145119018567
BranchAndBound,median_value,mean_queue_size,0.018966016221902384
BranchAndBound,median_value,final_queue_size,0.004270250043565741
BranchAndBound,median_value,mean_bound,0.0141612148829638
BranchAndBound,median_value,bound_variance,-0.019305605792606068
BranchAndBound,median_value,min_bound,0.014242113509063827
BranchAndBound,median_value,max_bound,0.014183360572651271
BranchAndBound,median_value,mean_bound_gap,-0.00154476588574433
BranchAndBound,median_value,bound_gap_variance,0.009001922217162114
BranchAndBound,median_value,pruned_by_bound,-0.026251258653569406
BranchAndBound,median_value,pruned_by_cap,0.004482462670384603
BranchAndBound,median_value,left_branches,0.023254261161532022
BranchAndBound,median_value,right_branches,0.03810627113522371
BranchAndBound,median_value,explored_children,0.03613285012085294
BranchAndBound,median_value,skipped_children,0.03802075598837288
BranchAndBound,median_value,skipped_infeasible,0.027269169767228194
BranchAndBound,median_value,skipped_by_bound,0.03139008426745201
BranchAndBound,median_value,improvement_count,0.012204530758807454
BranchAndBound,median_value,sum_improvement_amount,0.028967354926230707
BranchAndBound,median_value,mean_improvement_amount,0.04782367511775233
BranchAndBound,median_value,last_improvement_node,0.013893877064005649
BranchAndBound,median_value,pruned_generated_ratio,-0.03518620838912321
BranchAndBound,median_value,avg_branching_factor,0.0190659030989925
BranchAndBound,median_value,capacity_density,0.022619389945890935
BranchAndBound,median_value,cells_allocated,0.014629535718652874
BranchAndBound,median_value,total_evaluations,0.01776788500053566
BranchAndBound,median_value,include_count,0.014557107221890648
BranchAndBound,median_value,exclude_count,0.019189204797074658
BranchAndBound,median_value,tie_count,0.020040117348708454
BranchAndBound,median_value,include_ratio,-0.005204500872912031
BranchAndBound,median_value,nonzero_value_states,0.014088957630345036
BranchAndBound,median_value,zero_value_states,0.01590609018222527
BranchAndBound,median_value,fill_rate,-0.047723633352353974
BranchAndBound,median_value,mean_cell_value,0.011703415653499735
BranchAndBound,median_value,cell_value_variance,0.008392161584111798
BranchAndBound,median_value,dp_sum_improvement_amount,0.02067198259549353
BranchAndBound,median_value,dp_mean_improvement_amount,0.03179864072900172
BranchAndBound,median_value,updates_per_cell,0.013423250833897418
BranchAndBound,median_value,selected_count,0.010563229488475103
BranchAndBound,median_value,solution_density,-0.006927291341045989
BranchAndBound,median_value,residual_capacity,0.011456384920895065
BranchAndBound,median_value,capacity_utilization,-0.005223298651654207
BranchAndBound,median_value,last_selected_position,0.010885014153184535
BranchAndBound,median_value,first_skipped_position,0.010647394675466264
BranchAndBound,median_value,solution_gap,0.0027374913280385276
BranchAndBound,median_value,log_time_millis,0.027415776559525665
BranchAndBound,median_value,log_nodes_explored,0.035963816218123765
BranchAndBound,median_value,AlmostEqualRatios,-0.032326830870380255
BranchAndBound,median_value,InverseCorrelated,-0.008979675241772045
BranchAndBound,median_value,StronglyCorrelated,0.047480902964440796
BranchAndBound,median_value,WeaklyCorrelated,0.006056060046776798
BranchAndBound,median_value,log_n,0.02638287775601278
BranchAndBound,std_weight,std_value,0.7850457435267225
BranchAndBound,std_weight,min_weight,-0.40112383312056343
BranchAndBound,std_weight,max_weight,0.4026629045146238
BranchAndBound,std_weight,min_value,-0.3117933109019523
BranchAndBound,std_weight,max_value,0.2626950155011413
BranchAndBound,std_weight,weight_cv,0.5620722946077629
BranchAndBound,std_weight,value_cv,0.46299679835426605
BranchAndBound,std_weight,weight_skewness,-0.06103806268382995
BranchAndBound,std_weight,value_skewness,0.007589059378830667
BranchAndBound,std_weight,weight_kurtosis,-0.6706136472189492
BranchAndBound,std_weight,value_kurtosis,-0.5232802198620586
BranchAndBound,std_weight,capacity_ratio,-0.014501711788620471
BranchAndBound,std_weight,slack,0.168933672362971
BranchAndBound,std_weight,average_fillable_items,0.0534212573457368
BranchAndBound,std_weight,pearson_corr,-0.015313131908127784
BranchAndBound,std_weight,spearman_corr,-0.012804668404713344
BranchAndBound,std_weight,kendall_corr,-0.024363664855342172
BranchAndBound,std_weight,mean_ratio,0.127601321997867
BranchAndBound,std_weight,median_ratio,-0.05900001750519722
BranchAndBound,std_weight,std_ratio,0.11026973114018404
BranchAndBound,std_weight,ratio_entropy,-0.10594611422060948
BranchAndBound,std_weight,unique_ratio_count,0.1689970850945393
BranchAndBound,std_weight,duplicate_ratio_fraction,0.07729076546513175
BranchAndBound,std_weight,unique_weights,0.1724473598797129
BranchAndBound,std_weight,unique_values,0.1726562081567604
BranchAndBound,std_weight,unique_pairs,0.16952658204900173
BranchAndBound,std_weight,duplicate_items,0.09792396946526565
BranchAndBound,std_weight,duplicate_pairs,0.09783908911937923
BranchAndBound,std_weight,time_millis,0.02947937085457117
BranchAndBound,std_weight,memory_bytes,0.018035743546774976
BranchAndBound,std_weight,memory_mb,0.018035753239403655
BranchAndBound,std_weight,solution_value,0.0760526007688755
BranchAndBound,std_weight,optimal_value,0.0760526007688755
BranchAndBound,std_weight,nodes_explored,0.03068911496653883
BranchAndBound,std_weight,nodes_pruned,0.008071248604814353
BranchAndBound,std_weight,max_queue_size,0.018355497770189164
BranchAndBound,std_weight,optimal,-0.026351307750285276
BranchAndBound,std_weight,nodes_generated,0.07933562130437645
BranchAndBound,std_weight,internal_nodes,0.07473855874932003
BranchAndBound,std_weight,max_depth,0.10865203981090017
BranchAndBound,std_weight,mean_depth,0.09830244936617621
BranchAndBound,std_weight,median_depth,0.09693352007551893
BranchAndBound,std_weight,mean_queue_size,0.07933665758097104
BranchAndBound,std_weight,final_queue_size,0.026743265987456955
BranchAndBound,std_weight,mean_bound,0.07601473166970096
BranchAndBound,std_weight,bound_variance,-0.016446679930584435
BranchAndBound,std_weight,min_bound,0.07592740564225088
BranchAndBound,std_weight,max_bound,0.07603145219078214
BranchAndBound,std_weight,mean_bound_gap,0.03977566614313173
BranchAndBound,std_weight,bound_gap_variance,0.0607992532506467
BranchAndBound,std_weight,pruned_by_bound,0.06926467465336682
BranchAndBound,std_weight,pruned_by_cap,0.026779445712415736
BranchAndBound,std_weight,left_branches,0.07437127209908116
BranchAndBound,std_weight,right_branches,0.07534931738291417
BranchAndBound,std_weight,explored_children,0.07710152873115135
BranchAndBound,std_weight,skipped_children,0.061794746151655824
BranchAndBound,std_weight,skipped_infeasible,0.05450413002939992
BranchAndBound,std_weight,skipped_by_bound,0.01282229977580273
BranchAndBound,std_weight,improvement_count,0.07935714398271167
BranchAndBound,std_weight,sum_improvement_amount,0.08965563586100146
BranchAndBound,std_weight,mean_improvement_amount,0.010282438596820822
BranchAndBound,std_weight,last_improvement_node,0.018808494362538026
BranchAndBound,std_weight,pruned_generated_ratio,0.05413086412696905
BranchAndBound,std_weight,avg_branching_factor,0.03313907000044195
BranchAndBound,std_weight,capacity_density,-0.0076302029450738065
BranchAndBound,std_weight,cells_allocated,0.05679090587856588
BranchAndBound,std_weight,total_evaluations,0.11328393583666921
BranchAndBound,std_weight,include_count,0.09564243933896441
BranchAndBound,std_weight,exclude_count,0.11685237551172967
BranchAndBound,std_weight,tie_count,0.08996368025418178
BranchAndBound,std_weight,include_ratio,0.007902805773221786
BranchAndBound,std_weight,nonzero_value_states,0.05977729155777919
BranchAndBound,std_weight,zero_value_states,-0.2933603528477053
BranchAndBound,std_weight,fill_rate,0.31076389460226483
BranchAndBound,std_weight,mean_cell_value,0.07254807822259578
BranchAndBound,std_weight,cell_value_variance,0.05958534744213242
BranchAndBound,std_weight,dp_sum_improvement_amount,0.07804275272330256
BranchAndBound,std_weight,dp_mean_improvement_amount,-0.026635273304827945
BranchAndBound,std_weight,updates_per_cell,0.1435222450343025
BranchAndBound,std_weight,selected_count,0.08022703832034271
BranchAndBound,std_weight,solution_density,0.010743655211947591
BranchAndBound,std_weight,residual_capacity,-0.04218611086560645
BranchAndBound,std_weight,capacity_utilization,0.09733748573190498
BranchAndBound,std_weight,last_selected_position,0.09347732130238225
BranchAndBound,std_weight,first_skipped_position,0.07926453253498597
BranchAndBound,std_weight,solution_gap,0.010570785891560923
BranchAndBound,std_weight,log_time_millis,0.09232632918987646
BranchAndBound,std_weight,log_nodes_explored,0.08142186637833156
BranchAndBound,std_weight,AlmostEqualRatios,0.015480255183331158
BranchAndBound,std_weight,InverseCorrelated,0.020041051410703968
BranchAndBound,std_weight,StronglyCorrelated,-0.019197726131576772
BranchAndBound,std_weight,WeaklyCorrelated,-0.009110280910671646
BranchAndBound,std_weight,log_n,0.16873618974647825
BranchAndBound,std_value,min_weight,-0.31828873856968554
BranchAndBound,std_value,max_weight,0.348605177826248
BranchAndBound,std_value,min_value,-0.3806243634875398
BranchAndBound,std_value,max_value,0.37027465124462106
BranchAndBound,std_value,weight_cv,0.43038123958296287
BranchAndBound,std_value,value_cv,0.5884882328876082
BranchAndBound,std_value,weight_skewness,-0.042564774202208
BranchAndBound,std_value,value_skewness,0.02121546140024853
BranchAndBound,std_value,weight_kurtosis,-0.5320873489074289
BranchAndBound,std_value,value_kurtosis,-0.6211572597470085
BranchAndBound,std_value,capacity_ratio,-0.013805231647822054
BranchAndBound,std_value,slack,0.15880022517246803
BranchAndBound,std_value,average_fillable_items,0.050299027798608516
BranchAndBound,std_value,pearson_corr,0.0154703604027693
BranchAndBound,std_value,spearman_corr,0.019014956253072642
BranchAndBound,std_value,kendall_corr,0.007244360955776524
BranchAndBound,std_value,mean_ratio,0.06003939333530046
BranchAndBound,std_value,median_ratio,-0.05900025893579351
BranchAndBound,std_value,std_ratio,0.047726567414574185
BranchAndBound,std_value,ratio_entropy,-0.04225273955694401
BranchAndBound,std_value,unique_ratio_count,0.16063945189093284
BranchAndBound,std_value,duplicate_ratio_fraction,0.048937271440478304
BranchAndBound,std_value,unique_weights,0.16273696919315392
BranchAndBound,std_value,unique_values,0.16251662274367076
BranchAndBound,std_value,unique_pairs,0.16120914265308026
BranchAndBound,std_value,duplicate_items,0.07750336431246678
BranchAndBound,std_value,duplicate_pairs,0.07745417305538126
BranchAndBound,std_value,time_millis,0.014662886082809903
BranchAndBound,std_value,memory_bytes,0.010416751994904652
BranchAndBound,std_value,memory_mb,0.010416818078926474
BranchAndBound,std_value,solution_value,0.06199244105480893
BranchAndBound,std_value,optimal_value,0.06199244105480893
BranchAndBound,std_value,nodes_explored,0.01486077821489017
BranchAndBound,std_value,nodes_pruned,0.007140548386027065
BranchAndBound,std_value,max_queue_size,0.01181840863506177
BranchAndBound,std_value,optimal,-0.012308591036349369
BranchAndBound,std_value,nodes_generated,0.050886986971678705
BranchAndBound,std_value,internal_nodes,0.047388034401778474
BranchAndBound,std_value,max_depth,0.0947122110983685
BranchAndBound,std_value,mean_depth,0.0824397812163573
BranchAndBound,std_value,median_depth,0.08159394913477015
BranchAndBound,std_value,mean_queue_size,0.04611740239127478
BranchAndBound,std_value,final_queue_size,0.012865569800846173
BranchAndBound,std_value,mean_bound,0.06196118224814725
BranchAndBound,std_value,bound_variance,-0.02252492819259606
BranchAndBound,std_value,min_bound,0.062031562459770914
BranchAndBound,std_value,max_bound,0.061930280209088535
BranchAndBound,std_value,mean_bound_gap,0.038331531978541306
BranchAndBound,std_value,bound_gap_variance,0.052390186621441494
BranchAndBound,std_value,pruned_by_bound,0.06025866993042059
BranchAndBound,std_value,pruned_by_cap,0.012859811851698412
BranchAndBound,std_value,left_branches,0.04230775618175621
BranchAndBound,std_value,right_branches,0.04800800001474875
BranchAndBound,std_value,explored_children,0.048620859058092714
BranchAndBound,std_value,skipped_children,0.03681380155464275
BranchAndBound,std_value,skipped_infeasible,0.037067768575089546
BranchAndBound,std_value,skipped_by_bound,-0.012358392636424935
BranchAndBound,std_value,improvement_count,0.0646548432849261
BranchAndBound,std_value,sum_improvement_amount,0.06631127090084123
BranchAndBound,std_value,mean_improvement_amount,0.0048143535932020625
BranchAndBound,std_value,last_improvement_node,0.009493344877153377
BranchAndBound,std_value,pruned_generated_ratio,0.04397395081962729
BranchAndBound,std_value,avg_branching_factor,0.023251192030564832
BranchAndBound,std_value,capacity_density,-0.00746300153811163
BranchAndBound,std_value,cells_allocated,0.0533738006190692
BranchAndBound,std_value,total_evaluations,0.10652120868519117
BranchAndBound,std_value,include_count,0.0838844613201312
BranchAndBound,std_value,exclude_count,0.11626662304556472
BranchAndBound,std_value,tie_count,0.1056059339851634
BranchAndBound,std_value,include_ratio,-0.028013532305547335
BranchAndBound,std_value,nonzero_value_states,0.05571450318491143
BranchAndBound,std_value,zero_value_states,-0.23688661475262762
BranchAndBound,std_value,fill_rate,0.24671635135070988
BranchAndBound,std_value,mean_cell_value,0.05418321309525738
BranchAndBound,std_value,cell_value_variance,0.051260688451926474
BranchAndBound,std_value,dp_sum_improvement_amount,0.06182734066285284
BranchAndBound,std_value,dp_mean_improvement_amount,-0.05035578815409889
BranchAndBound,std_value,updates_per_cell,0.12086308315185804
BranchAndBound,std_value,selected_count,0.0663741521124114
BranchAndBound,std_value,solution_density,-0.02099960442802876
BranchAndBound,std_value,residual_capacity,-0.08128014705530848
BranchAndBound,std_value,capacity_utilization,0.1304377519952742
BranchAndBound,std_value,last_selected_position,0.10823479020994342
BranchAndBound,std_value,first_skipped_position,0.06478896344262389
BranchAndBound,std_value,solution_gap,0.0077974735310614215
BranchAndBound,std_value,log_time_millis,0.0631509488563462
BranchAndBound,std_value,log_nodes_explored,0.05295965185662289
BranchAndBound,std_value,AlmostEqualRatios,0.036880455330616624
BranchAndBound,std_value,InverseCorrelated,-0.019333285479104123
BranchAndBound,std_value,StronglyCorrelated,-0.05762006382240388
BranchAndBound,std_value,WeaklyCorrelated,0.0745587043496988
BranchAndBound,std_value,log_n,0.15872484452421046
BranchAndBound,min_weight,max_weight,-0.3555897611608753
BranchAndBound,min_weight,min_value,0.72384834790995
BranchAndBound,min_weight,max_value,-0.32715796771954136
BranchAndBound,min_weight,weight_cv,-0.38781127263103987
BranchAndBound,min_weight,value_cv,-0.25623794975808867
BranchAndBound,min_weight,weight_skewness,-0.014617641109503868
BranchAndBound,min_weight,value_skewness,-0.005261971450391847
BranchAndBound,min_weight,weight_kurtosis,0.1505165802021929
BranchAndBound,min_weight,value_kurtosis,0.13006400189340217
BranchAndBound,min_weight,capacity_ratio,0.04151524256558554
BranchAndBound,min_weight,slack,-0.5149771038844223
BranchAndBound,min_weight,average_fillable_items,-0.18038634973171497
BranchAndBound,min_weight,pearson_corr,0.03568565376273502
BranchAndBound,min_weight,spearman_corr,0.01834594603585312
BranchAndBound,min_weight,kendall_corr,0.05144296003020308
BranchAndBound,min_weight,mean_ratio,-0.15481008416624845
BranchAndBound,min_weight,median_ratio,-0.03285379394784323
BranchAndBound,min_weight,std_ratio,-0.19598578313274898
BranchAndBound,min_weight,ratio_entropy,0.3300362384552705
BranchAndBound,min_weight,unique_ratio_count,-0.543517771072554
BranchAndBound,min_weight,duplicate_ratio_fraction,-0.22906348269706747
BranchAndBound,min_weight,unique_weights,-0.5550582284248876
BranchAndBound,min_weight,unique_values,-0.5541132783121595
BranchAndBound,min_weight,unique_pairs,-0.5431463669626311
BranchAndBound,min_weight,duplicate_items,-0.33177208692324545
BranchAndBound,min_weight,duplicate_pairs,-0.3317227181822624
BranchAndBound,min_weight,time_millis,-0.09896490981021425
BranchAndBound,min_weight,memory_bytes,-0.06207159136156917
BranchAndBound,min_weight,memory_mb,-0.062071618065309773
BranchAndBound,min_weight,solution_value,-0.23069334527474594
BranchAndBound,min_weight,optimal_value,-0.23069334527474594
BranchAndBound,min_weight,nodes_explored,-0.10238358143581347
BranchAndBound,min_weight,nodes_pruned,-0.022991932090040766
BranchAndBound,min_weight,max_queue_size,-0.058787577170937404
BranchAndBound,min_weight,optimal,0.09053225499967284
BranchAndBound,min_weight,nodes_generated,-0.3012452575657355
BranchAndBound,min_weight,internal_nodes,-0.29388857808092833
BranchAndBound,min_weight,max_depth,-0.34968734667549195
BranchAndBound,min_weight,mean_depth,-0.3126325702814939
BranchAndBound,min_weight,median_depth,-0.30607983402466205
BranchAndBound,min_weight,mean_queue_size,-0.29729837341226917
BranchAndBound,min_weight,final_queue_size,-0.08981588702747294
BranchAndBound,min_weight,mean_bound,-0.23067536449641624
BranchAndBound,min_weight,bound_variance,0.09239984734356832
BranchAndBound,min_weight,min_bound,-0.23054057517031679
BranchAndBound,min_weight,max_bound,-0.23071682849369263
BranchAndBound,min_weight,mean_bound_gap,-0.056311623811537266
BranchAndBound,min_weight,bound_gap_variance,-0.1297022652232932
BranchAndBound,min_weight,pruned_by_bound,-0.14657445016846907
BranchAndBound,min_weight,pruned_by_cap,-0.0898350994123401
BranchAndBound,min_weight,left_branches,-0.26483101869338815
BranchAndBound,min_weight,right_branches,-0.30004125696696443
BranchAndBound,min_weight,explored_children,-0.2999798948193426
BranchAndBound,min_weight,skipped_children,-0.26625357610977374
BranchAndBound,min_weight,skipped_infeasible,-0.23298352113747073
BranchAndBound,min_weight,skipped_by_bound,-0.11748951358608453
BranchAndBound,min_weight,improvement_count,-0.24147020313246564
BranchAndBound,min_weight,sum_improvement_amount,-0.2589116939866144
BranchAndBound,min_weight,mean_improvement_amount,0.0039121369038883375
BranchAndBound,min_weight,last_improvement_node,-0.059993369635676676
BranchAndBound,min_weight,pruned_generated_ratio,-0.0263127557777773
BranchAndBound,min_weight,avg_branching_factor,-0.15673780735822096
BranchAndBound,min_weight,capacity_density,0.06050725139973591
BranchAndBound,min_weight,cells_allocated,-0.17331056959030738
BranchAndBound,min_weight,total_evaluations,-0.3625680266367539
BranchAndBound,min_weight,include_count,-0.27894997393483245
BranchAndBound,min_weight,exclude_count,-0.4020136389532264
BranchAndBound,min_weight,tie_count,-0.30852469348145933
BranchAndBound,min_weight,include_ratio,0.14332797629674823
BranchAndBound,min_weight,nonzero_value_states,-0.18058272943535558
BranchAndBound,min_weight,zero_value_states,0.7614920269036304
BranchAndBound,min_weight,fill_rate,-0.7730093709184325
BranchAndBound,min_weight,mean_cell_value,-0.2169714639208141
BranchAndBound,min_weight,cell_value_variance,-0.1843621730503154
BranchAndBound,min_weight,dp_sum_improvement_amount,-0.2253395140549604
BranchAndBound,min_weight,dp_mean_improvement_amount,0.0869774276130149
BranchAndBound,min_weight,updates_per_cell,-0.4077984028896836
BranchAndBound,min_weight,selected_count,-0.24186548006218767
BranchAndBound,min_weight,solution_density,0.04870538758639093
BranchAndBound,min_weight,residual_capacity,0.10141418334746859
BranchAndBound,min_weight,capacity_utilization,-0.26008327428778577
BranchAndBound,min_weight,last_selected_position,-0.28325212025036683
BranchAndBound,min_weight,first_skipped_position,-0.24028377580193955
BranchAndBound,min_weight,solution_gap,-0.032752059566453294
BranchAndBound,min_weight,log_time_millis,-0.3251870608564851
BranchAndBound,min_weight,log_nodes_explored,-0.3059560402680381
BranchAndBound,min_weight,AlmostEqualRatios,0.014381839040841594
BranchAndBound,min_weight,InverseCorrelated,-0.037725324712048744
BranchAndBound,min_weight,StronglyCorrelated,0.009341321944142503
BranchAndBound,min_weight,WeaklyCorrelated,0.014643684084826076
BranchAndBound,min_weight,log_n,-0.5415104457508017
BranchAndBound,max_weight,min_value,-0.43272570461008114
BranchAndBound,max_weight,max_value,0.5511362929055936
BranchAndBound,max_weight,weight_cv,0.012084087107668433
BranchAndBound,max_weight,value_cv,0.09193657402645743
BranchAndBound,max_weight,weight_skewness,-0.035098456545650726
BranchAndBound,max_weight,value_skewness,0.017074035380455606
BranchAndBound,max_weight,weight_kurtosis,-0.15287152267601906
BranchAndBound,max_weight,value_kurtosis,-0.13535849461066424
BranchAndBound,max_weight,capacity_ratio,-0.04854468781772443
BranchAndBound,max_weight,slack,0.5416774282933571
BranchAndBound,max_weight,average_fillable_items,0.17142328558715791
BranchAndBound,max_weight,pearson_corr,-0.029541839847056134
BranchAndBound,max_weight,spearman_corr,-0.011856852795681676
BranchAndBound,max_weight,kendall_corr,-0.048187860709448194
BranchAndBound,max_weight,mean_ratio,0.032025395861294416
BranchAndBound,max_weight,median_ratio,-0.13642263814449476
BranchAndBound,max_weight,std_ratio,0.09076916084977987
BranchAndBound,max_weight,ratio_entropy,-0.19132372933966796
BranchAndBound,max_weight,unique_ratio_count,0.5434631503803571
BranchAndBound,max_weight,duplicate_ratio_fraction,0.2221747933038442
BranchAndBound,max_weight,unique_weights,0.5539432404461524
BranchAndBound,max_weight,unique_values,0.5544253357224985
BranchAndBound,max_weight,unique_pairs,0.5426915337959821
BranchAndBound,max_weight,duplicate_items,0.3302739416148831
BranchAndBound,max_weight,duplicate_pairs,0.33020066350218163
BranchAndBound,max_weight,time_millis,0.09883216123804978
BranchAndBound,max_weight,memory_bytes,0.06170721196174408
BranchAndBound,max_weight,memory_mb,0.06170723714032776
BranchAndBound,max_weight,solution_value,0.2298004938325486
BranchAndBound,max_weight,optimal_value,0.2298004938325486
BranchAndBound,max_weight,nodes_explored,0.10232487233857122
BranchAndBound,max_weight,nodes_pruned,0.022758423718286482
BranchAndBound,max_weight,max_queue_size,0.0580926235310647
BranchAndBound,max_weight,optimal,-0.09061923788151259
BranchAndBound,max_weight,nodes_generated,0.29649704292383444
BranchAndBound,max_weight,internal_nodes,0.2910114702958955
BranchAndBound,max_weight,max_depth,0.34997698527815746
BranchAndBound,max_weight,mean_depth,0.3116723752830527
BranchAndBound,max_weight,median_depth,0.30492793008890756
BranchAndBound,max_weight,mean_queue_size,0.2693490040196286
BranchAndBound,max_weight,final_queue_size,0.09000165209246652
BranchAndBound,max_weight,mean_bound,0.22978824975233447
BranchAndBound,max_weight,bound_variance,-0.10221374285937773
BranchAndBound,max_weight,min_bound,0.22978172150081913
BranchAndBound,max_weight,max_bound,0.2298089264445933
BranchAndBound,max_weight,mean_bound_gap,0.047014582184933436
BranchAndBound,max_weight,bound_gap_variance,0.11930716968778327
BranchAndBound,max_weight,pruned_by_bound,0.08237696440261698
BranchAndBound,max_weight,pruned_by_cap,0.09003596606866719
BranchAndBound,max_weight,left_branches,0.24908497557867532
BranchAndBound,max_weight,right_branches,0.29684674679626505
BranchAndBound,max_weight,explored_children,0.29463641129075463
BranchAndBound,max_weight,skipped_children,0.2670635152445812
BranchAndBound,max_weight,skipped_infeasible,0.23936451220647414
BranchAndBound,max_weight,skipped_by_bound,0.1150016062685902
BranchAndBound,max_weight,improvement_count,0.23876163290470595
BranchAndBound,max_weight,sum_improvement_amount,0.25340052208031466
BranchAndBound,max_weight,mean_improvement_amount,0.038268902145111784
BranchAndBound,max_weight,last_improvement_node,0.059770818539543365
BranchAndBound,max_weight,pruned_generated_ratio,-0.008701170416159625
BranchAndBound,max_weight,avg_branching_factor,0.13071098865969905
BranchAndBound,max_weight,capacity_density,-0.023967028388806773
BranchAndBound,max_weight,cells_allocated,0.18197121470071717
BranchAndBound,max_weight,total_evaluations,0.3624039056497762
BranchAndBound,max_weight,include_count,0.273910273504614
BranchAndBound,max_weight,exclude_count,0.40635911409980324
BranchAndBound,max_weight,tie_count,0.28864524178916623
BranchAndBound,max_weight,include_ratio,-0.17179170750953332
BranchAndBound,max_weight,nonzero_value_states,0.18421205562145568
BranchAndBound,max_weight,zero_value_states,-0.4139649784910012
BranchAndBound,max_weight,fill_rate,0.28539208306386965
BranchAndBound,max_weight,mean_cell_value,0.2154423846179003
BranchAndBound,max_weight,cell_value_variance,0.18399420316456405
BranchAndBound,max_weight,dp_sum_improvement_amount,0.22444507957558013
BranchAndBound,max_weight,dp_mean_improvement_amount,-0.07245422481184274
BranchAndBound,max_weight,updates_per_cell,0.38384105634466203
BranchAndBound,max_weight,selected_count,0.23922494555940313
BranchAndBound,max_weight,solution_density,-0.09352879070222925
BranchAndBound,max_weight,residual_capacity,-0.0878634192205591
BranchAndBound,max_weight,capacity_utilization,0.2442928248190131
BranchAndBound,max_weight,last_selected_position,0.27903674527688677
BranchAndBound,max_weight,first_skipped_position,0.23815095592622137
BranchAndBound,max_weight,solution_gap,0.032017514486704146
BranchAndBound,max_weight,log_time_millis,0.3240949835716384
BranchAndBound,max_weight,log_nodes_explored,0.30342262236855
BranchAndBound,max_weight,AlmostEqualRatios,-0.009607371022420663
BranchAndBound,max_weight,InverseCorrelated,0.033199018235791425
BranchAndBound,max_weight,StronglyCorrelated,-0.006173875032443764
BranchAndBound,max_weight,WeaklyCorrelated,-0.008355909867194308
BranchAndBound,max_weight,log_n,0.5410498611084411
BranchAndBound,min_value,max_value,-0.2892512945750254
BranchAndBound,min_value,weight_cv,-0.24700690451736576
BranchAndBound,min_value,value_cv,-0.402691585387285
BranchAndBound,min_value,weight_skewness,-0.007954522828375455
BranchAndBound,min_value,value_skewness,-0.03631462197910271
BranchAndBound,min_value,weight_kurtosis,0.11673486832250532
BranchAndBound,min_value,value_kurtosis,0.08579332139139507
BranchAndBound,min_value,capacity_ratio,0.0401282471431889
BranchAndBound,min_value,slack,-0.4801011209423449
BranchAndBound,min_value,average_fillable_items,-0.1645829639171011
BranchAndBound,min_value,pearson_corr,0.04866358573258529
BranchAndBound,min_value,spearman_corr,0.03077360105397016
BranchAndBound,min_value,kendall_corr,0.060814942144950465
BranchAndBound,min_value,mean_ratio,-0.026338395279146387
BranchAndBound,min_value,median_ratio,0.12720733960117517
BranchAndBound,min_value,std_ratio,-0.08556919057378892
BranchAndBound,min_value,ratio_entropy,0.200442278287689
BranchAndBound,min_value,unique_ratio_count,-0.5016135797368937
BranchAndBound,min_value,duplicate_ratio_fraction,-0.20170378157196614
BranchAndBound,min_value,unique_weights,-0.5121759022824302
BranchAndBound,min_value,unique_values,-0.5118386565425489
BranchAndBound,min_value,unique_pairs,-0.5008115568826726
BranchAndBound,min_value,duplicate_items,-0.28482114790340923
BranchAndBound,min_value,duplicate_pairs,-0.28467232753461735
BranchAndBound,min_value,time_millis,-0.0841909206990615
BranchAndBound,min_value,memory_bytes,-0.056630070376262026
BranchAndBound,min_value,memory_mb,-0.05663011554038317
BranchAndBound,min_value,solution_value,-0.21135786605242715
BranchAndBound,min_value,optimal_value,-0.21135786605242715
BranchAndBound,min_value,nodes_explored,-0.08645141614007272
BranchAndBound,min_value,nodes_pruned,-0.021402785697720944
BranchAndBound,min_value,max_queue_size,-0.054002184554412705
BranchAndBound,min_value,optimal,0.07610976091158653
BranchAndBound,min_value,nodes_generated,-0.2569664443437105
BranchAndBound,min_value,internal_nodes,-0.2511005789562914
BranchAndBound,min_value,max_depth,-0.313462759744062
BranchAndBound,min_value,mean_depth,-0.2741146180454282
BranchAndBound,min_value,median_depth,-0.26823194029427555
BranchAndBound,min_value,mean_queue_size,-0.254349677769246
BranchAndBound,min_value,final_queue_size,-0.0762053669276518
BranchAndBound,min_value,mean_bound,-0.21134639540340558
BranchAndBound,min_value,bound_variance,0.058518053178835024
BranchAndBound,min_value,min_bound,-0.21132872895568394
BranchAndBound,min_value,max_bound,-0.2113632177613663
BranchAndBound,min_value,mean_bound_gap,-0.06183018829224206
BranchAndBound,min_value,bound_gap_variance,-0.12098948873877963
BranchAndBound,min_value,pruned_by_bound,-0.12922019527039136
BranchAndBound,min_value,pruned_by_cap,-0.07598069338553605
BranchAndBound,min_value,left_branches,-0.2240507795982394
BranchAndBound,min_value,right_branches,-0.2565744654118056
BranchAndBound,min_value,explored_children,-0.25592361627571336
BranchAndBound,min_value,skipped_children,-0.22774474063976935
BranchAndBound,min_value,skipped_infeasible,-0.20622679402332642
BranchAndBound,min_value,skipped_by_bound,-0.09580503900467002
BranchAndBound,min_value,improvement_count,-0.21402973698818564
BranchAndBound,min_value,sum_improvement_amount,-0.2301759874997441
BranchAndBound,min_value,mean_improvement_amount,0.003807134964218873
BranchAndBound,min_value,last_improvement_node,-0.039966440854551435
BranchAndBound,min_value,pruned_generated_ratio,-0.014232038380722909
BranchAndBound,min_value,avg_branching_factor,-0.1414037967123771
BranchAndBound,min_value,capacity_density,0.04913492307557791
BranchAndBound,min_value,cells_allocated,-0.16148074533324513
BranchAndBound,min_value,total_evaluations,-0.334273424036127
BranchAndBound,min_value,include_count,-0.2533386387237455
BranchAndBound,min_value,exclude_count,-0.3760708958472806
BranchAndBound,min_value,tie_count,-0.29371529428193566
BranchAndBound,min_value,include_ratio,0.15774365429562354
BranchAndBound,min_value,nonzero_value_states,-0.16664843403632904
BranchAndBound,min_value,zero_value_states,0.5777960764374127
BranchAndBound,min_value,fill_rate,-0.5627572997206955
BranchAndBound,min_value,mean_cell_value,-0.19950170217670535
BranchAndBound,min_value,cell_value_variance,-0.16932915817332597
BranchAndBound,min_value,dp_sum_improvement_amount,-0.20252045463192112
BranchAndBound,min_value,dp_mean_improvement_amount,0.0876755237463949
BranchAndBound,min_value,updates_per_cell,-0.3646135597486898
BranchAndBound,min_value,selected_count,-0.21668163602174154
BranchAndBound,min_value,solution_density,0.07367829373975435
BranchAndBound,min_value,residual_capacity,0.12040718039705293
BranchAndBound,min_value,capacity_utilization,-0.2772992871898136
BranchAndBound,min_value,last_selected_position,-0.2698884071877947
BranchAndBound,min_value,first_skipped_position,-0.214768169365418
BranchAndBound,min_value,solution_gap,-0.024546973482625942
BranchAndBound,min_value,log_time_millis,-0.2823946316486117
BranchAndBound,min_value,log_nodes_explored,-0.2591241940049278
BranchAndBound,min_value,AlmostEqualRatios,0.015013079264199824
BranchAndBound,min_value,InverseCorrelated,-0.026402311809454918
BranchAndBound,min_value,StronglyCorrelated,0.09909131294987338
BranchAndBound,min_value,WeaklyCorrelated,-0.10733073036076186
BranchAndBound,min_value,log_n,-0.4992040777570209
BranchAndBound,max_value,weight_cv,0.037238731973622305
BranchAndBound,max_value,value_cv,0.060688867141342265
BranchAndBound,max_value,weight_skewness,-0.0339489519784085
BranchAndBound,max_value,value_skewness,0.045683137760674855
BranchAndBound,max_value,weight_kurtosis,-0.16559921651543305
BranchAndBound,max_value,value_kurtosis,-0.024061696771000708
BranchAndBound,max_value,capacity_ratio,-0.03887138803337772
BranchAndBound,max_value,slack,0.47598911824552037
BranchAndBound,max_value,average_fillable_items,0.15472211973829103
BranchAndBound,max_value,pearson_corr,0.2377027838196792
BranchAndBound,max_value,spearman_corr,0.26030865831469147
BranchAndBound,max_value,kendall_corr,0.219853571077154
BranchAndBound,max_value,mean_ratio,-0.1759378532737397
BranchAndBound,max_value,median_ratio,-0.01003857194560936
BranchAndBound,max_value,std_ratio,-0.1506080853089195
BranchAndBound,max_value,ratio_entropy,0.22022594751835425
BranchAndBound,max_value,unique_ratio_count,0.4960821759475617
BranchAndBound,max_value,duplicate_ratio_fraction,0.03634715433411209
BranchAndBound,max_value,unique_weights,0.49030314179634804
BranchAndBound,max_value,unique_values,0.4903373528509973
BranchAndBound,max_value,unique_pairs,0.498762939061388
BranchAndBound,max_value,duplicate_items,0.2458954928478978
BranchAndBound,max_value,duplicate_pairs,0.24627098538823058
BranchAndBound,max_value,time_millis,-0.006910461492912202
BranchAndBound,max_value,memory_bytes,0.034457920742552765
BranchAndBound,max_value,memory_mb,0.034458181068183935
BranchAndBound,max_value,solution_value,0.13444238874348996
BranchAndBound,max_value,optimal_value,0.13444238874348996
BranchAndBound,max_value,nodes_explored,-0.01904065616013073
BranchAndBound,max_value,nodes_pruned,0.062175524723709116
BranchAndBound,max_value,max_queue_size,0.04660604885744134
BranchAndBound,max_value,optimal,0.020450640541624997
BranchAndBound,max_value,nodes_generated,0.13564041282462305
BranchAndBound,max_value,internal_nodes,0.12857911264084326
BranchAndBound,max_value,max_depth,0.24951093370359764
BranchAndBound,max_value,mean_depth,0.21910260150328334
BranchAndBound,max_value,median_depth,0.21749673363549685
BranchAndBound,max_value,mean_queue_size,0.11046557515554223
BranchAndBound,max_value,final_queue_size,-0.019602782711048247
BranchAndBound,max_value,mean_bound,0.13445516428806026
BranchAndBound,max_value,bound_variance,-0.243224384533405
BranchAndBound,max_value,min_bound,0.1356344759100718
BranchAndBound,max_value,max_bound,0.13409134725278907
BranchAndBound,max_value,mean_bound_gap,0.011978195844085318
BranchAndBound,max_value,bound_gap_variance,0.03920277253355495
BranchAndBound,max_value,pruned_by_bound,0.10922525393448022
BranchAndBound,max_value,pruned_by_cap,-0.020316247759384277
BranchAndBound,max_value,left_branches,0.10032841839645852
BranchAndBound,max_value,right_branches,0.13427593220342718
BranchAndBound,max_value,explored_children,0.13336427329904757
BranchAndBound,max_value,skipped_children,0.09818734702599052
BranchAndBound,max_value,skipped_infeasible,0.0891615575799345
BranchAndBound,max_value,skipped_by_bound,-0.06506504992036
BranchAndBound,max_value,improvement_count,0.1617575051091506
BranchAndBound,max_value,sum_improvement_amount,0.07796851274974365
BranchAndBound,max_value,mean_improvement_amount,-0.21264139078166144
BranchAndBound,max_value,last_improvement_node,0.0010670834110873592
BranchAndBound,max_value,pruned_generated_ratio,0.0691201317693034
BranchAndBound,max_value,avg_branching_factor,0.0918606671460184
BranchAndBound,max_value,capacity_density,-0.026689740679555204
BranchAndBound,max_value,cells_allocated,0.1601478122414619
BranchAndBound,max_value,total_evaluations,0.322540172704822
BranchAndBound,max_value,include_count,0.21397280627050794
BranchAndBound,max_value,exclude_count,0.37943978538371687
BranchAndBound,max_value,tie_count,0.37688932250298307
BranchAndBound,max_value,include_ratio,-0.2558841837669061
BranchAndBound,max_value,nonzero_value_states,0.16219126356562533
BranchAndBound,max_value,zero_value_states,-0.3857009479195799
BranchAndBound,max_value,fill_rate,0.25917381804480544
BranchAndBound,max_value,mean_cell_value,0.07959332126060968
BranchAndBound,max_value,cell_value_variance,0.13246325378565668
BranchAndBound,max_value,dp_sum_improvement_amount,0.1123697374009236
BranchAndBound,max_value,dp_mean_improvement_amount,-0.31330318833058357
BranchAndBound,max_value,updates_per_cell,0.2745301869388942
BranchAndBound,max_value,selected_count,0.1676334654692524
BranchAndBound,max_value,solution_density,-0.17839345411398297
BranchAndBound,max_value,residual_capacity,-0.2901882193649452
BranchAndBound,max_value,capacity_utilization,0.3309257787230405
BranchAndBound,max_value,last_selected_position,0.4212614694035348
BranchAndBound,max_value,first_skipped_position,0.16207476330214807
BranchAndBound,max_value,solution_gap,0.03763833273863104
BranchAndBound,max_value,log_time_millis,0.172078552401475
BranchAndBound,max_value,log_nodes_explored,0.14304290267922445
BranchAndBound,max_value,AlmostEqualRatios,0.3447701709646981
BranchAndBound,max_value,InverseCorrelated,-0.23603308153806793
BranchAndBound,max_value,StronglyCorrelated,-0.19512195699505497
BranchAndBound,max_value,WeaklyCorrelated,0.3574263854030461
BranchAndBound,max_value,log_n,0.48206774917657425
BranchAndBound,weight_cv,value_cv,0.5222716099514266
BranchAndBound,weight_cv,weight_skewness,0.6386619493302363
BranchAndBound,weight_cv,value_skewness,0.23544299605843497
BranchAndBound,weight_cv,weight_kurtosis,-0.33695276023131016
BranchAndBound,weight_cv,value_kurtosis,-0.2776266256901895
BranchAndBound,weight_cv,capacity_ratio,0.003937283667984366
BranchAndBound,weight_cv,slack,0.013614730200325754
BranchAndBound,weight_cv,average_fillable_items,0.03281850328034514
BranchAndBound,weight_cv,pearson_corr,0.0008944932738955178
BranchAndBound,weight_cv,spearman_corr,0.0031589282388744546
BranchAndBound,weight_cv,kendall_corr,-0.002091619025902528
BranchAndBound,weight_cv,mean_ratio,0.15764119911728866
BranchAndBound,weight_cv,median_ratio,0.3599045185181723
BranchAndBound,weight_cv,std_ratio,0.11343467036445938
BranchAndBound,weight_cv,ratio_entropy,-0.05399841659562095
BranchAndBound,weight_cv,unique_ratio_count,0.05715948191530826
BranchAndBound,weight_cv,duplicate_ratio_fraction,0.03799452209680469
BranchAndBound,weight_cv,unique_weights,0.05937240577765849
BranchAndBound,weight_cv,unique_values,0.058651660278078895
BranchAndBound,weight_cv,unique_pairs,0.05820416090930604
BranchAndBound,weight_cv,duplicate_items,0.03079755873620507
BranchAndBound,weight_cv,duplicate_pairs,0.030730811446585515
BranchAndBound,weight_cv,time_millis,0.007125579908721676
BranchAndBound,weight_cv,memory_bytes,0.005867659608087294
BranchAndBound,weight_cv,memory_mb,0.005867664458112378
BranchAndBound,weight_cv,solution_value,0.026035256965435353
BranchAndBound,weight_cv,optimal_value,0.026035256965435353
BranchAndBound,weight_cv,nodes_explored,0.00716109607771136
BranchAndBound,weight_cv,nodes_pruned,0.002863602404547508
BranchAndBound,weight_cv,max_queue_size,0.0070619935911781055
BranchAndBound,weight_cv,optimal,-0.007064708097194534
BranchAndBound,weight_cv,nodes_generated,0.016781651559826354
BranchAndBound,weight_cv,internal_nodes,0.012063190338882318
BranchAndBound,weight_cv,max_depth,0.03327149504529509
BranchAndBound,weight_cv,mean_depth,0.03197272790288275
BranchAndBound,weight_cv,median_depth,0.03204123238192772
BranchAndBound,weight_cv,mean_queue_size,0.036248503477190115
BranchAndBound,weight_cv,final_queue_size,0.0071543928116351505
BranchAndBound,weight_cv,mean_bound,0.02600992274789389
BranchAndBound,weight_cv,bound_variance,0.002833063119339834
BranchAndBound,weight_cv,min_bound,0.02591925819083106
BranchAndBound,weight_cv,max_bound,0.026035308445399596
BranchAndBound,weight_cv,mean_bound_gap,0.04054232770139976
BranchAndBound,weight_cv,bound_gap_variance,0.04390823731480461
BranchAndBound,weight_cv,pruned_by_bound,0.08291945448375881
BranchAndBound,weight_cv,pruned_by_cap,0.007133524650804565
BranchAndBound,weight_cv,left_branches,0.03175644925887617
BranchAndBound,weight_cv,right_branches,0.010904542028460142
BranchAndBound,weight_cv,explored_children,0.015476953935319214
BranchAndBound,weight_cv,skipped_children,0.002014822577222077
BranchAndBound,weight_cv,skipped_infeasible,-0.0042670426864411205
BranchAndBound,weight_cv,skipped_by_bound,-0.006950576016318386
BranchAndBound,weight_cv,improvement_count,0.02948545386339176
BranchAndBound,weight_cv,sum_improvement_amount,0.03908409150944946
BranchAndBound,weight_cv,mean_improvement_amount,-0.02224971974827378
BranchAndBound,weight_cv,last_improvement_node,0.0026167439027971434
BranchAndBound,weight_cv,pruned_generated_ratio,0.08025784403202565
BranchAndBound,weight_cv,avg_branching_factor,0.0105768310353133
BranchAndBound,weight_cv,capacity_density,-0.0633564629902501
BranchAndBound,weight_cv,cells_allocated,0.004918225133303756
BranchAndBound,weight_cv,total_evaluations,0.03858003522957026
BranchAndBound,weight_cv,include_count,0.03874541975429956
BranchAndBound,weight_cv,exclude_count,0.03272036500179356
BranchAndBound,weight_cv,tie_count,0.07477539829579528
BranchAndBound,weight_cv,include_ratio,0.04121761974659543
BranchAndBound,weight_cv,nonzero_value_states,0.007887317958816288
BranchAndBound,weight_cv,zero_value_states,-0.24818071872053749
BranchAndBound,weight_cv,fill_rate,0.2920325798528635
BranchAndBound,weight_cv,mean_cell_value,0.026707747679372784
BranchAndBound,weight_cv,cell_value_variance,0.018958737648791496
BranchAndBound,weight_cv,dp_sum_improvement_amount,0.025255834207141593
BranchAndBound,weight_cv,dp_mean_improvement_amount,-0.036719943577118636
BranchAndBound,weight_cv,updates_per_cell,0.08358996689173653
BranchAndBound,weight_cv,selected_count,0.03057234999461274
BranchAndBound,weight_cv,solution_density,0.058960182633143066
BranchAndBound,weight_cv,residual_capacity,-0.06267557527471605
BranchAndBound,weight_cv,capacity_utilization,0.09191824738322185
BranchAndBound,weight_cv,last_selected_position,0.032321777678946464
BranchAndBound,weight_cv,first_skipped_position,0.029819978867715445
BranchAndBound,weight_cv,solution_gap,0.004673211665694121
BranchAndBound,weight_cv,log_time_millis,0.027407771372720633
BranchAndBound,weight_cv,log_nodes_explored,0.018370109000010935
BranchAndBound,weight_cv,AlmostEqualRatios,0.022416301466304387
BranchAndBound,weight_cv,InverseCorrelated,-0.0039396247430128605
BranchAndBound,weight_cv,StronglyCorrelated,-0.01741786241647448
BranchAndBound,weight_cv,WeaklyCorrelated,-0.02101282719795182
BranchAndBound,weight_cv,log_n,0.05777121480093144
BranchAndBound,value_cv,weight_skewness,0.20858372324846983
BranchAndBound,value_cv,value_skewness,0.6548312797084149
BranchAndBound,value_cv,weight_kurtosis,-0.26316284913697374
BranchAndBound,value_cv,value_kurtosis,-0.3231137089542058
BranchAndBound,value_cv,capacity_ratio,0.0005399519023479637
BranchAndBound,value_cv,slack,0.02033183316708365
BranchAndBound,value_cv,average_fillable_items,0.01651137212094465
BranchAndBound,value_cv,pearson_corr,-0.03412221461949875
BranchAndBound,value_cv,spearman_corr,-0.031021851657706392
BranchAndBound,value_cv,kendall_corr,-0.03657079358877652
BranchAndBound,value_cv,mean_ratio,0.012816515038997759
BranchAndBound,value_cv,median_ratio,-0.3923547520996508
BranchAndBound,value_cv,std_ratio,0.014974188194697882
BranchAndBound,value_cv,ratio_entropy,-0.008947114185464978
BranchAndBound,value_cv,unique_ratio_count,0.035989795278382135
BranchAndBound,value_cv,duplicate_ratio_fraction,0.01782264929295997
BranchAndBound,value_cv,unique_weights,0.03689513723763429
BranchAndBound,value_cv,unique_values,0.03599012576340492
BranchAndBound,value_cv,unique_pairs,0.03685961541979428
BranchAndBound,value_cv,duplicate_items,-0.000569016957806165
BranchAndBound,value_cv,duplicate_pairs,-0.0006019268497175346
BranchAndBound,value_cv,time_millis,-0.0034653288312776016
BranchAndBound,value_cv,memory_bytes,0.004520550592554917
BranchAndBound,value_cv,memory_mb,0.0045205739410485125
BranchAndBound,value_cv,solution_value,0.01122623610931145
BranchAndBound,value_cv,optimal_value,0.01122623610931145
BranchAndBound,value_cv,nodes_explored,-0.00483709235640135
BranchAndBound,value_cv,nodes_pruned,0.003501920658569934
BranchAndBound,value_cv,max_queue_size,0.005547384684564721
BranchAndBound,value_cv,optimal,0.00592664204417958
BranchAndBound,value_cv,nodes_generated,-0.023053697473392906
BranchAndBound,value_cv,internal_nodes,-0.026219487048552946
BranchAndBound,value_cv,max_depth,0.01410868646800268
BranchAndBound,value_cv,mean_depth,0.007671689152594215
BranchAndBound,value_cv,median_depth,0.008121270828329967
BranchAndBound,value_cv,mean_queue_size,-0.006456874603789202
BranchAndBound,value_cv,final_queue_size,-0.005262229245344348
BranchAndBound,value_cv,mean_bound,0.011190455951231639
BranchAndBound,value_cv,bound_variance,0.03081250695456684
BranchAndBound,value_cv,min_bound,0.011081347018941716
BranchAndBound,value_cv,max_bound,0.011180530218734282
BranchAndBound,value_cv,mean_bound_gap,0.031192224366766934
BranchAndBound,value_cv,bound_gap_variance,0.025869083704564734
BranchAndBound,value_cv,pruned_by_bound,0.06667791166719009
BranchAndBound,value_cv,pruned_by_cap,-0.005532819662930048
BranchAndBound,value_cv,left_branches,-0.011557117028696502
BranchAndBound,value_cv,right_branches,-0.026975020204961397
BranchAndBound,value_cv,explored_children,-0.02427910039057698
BranchAndBound,value_cv,skipped_children,-0.0325196139484796
BranchAndBound,value_cv,skipped_infeasible,-0.021564064449150072
BranchAndBound,value_cv,skipped_by_bound,-0.04076381174240693
BranchAndBound,value_cv,improvement_count,0.011467601479750967
BranchAndBound,value_cv,sum_improvement_amount,0.00556668857126321
BranchAndBound,value_cv,mean_improvement_amount,-0.025263362751554674
BranchAndBound,value_cv,last_improvement_node,-0.014239804385065813
BranchAndBound,value_cv,pruned_generated_ratio,0.0646663230427854
BranchAndBound,value_cv,avg_branching_factor,-0.009408406872548169
BranchAndBound,value_cv,capacity_density,-0.02234125915897152
BranchAndBound,value_cv,cells_allocated,0.006987836764232803
BranchAndBound,value_cv,total_evaluations,0.02392182445667076
BranchAndBound,value_cv,include_count,0.020646449757317508
BranchAndBound,value_cv,exclude_count,0.02458094856866944
BranchAndBound,value_cv,tie_count,0.015624396111626563
BranchAndBound,value_cv,include_ratio,0.007110510214605253
BranchAndBound,value_cv,nonzero_value_states,0.008963363811024609
BranchAndBound,value_cv,zero_value_states,-0.14734039859536308
BranchAndBound,value_cv,fill_rate,0.19487793983597237
BranchAndBound,value_cv,mean_cell_value,0.010624105657649818
BranchAndBound,value_cv,cell_value_variance,0.011285267064650358
BranchAndBound,value_cv,dp_sum_improvement_amount,0.008942472011692357
BranchAndBound,value_cv,dp_mean_improvement_amount,-0.03797827119151283
BranchAndBound,value_cv,updates_per_cell,0.03839901492167651
BranchAndBound,value_cv,selected_count,0.014572793193944712
BranchAndBound,value_cv,solution_density,0.00645780078951834
BranchAndBound,value_cv,residual_capacity,-0.03853525778241903
BranchAndBound,value_cv,capacity_utilization,0.06269460634971111
BranchAndBound,value_cv,last_selected_position,0.03695969989613054
BranchAndBound,value_cv,first_skipped_position,0.013554732219150843
BranchAndBound,value_cv,solution_gap,-0.00034513614854089856
BranchAndBound,value_cv,log_time_millis,-0.011930924296650902
BranchAndBound,value_cv,log_nodes_explored,-0.022617374751381345
BranchAndBound,value_cv,AlmostEqualRatios,0.04314934298376163
BranchAndBound,value_cv,InverseCorrelated,0.018179049622304568
BranchAndBound,value_cv,StronglyCorrelated,-0.0914200690513512
BranchAndBound,value_cv,WeaklyCorrelated,0.03270203744840734
BranchAndBound,value_cv,log_n,0.0359762701914259
BranchAndBound,weight_skewness,value_skewness,0.3445835909932911
BranchAndBound,weight_skewness,weight_kurtosis,0.039136083752772395
BranchAndBound,weight_skewness,value_kurtosis,-0.008268346310944518
BranchAndBound,weight_skewness,capacity_ratio,0.007880305246094035
BranchAndBound,weight_skewness,slack,-0.03815376978516092
BranchAndBound,weight_skewness,average_fillable_items,0.017544029906963004
BranchAndBound,weight_skewness,pearson_corr,0.009696236221644275
BranchAndBound,weight_skewness,spearman_corr,0.014099240056427929
BranchAndBound,weight_skewness,kendall_corr,0.01155769970710272
BranchAndBound,weight_skewness,mean_ratio,0.029278068664951102
BranchAndBound,weight_skewness,median_ratio,0.4623823305418644
BranchAndBound,weight_skewness,std_ratio,0.013304562933083458
BranchAndBound,weight_skewness,ratio_entropy,0.028180515852606364
BranchAndBound,weight_skewness,unique_ratio_count,0.0076212368013509925
BranchAndBound,weight_skewness,duplicate_ratio_fraction,0.00539251926836479
BranchAndBound,weight_skewness,unique_weights,0.008791553493857735
BranchAndBound,weight_skewness,unique_values,0.008286372383631712
BranchAndBound,weight_skewness,unique_pairs,0.00799215856180048
BranchAndBound,weight_skewness,duplicate_items,-0.004723425746491451
BranchAndBound,weight_skewness,duplicate_pairs,-0.0047427348615257155
BranchAndBound,weight_skewness,time_millis,-0.0027372943395354153
BranchAndBound,weight_skewness,memory_bytes,-0.002316801661059303
BranchAndBound,weight_skewness,memory_mb,-0.0023168033455933834
BranchAndBound,weight_skewness,solution_value,-0.0001788235385531321
BranchAndBound,weight_skewness,optimal_value,-0.0001788235385531321
BranchAndBound,weight_skewness,nodes_explored,-0.0028017773217277543
BranchAndBound,weight_skewness,nodes_pruned,0.0015220497229888892
BranchAndBound,weight_skewness,max_queue_size,-0.0015228614707129854
BranchAndBound,weight_skewness,optimal,0.0021721077113267726
BranchAndBound,weight_skewness,nodes_generated,-0.00558329353435954
BranchAndBound,weight_skewness,internal_nodes,-0.007475878864404427
BranchAndBound,weight_skewness,max_depth,-0.0009011439231691111
BranchAndBound,weight_skewness,mean_depth,0.0008305868992865542
BranchAndBound,weight_skewness,median_depth,0.001181819920874322
BranchAndBound,weight_skewness,mean_queue_size,0.0033217949083953007
BranchAndBound,weight_skewness,final_queue_size,-0.0024512990651859795
BranchAndBound,weight_skewness,mean_bound,-0.00018066178932855156
BranchAndBound,weight_skewness,bound_variance,-0.0012302759975815524
BranchAndBound,weight_skewness,min_bound,-0.00019504560195101334
BranchAndBound,weight_skewness,max_bound,-0.00016512085712721414
BranchAndBound,weight_skewness,mean_bound_gap,0.018925100634330744
BranchAndBound,weight_skewness,bound_gap_variance,0.015139769232475425
BranchAndBound,weight_skewness,pruned_by_bound,0.03072052076448673
BranchAndBound,weight_skewness,pruned_by_cap,-0.002439213062800439
BranchAndBound,weight_skewness,left_branches,0.003262696806164913
BranchAndBound,weight_skewness,right_branches,-0.008990988986596216
BranchAndBound,weight_skewness,explored_children,-0.006310731370293387
BranchAndBound,weight_skewness,skipped_children,-0.010547066788453937
BranchAndBound,weight_skewness,skipped_infeasible,-0.016802347164185376
BranchAndBound,weight_skewness,skipped_by_bound,-0.004245760131222995
BranchAndBound,weight_skewness,improvement_count,0.0017713148703401307
BranchAndBound,weight_skewness,sum_improvement_amount,0.007791816202883783
BranchAndBound,weight_skewness,mean_improvement_amount,-0.007493747336515095
BranchAndBound,weight_skewness,last_improvement_node,-0.0016759428073818902
BranchAndBound,weight_skewness,pruned_generated_ratio,0.03671607677024033
BranchAndBound,weight_skewness,avg_branching_factor,-0.011637201253320757
BranchAndBound,weight_skewness,capacity_density,-0.06465410007974551
BranchAndBound,weight_skewness,cells_allocated,-0.012517112862262113
BranchAndBound,weight_skewness,total_evaluations,0.005186206805535082
BranchAndBound,weight_skewness,include_count,0.00442371999392358
BranchAndBound,weight_skewness,exclude_count,0.003673789984664276
BranchAndBound,weight_skewness,tie_count,0.04478959064762165
BranchAndBound,weight_skewness,include_ratio,0.0035000991347475022
BranchAndBound,weight_skewness,nonzero_value_states,-0.012432877876769803
BranchAndBound,weight_skewness,zero_value_states,-0.013566960530036391
BranchAndBound,weight_skewness,fill_rate,0.0043102448867118935
BranchAndBound,weight_skewness,mean_cell_value,0.0010792853598877
BranchAndBound,weight_skewness,cell_value_variance,-0.0010471325227560822
BranchAndBound,weight_skewness,dp_sum_improvement_amount,-0.0026153395128997265
BranchAndBound,weight_skewness,dp_mean_improvement_amount,-0.026612150906285582
BranchAndBound,weight_skewness,updates_per_cell,0.02794404862582114
BranchAndBound,weight_skewness,selected_count,0.0020042157633733413
BranchAndBound,weight_skewness,solution_density,0.03049248534243731
BranchAndBound,weight_skewness,residual_capacity,-0.05507410293877227
BranchAndBound,weight_skewness,capacity_utilization,0.06744361717291811
BranchAndBound,weight_skewness,last_selected_position,-0.0038654998405502398
BranchAndBound,weight_skewness,first_skipped_position,0.00209454097363677
BranchAndBound,weight_skewness,solution_gap,-0.0013818024032730297
BranchAndBound,weight_skewness,log_time_millis,0.0014331511937046527
BranchAndBound,weight_skewness,log_nodes_explored,-0.003940277889138039
BranchAndBound,weight_skewness,AlmostEqualRatios,0.010706129949116827
BranchAndBound,weight_skewness,InverseCorrelated,-0.01932700670571563
BranchAndBound,weight_skewness,StronglyCorrelated,-0.004229973296253112
BranchAndBound,weight_skewness,WeaklyCorrelated,-0.02202172591885284
BranchAndBound,weight_skewness,log_n,0.0076916269455067346
BranchAndBound,value_skewness,weight_kurtosis,-0.009333937339127464
BranchAndBound,value_skewness,value_kurtosis,-0.005615673579222751
BranchAndBound,value_skewness,capacity_ratio,0.0030392027800154966
BranchAndBound,value_skewness,slack,-0.01660210797778242
BranchAndBound,value_skewness,average_fillable_items,0.004496699176655855
BranchAndBound,value_skewness,pearson_corr,0.01728556608741171
BranchAndBound,value_skewness,spearman_corr,0.021712071678290753
BranchAndBound,value_skewness,kendall_corr,0.013677408016926988
BranchAndBound,value_skewness,mean_ratio,-0.03746936791450562
BranchAndBound,value_skewness,median_ratio,-0.47529598270830437
BranchAndBound,value_skewness,std_ratio,-0.0256571193603716
BranchAndBound,value_skewness,ratio_entropy,0.04710905058311964
BranchAndBound,value_skewness,unique_ratio_count,-0.0010697001116685616
BranchAndBound,value_skewness,duplicate_ratio_fraction,-0.005160861356683353
BranchAndBound,value_skewness,unique_weights,-0.0011423132655540259
BranchAndBound,value_skewness,unique_values,-0.001650580761722867
BranchAndBound,value_skewness,unique_pairs,-8.837820748829671e-05
BranchAndBound,value_skewness,duplicate_items,-0.01628260234995479
BranchAndBound,value_skewness,duplicate_pairs,-0.016149029525810127
BranchAndBound,value_skewness,time_millis,-0.005821913098515185
BranchAndBound,value_skewness,memory_bytes,0.00019788521201200102
BranchAndBound,value_skewness,memory_mb,0.00019787291677451148
BranchAndBound,value_skewness,solution_value,-0.014966949184357734
BranchAndBound,value_skewness,optimal_value,-0.014966949184357734
BranchAndBound,value_skewness,nodes_explored,-0.00740457222293042
BranchAndBound,value_skewness,nodes_pruned,0.006136216116061739
BranchAndBound,value_skewness,max_queue_size,0.0019965480438187393
BranchAndBound,value_skewness,optimal,0.007651321191581776
BranchAndBound,value_skewness,nodes_generated,-0.02426326054736566
BranchAndBound,value_skewness,internal_nodes,-0.024981000724282415
BranchAndBound,value_skewness,max_depth,-0.011770622685311908
BranchAndBound,value_skewness,mean_depth,-0.010903937765783883
BranchAndBound,value_skewness,median_depth,-0.010501910079023702
BranchAndBound,value_skewness,mean_queue_size,-0.020404993726376067
BranchAndBound,value_skewness,final_queue_size,-0.007710278076862991
BranchAndBound,value_skewness,mean_bound,-0.01498306073124189
BranchAndBound,value_skewness,bound_variance,-0.024627352516060897
BranchAndBound,value_skewness,min_bound,-0.014921363628584356
BranchAndBound,value_skewness,max_bound,-0.015048336725700766
BranchAndBound,value_skewness,mean_bound_gap,-0.015407278858046925
BranchAndBound,value_skewness,bound_gap_variance,-0.020848691069221388
BranchAndBound,value_skewness,pruned_by_bound,0.020451178442421017
BranchAndBound,value_skewness,pruned_by_cap,-0.007805514840859245
BranchAndBound,value_skewness,left_branches,-0.019322355483446248
BranchAndBound,value_skewness,right_branches,-0.025968470719168375
BranchAndBound,value_skewness,explored_children,-0.025035113256246105
BranchAndBound,value_skewness,skipped_children,-0.026292160716556778
BranchAndBound,value_skewness,skipped_infeasible,-0.01755244990255113
BranchAndBound,value_skewness,skipped_by_bound,-0.030821532534868176
BranchAndBound,value_skewness,improvement_count,-0.0072630931593233635
BranchAndBound,value_skewness,sum_improvement_amount,-0.03453949524581497
BranchAndBound,value_skewness,mean_improvement_amount,-0.06691604760069665
BranchAndBound,value_skewness,last_improvement_node,-0.006801520343381259
BranchAndBound,value_skewness,pruned_generated_ratio,0.02098992234627826
BranchAndBound,value_skewness,avg_branching_factor,-0.020725291533462847
BranchAndBound,value_skewness,capacity_density,-0.0208002035397139
BranchAndBound,value_skewness,cells_allocated,-0.005472624978586355
BranchAndBound,value_skewness,total_evaluations,-0.0010613294982939878
BranchAndBound,value_skewness,include_count,-0.004778696509005863
BranchAndBound,value_skewness,exclude_count,0.0009871117234562562
BranchAndBound,value_skewness,tie_count,0.020709086014629334
BranchAndBound,value_skewness,include_ratio,-0.014071923845601608
BranchAndBound,value_skewness,nonzero_value_states,-0.005433655088699069
BranchAndBound,value_skewness,zero_value_states,0.0011747755777300418
BranchAndBound,value_skewness,fill_rate,0.002520780494831587
BranchAndBound,value_skewness,mean_cell_value,-0.017317651734482117
BranchAndBound,value_skewness,cell_value_variance,-0.008777503597972337
BranchAndBound,value_skewness,dp_sum_improvement_amount,-0.020020526206583615
BranchAndBound,value_skewness,dp_mean_improvement_amount,-0.06439723762564104
BranchAndBound,value_skewness,updates_per_cell,-0.003463650892821797
BranchAndBound,value_skewness,selected_count,-0.0064335397862651765
BranchAndBound,value_skewness,solution_density,-0.011362833640809662
BranchAndBound,value_skewness,residual_capacity,-0.023193195245335075
BranchAndBound,value_skewness,capacity_utilization,0.020093143525657522
BranchAndBound,value_skewness,last_selected_position,0.005109232256801359
BranchAndBound,value_skewness,first_skipped_position,-0.006738480973761912
BranchAndBound,value_skewness,solution_gap,0.0005332244667257437
BranchAndBound,value_skewness,log_time_millis,-0.01736877413163518
BranchAndBound,value_skewness,log_nodes_explored,-0.02184466837935666
BranchAndBound,value_skewness,AlmostEqualRatios,0.07399475258168914
BranchAndBound,value_skewness,InverseCorrelated,-0.01247830457043172
BranchAndBound,value_skewness,StronglyCorrelated,-0.03028824212303567
BranchAndBound,value_skewness,WeaklyCorrelated,-0.002049819041412548
BranchAndBound,value_skewness,log_n,-0.0014958167030765487
BranchAndBound,weight_kurtosis,value_kurtosis,0.7962166738545845
BranchAndBound,weight_kurtosis,capacity_ratio,0.020660407954810018
BranchAndBound,weight_kurtosis,slack,-0.22973381395545658
BranchAndBound,weight_kurtosis,average_fillable_items,-0.07401638688158406
BranchAndBound,weight_kurtosis,pearson_corr,-0.008892074506310035
BranchAndBound,weight_kurtosis,spearman_corr,-0.015426878041156212
BranchAndBound,weight_kurtosis,kendall_corr,-0.0009324259193895449
BranchAndBound,weight_kurtosis,mean_ratio,-0.03143453651480708
BranchAndBound,weight_kurtosis,median_ratio,0.08562722915920265
BranchAndBound,weight_kurtosis,std_ratio,-0.05075809734381884
BranchAndBound,weight_kurtosis,ratio_entropy,0.0529402146231347
BranchAndBound,weight_kurtosis,unique_ratio_count,-0.23246708125695698
BranchAndBound,weight_kurtosis,duplicate_ratio_fraction,-0.09543245119651426
BranchAndBound,weight_kurtosis,unique_weights,-0.23763022605736953
BranchAndBound,weight_kurtosis,unique_values,-0.23777683686480722
BranchAndBound,weight_kurtosis,unique_pairs,-0.23246934448557155
BranchAndBound,weight_kurtosis,duplicate_items,-0.1289947289637666
BranchAndBound,weight_kurtosis,duplicate_pairs,-0.12890756645576038
BranchAndBound,weight_kurtosis,time_millis,-0.0406036141108797
BranchAndBound,weight_kurtosis,memory_bytes,-0.023496262741665608
BranchAndBound,weight_kurtosis,memory_mb,-0.023496290761408325
BranchAndBound,weight_kurtosis,solution_value,-0.09927975775695795
BranchAndBound,weight_kurtosis,optimal_value,-0.09927975775695795
BranchAndBound,weight_kurtosis,nodes_explored,-0.04231452830150718
BranchAndBound,weight_kurtosis,nodes_pruned,-0.010802642242456775
BranchAndBound,weight_kurtosis,max_queue_size,-0.02299781028789415
BranchAndBound,weight_kurtosis,optimal,0.036305108510902885
BranchAndBound,weight_kurtosis,nodes_generated,-0.12771501415575867
BranchAndBound,weight_kurtosis,internal_nodes,-0.12456083611192707
BranchAndBound,weight_kurtosis,max_depth,-0.14862074507006368
BranchAndBound,weight_kurtosis,mean_depth,-0.1326586271117068
BranchAndBound,weight_kurtosis,median_depth,-0.12991910301619228
BranchAndBound,weight_kurtosis,mean_queue_size,-0.11458277194355974
BranchAndBound,weight_kurtosis,final_queue_size,-0.03631272639206844
BranchAndBound,weight_kurtosis,mean_bound,-0.09925149069293494
BranchAndBound,weight_kurtosis,bound_variance,0.05548133638060704
BranchAndBound,weight_kurtosis,min_bound,-0.09930629332389723
BranchAndBound,weight_kurtosis,max_bound,-0.09924020384166345
BranchAndBound,weight_kurtosis,mean_bound_gap,-0.017121836734602262
BranchAndBound,weight_kurtosis,bound_gap_variance,-0.05024049516885812
BranchAndBound,weight_kurtosis,pruned_by_bound,-0.0491709417299056
BranchAndBound,weight_kurtosis,pruned_by_cap,-0.03636338159376213
BranchAndBound,weight_kurtosis,left_branches,-0.11032594395618678
BranchAndBound,weight_kurtosis,right_branches,-0.12612526238433264
BranchAndBound,weight_kurtosis,explored_children,-0.12560402970024453
BranchAndBound,weight_kurtosis,skipped_children,-0.11276813385000314
BranchAndBound,weight_kurtosis,skipped_infeasible,-0.10192705666508783
BranchAndBound,weight_kurtosis,skipped_by_bound,-0.04893998627763354
BranchAndBound,weight_kurtosis,improvement_count,-0.10333648662837555
BranchAndBound,weight_kurtosis,sum_improvement_amount,-0.10778117810547531
BranchAndBound,weight_kurtosis,mean_improvement_amount,-0.0019944482256531652
BranchAndBound,weight_kurtosis,last_improvement_node,-0.02545967743610908
BranchAndBound,weight_kurtosis,pruned_generated_ratio,-0.011722725492284272
BranchAndBound,weight_kurtosis,avg_branching_factor,-0.0536332956553212
BranchAndBound,weight_kurtosis,capacity_density,0.015622435036758258
BranchAndBound,weight_kurtosis,cells_allocated,-0.0771688213414105
BranchAndBound,weight_kurtosis,total_evaluations,-0.1558361855641285
BranchAndBound,weight_kurtosis,include_count,-0.12143038359831997
BranchAndBound,weight_kurtosis,exclude_count,-0.17079492906208069
BranchAndBound,weight_kurtosis,tie_count,-0.1532174496392168
BranchAndBound,weight_kurtosis,include_ratio,0.05157137132176578
BranchAndBound,weight_kurtosis,nonzero_value_states,-0.07810620783238183
BranchAndBound,weight_kurtosis,zero_value_states,0.18756118937628433
BranchAndBound,weight_kurtosis,fill_rate,-0.12043345592939755
BranchAndBound,weight_kurtosis,mean_cell_value,-0.09386819431790173
BranchAndBound,weight_kurtosis,cell_value_variance,-0.07921868033654893
BranchAndBound,weight_kurtosis,dp_sum_improvement_amount,-0.09522427055838387
BranchAndBound,weight_kurtosis,dp_mean_improvement_amount,0.04955886640463173
BranchAndBound,weight_kurtosis,updates_per_cell,-0.17509340316598668
BranchAndBound,weight_kurtosis,selected_count,-0.10368242457055084
BranchAndBound,weight_kurtosis,solution_density,0.02418446215610349
BranchAndBound,weight_kurtosis,residual_capacity,0.0790025074323834
BranchAndBound,weight_kurtosis,capacity_utilization,-0.17042987390901626
BranchAndBound,weight_kurtosis,last_selected_position,-0.12000865286695045
BranchAndBound,weight_kurtosis,first_skipped_position,-0.10297334336094834
BranchAndBound,weight_kurtosis,solution_gap,-0.013297663660563824
BranchAndBound,weight_kurtosis,log_time_millis,-0.14091860539032516
BranchAndBound,weight_kurtosis,log_nodes_explored,-0.13064410298502901
BranchAndBound,weight_kurtosis,AlmostEqualRatios,-0.02525943867255674
BranchAndBound,weight_kurtosis,InverseCorrelated,0.003278076412902318
BranchAndBound,weight_kurtosis,StronglyCorrelated,0.006660846930343752
BranchAndBound,weight_kurtosis,WeaklyCorrelated,0.0015198306437737654
BranchAndBound,weight_kurtosis,log_n,-0.2314657899187249
BranchAndBound,value_kurtosis,capacity_ratio,0.01773219208259394
BranchAndBound,value_kurtosis,slack,-0.19849310885770902
BranchAndBound,value_kurtosis,average_fillable_items,-0.06509663676342647
BranchAndBound,value_kurtosis,pearson_corr,0.044130817217977125
BranchAndBound,value_kurtosis,spearman_corr,0.04028732077381505
BranchAndBound,value_kurtosis,kendall_corr,0.0486734702477412
BranchAndBound,value_kurtosis,mean_ratio,-0.06788798254238554
BranchAndBound,value_kurtosis,median_ratio,0.07477108325099278
BranchAndBound,value_kurtosis,std_ratio,-0.08425674961315312
BranchAndBound,value_kurtosis,ratio_entropy,0.12203602421893309
BranchAndBound,value_kurtosis,unique_ratio_count,-0.200441026779388
BranchAndBound,value_kurtosis,duplicate_ratio_fraction,-0.11341614263533718
BranchAndBound,value_kurtosis,unique_weights,-0.20749245368630295
BranchAndBound,value_kurtosis,unique_values,-0.20740897089980673
BranchAndBound,value_kurtosis,unique_pairs,-0.20007573287351757
BranchAndBound,value_kurtosis,duplicate_items,-0.12225895388430603
BranchAndBound,value_kurtosis,duplicate_pairs,-0.12211673192914538
BranchAndBound,value_kurtosis,time_millis,-0.05313047056712188
BranchAndBound,value_kurtosis,memory_bytes,-0.025557657823561907
BranchAndBound,value_kurtosis,memory_mb,-0.02555764459918357
BranchAndBound,value_kurtosis,solution_value,-0.1008121976454736
BranchAndBound,value_kurtosis,optimal_value,-0.1008121976454736
BranchAndBound,value_kurtosis,nodes_explored,-0.057126469445142394
BranchAndBound,value_kurtosis,nodes_pruned,-0.004149994178314779
BranchAndBound,value_kurtosis,max_queue_size,-0.022451759932389993
BranchAndBound,value_kurtosis,optimal,0.05001489772820432
BranchAndBound,value_kurtosis,nodes_generated,-0.13171114660793398
BranchAndBound,value_kurtosis,internal_nodes,-0.12893410953472093
BranchAndBound,value_kurtosis,max_depth,-0.14211464825615
BranchAndBound,value_kurtosis,mean_depth,-0.1288281826427535
BranchAndBound,value_kurtosis,median_depth,-0.12578022452524407
BranchAndBound,value_kurtosis,mean_queue_size,-0.12137324396827126
BranchAndBound,value_kurtosis,final_queue_size,-0.04975506830299101
BranchAndBound,value_kurtosis,mean_bound,-0.1007785316838591
BranchAndBound,value_kurtosis,bound_variance,0.013848502802770177
BranchAndBound,value_kurtosis,min_bound,-0.10053596647736897
BranchAndBound,value_kurtosis,max_bound,-0.10085441833981368
BranchAndBound,value_kurtosis,mean_bound_gap,-0.025275827173508562
BranchAndBound,value_kurtosis,bound_gap_variance,-0.06131334191355852
BranchAndBound,value_kurtosis,pruned_by_bound,-0.04425177208257104
BranchAndBound,value_kurtosis,pruned_by_cap,-0.04994285781207531
BranchAndBound,value_kurtosis,left_branches,-0.11513309503042539
BranchAndBound,value_kurtosis,right_branches,-0.12971887253483894
BranchAndBound,value_kurtosis,explored_children,-0.12948577889878332
BranchAndBound,value_kurtosis,skipped_children,-0.11952495325193462
BranchAndBound,value_kurtosis,skipped_infeasible,-0.10834808369449649
BranchAndBound,value_kurtosis,skipped_by_bound,-0.06495909924687218
BranchAndBound,value_kurtosis,improvement_count,-0.10120079336966818
BranchAndBound,value_kurtosis,sum_improvement_amount,-0.12558729517517958
BranchAndBound,value_kurtosis,mean_improvement_amount,-0.06817245084608753
BranchAndBound,value_kurtosis,last_improvement_node,-0.033769836960449065
BranchAndBound,value_kurtosis,pruned_generated_ratio,-0.005271675561092252
BranchAndBound,value_kurtosis,avg_branching_factor,-0.045253720010568106
BranchAndBound,value_kurtosis,capacity_density,0.016181258519167734
BranchAndBound,value_kurtosis,cells_allocated,-0.06668268695328916
BranchAndBound,value_kurtosis,total_evaluations,-0.13583712027743636
BranchAndBound,value_kurtosis,include_count,-0.11006282465531923
BranchAndBound,value_kurtosis,exclude_count,-0.14643393283268127
BranchAndBound,value_kurtosis,tie_count,-0.09936407852004264
BranchAndBound,value_kurtosis,include_ratio,0.03154259519684272
BranchAndBound,value_kurtosis,nonzero_value_states,-0.06749268866689545
BranchAndBound,value_kurtosis,zero_value_states,0.15703091496359642
BranchAndBound,value_kurtosis,fill_rate,-0.10299739311184866
BranchAndBound,value_kurtosis,mean_cell_value,-0.10271897917622731
BranchAndBound,value_kurtosis,cell_value_variance,-0.07713782713616546
BranchAndBound,value_kurtosis,dp_sum_improvement_amount,-0.10132707871646446
BranchAndBound,value_kurtosis,dp_mean_improvement_amount,-0.016307146029678723
BranchAndBound,value_kurtosis,updates_per_cell,-0.16329162426513374
BranchAndBound,value_kurtosis,selected_count,-0.10027480819421056
BranchAndBound,value_kurtosis,solution_density,0.0041944240600077344
BranchAndBound,value_kurtosis,residual_capacity,0.030251279617286714
BranchAndBound,value_kurtosis,capacity_utilization,-0.1275156814644781
BranchAndBound,value_kurtosis,last_selected_position,-0.07441970886150345
BranchAndBound,value_kurtosis,first_skipped_position,-0.10054466485791837
BranchAndBound,value_kurtosis,solution_gap,-0.011625353134757935
BranchAndBound,value_kurtosis,log_time_millis,-0.14211935879030257
BranchAndBound,value_kurtosis,log_nodes_explored,-0.1341059223845122
BranchAndBound,value_kurtosis,AlmostEqualRatios,0.0407452972550442
BranchAndBound,value_kurtosis,InverseCorrelated,-0.03989500431298292
BranchAndBound,value_kurtosis,StronglyCorrelated,-0.03542128365853179
BranchAndBound,value_kurtosis,WeaklyCorrelated,0.11152382218311234
BranchAndBound,value_kurtosis,log_n,-0.20175559148677952
BranchAndBound,capacity_ratio,slack,-0.30142056632688263
BranchAndBound,capacity_ratio,average_fillable_items,0.8821546976269373
BranchAndBound,capacity_ratio,pearson_corr,0.00032286721871849195
BranchAndBound,capacity_ratio,spearman_corr,-0.0015425575446624757
BranchAndBound,capacity_ratio,kendall_corr,0.0023927859044340664
BranchAndBound,capacity_ratio,mean_ratio,0.0019186753667703876
BranchAndBound,capacity_ratio,median_ratio,0.008491792169711599
BranchAndBound,capacity_ratio,std_ratio,-0.006525453987054717
BranchAndBound,capacity_ratio,ratio_entropy,0.021073133935842366
BranchAndBound,capacity_ratio,unique_ratio_count,-0.06444843957418722
BranchAndBound,capacity_ratio,duplicate_ratio_fraction,-0.025577840980047454
BranchAndBound,capacity_ratio,unique_weights,-0.06571352558342018
BranchAndBound,capacity_ratio,unique_values,-0.06569669019463867
BranchAndBound,capacity_ratio,unique_pairs,-0.06434037012923767
BranchAndBound,capacity_ratio,duplicate_items,-0.03810483645265794
BranchAndBound,capacity_ratio,duplicate_pairs,-0.038096859912188995
BranchAndBound,capacity_ratio,time_millis,0.1825443396384582
BranchAndBound,capacity_ratio,memory_bytes,0.11249804730054565
BranchAndBound,capacity_ratio,memory_mb,0.1124979611743289
BranchAndBound,capacity_ratio,solution_value,0.4824906749107758
BranchAndBound,capacity_ratio,optimal_value,0.4824906749107758
BranchAndBound,capacity_ratio,nodes_explored,0.18205175608341262
BranchAndBound,capacity_ratio,nodes_pruned,0.0451830699796088
BranchAndBound,capacity_ratio,max_queue_size,0.11554893851359026
BranchAndBound,capacity_ratio,optimal,-0.1733897489703602
BranchAndBound,capacity_ratio,nodes_generated,0.2020439280032711
BranchAndBound,capacity_ratio,internal_nodes,0.17282873264160012
BranchAndBound,capacity_ratio,max_depth,0.033052368032764116
BranchAndBound,capacity_ratio,mean_depth,0.2334604683962744
BranchAndBound,capacity_ratio,median_depth,0.2676667751897046
BranchAndBound,capacity_ratio,mean_queue_size,0.41393889728871375
BranchAndBound,capacity_ratio,final_queue_size,0.17217382096499706
BranchAndBound,capacity_ratio,mean_bound,0.4823840492326344
BranchAndBound,capacity_ratio,bound_variance,0.08164212944940831
BranchAndBound,capacity_ratio,min_bound,0.48226180171907285
BranchAndBound,capacity_ratio,max_bound,0.4821788998176634
BranchAndBound,capacity_ratio,mean_bound_gap,0.5996787023802322
BranchAndBound,capacity_ratio,bound_gap_variance,0.6947484913700099
BranchAndBound,capacity_ratio,pruned_by_bound,0.1408030413245343
BranchAndBound,capacity_ratio,pruned_by_cap,0.1718689187804263
BranchAndBound,capacity_ratio,left_branches,0.43949066081784577
BranchAndBound,capacity_ratio,right_branches,0.16138650760733966
BranchAndBound,capacity_ratio,explored_children,0.20205005021006947
BranchAndBound,capacity_ratio,skipped_children,0.11337585690534813
BranchAndBound,capacity_ratio,skipped_infeasible,0.10647009952896581
BranchAndBound,capacity_ratio,skipped_by_bound,0.18242774112106552
BranchAndBound,capacity_ratio,improvement_count,0.49599732826562576
BranchAndBound,capacity_ratio,sum_improvement_amount,0.708348568240913
BranchAndBound,capacity_ratio,mean_improvement_amount,0.24770174023716401
BranchAndBound,capacity_ratio,last_improvement_node,0.12126194943291681
BranchAndBound,capacity_ratio,pruned_generated_ratio,0.46467187267344406
BranchAndBound,capacity_ratio,avg_branching_factor,0.12811157174636847
BranchAndBound,capacity_ratio,capacity_density,0.9940099194374943
BranchAndBound,capacity_ratio,cells_allocated,0.8813056016619389
BranchAndBound,capacity_ratio,total_evaluations,0.6769951634857521
BranchAndBound,capacity_ratio,include_count,0.7941738617204613
BranchAndBound,capacity_ratio,exclude_count,0.5890423074380422
BranchAndBound,capacity_ratio,tie_count,0.3117847228040635
BranchAndBound,capacity_ratio,include_ratio,0.9078237830809859
BranchAndBound,capacity_ratio,nonzero_value_states,0.8810505590609237
BranchAndBound,capacity_ratio,zero_value_states,0.04851141964888026
BranchAndBound,capacity_ratio,fill_rate,0.2666033170823946
BranchAndBound,capacity_ratio,mean_cell_value,0.44786899252279017
BranchAndBound,capacity_ratio,cell_value_variance,0.3739836461044941
BranchAndBound,capacity_ratio,dp_sum_improvement_amount,0.818717591500543
BranchAndBound,capacity_ratio,dp_mean_improvement_amount,0.4747317424503173
BranchAndBound,capacity_ratio,updates_per_cell,0.6152896823000472
BranchAndBound,capacity_ratio,selected_count,0.4929901839442063
BranchAndBound,capacity_ratio,solution_density,0.9670404810288893
BranchAndBound,capacity_ratio,residual_capacity,0.3176880887949548
BranchAndBound,capacity_ratio,capacity_utilization,0.2797655024938384
BranchAndBound,capacity_ratio,last_selected_position,0.27774542837630334
BranchAndBound,capacity_ratio,first_skipped_position,0.49302816744918315
BranchAndBound,capacity_ratio,solution_gap,0.06496894859335889
BranchAndBound,capacity_ratio,log_time_millis,0.23643795756492228
BranchAndBound,capacity_ratio,log_nodes_explored,0.20101385075883058
BranchAndBound,capacity_ratio,AlmostEqualRatios,0.00024533151283435425
BranchAndBound,capacity_ratio,InverseCorrelated,-0.00019274659865451348
BranchAndBound,capacity_ratio,StronglyCorrelated,-0.00015302687591801543
BranchAndBound,capacity_ratio,WeaklyCorrelated,-0.0001263745393593189
BranchAndBound,capacity_ratio,log_n,-0.06411306366812732
BranchAndBound,slack,average_fillable_items,0.09962218483085118
BranchAndBound,slack,pearson_corr,-0.002862853306627343
BranchAndBound,slack,spearman_corr,0.023513312828963646
BranchAndBound,slack,kendall_corr,-0.023855937131934506
BranchAndBound,slack,mean_ratio,-0.019295220054439427
BranchAndBound,slack,median_ratio,-0.07039184746080837
BranchAndBound,slack,std_ratio,0.09923668730526426
BranchAndBound,slack,ratio_entropy,-0.3100499792013897
BranchAndBound,slack,unique_ratio_count,0.9675509558646161
BranchAndBound,slack,duplicate_ratio_fraction,0.47916266905001187
BranchAndBound,slack,unique_weights,0.9679044779726342
BranchAndBound,slack,unique_values,0.9680173155533415
BranchAndBound,slack,unique_pairs,0.9673174500443329
BranchAndBound,slack,duplicate_items,0.611213902122696
BranchAndBound,slack,duplicate_pairs,0.6104936732156967
BranchAndBound,slack,time_millis,0.20600108471006157
BranchAndBound,slack,memory_bytes,0.12664039751536507
BranchAndBound,slack,memory_mb,0.12664050234436
BranchAndBound,slack,solution_value,0.4020246285386484
BranchAndBound,slack,optimal_value,0.4020246285386484
BranchAndBound,slack,nodes_explored,0.21552615540038977
BranchAndBound,slack,nodes_pruned,0.05054344087649352
BranchAndBound,slack,max_queue_size,0.12145512826094632
BranchAndBound,slack,optimal,-0.1897265553430853
BranchAndBound,slack,nodes_generated,0.5202415618901369
BranchAndBound,slack,internal_nodes,0.516047148205199
BranchAndBound,slack,max_depth,0.7654633513561867
BranchAndBound,slack,mean_depth,0.6404962467280728
BranchAndBound,slack,median_depth,0.6189922507177938
BranchAndBound,slack,mean_queue_size,0.4274004355528681
BranchAndBound,slack,final_queue_size,0.18855444588059345
BranchAndBound,slack,mean_bound,0.40204761636169184
BranchAndBound,slack,bound_variance,-0.2403324474611407
BranchAndBound,slack,min_bound,0.4023115582890016
BranchAndBound,slack,max_bound,0.40208925715673227
BranchAndBound,slack,mean_bound_gap,-0.09487234037893962
BranchAndBound,slack,bound_gap_variance,0.003485474971327237
BranchAndBound,slack,pruned_by_bound,0.04114751794469211
BranchAndBound,slack,pruned_by_cap,0.18885782600914952
BranchAndBound,slack,left_branches,0.3873891924974511
BranchAndBound,slack,right_branches,0.526400294505911
BranchAndBound,slack,explored_children,0.5171611767365693
BranchAndBound,slack,skipped_children,0.48335185346304244
BranchAndBound,slack,skipped_infeasible,0.41912196543823915
BranchAndBound,slack,skipped_by_bound,0.15511320621114283
BranchAndBound,slack,improvement_count,0.41953469639438906
BranchAndBound,slack,sum_improvement_amount,0.264321604964924
BranchAndBound,slack,mean_improvement_amount,-0.05618510569187157
BranchAndBound,slack,last_improvement_node,0.1297419770522387
BranchAndBound,slack,pruned_generated_ratio,-0.11955671849558816
BranchAndBound,slack,avg_branching_factor,0.21886629493305898
BranchAndBound,slack,capacity_density,-0.29465700130398753
BranchAndBound,slack,cells_allocated,0.10275165004735064
BranchAndBound,slack,total_evaluations,0.4753577281723295
BranchAndBound,slack,include_count,0.2858015498879876
BranchAndBound,slack,exclude_count,0.5727836393206657
BranchAndBound,slack,tie_count,0.42191108914628234
BranchAndBound,slack,include_ratio,-0.5113941821853347
BranchAndBound,slack,nonzero_value_states,0.10564322208969772
BranchAndBound,slack,zero_value_states,-0.7213967533917682
BranchAndBound,slack,fill_rate,0.3272670816516043
BranchAndBound,slack,mean_cell_value,0.3768808757164844
BranchAndBound,slack,cell_value_variance,0.3796970339858691
BranchAndBound,slack,dp_sum_improvement_amount,0.18733861905670096
BranchAndBound,slack,dp_mean_improvement_amount,-0.26661412913602317
BranchAndBound,slack,updates_per_cell,0.5230725013243537
BranchAndBound,slack,selected_count,0.421947932411669
BranchAndBound,slack,solution_density,-0.3720003071464923
BranchAndBound,slack,residual_capacity,-0.2584052245995039
BranchAndBound,slack,capacity_utilization,0.3417188206350857
BranchAndBound,slack,last_selected_position,0.5635284685005642
BranchAndBound,slack,first_skipped_position,0.42001289080703197
BranchAndBound,slack,solution_gap,0.07243719324736726
BranchAndBound,slack,log_time_millis,0.5707983692042573
BranchAndBound,slack,log_nodes_explored,0.5251904489397085
BranchAndBound,slack,AlmostEqualRatios,-0.0007552730951343761
BranchAndBound,slack,InverseCorrelated,0.0010013862177026946
BranchAndBound,slack,StronglyCorrelated,0.0002440954181373428
BranchAndBound,slack,WeaklyCorrelated,0.0011310452598939065
BranchAndBound,slack,log_n,0.9693821606761356
BranchAndBound,average_fillable_items,pearson_corr,-0.0005420170755292542
BranchAndBound,average_fillable_items,spearman_corr,0.008426450354328468
BranchAndBound,average_fillable_items,kendall_corr,-0.007479163996660493
BranchAndBound,average_fillable_items,mean_ratio,-0.003171626821768803
BranchAndBound,average_fillable_items,median_ratio,-0.0060875687061685965
BranchAndBound,average_fillable_items,std_ratio,0.03549464249855279
BranchAndBound,average_fillable_items,ratio_entropy,-0.10446867633866141
BranchAndBound,average_fillable_items,unique_ratio_count,0.32538638825232835
BranchAndBound,average_fillable_items,duplicate_ratio_fraction,0.16201163756498876
BranchAndBound,average_fillable_items,unique_weights,0.3254516674350242
BranchAndBound,average_fillable_items,unique_values,0.32545258835357005
BranchAndBound,average_fillable_items,unique_pairs,0.3253414161649498
BranchAndBound,average_fillable_items,duplicate_items,0.20568635359163392
BranchAndBound,average_fillable_items,duplicate_pairs,0.2054402465318193
BranchAndBound,average_fillable_items,time_millis,0.3260699643722846
BranchAndBound,average_fillable_items,memory_bytes,0.20062821672490347
BranchAndBound,average_fillable_items,memory_mb,0.20062816148239282
BranchAndBound,average_fillable_items,solution_value,0.771802665684252
BranchAndBound,average_fillable_items,optimal_value,0.771802665684252
BranchAndBound,average_fillable_items,nodes_explored,0.32914565478938773
BranchAndBound,average_fillable_items,nodes_pruned,0.08214284522488925
BranchAndBound,average_fillable_items,max_queue_size,0.20412902401708713
BranchAndBound,average_fillable_items,optimal,-0.308462653150771
BranchAndBound,average_fillable_items,nodes_generated,0.4539542059816707
BranchAndBound,average_fillable_items,internal_nodes,0.42248083906935546
BranchAndBound,average_fillable_items,max_depth,0.35443275708910343
BranchAndBound,average_fillable_items,mean_depth,0.5586152630582771
BranchAndBound,average_fillable_items,median_depth,0.5916619085627569
BranchAndBound,average_fillable_items,mean_queue_size,0.6383977912129217
BranchAndBound,average_fillable_items,final_queue_size,0.3064861176863522
BranchAndBound,average_fillable_items,mean_bound,0.7717282516078642
BranchAndBound,average_fillable_items,bound_variance,-0.024541395761200773
BranchAndBound,average_fillable_items,min_bound,0.7718043605507753
BranchAndBound,average_fillable_items,max_bound,0.7715227991251918
BranchAndBound,average_fillable_items,mean_bound_gap,0.6001292022057068
BranchAndBound,average_fillable_items,bound_gap_variance,0.7419594436398296
BranchAndBound,average_fillable_items,pruned_by_bound,0.10702360289621214
BranchAndBound,average_fillable_items,pruned_by_cap,0.3062246081438982
BranchAndBound,average_fillable_items,left_branches,0.6497822204177999
BranchAndBound,average_fillable_items,right_branches,0.41620043625267655
BranchAndBound,average_fillable_items,explored_children,0.45237288537965153
BranchAndBound,average_fillable_items,skipped_children,0.3462884163001951
BranchAndBound,average_fillable_items,skipped_infeasible,0.3128851273546216
BranchAndBound,average_fillable_items,skipped_by_bound,0.23737625674956023
BranchAndBound,average_fillable_items,improvement_count,0.7954404910751071
BranchAndBound,average_fillable_items,sum_improvement_amount,0.8760827906100587
BranchAndBound,average_fillable_items,mean_improvement_amount,0.2385731555998947
BranchAndBound,average_fillable_items,last_improvement_node,0.21625318522322426
BranchAndBound,average_fillable_items,pruned_generated_ratio,0.4075274469762054
BranchAndBound,average_fillable_items,avg_branching_factor,0.24551851085263343
BranchAndBound,average_fillable_items,capacity_density,0.8765179921017776
BranchAndBound,average_fillable_items,cells_allocated,0.9993346147911353
BranchAndBound,average_fillable_items,total_evaluations,0.9205207045587972
BranchAndBound,average_fillable_items,include_count,0.9791070169781346
BranchAndBound,average_fillable_items,exclude_count,0.8693278122355024
BranchAndBound,average_fillable_items,tie_count,0.4788482456948421
BranchAndBound,average_fillable_items,include_ratio,0.7612909939275299
BranchAndBound,average_fillable_items,nonzero_value_states,0.9993434846931292
BranchAndBound,average_fillable_items,zero_value_states,-0.2469965286554455
BranchAndBound,average_fillable_items,fill_rate,0.33280761943506276
BranchAndBound,average_fillable_items,mean_cell_value,0.7181640019909001
BranchAndBound,average_fillable_items,cell_value_variance,0.6523811756790872
BranchAndBound,average_fillable_items,dp_sum_improvement_amount,0.9643504368692
BranchAndBound,average_fillable_items,dp_mean_improvement_amount,0.4017446528563325
BranchAndBound,average_fillable_items,updates_per_cell,0.8812398005252573
BranchAndBound,average_fillable_items,selected_count,0.7936214863478063
BranchAndBound,average_fillable_items,solution_density,0.8387744451143531
BranchAndBound,average_fillable_items,residual_capacity,0.2088780128878568
BranchAndBound,average_fillable_items,capacity_utilization,0.3678557487446046
BranchAndBound,average_fillable_items,last_selected_position,0.5781662782860106
BranchAndBound,average_fillable_items,first_skipped_position,0.7929295765325454
BranchAndBound,average_fillable_items,solution_gap,0.1180217495994534
BranchAndBound,average_fillable_items,log_time_millis,0.5084004840171285
BranchAndBound,average_fillable_items,log_nodes_explored,0.45434346847509877
BranchAndBound,average_fillable_items,AlmostEqualRatios,0.0002418181319987132
BranchAndBound,average_fillable_items,InverseCorrelated,-0.0003296297407752632
BranchAndBound,average_fillable_items,StronglyCorrelated,-7.295908619662647e-05
BranchAndBound,average_fillable_items,WeaklyCorrelated,-0.00037845178757530583
BranchAndBound,average_fillable_items,log_n,0.32605986324847114
BranchAndBound,pearson_corr,spearman_corr,0.99761491638728
BranchAndBound,pearson_corr,kendall_corr,0.987874432525358
BranchAndBound,pearson_corr,mean_ratio,-0.6059573806741106
BranchAndBound,pearson_corr,median_ratio,-0.05180898903686605
BranchAndBound,pearson_corr,std_ratio,-0.6014076678884648
BranchAndBound,pearson_corr,ratio_entropy,0.30679313476273656
BranchAndBound,pearson_corr,unique_ratio_count,0.026438688551792704
BranchAndBound,pearson_corr,duplicate_ratio_fraction,-0.3923211025228428
BranchAndBound,pearson_corr,unique_weights,-0.002251017788142606
BranchAndBound,pearson_corr,unique_values,-0.0028145759542168697
BranchAndBound,pearson_corr,unique_pairs,0.034358890804664664
BranchAndBound,pearson_corr,duplicate_items,-0.20021642705036938
BranchAndBound,pearson_corr,duplicate_pairs,-0.19816072904731777
BranchAndBound,pearson_corr,time_millis,-0.12667539966976218
BranchAndBound,pearson_corr,memory_bytes,-0.09362475393721169
BranchAndBound,pearson_corr,memory_mb,-0.09362447875452237
BranchAndBound,pearson_corr,solution_value,-0.16037566887093357
BranchAndBound,pearson_corr,optimal_value,-0.16037566887093357
BranchAndBound,pearson_corr,nodes_explored,-0.13207451983599183
BranchAndBound,pearson_corr,nodes_pruned,0.025789027083799945
BranchAndBound,pearson_corr,max_queue_size,-0.08099692846862891
BranchAndBound,pearson_corr,optimal,0.1206176558233783
BranchAndBound,pearson_corr,nodes_generated,-0.10284564606182749
BranchAndBound,pearson_corr,internal_nodes,-0.10217574396558672
BranchAndBound,pearson_corr,max_depth,-0.0417256810568484
BranchAndBound,pearson_corr,mean_depth,0.018135800152698337
BranchAndBound,pearson_corr,median_depth,0.02674967952587809
BranchAndBound,pearson_corr,mean_queue_size,-0.13602640540964106
BranchAndBound,pearson_corr,final_queue_size,-0.12813399382828103
BranchAndBound,pearson_corr,mean_bound,-0.16041386883277176
BranchAndBound,pearson_corr,bound_variance,-0.639797113629046
BranchAndBound,pearson_corr,min_bound,-0.15799391463395654
BranchAndBound,pearson_corr,max_bound,-0.16144331977027826
BranchAndBound,pearson_corr,mean_bound_gap,-0.21853443705951753
BranchAndBound,pearson_corr,bound_gap_variance,-0.2174042970687505
BranchAndBound,pearson_corr,pruned_by_bound,0.11815316438053865
BranchAndBound,pearson_corr,pruned_by_cap,-0.12478048552262846
BranchAndBound,pearson_corr,left_branches,-0.13488484829667768
BranchAndBound,pearson_corr,right_branches,-0.096607424468034
BranchAndBound,pearson_corr,explored_children,-0.10235386823645906
BranchAndBound,pearson_corr,skipped_children,-0.1045071758726139
BranchAndBound,pearson_corr,skipped_infeasible,-0.08106184002465913
BranchAndBound,pearson_corr,skipped_by_bound,-0.18852163160721003
BranchAndBound,pearson_corr,improvement_count,-0.029328222628260535
BranchAndBound,pearson_corr,sum_improvement_amount,-0.33242047364953226
BranchAndBound,pearson_corr,mean_improvement_amount,-0.7920739161723578
BranchAndBound,pearson_corr,last_improvement_node,0.1359743342167823
BranchAndBound,pearson_corr,pruned_generated_ratio,0.033870133333532414
BranchAndBound,pearson_corr,avg_branching_factor,-0.04462001371641191
BranchAndBound,pearson_corr,capacity_density,-0.0007085447560460973
BranchAndBound,pearson_corr,cells_allocated,-0.0009574028115380798
BranchAndBound,pearson_corr,total_evaluations,-0.0015277728981777214
BranchAndBound,pearson_corr,include_count,-0.030263376520713366
BranchAndBound,pearson_corr,exclude_count,0.014850866349787622
BranchAndBound,pearson_corr,tie_count,0.39446748165390033
BranchAndBound,pearson_corr,include_ratio,-0.13688940297100752
BranchAndBound,pearson_corr,nonzero_value_states,-0.0012223626154024682
BranchAndBound,pearson_corr,zero_value_states,0.019158346521528855
BranchAndBound,pearson_corr,fill_rate,-0.026404656306428114
BranchAndBound,pearson_corr,mean_cell_value,-0.23706359103961475
BranchAndBound,pearson_corr,cell_value_variance,-0.0879026617956569
BranchAndBound,pearson_corr,dp_sum_improvement_amount,-0.19711613145679655
BranchAndBound,pearson_corr,dp_mean_improvement_amount,-0.6945564301597696
BranchAndBound,pearson_corr,updates_per_cell,-0.06934834748253006
BranchAndBound,pearson_corr,selected_count,-0.050032099334057514
BranchAndBound,pearson_corr,solution_density,-0.10253402595683327
BranchAndBound,pearson_corr,residual_capacity,-0.45774327413625443
BranchAndBound,pearson_corr,capacity_utilization,0.25917586598853964
BranchAndBound,pearson_corr,last_selected_position,0.058077735730671876
BranchAndBound,pearson_corr,first_skipped_position,-0.05413304570890796
BranchAndBound,pearson_corr,solution_gap,0.059862844946070484
BranchAndBound,pearson_corr,log_time_millis,-0.07818533540715374
BranchAndBound,pearson_corr,log_nodes_explored,-0.07235784367754336
BranchAndBound,pearson_corr,AlmostEqualRatios,0.270993983538596
BranchAndBound,pearson_corr,InverseCorrelated,-0.8848988340359544
BranchAndBound,pearson_corr,StronglyCorrelated,0.57754679801732
BranchAndBound,pearson_corr,WeaklyCorrelated,0.1892166978762978
BranchAndBound,pearson_corr,log_n,-0.002295813538932422
BranchAndBound,spearman_corr,kendall_corr,0.9894735255885122
BranchAndBound,spearman_corr,mean_ratio,-0.6070132713324191
BranchAndBound,spearman_corr,median_ratio,-0.05212242207718218
BranchAndBound,spearman_corr,std_ratio,-0.6019750628515481
BranchAndBound,spearman_corr,ratio_entropy,0.3058829120194202
BranchAndBound,spearman_corr,unique_ratio_count,0.054466932521267566
BranchAndBound,spearman_corr,duplicate_ratio_fraction,-0.388611762543953
BranchAndBound,spearman_corr,unique_weights,0.025461978033670205
BranchAndBound,spearman_corr,unique_values,0.024904086182729525
BranchAndBound,spearman_corr,unique_pairs,0.06251570366332868
BranchAndBound,spearman_corr,duplicate_items,-0.18655027113714442
BranchAndBound,spearman_corr,duplicate_pairs,-0.18446231818087613
BranchAndBound,spearman_corr,time_millis,-0.12384050911428726
BranchAndBound,spearman_corr,memory_bytes,-0.09192104885898623
BranchAndBound,spearman_corr,memory_mb,-0.09192076666818991
BranchAndBound,spearman_corr,solution_value,-0.1502208428871939
BranchAndBound,spearman_corr,optimal_value,-0.1502208428871939
BranchAndBound,spearman_corr,nodes_explored,-0.1292567112375919
BranchAndBound,spearman_corr,nodes_pruned,0.02810415022998824
BranchAndBound,spearman_corr,max_queue_size,-0.07909284347573764
BranchAndBound,spearman_corr,optimal,0.11824618516349049
BranchAndBound,spearman_corr,nodes_generated,-0.09716749937538684
BranchAndBound,spearman_corr,internal_nodes,-0.09704466224677158
BranchAndBound,spearman_corr,max_depth,-0.02317530348401771
BranchAndBound,spearman_corr,mean_depth,0.03546996301807764
BranchAndBound,spearman_corr,median_depth,0.04393058292417942
BranchAndBound,spearman_corr,mean_queue_size,-0.1300893171125064
BranchAndBound,spearman_corr,final_queue_size,-0.12596738761316237
BranchAndBound,spearman_corr,mean_bound,-0.1502612197689626
BranchAndBound,spearman_corr,bound_variance,-0.6394462013217862
BranchAndBound,spearman_corr,min_bound,-0.14785272429901328
BranchAndBound,spearman_corr,max_bound,-0.15129313162745398
BranchAndBound,spearman_corr,mean_bound_gap,-0.2097881420444668
BranchAndBound,spearman_corr,bound_gap_variance,-0.20693490074005733
BranchAndBound,spearman_corr,pruned_by_bound,0.12459769545698594
BranchAndBound,spearman_corr,pruned_by_cap,-0.12254261744714587
BranchAndBound,spearman_corr,left_branches,-0.1307831003445212
BranchAndBound,spearman_corr,right_branches,-0.09114322526215596
BranchAndBound,spearman_corr,explored_children,-0.09668264451324013
BranchAndBound,spearman_corr,skipped_children,-0.10101966812549133
BranchAndBound,spearman_corr,skipped_infeasible,-0.07801254159670377
BranchAndBound,spearman_corr,skipped_by_bound,-0.19440338013589822
BranchAndBound,spearman_corr,improvement_count,-0.01693097862049856
BranchAndBound,spearman_corr,sum_improvement_amount,-0.3211155738074979
BranchAndBound,spearman_corr,mean_improvement_amount,-0.7892305775979639
BranchAndBound,spearman_corr,last_improvement_node,0.14247293043100892
BranchAndBound,spearman_corr,pruned_generated_ratio,0.041381222595552644
BranchAndBound,spearman_corr,avg_branching_factor,-0.04266766741325657
BranchAndBound,spearman_corr,capacity_density,-0.0028340666200667563
BranchAndBound,spearman_corr,cells_allocated,0.007935513270264915
BranchAndBound,spearman_corr,total_evaluations,0.016753416308146134
BranchAndBound,spearman_corr,include_count,-0.017114210534950314
BranchAndBound,spearman_corr,exclude_count,0.035700305942758935
BranchAndBound,spearman_corr,tie_count,0.3990994118131073
BranchAndBound,spearman_corr,include_ratio,-0.14696625257197468
BranchAndBound,spearman_corr,nonzero_value_states,0.007773196565887506
BranchAndBound,spearman_corr,zero_value_states,-0.0035463777298283105
BranchAndBound,spearman_corr,fill_rate,-0.012949819060300552
BranchAndBound,spearman_corr,mean_cell_value,-0.22931820967394412
BranchAndBound,spearman_corr,cell_value_variance,-0.07901309078342034
BranchAndBound,spearman_corr,dp_sum_improvement_amount,-0.18666574314462464
BranchAndBound,spearman_corr,dp_mean_improvement_amount,-0.6993563540787536
BranchAndBound,spearman_corr,updates_per_cell,-0.05114324410420291
BranchAndBound,spearman_corr,selected_count,-0.03761828705887677
BranchAndBound,spearman_corr,solution_density,-0.10907920527709207
BranchAndBound,spearman_corr,residual_capacity,-0.4697428859783489
BranchAndBound,spearman_corr,capacity_utilization,0.2736843979912723
BranchAndBound,spearman_corr,last_selected_position,0.07604126440898223
BranchAndBound,spearman_corr,first_skipped_position,-0.04187787888158479
BranchAndBound,spearman_corr,solution_gap,0.06330560298441579
BranchAndBound,spearman_corr,log_time_millis,-0.06953928175090093
BranchAndBound,spearman_corr,log_nodes_explored,-0.06715860603378933
BranchAndBound,spearman_corr,AlmostEqualRatios,0.27871785846803354
BranchAndBound,spearman_corr,InverseCorrelated,-0.8914646613661045
BranchAndBound,spearman_corr,StronglyCorrelated,0.5590875386431878
BranchAndBound,spearman_corr,WeaklyCorrelated,0.19662752024589308
BranchAndBound,spearman_corr,log_n,0.02504992985138454
BranchAndBound,kendall_corr,mean_ratio,-0.601081765673037
BranchAndBound,kendall_corr,median_ratio,-0.05276612914607301
BranchAndBound,kendall_corr,std_ratio,-0.5931586112794094
BranchAndBound,kendall_corr,ratio_entropy,0.30854818912905635
BranchAndBound,kendall_corr,unique_ratio_count,0.007513780907423558
BranchAndBound,kendall_corr,duplicate_ratio_fraction,-0.43974590381224543
BranchAndBound,kendall_corr,unique_weights,-0.024517626049829253
BranchAndBound,kendall_corr,unique_values,-0.02502998307910193
BranchAndBound,kendall_corr,unique_pairs,0.014731171562801999
BranchAndBound,kendall_corr,duplicate_items,-0.266026851921664
BranchAndBound,kendall_corr,duplicate_pairs,-0.26400663183091905
BranchAndBound,kendall_corr,time_millis,-0.14862441854849168
BranchAndBound,kendall_corr,memory_bytes,-0.10369656062219436
BranchAndBound,kendall_corr,memory_mb,-0.1036962437515773
BranchAndBound,kendall_corr,solution_value,-0.16030036920131788
BranchAndBound,kendall_corr,optimal_value,-0.16030036920131788
BranchAndBound,kendall_corr,nodes_explored,-0.15575557262489376
BranchAndBound,kendall_corr,nodes_pruned,0.024306370104538517
BranchAndBound,kendall_corr,max_queue_size,-0.089375431278966
BranchAndBound,kendall_corr,optimal,0.1417031124627349
BranchAndBound,kendall_corr,nodes_generated,-0.15364991987657078
BranchAndBound,kendall_corr,internal_nodes,-0.1541246111659249
BranchAndBound,kendall_corr,max_depth,-0.06561877643147863
BranchAndBound,kendall_corr,mean_depth,-0.010268001611111934
BranchAndBound,kendall_corr,median_depth,0.0007517455894499103
BranchAndBound,kendall_corr,mean_queue_size,-0.17358757235650266
BranchAndBound,kendall_corr,final_queue_size,-0.14864362401795336
BranchAndBound,kendall_corr,mean_bound,-0.1603586883155449
BranchAndBound,kendall_corr,bound_variance,-0.5742585697233191
BranchAndBound,kendall_corr,min_bound,-0.15813882454330105
BranchAndBound,kendall_corr,max_bound,-0.16138367837282816
BranchAndBound,kendall_corr,mean_bound_gap,-0.1674727603216341
BranchAndBound,kendall_corr,bound_gap_variance,-0.17923658987052998
BranchAndBound,kendall_corr,pruned_by_bound,0.12770568771877946
BranchAndBound,kendall_corr,pruned_by_cap,-0.14548935791224665
BranchAndBound,kendall_corr,left_branches,-0.17182907346668064
BranchAndBound,kendall_corr,right_branches,-0.14862932999164546
BranchAndBound,kendall_corr,explored_children,-0.15277752131832864
BranchAndBound,kendall_corr,skipped_children,-0.15737197607287393
BranchAndBound,kendall_corr,skipped_infeasible,-0.12904478244159517
BranchAndBound,kendall_corr,skipped_by_bound,-0.22005640355497563
BranchAndBound,kendall_corr,improvement_count,-0.041093938226573194
BranchAndBound,kendall_corr,sum_improvement_amount,-0.3248166602573652
BranchAndBound,kendall_corr,mean_improvement_amount,-0.7614640533623591
BranchAndBound,kendall_corr,last_improvement_node,0.11463106997731935
BranchAndBound,kendall_corr,pruned_generated_ratio,0.07236042212589697
BranchAndBound,kendall_corr,avg_branching_factor,-0.05904485420153351
BranchAndBound,kendall_corr,capacity_density,0.001147476745442891
BranchAndBound,kendall_corr,cells_allocated,-0.007998265069790818
BranchAndBound,kendall_corr,total_evaluations,-0.015874494542322638
BranchAndBound,kendall_corr,include_count,-0.04071378072539002
BranchAndBound,kendall_corr,exclude_count,-0.0006935088533076587
BranchAndBound,kendall_corr,tie_count,0.36189676248520913
BranchAndBound,kendall_corr,include_ratio,-0.12789048412844736
BranchAndBound,kendall_corr,nonzero_value_states,-0.0083674061029773
BranchAndBound,kendall_corr,zero_value_states,0.03445102316638593
BranchAndBound,kendall_corr,fill_rate,-0.03903066356143171
BranchAndBound,kendall_corr,mean_cell_value,-0.2345098925233356
BranchAndBound,kendall_corr,cell_value_variance,-0.08717839340581561
BranchAndBound,kendall_corr,dp_sum_improvement_amount,-0.1958091849422383
BranchAndBound,kendall_corr,dp_mean_improvement_amount,-0.6515504063097624
BranchAndBound,kendall_corr,updates_per_cell,-0.08385477814200183
BranchAndBound,kendall_corr,selected_count,-0.05951347135947117
BranchAndBound,kendall_corr,solution_density,-0.10038829388229226
BranchAndBound,kendall_corr,residual_capacity,-0.4734566513408386
BranchAndBound,kendall_corr,capacity_utilization,0.25644091393006524
BranchAndBound,kendall_corr,last_selected_position,0.05367177474467539
BranchAndBound,kendall_corr,first_skipped_position,-0.06366941132695639
BranchAndBound,kendall_corr,solution_gap,0.05174650315993663
BranchAndBound,kendall_corr,log_time_millis,-0.12194811711879151
BranchAndBound,kendall_corr,log_nodes_explored,-0.1255876820244945
BranchAndBound,kendall_corr,AlmostEqualRatios,0.2594585311604868
BranchAndBound,kendall_corr,InverseCorrelated,-0.9252786026035057
BranchAndBound,kendall_corr,StronglyCorrelated,0.5218376379296986
BranchAndBound,kendall_corr,WeaklyCorrelated,0.19224661051725997
BranchAndBound,kendall_corr,log_n,-0.023696295689457393
BranchAndBound,mean_ratio,median_ratio,0.15191896870718227
BranchAndBound,mean_ratio,std_ratio,0.9388938564828442
BranchAndBound,mean_ratio,ratio_entropy,-0.36293574705124715
BranchAndBound,mean_ratio,unique_ratio_count,-0.03234060808972141
BranchAndBound,mean_ratio,duplicate_ratio_fraction,0.23337706226471883
BranchAndBound,mean_ratio,unique_weights,-0.015517242771421741
BranchAndBound,mean_ratio,unique_values,-0.014933069138758519
BranchAndBound,mean_ratio,unique_pairs,-0.03697876466422329
BranchAndBound,mean_ratio,duplicate_items,0.12519849461612007
BranchAndBound,mean_ratio,duplicate_pairs,0.12419252798679545
BranchAndBound,mean_ratio,time_millis,0.08626605741403631
BranchAndBound,mean_ratio,memory_bytes,0.051178749751731895
BranchAndBound,mean_ratio,memory_mb,0.05117855252571264
BranchAndBound,mean_ratio,solution_value,0.09753357635096731
BranchAndBound,mean_ratio,optimal_value,0.09753357635096731
BranchAndBound,mean_ratio,nodes_explored,0.09159012536186054
BranchAndBound,mean_ratio,nodes_pruned,-0.021394992631112452
BranchAndBound,mean_ratio,max_queue_size,0.044681284190328394
BranchAndBound,mean_ratio,optimal,-0.08565943737744876
BranchAndBound,mean_ratio,nodes_generated,0.07029783054878531
BranchAndBound,mean_ratio,internal_nodes,0.06909394837772904
BranchAndBound,mean_ratio,max_depth,0.02864752471193911
BranchAndBound,mean_ratio,mean_depth,0.0014792098281384868
BranchAndBound,mean_ratio,median_depth,-0.0034119404153935993
BranchAndBound,mean_ratio,mean_queue_size,0.09390458170724944
BranchAndBound,mean_ratio,final_queue_size,0.08918375542241028
BranchAndBound,mean_ratio,mean_bound,0.09752953681018293
BranchAndBound,mean_ratio,bound_variance,0.38205260535281754
BranchAndBound,mean_ratio,min_bound,0.09582308857189453
BranchAndBound,mean_ratio,max_bound,0.0981994596903689
BranchAndBound,mean_ratio,mean_bound_gap,0.13718173161163702
BranchAndBound,mean_ratio,bound_gap_variance,0.14510614867606375
BranchAndBound,mean_ratio,pruned_by_bound,-0.06329200999052748
BranchAndBound,mean_ratio,pruned_by_cap,0.08760547351008191
BranchAndBound,mean_ratio,left_branches,0.09117487252485942
BranchAndBound,mean_ratio,right_branches,0.06611342437071405
BranchAndBound,mean_ratio,explored_children,0.0700490339505267
BranchAndBound,mean_ratio,skipped_children,0.0700910074187346
BranchAndBound,mean_ratio,skipped_infeasible,0.052914699254133016
BranchAndBound,mean_ratio,skipped_by_bound,0.11815401393885513
BranchAndBound,mean_ratio,improvement_count,0.025701707063268617
BranchAndBound,mean_ratio,sum_improvement_amount,0.2150318123267284
BranchAndBound,mean_ratio,mean_improvement_amount,0.4949505487813409
BranchAndBound,mean_ratio,last_improvement_node,-0.05646552848781821
BranchAndBound,mean_ratio,pruned_generated_ratio,-0.006917309344111925
BranchAndBound,mean_ratio,avg_branching_factor,0.023979697815019355
BranchAndBound,mean_ratio,capacity_density,-0.005821856751828955
BranchAndBound,mean_ratio,cells_allocated,-0.006470098102668233
BranchAndBound,mean_ratio,total_evaluations,-0.00988010201422798
BranchAndBound,mean_ratio,include_count,0.01832563611893551
BranchAndBound,mean_ratio,exclude_count,-0.029682047031154426
BranchAndBound,mean_ratio,tie_count,-0.2555895324962789
BranchAndBound,mean_ratio,include_ratio,0.13031131232078066
BranchAndBound,mean_ratio,nonzero_value_states,-0.00530108460143321
BranchAndBound,mean_ratio,zero_value_states,-0.2230264346878144
BranchAndBound,mean_ratio,fill_rate,0.11621443663624745
BranchAndBound,mean_ratio,mean_cell_value,0.1470953938619682
BranchAndBound,mean_ratio,cell_value_variance,0.051457791011645014
BranchAndBound,mean_ratio,dp_sum_improvement_amount,0.12598970028861134
BranchAndBound,mean_ratio,dp_mean_improvement_amount,0.44760504028856707
BranchAndBound,mean_ratio,updates_per_cell,0.051911455311954256
BranchAndBound,mean_ratio,selected_count,0.034793816418911945
BranchAndBound,mean_ratio,solution_density,0.10225886616323694
BranchAndBound,mean_ratio,residual_capacity,0.32192159709575113
BranchAndBound,mean_ratio,capacity_utilization,-0.20943108098071087
BranchAndBound,mean_ratio,last_selected_position,-0.07167426239822015
BranchAndBound,mean_ratio,first_skipped_position,0.03818245739228601
BranchAndBound,mean_ratio,solution_gap,-0.030448820026012135
BranchAndBound,mean_ratio,log_time_millis,0.052171737374373965
BranchAndBound,mean_ratio,log_nodes_explored,0.054296789846498
BranchAndBound,mean_ratio,AlmostEqualRatios,-0.2362172307004491
BranchAndBound,mean_ratio,InverseCorrelated,0.5621317448080045
BranchAndBound,mean_ratio,StronglyCorrelated,-0.23069661336807498
BranchAndBound,mean_ratio,WeaklyCorrelated,-0.22356286572343187
BranchAndBound,mean_ratio,log_n,-0.014761659026268787
BranchAndBound,median_ratio,std_ratio,0.09435977499712038
BranchAndBound,median_ratio,ratio_entropy,-0.010639774649872336
BranchAndBound,median_ratio,unique_ratio_count,-0.04611908835345604
BranchAndBound,median_ratio,duplicate_ratio_fraction,-0.00798578461823395
BranchAndBound,median_ratio,unique_weights,-0.04570388324515825
BranchAndBound,median_ratio,unique_values,-0.045308515351769496
BranchAndBound,median_ratio,unique_pairs,-0.0461550357332581
BranchAndBound,median_ratio,duplicate_items,0.016333651936447636
BranchAndBound,median_ratio,duplicate_pairs,0.01630611307732843
BranchAndBound,median_ratio,time_millis,-0.0129046828664685
BranchAndBound,median_ratio,memory_bytes,-0.011088284878678497
BranchAndBound,median_ratio,memory_mb,-0.011088276320974491
BranchAndBound,median_ratio,solution_value,-0.016059208752203475
BranchAndBound,median_ratio,optimal_value,-0.016059208752203475
BranchAndBound,median_ratio,nodes_explored,-0.012625117321042057
BranchAndBound,median_ratio,nodes_pruned,-0.0032710886327348863
BranchAndBound,median_ratio,max_queue_size,-0.009445119544337976
BranchAndBound,median_ratio,optimal,0.00970639487021893
BranchAndBound,median_ratio,nodes_generated,-0.0179077835448652
BranchAndBound,median_ratio,internal_nodes,-0.018768085136665984
BranchAndBound,median_ratio,max_depth,-0.031094529705992725
BranchAndBound,median_ratio,mean_depth,-0.02429014570692555
BranchAndBound,median_ratio,median_depth,-0.023778653756999543
BranchAndBound,median_ratio,mean_queue_size,-0.011057645428127745
BranchAndBound,median_ratio,final_queue_size,-0.00992274245089036
BranchAndBound,median_ratio,mean_bound,-0.016037514520449075
BranchAndBound,median_ratio,bound_variance,0.03879807798354486
BranchAndBound,median_ratio,min_bound,-0.01617794034681319
BranchAndBound,median_ratio,max_bound,-0.015926305723301896
BranchAndBound,median_ratio,mean_bound_gap,0.029469014646782737
BranchAndBound,median_ratio,bound_gap_variance,0.025197963914803678
BranchAndBound,median_ratio,pruned_by_bound,0.008013331295617319
BranchAndBound,median_ratio,pruned_by_cap,-0.009796423456661346
BranchAndBound,median_ratio,left_branches,-0.009546243874839407
BranchAndBound,median_ratio,right_branches,-0.020167968359111527
BranchAndBound,median_ratio,explored_children,-0.017804344757818547
BranchAndBound,median_ratio,skipped_children,-0.019336237701876514
BranchAndBound,median_ratio,skipped_infeasible,-0.03027151907612236
BranchAndBound,median_ratio,skipped_by_bound,0.005606345144852152
BranchAndBound,median_ratio,improvement_count,-0.019549247134634355
BranchAndBound,median_ratio,sum_improvement_amount,0.015167045933535525
BranchAndBound,median_ratio,mean_improvement_amount,0.0683878708655559
BranchAndBound,median_ratio,last_improvement_node,0.00023908754861713788
BranchAndBound,median_ratio,pruned_generated_ratio,0.02196460482404274
BranchAndBound,median_ratio,avg_branching_factor,-0.009581320506911097
BranchAndBound,median_ratio,capacity_density,-0.03302770694344727
BranchAndBound,median_ratio,cells_allocated,-0.0234988973746723
BranchAndBound,median_ratio,total_evaluations,-0.030461090346032303
BranchAndBound,median_ratio,include_count,-0.01820596876883312
BranchAndBound,median_ratio,exclude_count,-0.04029149418138714
BranchAndBound,median_ratio,tie_count,-0.03443260543803052
BranchAndBound,median_ratio,include_ratio,0.0453202058343575
BranchAndBound,median_ratio,nonzero_value_states,-0.023212552874203336
BranchAndBound,median_ratio,zero_value_states,-0.015545120998962244
BranchAndBound,median_ratio,fill_rate,0.020195033301349474
BranchAndBound,median_ratio,mean_cell_value,-0.013866110317810742
BranchAndBound,median_ratio,cell_value_variance,-0.01766273923214816
BranchAndBound,median_ratio,dp_sum_improvement_amount,-0.0033112418632252664
BranchAndBound,median_ratio,dp_mean_improvement_amount,0.05213868299724299
BranchAndBound,median_ratio,updates_per_cell,-0.009468762048367538
BranchAndBound,median_ratio,selected_count,-0.019960256629563536
BranchAndBound,median_ratio,solution_density,0.05295445823288343
BranchAndBound,median_ratio,residual_capacity,0.02961454781932297
BranchAndBound,median_ratio,capacity_utilization,-0.0336751334418422
BranchAndBound,median_ratio,last_selected_position,-0.03139540059017974
BranchAndBound,median_ratio,first_skipped_position,-0.01955869184851958
BranchAndBound,median_ratio,solution_gap,-0.0015716434718807371
BranchAndBound,median_ratio,log_time_millis,-0.026031912383492832
BranchAndBound,median_ratio,log_nodes_explored,-0.019850574268817988
BranchAndBound,median_ratio,AlmostEqualRatios,-0.03450619370608069
BranchAndBound,median_ratio,InverseCorrelated,0.05832984239807026
BranchAndBound,median_ratio,StronglyCorrelated,0.004503768757719042
BranchAndBound,median_ratio,WeaklyCorrelated,-0.03280445985595441
BranchAndBound,median_ratio,log_n,-0.045299338508811036
BranchAndBound,std_ratio,ratio_entropy,-0.42250575169171406
BranchAndBound,std_ratio,unique_ratio_count,0.08518407441187109
BranchAndBound,std_ratio,duplicate_ratio_fraction,0.3252341969455529
BranchAndBound,std_ratio,unique_weights,0.10519068187890174
BranchAndBound,std_ratio,unique_values,0.1055784049083761
BranchAndBound,std_ratio,unique_pairs,0.07943896979759633
BranchAndBound,std_ratio,duplicate_items,0.16567029667213767
BranchAndBound,std_ratio,duplicate_pairs,0.16424716799851993
BranchAndBound,std_ratio,time_millis,0.13277026251231405
BranchAndBound,std_ratio,memory_bytes,0.07864128930643068
BranchAndBound,std_ratio,memory_mb,0.07864107261240379
BranchAndBound,std_ratio,solution_value,0.18240142058454661
BranchAndBound,std_ratio,optimal_value,0.18240142058454661
BranchAndBound,std_ratio,nodes_explored,0.14047702206911675
BranchAndBound,std_ratio,nodes_pruned,-0.021973897235495542
BranchAndBound,std_ratio,max_queue_size,0.07108302609226524
BranchAndBound,std_ratio,optimal,-0.13031248803187476
BranchAndBound,std_ratio,nodes_generated,0.16402370935885896
BranchAndBound,std_ratio,internal_nodes,0.16235191976970828
BranchAndBound,std_ratio,max_depth,0.128865009807055
BranchAndBound,std_ratio,mean_depth,0.0841054197113874
BranchAndBound,std_ratio,median_depth,0.07675602066433442
BranchAndBound,std_ratio,mean_queue_size,0.17949129761723312
BranchAndBound,std_ratio,final_queue_size,0.1346534201056246
BranchAndBound,std_ratio,mean_bound,0.18239895147750324
BranchAndBound,std_ratio,bound_variance,0.36589729441496144
BranchAndBound,std_ratio,min_bound,0.18071424585685816
BranchAndBound,std_ratio,max_bound,0.183057929229982
BranchAndBound,std_ratio,mean_bound_gap,0.13859205844016886
BranchAndBound,std_ratio,bound_gap_variance,0.16085569422254617
BranchAndBound,std_ratio,pruned_by_bound,-0.07900028072023974
BranchAndBound,std_ratio,pruned_by_cap,0.13263710774735005
BranchAndBound,std_ratio,left_branches,0.17590706253657423
BranchAndBound,std_ratio,right_branches,0.1601338328072703
BranchAndBound,std_ratio,explored_children,0.16334787601352643
BranchAndBound,std_ratio,skipped_children,0.1595012857721419
BranchAndBound,std_ratio,skipped_infeasible,0.1290856494405946
BranchAndBound,std_ratio,skipped_by_bound,0.17676021237554948
BranchAndBound,std_ratio,improvement_count,0.09746281182042703
BranchAndBound,std_ratio,sum_improvement_amount,0.28092104688005026
BranchAndBound,std_ratio,mean_improvement_amount,0.5026003774316703
BranchAndBound,std_ratio,last_improvement_node,-0.05839681799153774
BranchAndBound,std_ratio,pruned_generated_ratio,-0.03277022301485428
BranchAndBound,std_ratio,avg_branching_factor,0.07126377884216756
BranchAndBound,std_ratio,capacity_density,-0.011338039385578935
BranchAndBound,std_ratio,cells_allocated,0.033488572171034854
BranchAndBound,std_ratio,total_evaluations,0.07053050756314873
BranchAndBound,std_ratio,include_count,0.07959511609742026
BranchAndBound,std_ratio,exclude_count,0.06233604072499049
BranchAndBound,std_ratio,tie_count,-0.15469633497060276
BranchAndBound,std_ratio,include_ratio,0.0852742867034324
BranchAndBound,std_ratio,nonzero_value_states,0.034829750462930104
BranchAndBound,std_ratio,zero_value_states,-0.33363383299994814
BranchAndBound,std_ratio,fill_rate,0.147519962352023
BranchAndBound,std_ratio,mean_cell_value,0.23876675078095627
BranchAndBound,std_ratio,cell_value_variance,0.12431799927974867
BranchAndBound,std_ratio,dp_sum_improvement_amount,0.1796384832263528
BranchAndBound,std_ratio,dp_mean_improvement_amount,0.4454393563693548
BranchAndBound,std_ratio,updates_per_cell,0.13881953993706786
BranchAndBound,std_ratio,selected_count,0.10829985216628862
BranchAndBound,std_ratio,solution_density,0.07927813727159437
BranchAndBound,std_ratio,residual_capacity,0.29046955376541095
BranchAndBound,std_ratio,capacity_utilization,-0.12043688032511117
BranchAndBound,std_ratio,last_selected_position,-0.010584389832168561
BranchAndBound,std_ratio,first_skipped_position,0.11166746551226724
BranchAndBound,std_ratio,solution_gap,-0.03143135411165604
BranchAndBound,std_ratio,log_time_millis,0.15509628591672744
BranchAndBound,std_ratio,log_nodes_explored,0.14875803794142356
BranchAndBound,std_ratio,AlmostEqualRatios,-0.2429058088790597
BranchAndBound,std_ratio,InverseCorrelated,0.5438291562131238
BranchAndBound,std_ratio,StronglyCorrelated,-0.2400469085952264
BranchAndBound,std_ratio,WeaklyCorrelated,-0.21797635721916944
BranchAndBound,std_ratio,log_n,0.10561307439317272
BranchAndBound,ratio_entropy,unique_ratio_count,-0.3139497281041574
BranchAndBound,ratio_entropy,duplicate_ratio_fraction,-0.22292630074475564
BranchAndBound,ratio_entropy,unique_weights,-0.3206232743092129
BranchAndBound,ratio_entropy,unique_values,-0.319839437665295
BranchAndBound,ratio_entropy,unique_pairs,-0.3058873639886379
BranchAndBound,ratio_entropy,duplicate_items,-0.24929790059354165
BranchAndBound,ratio_entropy,duplicate_pairs,-0.24876803510161094
BranchAndBound,ratio_entropy,time_millis,-0.14933386270748722
BranchAndBound,ratio_entropy,memory_bytes,-0.029577468478622096
BranchAndBound,ratio_entropy,memory_mb,-0.029577614757274412
BranchAndBound,ratio_entropy,solution_value,-0.24833024250878608
BranchAndBound,ratio_entropy,optimal_value,-0.24833024250878608
BranchAndBound,ratio_entropy,nodes_explored,-0.17387785531779634
BranchAndBound,ratio_entropy,nodes_pruned,0.06884139586494992
BranchAndBound,ratio_entropy,max_queue_size,-0.005616653554997378
BranchAndBound,ratio_entropy,optimal,0.16081785418427302
BranchAndBound,ratio_entropy,nodes_generated,-0.28447535745908936
BranchAndBound,ratio_entropy,internal_nodes,-0.28617330664956037
BranchAndBound,ratio_entropy,max_depth,-0.3730959330335387
BranchAndBound,ratio_entropy,mean_depth,-0.3243386383250173
BranchAndBound,ratio_entropy,median_depth,-0.3165849146860131
BranchAndBound,ratio_entropy,mean_queue_size,-0.2829187075469191
BranchAndBound,ratio_entropy,final_queue_size,-0.15751895599267712
BranchAndBound,ratio_entropy,mean_bound,-0.24830280088514087
BranchAndBound,ratio_entropy,bound_variance,-0.19306314946381883
BranchAndBound,ratio_entropy,min_bound,-0.24698318455362642
BranchAndBound,ratio_entropy,max_bound,-0.248739936566315
BranchAndBound,ratio_entropy,mean_bound_gap,-0.12518077034784636
BranchAndBound,ratio_entropy,bound_gap_variance,-0.21266782105420934
BranchAndBound,ratio_entropy,pruned_by_bound,-0.0207787691623705
BranchAndBound,ratio_entropy,pruned_by_cap,-0.1590025039730156
BranchAndBound,ratio_entropy,left_branches,-0.2603254061611945
BranchAndBound,ratio_entropy,right_branches,-0.2878957377726812
BranchAndBound,ratio_entropy,explored_children,-0.28480584883217325
BranchAndBound,ratio_entropy,skipped_children,-0.2935070718765815
BranchAndBound,ratio_entropy,skipped_infeasible,-0.2514160036332637
BranchAndBound,ratio_entropy,skipped_by_bound,-0.27130449661223077
BranchAndBound,ratio_entropy,improvement_count,-0.24235509927225396
BranchAndBound,ratio_entropy,sum_improvement_amount,-0.32848664098040065
BranchAndBound,ratio_entropy,mean_improvement_amount,-0.25910847553260286
BranchAndBound,ratio_entropy,last_improvement_node,-0.10129221290081136
BranchAndBound,ratio_entropy,pruned_generated_ratio,0.11453086612583961
BranchAndBound,ratio_entropy,avg_branching_factor,-0.07930780086880647
BranchAndBound,ratio_entropy,capacity_density,0.02131291684751905
BranchAndBound,ratio_entropy,cells_allocated,-0.10458779014022254
BranchAndBound,ratio_entropy,total_evaluations,-0.21376478851363276
BranchAndBound,ratio_entropy,include_count,-0.20598602072366748
BranchAndBound,ratio_entropy,exclude_count,-0.21592073573182133
BranchAndBound,ratio_entropy,tie_count,0.01045680220580546
BranchAndBound,ratio_entropy,include_ratio,-0.050393349392714885
BranchAndBound,ratio_entropy,nonzero_value_states,-0.10674125104321228
BranchAndBound,ratio_entropy,zero_value_states,0.3990087777560797
BranchAndBound,ratio_entropy,fill_rate,-0.2515539853192007
BranchAndBound,ratio_entropy,mean_cell_value,-0.2745180691195564
BranchAndBound,ratio_entropy,cell_value_variance,-0.19319536959635417
BranchAndBound,ratio_entropy,dp_sum_improvement_amount,-0.2377011954531035
BranchAndBound,ratio_entropy,dp_mean_improvement_amount,-0.22648379625011142
BranchAndBound,ratio_entropy,updates_per_cell,-0.3340400092466516
BranchAndBound,ratio_entropy,selected_count,-0.2370877880760922
BranchAndBound,ratio_entropy,solution_density,-0.08257281079331112
BranchAndBound,ratio_entropy,residual_capacity,-0.18323608003263206
BranchAndBound,ratio_entropy,capacity_utilization,0.02440584117000282
BranchAndBound,ratio_entropy,last_selected_position,-0.14481802808669184
BranchAndBound,ratio_entropy,first_skipped_position,-0.242429502387067
BranchAndBound,ratio_entropy,solution_gap,0.0032286253802279756
BranchAndBound,ratio_entropy,log_time_millis,-0.3035214433168612
BranchAndBound,ratio_entropy,log_nodes_explored,-0.2862840225859004
BranchAndBound,ratio_entropy,AlmostEqualRatios,0.8076690059989243
BranchAndBound,ratio_entropy,InverseCorrelated,-0.3088377682179302
BranchAndBound,ratio_entropy,StronglyCorrelated,-0.253868261571497
BranchAndBound,ratio_entropy,WeaklyCorrelated,-0.00015045888039880634
BranchAndBound,ratio_entropy,log_n,-0.32006525579960393
BranchAndBound,unique_ratio_count,duplicate_ratio_fraction,0.44017105692976743
BranchAndBound,unique_ratio_count,unique_weights,0.9970883216124238
BranchAndBound,unique_ratio_count,unique_values,0.9971215497016946
BranchAndBound,unique_ratio_count,unique_pairs,0.9998618563223803
BranchAndBound,unique_ratio_count,duplicate_items,0.6096024221903655
BranchAndBound,unique_ratio_count,duplicate_pairs,0.6090966280059891
BranchAndBound,unique_ratio_count,time_millis,0.2344335490471619
BranchAndBound,unique_ratio_count,memory_bytes,0.1457623485462858
BranchAndBound,unique_ratio_count,memory_mb,0.14576248009858966
BranchAndBound,unique_ratio_count,solution_value,0.5269154817364169
BranchAndBound,unique_ratio_count,optimal_value,0.5269154817364169
BranchAndBound,unique_ratio_count,nodes_explored,0.2422450934641791
BranchAndBound,unique_ratio_count,nodes_pruned,0.06479899582421267
BranchAndBound,unique_ratio_count,max_queue_size,0.14219842832526366
BranchAndBound,unique_ratio_count,optimal,-0.21562540301066108
BranchAndBound,unique_ratio_count,nodes_generated,0.5641551161464369
BranchAndBound,unique_ratio_count,internal_nodes,0.5519645535296064
BranchAndBound,unique_ratio_count,max_depth,0.7926768892399787
BranchAndBound,unique_ratio_count,mean_depth,0.7142542738681915
BranchAndBound,unique_ratio_count,median_depth,0.7023765604341666
BranchAndBound,unique_ratio_count,mean_queue_size,0.525801822263302
BranchAndBound,unique_ratio_count,final_queue_size,0.21370089182064964
BranchAndBound,unique_ratio_count,mean_bound,0.5269016695835022
BranchAndBound,unique_ratio_count,bound_variance,-0.22984167005730446
BranchAndBound,unique_ratio_count,min_bound,0.5271445003850949
BranchAndBound,unique_ratio_count,max_bound,0.5268592669425931
BranchAndBound,unique_ratio_count,mean_bound_gap,0.06870632359691684
BranchAndBound,unique_ratio_count,bound_gap_variance,0.1923637073742498
BranchAndBound,unique_ratio_count,pruned_by_bound,0.10525037506479047
BranchAndBound,unique_ratio_count,pruned_by_cap,0.2141098505173566
BranchAndBound,unique_ratio_count,left_branches,0.48908338149125546
BranchAndBound,unique_ratio_count,right_branches,0.5602714414921683
BranchAndBound,unique_ratio_count,explored_children,0.5611533696091692
BranchAndBound,unique_ratio_count,skipped_children,0.5021604448972845
BranchAndBound,unique_ratio_count,skipped_infeasible,0.43664791260979474
BranchAndBound,unique_ratio_count,skipped_by_bound,0.1871803830077439
BranchAndBound,unique_ratio_count,improvement_count,0.5527529864983793
BranchAndBound,unique_ratio_count,sum_improvement_amount,0.44526643226074003
BranchAndBound,unique_ratio_count,mean_improvement_amount,-0.01859043696567865
BranchAndBound,unique_ratio_count,last_improvement_node,0.16421165792949233
BranchAndBound,unique_ratio_count,pruned_generated_ratio,0.01198638958166358
BranchAndBound,unique_ratio_count,avg_branching_factor,0.24959499719064748
BranchAndBound,unique_ratio_count,capacity_density,-0.06367570385048883
BranchAndBound,unique_ratio_count,cells_allocated,0.3264621238654855
BranchAndBound,unique_ratio_count,total_evaluations,0.6663795928381232
BranchAndBound,unique_ratio_count,include_count,0.49644107423022826
BranchAndBound,unique_ratio_count,exclude_count,0.7469179581674545
BranchAndBound,unique_ratio_count,tie_count,0.5247289299533086
BranchAndBound,unique_ratio_count,include_ratio,-0.3121531884399564
BranchAndBound,unique_ratio_count,nonzero_value_states,0.32956129414386426
BranchAndBound,unique_ratio_count,zero_value_states,-0.74953876351659
BranchAndBound,unique_ratio_count,fill_rate,0.4221664578766775
BranchAndBound,unique_ratio_count,mean_cell_value,0.4871369021130763
BranchAndBound,unique_ratio_count,cell_value_variance,0.4782773678543877
BranchAndBound,unique_ratio_count,dp_sum_improvement_amount,0.39527525939160507
BranchAndBound,unique_ratio_count,dp_mean_improvement_amount,-0.17826163043387402
BranchAndBound,unique_ratio_count,updates_per_cell,0.7003903135416185
BranchAndBound,unique_ratio_count,selected_count,0.5541945612741145
BranchAndBound,unique_ratio_count,solution_density,-0.14903215640178138
BranchAndBound,unique_ratio_count,residual_capacity,-0.21597851533240064
BranchAndBound,unique_ratio_count,capacity_utilization,0.4405060938475367
BranchAndBound,unique_ratio_count,last_selected_position,0.6624780335816796
BranchAndBound,unique_ratio_count,first_skipped_position,0.5519380758933339
BranchAndBound,unique_ratio_count,solution_gap,0.09176839284313859
BranchAndBound,unique_ratio_count,log_time_millis,0.6301541985740179
BranchAndBound,unique_ratio_count,log_nodes_explored,0.5700882041966391
BranchAndBound,unique_ratio_count,AlmostEqualRatios,0.0025029830857618953
BranchAndBound,unique_ratio_count,InverseCorrelated,-0.03839480206502696
BranchAndBound,unique_ratio_count,StronglyCorrelated,0.00195319921625027
BranchAndBound,unique_ratio_count,WeaklyCorrelated,0.015811037032420674
BranchAndBound,unique_ratio_count,log_n,0.997979147426104
BranchAndBound,duplicate_ratio_fraction,unique_weights,0.4826998965476531
BranchAndBound,duplicate_ratio_fraction,unique_values,0.4832107363067325
BranchAndBound,duplicate_ratio_fraction,unique_pairs,0.44014348989833396
BranchAndBound,duplicate_ratio_fraction,duplicate_items,0.6113756558249493
BranchAndBound,duplicate_ratio_fraction,duplicate_pairs,0.6077929149187908
BranchAndBound,duplicate_ratio_fraction,time_millis,0.4819138125323346
BranchAndBound,duplicate_ratio_fraction,memory_bytes,0.27746088418620674
BranchAndBound,duplicate_ratio_fraction,memory_mb,0.27746030818935224
BranchAndBound,duplicate_ratio_fraction,solution_value,0.433742605150217
BranchAndBound,duplicate_ratio_fraction,optimal_value,0.433742605150217
BranchAndBound,duplicate_ratio_fraction,nodes_explored,0.5127838959589774
BranchAndBound,duplicate_ratio_fraction,nodes_pruned,0.02374889443170515
BranchAndBound,duplicate_ratio_fraction,max_queue_size,0.2594403397453769
BranchAndBound,duplicate_ratio_fraction,optimal,-0.4653727366486694
BranchAndBound,duplicate_ratio_fraction,nodes_generated,0.70910059721017
BranchAndBound,duplicate_ratio_fraction,internal_nodes,0.7080279421520331
BranchAndBound,duplicate_ratio_fraction,max_depth,0.6087649328349962
BranchAndBound,duplicate_ratio_fraction,mean_depth,0.5402589527778301
BranchAndBound,duplicate_ratio_fraction,median_depth,0.5046416591689601
BranchAndBound,duplicate_ratio_fraction,mean_queue_size,0.6218695763502166
BranchAndBound,duplicate_ratio_fraction,final_queue_size,0.46942360207719863
BranchAndBound,duplicate_ratio_fraction,mean_bound,0.4338885653536249
BranchAndBound,duplicate_ratio_fraction,bound_variance,-0.14275904336381684
BranchAndBound,duplicate_ratio_fraction,min_bound,0.43401637499077617
BranchAndBound,duplicate_ratio_fraction,max_bound,0.4343766100381
BranchAndBound,duplicate_ratio_fraction,mean_bound_gap,-0.21930436670847092
BranchAndBound,duplicate_ratio_fraction,bound_gap_variance,-0.1144012539255337
BranchAndBound,duplicate_ratio_fraction,pruned_by_bound,-0.26823546022247197
BranchAndBound,duplicate_ratio_fraction,pruned_by_cap,0.46738956185625047
BranchAndBound,duplicate_ratio_fraction,left_branches,0.6176156620214663
BranchAndBound,duplicate_ratio_fraction,right_branches,0.7061088246345202
BranchAndBound,duplicate_ratio_fraction,explored_children,0.7044646326643124
BranchAndBound,duplicate_ratio_fraction,skipped_children,0.6899346187135111
BranchAndBound,duplicate_ratio_fraction,skipped_infeasible,0.603817723132465
BranchAndBound,duplicate_ratio_fraction,skipped_by_bound,0.3920067139832745
BranchAndBound,duplicate_ratio_fraction,improvement_count,0.39596836775017835
BranchAndBound,duplicate_ratio_fraction,sum_improvement_amount,0.33475002190722125
BranchAndBound,duplicate_ratio_fraction,mean_improvement_amount,0.26683897445213955
BranchAndBound,duplicate_ratio_fraction,last_improvement_node,0.10999387825575914
BranchAndBound,duplicate_ratio_fraction,pruned_generated_ratio,-0.24859235879678374
BranchAndBound,duplicate_ratio_fraction,avg_branching_factor,0.28552078676983766
BranchAndBound,duplicate_ratio_fraction,capacity_density,-0.026176789581647278
BranchAndBound,duplicate_ratio_fraction,cells_allocated,0.16207226157042445
BranchAndBound,duplicate_ratio_fraction,total_evaluations,0.33067967305191126
BranchAndBound,duplicate_ratio_fraction,include_count,0.25980071520668124
BranchAndBound,duplicate_ratio_fraction,exclude_count,0.35818341167582896
BranchAndBound,duplicate_ratio_fraction,tie_count,0.24057907024669775
BranchAndBound,duplicate_ratio_fraction,include_ratio,-0.08391362776919235
BranchAndBound,duplicate_ratio_fraction,nonzero_value_states,0.16326260258621011
BranchAndBound,duplicate_ratio_fraction,zero_value_states,-0.37119849812690814
BranchAndBound,duplicate_ratio_fraction,fill_rate,0.17476597141442737
BranchAndBound,duplicate_ratio_fraction,mean_cell_value,0.4820019122984523
BranchAndBound,duplicate_ratio_fraction,cell_value_variance,0.38036069653396976
BranchAndBound,duplicate_ratio_fraction,dp_sum_improvement_amount,0.2612224683873757
BranchAndBound,duplicate_ratio_fraction,dp_mean_improvement_amount,0.12836171275128397
BranchAndBound,duplicate_ratio_fraction,updates_per_cell,0.3788767839858881
BranchAndBound,duplicate_ratio_fraction,selected_count,0.4009085189696613
BranchAndBound,duplicate_ratio_fraction,solution_density,-0.0031614784680688243
BranchAndBound,duplicate_ratio_fraction,residual_capacity,0.2111062598721322
BranchAndBound,duplicate_ratio_fraction,capacity_utilization,0.10437655509303909
BranchAndBound,duplicate_ratio_fraction,last_selected_position,0.2574257934250376
BranchAndBound,duplicate_ratio_fraction,first_skipped_position,0.40295464385096097
BranchAndBound,duplicate_ratio_fraction,solution_gap,0.05257106752366038
BranchAndBound,duplicate_ratio_fraction,log_time_millis,0.6786069173659546
BranchAndBound,duplicate_ratio_fraction,log_nodes_explored,0.6988509283263264
BranchAndBound,duplicate_ratio_fraction,AlmostEqualRatios,-0.018979556260794433
BranchAndBound,duplicate_ratio_fraction,InverseCorrelated,0.536187603029002
BranchAndBound,duplicate_ratio_fraction,StronglyCorrelated,-0.013918917968832364
BranchAndBound,duplicate_ratio_fraction,WeaklyCorrelated,-0.2325320041837837
BranchAndBound,duplicate_ratio_fraction,log_n,0.4961708694318538
BranchAndBound,unique_weights,unique_values,0.9997478693651167
BranchAndBound,unique_weights,unique_pairs,0.996743659911013
BranchAndBound,unique_weights,duplicate_items,0.6258263869502103
BranchAndBound,unique_weights,duplicate_pairs,0.6251612559472981
BranchAndBound,unique_weights,time_millis,0.24951704231093502
BranchAndBound,unique_weights,memory_bytes,0.1539859068980884
BranchAndBound,unique_weights,memory_mb,0.15398599049758757
BranchAndBound,unique_weights,solution_value,0.5241378087074985
BranchAndBound,unique_weights,optimal_value,0.5241378087074985
BranchAndBound,unique_weights,nodes_explored,0.2587536909467284
BranchAndBound,unique_weights,nodes_pruned,0.06043954248937412
BranchAndBound,unique_weights,max_queue_size,0.14864830683731753
BranchAndBound,unique_weights,optimal,-0.23051203903609663
BranchAndBound,unique_weights,nodes_generated,0.5900885907096298
BranchAndBound,unique_weights,internal_nodes,0.5785388716604312
BranchAndBound,unique_weights,max_depth,0.7874444043603395
BranchAndBound,unique_weights,mean_depth,0.7077881579934456
BranchAndBound,unique_weights,median_depth,0.6939279039505601
BranchAndBound,unique_weights,mean_queue_size,0.5469700800181809
BranchAndBound,unique_weights,final_queue_size,0.2289525472554369
BranchAndBound,unique_weights,mean_bound,0.5241328441286087
BranchAndBound,unique_weights,bound_variance,-0.2288309905966162
BranchAndBound,unique_weights,min_bound,0.5243567744947156
BranchAndBound,unique_weights,max_bound,0.5241249798075023
BranchAndBound,unique_weights,mean_bound_gap,0.05301254703042058
BranchAndBound,unique_weights,bound_gap_variance,0.18078996776399875
BranchAndBound,unique_weights,pruned_by_bound,0.09324909024057294
BranchAndBound,unique_weights,pruned_by_cap,0.2291511190224717
BranchAndBound,unique_weights,left_branches,0.5104876923547883
BranchAndBound,unique_weights,right_branches,0.5866493322895695
BranchAndBound,unique_weights,explored_children,0.5868760139919648
BranchAndBound,unique_weights,skipped_children,0.5300194203795425
BranchAndBound,unique_weights,skipped_infeasible,0.46142213332261983
BranchAndBound,unique_weights,skipped_by_bound,0.21315732367137866
BranchAndBound,unique_weights,improvement_count,0.5457435663153769
BranchAndBound,unique_weights,sum_improvement_amount,0.45365858019089156
BranchAndBound,unique_weights,mean_improvement_amount,0.0014569760914127587
BranchAndBound,unique_weights,last_improvement_node,0.15722640599811263
BranchAndBound,unique_weights,pruned_generated_ratio,-0.008641181289836328
BranchAndBound,unique_weights,avg_branching_factor,0.2594461131161018
BranchAndBound,unique_weights,capacity_density,-0.06503136167201656
BranchAndBound,unique_weights,cells_allocated,0.3265036995631494
BranchAndBound,unique_weights,total_evaluations,0.6666132148118934
BranchAndBound,unique_weights,include_count,0.49785840431275696
BranchAndBound,unique_weights,exclude_count,0.7469007455070933
BranchAndBound,unique_weights,tie_count,0.5300465282234731
BranchAndBound,unique_weights,include_ratio,-0.31115754667594936
BranchAndBound,unique_weights,nonzero_value_states,0.3296973862144533
BranchAndBound,unique_weights,zero_value_states,-0.7534369945256358
BranchAndBound,unique_weights,fill_rate,0.431626701821029
BranchAndBound,unique_weights,mean_cell_value,0.49036621221513316
BranchAndBound,unique_weights,cell_value_variance,0.4667390504376279
BranchAndBound,unique_weights,dp_sum_improvement_amount,0.40012914712207504
BranchAndBound,unique_weights,dp_mean_improvement_amount,-0.16358171448382813
BranchAndBound,unique_weights,updates_per_cell,0.7036427070098822
BranchAndBound,unique_weights,selected_count,0.5472231766003044
BranchAndBound,unique_weights,solution_density,-0.14626880582262067
BranchAndBound,unique_weights,residual_capacity,-0.19735357376383555
BranchAndBound,unique_weights,capacity_utilization,0.44202066943747886
BranchAndBound,unique_weights,last_selected_position,0.6389190004059289
BranchAndBound,unique_weights,first_skipped_position,0.5451729071673923
BranchAndBound,unique_weights,solution_gap,0.0868615336028385
BranchAndBound,unique_weights,log_time_millis,0.6511088199158059
BranchAndBound,unique_weights,log_nodes_explored,0.5959139392139662
BranchAndBound,unique_weights,AlmostEqualRatios,0.0003073448686819859
BranchAndBound,unique_weights,InverseCorrelated,0.00015611201834566364
BranchAndBound,unique_weights,StronglyCorrelated,0.0003245617558241122
BranchAndBound,unique_weights,WeaklyCorrelated,-0.0003590703123890206
BranchAndBound,unique_weights,log_n,0.9981429454972574
BranchAndBound,unique_values,unique_pairs,0.9968053779463357
BranchAndBound,unique_values,duplicate_items,0.6266564702388646
BranchAndBound,unique_values,duplicate_pairs,0.6259921997889941
BranchAndBound,unique_values,time_millis,0.2494423382847932
BranchAndBound,unique_values,memory_bytes,0.1541327247811156
BranchAndBound,unique_values,memory_mb,0.15413280608090643
BranchAndBound,unique_values,solution_value,0.5243971523173552
BranchAndBound,unique_values,optimal_value,0.5243971523173552
BranchAndBound,unique_values,nodes_explored,0.2586334564185925
BranchAndBound,unique_values,nodes_pruned,0.060679303973938746
BranchAndBound,unique_values,max_queue_size,0.14875016815978262
BranchAndBound,unique_values,optimal,-0.23031865141175023
BranchAndBound,unique_values,nodes_generated,0.59029188569794
BranchAndBound,unique_values,internal_nodes,0.578704515257251
BranchAndBound,unique_values,max_depth,0.787554213999132
BranchAndBound,unique_values,mean_depth,0.7080487546460775
BranchAndBound,unique_values,median_depth,0.6942014017465588
BranchAndBound,unique_values,mean_queue_size,0.5471399551569922
BranchAndBound,unique_values,final_queue_size,0.22878034463442862
BranchAndBound,unique_values,mean_bound,0.5243921679087861
BranchAndBound,unique_values,bound_variance,-0.2291707808521301
BranchAndBound,unique_values,min_bound,0.5246134005681031
BranchAndBound,unique_values,max_bound,0.5243851042766087
BranchAndBound,unique_values,mean_bound_gap,0.052873583488928885
BranchAndBound,unique_values,bound_gap_variance,0.18069364650263584
BranchAndBound,unique_values,pruned_by_bound,0.09339668313096793
BranchAndBound,unique_values,pruned_by_cap,0.22897125829154047
BranchAndBound,unique_values,left_branches,0.510694996177001
BranchAndBound,unique_values,right_branches,0.5867835508552607
BranchAndBound,unique_values,explored_children,0.587047125482661
BranchAndBound,unique_values,skipped_children,0.5300665358767714
BranchAndBound,unique_values,skipped_infeasible,0.46153796543513814
BranchAndBound,unique_values,skipped_by_bound,0.2128940438077534
BranchAndBound,unique_values,improvement_count,0.5460526871448719
BranchAndBound,unique_values,sum_improvement_amount,0.45383480718840513
BranchAndBound,unique_values,mean_improvement_amount,0.002099328717848219
BranchAndBound,unique_values,last_improvement_node,0.15703025578909327
BranchAndBound,unique_values,pruned_generated_ratio,-0.008090968966871363
BranchAndBound,unique_values,avg_branching_factor,0.2593460408154032
BranchAndBound,unique_values,capacity_density,-0.0649174265919585
BranchAndBound,unique_values,cells_allocated,0.32654326097438824
BranchAndBound,unique_values,total_evaluations,0.6666506522624899
BranchAndBound,unique_values,include_count,0.4978408637979602
BranchAndBound,unique_values,exclude_count,0.7469005882944867
BranchAndBound,unique_values,tie_count,0.528735804059133
BranchAndBound,unique_values,include_ratio,-0.3109506984903311
BranchAndBound,unique_values,nonzero_value_states,0.3297295855503513
BranchAndBound,unique_values,zero_value_states,-0.7527719862316696
BranchAndBound,unique_values,fill_rate,0.43090680087218663
BranchAndBound,unique_values,mean_cell_value,0.4905407629039052
BranchAndBound,unique_values,cell_value_variance,0.4671056231138495
BranchAndBound,unique_values,dp_sum_improvement_amount,0.4002551523736449
BranchAndBound,unique_values,dp_mean_improvement_amount,-0.16300473564081866
BranchAndBound,unique_values,updates_per_cell,0.7035460736870761
BranchAndBound,unique_values,selected_count,0.5475201463939929
BranchAndBound,unique_values,solution_density,-0.14608909138027662
BranchAndBound,unique_values,residual_capacity,-0.1966226944294123
BranchAndBound,unique_values,capacity_utilization,0.44135113531833325
BranchAndBound,unique_values,last_selected_position,0.639141028123327
BranchAndBound,unique_values,first_skipped_position,0.5454735098261319
BranchAndBound,unique_values,solution_gap,0.08688964766312048
BranchAndBound,unique_values,log_time_millis,0.6512260051825197
BranchAndBound,unique_values,log_nodes_explored,0.5961098601741183
BranchAndBound,unique_values,AlmostEqualRatios,0.0017545075459990144
BranchAndBound,unique_values,InverseCorrelated,0.0006604755751672246
BranchAndBound,unique_values,StronglyCorrelated,0.00043031829358885896
BranchAndBound,unique_values,WeaklyCorrelated,-0.0032463380508947733
BranchAndBound,unique_values,log_n,0.9982049333592632
BranchAndBound,unique_pairs,duplicate_items,0.6115267830352455
BranchAndBound,unique_pairs,duplicate_pairs,0.6110482588135797
BranchAndBound,unique_pairs,time_millis,0.23495722929602839
BranchAndBound,unique_pairs,memory_bytes,0.1460368364819751
BranchAndBound,unique_pairs,memory_mb,0.14603696396338317
BranchAndBound,unique_pairs,solution_value,0.5249352082533728
BranchAndBound,unique_pairs,optimal_value,0.5249352082533728
BranchAndBound,unique_pairs,nodes_explored,0.2426768983840838
BranchAndBound,unique_pairs,nodes_pruned,0.06628149553012502
BranchAndBound,unique_pairs,max_queue_size,0.14270610940448172
BranchAndBound,unique_pairs,optimal,-0.21600111752634057
BranchAndBound,unique_pairs,nodes_generated,0.5646363152428974
BranchAndBound,unique_pairs,internal_nodes,0.552409352163131
BranchAndBound,unique_pairs,max_depth,0.7931281138624825
BranchAndBound,unique_pairs,mean_depth,0.7162343255731108
BranchAndBound,unique_pairs,median_depth,0.7043198717629711
BranchAndBound,unique_pairs,mean_queue_size,0.5254866858892684
BranchAndBound,unique_pairs,final_queue_size,0.2139628211843245
BranchAndBound,unique_pairs,mean_bound,0.5249219822693844
BranchAndBound,unique_pairs,bound_variance,-0.23884989175332996
BranchAndBound,unique_pairs,min_bound,0.5251906909706535
BranchAndBound,unique_pairs,max_bound,0.5248715550547447
BranchAndBound,unique_pairs,mean_bound_gap,0.06400557353221423
BranchAndBound,unique_pairs,bound_gap_variance,0.18792523035312172
BranchAndBound,unique_pairs,pruned_by_bound,0.10526497799568249
BranchAndBound,unique_pairs,pruned_by_cap,0.2144333463502218
BranchAndBound,unique_pairs,left_branches,0.4887526323044978
BranchAndBound,unique_pairs,right_branches,0.5607254702383907
BranchAndBound,unique_pairs,explored_children,0.5616080382173181
BranchAndBound,unique_pairs,skipped_children,0.5023272179023084
BranchAndBound,unique_pairs,skipped_infeasible,0.43700777235589716
BranchAndBound,unique_pairs,skipped_by_bound,0.18423196564958744
BranchAndBound,unique_pairs,improvement_count,0.5530864885681905
BranchAndBound,unique_pairs,sum_improvement_amount,0.4411789792903624
BranchAndBound,unique_pairs,mean_improvement_amount,-0.025669222402707994
BranchAndBound,unique_pairs,last_improvement_node,0.16859771936474857
BranchAndBound,unique_pairs,pruned_generated_ratio,0.01227914786027709
BranchAndBound,unique_pairs,avg_branching_factor,0.24942238923758245
BranchAndBound,unique_pairs,capacity_density,-0.06363093205492489
BranchAndBound,unique_pairs,cells_allocated,0.3263891490929516
BranchAndBound,unique_pairs,total_evaluations,0.6662500879245389
BranchAndBound,unique_pairs,include_count,0.49580119825830543
BranchAndBound,unique_pairs,exclude_count,0.7468742619140256
BranchAndBound,unique_pairs,tie_count,0.5267910615355628
BranchAndBound,unique_pairs,include_ratio,-0.3133569768046974
BranchAndBound,unique_pairs,nonzero_value_states,0.32948508867599285
BranchAndBound,unique_pairs,zero_value_states,-0.7499843897243306
BranchAndBound,unique_pairs,fill_rate,0.4218228179057481
BranchAndBound,unique_pairs,mean_cell_value,0.48392593778279747
BranchAndBound,unique_pairs,cell_value_variance,0.47734112522399846
BranchAndBound,unique_pairs,dp_sum_improvement_amount,0.39288313359636345
BranchAndBound,unique_pairs,dp_mean_improvement_amount,-0.18570764003488224
BranchAndBound,unique_pairs,updates_per_cell,0.6989982295939253
BranchAndBound,unique_pairs,selected_count,0.5542407646043708
BranchAndBound,unique_pairs,solution_density,-0.1498542256652631
BranchAndBound,unique_pairs,residual_capacity,-0.21862711793558773
BranchAndBound,unique_pairs,capacity_utilization,0.441211699652572
BranchAndBound,unique_pairs,last_selected_position,0.6626370834587679
BranchAndBound,unique_pairs,first_skipped_position,0.5519245624906878
BranchAndBound,unique_pairs,solution_gap,0.09413361317073787
BranchAndBound,unique_pairs,log_time_millis,0.6302492822549505
BranchAndBound,unique_pairs,log_nodes_explored,0.5706530737506221
BranchAndBound,unique_pairs,AlmostEqualRatios,0.011265593816028183
BranchAndBound,unique_pairs,InverseCorrelated,-0.043463914135798754
BranchAndBound,unique_pairs,StronglyCorrelated,0.0069621058778717325
BranchAndBound,unique_pairs,WeaklyCorrelated,0.012287110652741105
BranchAndBound,unique_pairs,log_n,0.9977985533435884
BranchAndBound,duplicate_items,duplicate_pairs,0.9999776249811946
BranchAndBound,duplicate_items,time_millis,0.2659898591766304
BranchAndBound,duplicate_items,memory_bytes,0.16362604847268955
BranchAndBound,duplicate_items,memory_mb,0.1636258361577066
BranchAndBound,duplicate_items,solution_value,0.3427106011715722
BranchAndBound,duplicate_items,optimal_value,0.3427106011715722
BranchAndBound,duplicate_items,nodes_explored,0.2766674807965065
BranchAndBound,duplicate_items,nodes_pruned,0.05153575446934858
BranchAndBound,duplicate_items,max_queue_size,0.15222117804235827
BranchAndBound,duplicate_items,optimal,-0.24523461400608715
BranchAndBound,duplicate_items,nodes_generated,0.5787803641571823
BranchAndBound,duplicate_items,internal_nodes,0.576031408235478
BranchAndBound,duplicate_items,max_depth,0.571967601239157
BranchAndBound,duplicate_items,mean_depth,0.5366697398486059
BranchAndBound,duplicate_items,median_depth,0.5169874676590944
BranchAndBound,duplicate_items,mean_queue_size,0.5075314716295415
BranchAndBound,duplicate_items,final_queue_size,0.24373861173790148
BranchAndBound,duplicate_items,mean_bound,0.3428090716315652
BranchAndBound,duplicate_items,bound_variance,-0.25060248703307103
BranchAndBound,duplicate_items,min_bound,0.3431487170050786
BranchAndBound,duplicate_items,max_bound,0.34307552409168746
BranchAndBound,duplicate_items,mean_bound_gap,-0.14755543835535986
BranchAndBound,duplicate_items,bound_gap_variance,-0.020416686542457457
BranchAndBound,duplicate_items,pruned_by_bound,-0.008558458425974092
BranchAndBound,duplicate_items,pruned_by_cap,0.24372437057914087
BranchAndBound,duplicate_items,left_branches,0.4891045217673731
BranchAndBound,duplicate_items,right_branches,0.5795691815187849
BranchAndBound,duplicate_items,explored_children,0.5763823194167225
BranchAndBound,duplicate_items,skipped_children,0.5494882906570374
BranchAndBound,duplicate_items,skipped_infeasible,0.4783906659968746
BranchAndBound,duplicate_items,skipped_by_bound,0.29870131983060694
BranchAndBound,duplicate_items,improvement_count,0.37890070154710814
BranchAndBound,duplicate_items,sum_improvement_amount,0.2978501351467952
BranchAndBound,duplicate_items,mean_improvement_amount,0.07721587380241765
BranchAndBound,duplicate_items,last_improvement_node,0.14982958564835924
BranchAndBound,duplicate_items,pruned_generated_ratio,-0.16517566296337335
BranchAndBound,duplicate_items,avg_branching_factor,0.2182799445126168
BranchAndBound,duplicate_items,capacity_density,-0.03754727205959837
BranchAndBound,duplicate_items,cells_allocated,0.20639517726526993
BranchAndBound,duplicate_items,total_evaluations,0.4210029210735828
BranchAndBound,duplicate_items,include_count,0.3180243514078962
BranchAndBound,duplicate_items,exclude_count,0.46219349536668464
BranchAndBound,duplicate_items,tie_count,0.33615882663795854
BranchAndBound,duplicate_items,include_ratio,-0.15354521216057854
BranchAndBound,duplicate_items,nonzero_value_states,0.20824409610553368
BranchAndBound,duplicate_items,zero_value_states,-0.47032245303398257
BranchAndBound,duplicate_items,fill_rate,0.2558098006511235
BranchAndBound,duplicate_items,mean_cell_value,0.3229965931221171
BranchAndBound,duplicate_items,cell_value_variance,0.2978553788389915
BranchAndBound,duplicate_items,dp_sum_improvement_amount,0.26111320330999666
BranchAndBound,duplicate_items,dp_mean_improvement_amount,-0.08200078847568598
BranchAndBound,duplicate_items,updates_per_cell,0.45252974807075513
BranchAndBound,duplicate_items,selected_count,0.3754255403562654
BranchAndBound,duplicate_items,solution_density,-0.0466455996896971
BranchAndBound,duplicate_items,residual_capacity,0.1068080148831991
BranchAndBound,duplicate_items,capacity_utilization,0.15018494421196377
BranchAndBound,duplicate_items,last_selected_position,0.4140725246643045
BranchAndBound,duplicate_items,first_skipped_position,0.37550122405415826
BranchAndBound,duplicate_items,solution_gap,0.07876771010979354
BranchAndBound,duplicate_items,log_time_millis,0.5754051752172196
BranchAndBound,duplicate_items,log_nodes_explored,0.5806145001742707
BranchAndBound,duplicate_items,AlmostEqualRatios,-0.02290173362416563
BranchAndBound,duplicate_items,InverseCorrelated,0.39209075205769445
BranchAndBound,duplicate_items,StronglyCorrelated,0.1235170125120365
BranchAndBound,duplicate_items,WeaklyCorrelated,-0.12362934394993845
BranchAndBound,duplicate_items,log_n,0.6308956590558037
BranchAndBound,duplicate_pairs,time_millis,0.26420496213166234
BranchAndBound,duplicate_pairs,memory_bytes,0.16236454263436173
BranchAndBound,duplicate_pairs,memory_mb,0.1623643322027441
BranchAndBound,duplicate_pairs,solution_value,0.3411349337804327
BranchAndBound,duplicate_pairs,optimal_value,0.3411349337804327
BranchAndBound,duplicate_pairs,nodes_explored,0.2747915369035805
BranchAndBound,duplicate_pairs,nodes_pruned,0.05158334471273108
BranchAndBound,duplicate_pairs,max_queue_size,0.15097331499340347
BranchAndBound,duplicate_pairs,optimal,-0.2435128629367164
BranchAndBound,duplicate_pairs,nodes_generated,0.5768692491223212
BranchAndBound,duplicate_pairs,internal_nodes,0.5741250744815573
BranchAndBound,duplicate_pairs,max_depth,0.5703837493300911
BranchAndBound,duplicate_pairs,mean_depth,0.5355178390423223
BranchAndBound,duplicate_pairs,median_depth,0.5159735685768383
BranchAndBound,duplicate_pairs,mean_queue_size,0.505773487871562
BranchAndBound,duplicate_pairs,final_queue_size,0.24196600045533756
BranchAndBound,duplicate_pairs,mean_bound,0.34123289861036415
BranchAndBound,duplicate_pairs,bound_variance,-0.25133378246334076
BranchAndBound,duplicate_pairs,min_bound,0.34157379099517066
BranchAndBound,duplicate_pairs,max_bound,0.3414970891379355
BranchAndBound,duplicate_pairs,mean_bound_gap,-0.147239823394636
BranchAndBound,duplicate_pairs,bound_gap_variance,-0.020164611493095064
BranchAndBound,duplicate_pairs,pruned_by_bound,-0.007106557963860716
BranchAndBound,duplicate_pairs,pruned_by_cap,0.2419770740576692
BranchAndBound,duplicate_pairs,left_branches,0.48729348718435417
BranchAndBound,duplicate_pairs,right_branches,0.5776854429088376
BranchAndBound,duplicate_pairs,explored_children,0.5744858569763902
BranchAndBound,duplicate_pairs,skipped_children,0.5476094517223135
BranchAndBound,duplicate_pairs,skipped_infeasible,0.4767347844353049
BranchAndBound,duplicate_pairs,skipped_by_bound,0.29748682019364725
BranchAndBound,duplicate_pairs,improvement_count,0.3778816209621789
BranchAndBound,duplicate_pairs,sum_improvement_amount,0.2967302947003159
BranchAndBound,duplicate_pairs,mean_improvement_amount,0.07556346199351378
BranchAndBound,duplicate_pairs,last_improvement_node,0.15028905256576933
BranchAndBound,duplicate_pairs,pruned_generated_ratio,-0.16448508599395575
BranchAndBound,duplicate_pairs,avg_branching_factor,0.21715738290914557
BranchAndBound,duplicate_pairs,capacity_density,-0.03753723949168621
BranchAndBound,duplicate_pairs,cells_allocated,0.20614966424769376
BranchAndBound,duplicate_pairs,total_evaluations,0.42050426044990385
BranchAndBound,duplicate_pairs,include_count,0.31758837470322127
BranchAndBound,duplicate_pairs,exclude_count,0.46167090014283463
BranchAndBound,duplicate_pairs,tie_count,0.33616057787960335
BranchAndBound,duplicate_pairs,include_ratio,-0.15362671906039857
BranchAndBound,duplicate_pairs,nonzero_value_states,0.20799920588394938
BranchAndBound,duplicate_pairs,zero_value_states,-0.4698912676329051
BranchAndBound,duplicate_pairs,fill_rate,0.2557884363355575
BranchAndBound,duplicate_pairs,mean_cell_value,0.32104563123227553
BranchAndBound,duplicate_pairs,cell_value_variance,0.29640262442537796
BranchAndBound,duplicate_pairs,dp_sum_improvement_amount,0.26037293145064205
BranchAndBound,duplicate_pairs,dp_mean_improvement_amount,-0.08344711614013053
BranchAndBound,duplicate_pairs,updates_per_cell,0.45185671597290067
BranchAndBound,duplicate_pairs,selected_count,0.3743204906308523
BranchAndBound,duplicate_pairs,solution_density,-0.04676278699493233
BranchAndBound,duplicate_pairs,residual_capacity,0.10590193323404572
BranchAndBound,duplicate_pairs,capacity_utilization,0.15015594622892606
BranchAndBound,duplicate_pairs,last_selected_position,0.41344797981557413
BranchAndBound,duplicate_pairs,first_skipped_position,0.3743868065743272
BranchAndBound,duplicate_pairs,solution_gap,0.07867388500495437
BranchAndBound,duplicate_pairs,log_time_millis,0.5736072988295617
BranchAndBound,duplicate_pairs,log_nodes_explored,0.5787865293411579
BranchAndBound,duplicate_pairs,AlmostEqualRatios,-0.022531797696155948
BranchAndBound,duplicate_pairs,InverseCorrelated,0.3901751915863362
BranchAndBound,duplicate_pairs,StronglyCorrelated,0.1248389534086417
BranchAndBound,duplicate_pairs,WeaklyCorrelated,-0.12349162174444445
BranchAndBound,duplicate_pairs,log_n,0.630142994623846
BranchAndBound,time_millis,memory_bytes,0.6807698780874505
BranchAndBound,time_millis,memory_mb,0.6807700099275806
BranchAndBound,time_millis,solution_value,0.4973080070059588
BranchAndBound,time_millis,optimal_value,0.4973080070059588
BranchAndBound,time_millis,nodes_explored,0.984172264220107
BranchAndBound,time_millis,nodes_pruned,0.19114423483376064
BranchAndBound,time_millis,max_queue_size,0.6959227195196691
BranchAndBound,time_millis,optimal,-0.9584973846482441
BranchAndBound,time_millis,nodes_generated,0.6687191050026362
BranchAndBound,time_millis,internal_nodes,0.6612324284367472
BranchAndBound,time_millis,max_depth,0.36204958072814913
BranchAndBound,time_millis,mean_depth,0.525967646948928
BranchAndBound,time_millis,median_depth,0.5068606342426232
BranchAndBound,time_millis,mean_queue_size,0.6884190039197187
BranchAndBound,time_millis,final_queue_size,0.9541290309951992
BranchAndBound,time_millis,mean_bound,0.49746059286203537
BranchAndBound,time_millis,bound_variance,-0.2556857169716897
BranchAndBound,time_millis,min_bound,0.498180260030557
BranchAndBound,time_millis,max_bound,0.4975109783115542
BranchAndBound,time_millis,mean_bound_gap,-0.1484610989828738
BranchAndBound,time_millis,bound_gap_variance,-0.07617311483944535
BranchAndBound,time_millis,pruned_by_bound,-0.6433403626237426
BranchAndBound,time_millis,pruned_by_cap,0.9512232011421331
BranchAndBound,time_millis,left_branches,0.6969489886340617
BranchAndBound,time_millis,right_branches,0.6560874895632262
BranchAndBound,time_millis,explored_children,0.6641798196629589
BranchAndBound,time_millis,skipped_children,0.6398395232778243
BranchAndBound,time_millis,skipped_infeasible,0.5583844519406148
BranchAndBound,time_millis,skipped_by_bound,0.07775045811381291
BranchAndBound,time_millis,improvement_count,0.5218637776475824
BranchAndBound,time_millis,sum_improvement_amount,0.33352074701881146
BranchAndBound,time_millis,mean_improvement_amount,0.0751840608307834
BranchAndBound,time_millis,last_improvement_node,0.5264919067889855
BranchAndBound,time_millis,pruned_generated_ratio,-0.1647848648642143
BranchAndBound,time_millis,avg_branching_factor,0.5968989932736586
BranchAndBound,time_millis,capacity_density,0.1819337989923355
BranchAndBound,time_millis,cells_allocated,0.3262979156317374
BranchAndBound,time_millis,total_evaluations,0.3575726170746063
BranchAndBound,time_millis,include_count,0.3537247110580865
BranchAndBound,time_millis,exclude_count,0.35054186048789215
BranchAndBound,time_millis,tie_count,0.17035228149680978
BranchAndBound,time_millis,include_ratio,0.18457564731691967
BranchAndBound,time_millis,nonzero_value_states,0.32605278513612507
BranchAndBound,time_millis,zero_value_states,-0.18466992919143285
BranchAndBound,time_millis,fill_rate,0.08363975782395908
BranchAndBound,time_millis,mean_cell_value,0.5158967639684106
BranchAndBound,time_millis,cell_value_variance,0.47175724785374745
BranchAndBound,time_millis,dp_sum_improvement_amount,0.34261718632864246
BranchAndBound,time_millis,dp_mean_improvement_amount,0.1215884212817479
BranchAndBound,time_millis,updates_per_cell,0.367235617902121
BranchAndBound,time_millis,selected_count,0.5151090637732889
BranchAndBound,time_millis,solution_density,0.21931614800507707
BranchAndBound,time_millis,residual_capacity,0.3447796891531795
BranchAndBound,time_millis,capacity_utilization,0.09074054709385974
BranchAndBound,time_millis,last_selected_position,0.3463661312963822
BranchAndBound,time_millis,first_skipped_position,0.5170014233245964
BranchAndBound,time_millis,solution_gap,0.4130299844095906
BranchAndBound,time_millis,log_time_millis,0.681786235902069
BranchAndBound,time_millis,log_nodes_explored,0.6611927577160687
BranchAndBound,time_millis,AlmostEqualRatios,-0.053555502245978014
BranchAndBound,time_millis,InverseCorrelated,0.19666612861857363
BranchAndBound,time_millis,StronglyCorrelated,0.05872263449030469
BranchAndBound,time_millis,WeaklyCorrelated,-0.10089801024900014
BranchAndBound,time_millis,log_n,0.2608146506969316
BranchAndBound,memory_bytes,memory_mb,0.999999999994513
BranchAndBound,memory_bytes,solution_value,0.3016731293930925
BranchAndBound,memory_bytes,optimal_value,0.3016731293930925
BranchAndBound,memory_bytes,nodes_explored,0.5740294831639831
BranchAndBound,memory_bytes,nodes_pruned,0.14944454261626616
BranchAndBound,memory_bytes,max_queue_size,0.9481532971103581
BranchAndBound,memory_bytes,optimal,-0.5751888097779412
BranchAndBound,memory_bytes,nodes_generated,0.41205517866946806
BranchAndBound,memory_bytes,internal_nodes,0.4036947908419353
BranchAndBound,memory_bytes,max_depth,0.1918530340264259
BranchAndBound,memory_bytes,mean_depth,0.29343957419522015
BranchAndBound,memory_bytes,median_depth,0.28369591273713085
BranchAndBound,memory_bytes,mean_queue_size,0.44815253192973353
BranchAndBound,memory_bytes,final_queue_size,0.5906180183683272
BranchAndBound,memory_bytes,mean_bound,0.30179453000864215
BranchAndBound,memory_bytes,bound_variance,-0.13654873663843053
BranchAndBound,memory_bytes,min_bound,0.30221812467388504
BranchAndBound,memory_bytes,max_bound,0.3018292652924581
BranchAndBound,memory_bytes,mean_bound_gap,-0.07572612871343963
BranchAndBound,memory_bytes,bound_gap_variance,-0.048360673675814564
BranchAndBound,memory_bytes,pruned_by_bound,-0.36895147426779745
BranchAndBound,memory_bytes,pruned_by_cap,0.5748059419122471
BranchAndBound,memory_bytes,left_branches,0.45480629990780375
BranchAndBound,memory_bytes,right_branches,0.4005616545454257
BranchAndBound,memory_bytes,explored_children,0.40926498266607997
BranchAndBound,memory_bytes,skipped_children,0.3815522320140867
BranchAndBound,memory_bytes,skipped_infeasible,0.3332940080304741
BranchAndBound,memory_bytes,skipped_by_bound,0.020225693259484784
BranchAndBound,memory_bytes,improvement_count,0.2944044469549417
BranchAndBound,memory_bytes,sum_improvement_amount,0.20620140625573716
BranchAndBound,memory_bytes,mean_improvement_amount,0.06082111620482584
BranchAndBound,memory_bytes,last_improvement_node,0.14277272984524422
BranchAndBound,memory_bytes,pruned_generated_ratio,-0.10212900030610841
BranchAndBound,memory_bytes,avg_branching_factor,0.8228206699587218
BranchAndBound,memory_bytes,capacity_density,0.1117718823922922
BranchAndBound,memory_bytes,cells_allocated,0.20070174864176057
BranchAndBound,memory_bytes,total_evaluations,0.22001148273271184
BranchAndBound,memory_bytes,include_count,0.2166854131481717
BranchAndBound,memory_bytes,exclude_count,0.21831948651668687
BranchAndBound,memory_bytes,tie_count,0.10320431983962285
BranchAndBound,memory_bytes,include_ratio,0.10485369936687099
BranchAndBound,memory_bytes,nonzero_value_states,0.20055892612175996
BranchAndBound,memory_bytes,zero_value_states,-0.11692448602876297
BranchAndBound,memory_bytes,fill_rate,0.05225479998890257
BranchAndBound,memory_bytes,mean_cell_value,0.3103328835718235
BranchAndBound,memory_bytes,cell_value_variance,0.2871535115428695
BranchAndBound,memory_bytes,dp_sum_improvement_amount,0.21134850474762593
BranchAndBound,memory_bytes,dp_mean_improvement_amount,0.08046550090328229
BranchAndBound,memory_bytes,updates_per_cell,0.2238118200864378
BranchAndBound,memory_bytes,selected_count,0.2983255865477811
BranchAndBound,memory_bytes,solution_density,0.12435756479550134
BranchAndBound,memory_bytes,residual_capacity,0.21732683405515266
BranchAndBound,memory_bytes,capacity_utilization,0.05545548266634213
BranchAndBound,memory_bytes,last_selected_position,0.21526306013687888
BranchAndBound,memory_bytes,first_skipped_position,0.2992851672071546
BranchAndBound,memory_bytes,solution_gap,0.6232042942738543
BranchAndBound,memory_bytes,log_time_millis,0.4169416540867817
BranchAndBound,memory_bytes,log_nodes_explored,0.4012891733102688
BranchAndBound,memory_bytes,AlmostEqualRatios,0.0244169716758526
BranchAndBound,memory_bytes,InverseCorrelated,0.12329191565434842
BranchAndBound,memory_bytes,StronglyCorrelated,-0.02110453421939184
BranchAndBound,memory_bytes,WeaklyCorrelated,-0.06326823210940785
BranchAndBound,memory_bytes,log_n,0.16051554072785867
BranchAndBound,memory_mb,solution_value,0.3016730838823771
BranchAndBound,memory_mb,optimal_value,0.3016730838823771
BranchAndBound,memory_mb,nodes_explored,0.5740296144205506
BranchAndBound,memory_mb,nodes_pruned,0.1494444781238143
BranchAndBound,memory_mb,max_queue_size,0.9481533629294661
BranchAndBound,memory_mb,optimal,-0.5751889665234741
BranchAndBound,memory_mb,nodes_generated,0.41205472232641827
BranchAndBound,memory_mb,internal_nodes,0.40369432730038574
BranchAndBound,memory_mb,max_depth,0.1918529783532544
BranchAndBound,memory_mb,mean_depth,0.2934395112099754
BranchAndBound,memory_mb,median_depth,0.28369588071650986
BranchAndBound,memory_mb,mean_queue_size,0.4481521700890914
BranchAndBound,memory_mb,final_queue_size,0.5906181732639102
BranchAndBound,memory_mb,mean_bound,0.3017944843855711
BranchAndBound,memory_mb,bound_variance,-0.13654861639011423
BranchAndBound,memory_mb,min_bound,0.302218079607502
BranchAndBound,memory_mb,max_bound,0.30182921918382843
BranchAndBound,memory_mb,mean_bound_gap,-0.07572577802282744
BranchAndBound,memory_mb,bound_gap_variance,-0.04836049942122926
BranchAndBound,memory_mb,pruned_by_bound,-0.3689516991573817
BranchAndBound,memory_mb,pruned_by_cap,0.5748060950074673
BranchAndBound,memory_mb,left_branches,0.45480591831558526
BranchAndBound,memory_mb,right_branches,0.4005611901896054
BranchAndBound,memory_mb,explored_children,0.409264521589431
BranchAndBound,memory_mb,skipped_children,0.38155176326731416
BranchAndBound,memory_mb,skipped_infeasible,0.33329355993687776
BranchAndBound,memory_mb,skipped_by_bound,0.02022511656736931
BranchAndBound,memory_mb,improvement_count,0.2944043799736018
BranchAndBound,memory_mb,sum_improvement_amount,0.20620124772365936
BranchAndBound,memory_mb,mean_improvement_amount,0.06082082702716732
BranchAndBound,memory_mb,last_improvement_node,0.14277277712876743
BranchAndBound,memory_mb,pruned_generated_ratio,-0.10212873761136465
BranchAndBound,memory_mb,avg_branching_factor,0.8228206926927174
BranchAndBound,memory_mb,capacity_density,0.11177179664816773
BranchAndBound,memory_mb,cells_allocated,0.20070169339434363
BranchAndBound,memory_mb,total_evaluations,0.22001147567356752
BranchAndBound,memory_mb,include_count,0.21668537323313777
BranchAndBound,memory_mb,exclude_count,0.21831950309758502
BranchAndBound,memory_mb,tie_count,0.10320429676118582
BranchAndBound,memory_mb,include_ratio,0.10485356127674021
BranchAndBound,memory_mb,nonzero_value_states,0.20055887113957066
BranchAndBound,memory_mb,zero_value_states,-0.11692453395229324
BranchAndBound,memory_mb,fill_rate,0.05225480851811274
BranchAndBound,memory_mb,mean_cell_value,0.31033283470594003
BranchAndBound,memory_mb,cell_value_variance,0.2871534731651748
BranchAndBound,memory_mb,dp_sum_improvement_amount,0.21134839425877208
BranchAndBound,memory_mb,dp_mean_improvement_amount,0.08046519433461113
BranchAndBound,memory_mb,updates_per_cell,0.22381180457200417
BranchAndBound,memory_mb,selected_count,0.2983255293843178
BranchAndBound,memory_mb,solution_density,0.12435741547186706
BranchAndBound,memory_mb,residual_capacity,0.21732663834441818
BranchAndBound,memory_mb,capacity_utilization,0.05545556869077375
BranchAndBound,memory_mb,last_selected_position,0.21526333265324912
BranchAndBound,memory_mb,first_skipped_position,0.29928510699919697
BranchAndBound,memory_mb,solution_gap,0.6232043353930072
BranchAndBound,memory_mb,log_time_millis,0.4169413209022363
BranchAndBound,memory_mb,log_nodes_explored,0.40128872595781506
BranchAndBound,memory_mb,AlmostEqualRatios,0.024416768650433983
BranchAndBound,memory_mb,InverseCorrelated,0.12329147560094558
BranchAndBound,memory_mb,StronglyCorrelated,-0.021104636825616956
BranchAndBound,memory_mb,WeaklyCorrelated,-0.0632676979299696
BranchAndBound,memory_mb,log_n,0.16051562917463777
BranchAndBound,solution_value,optimal_value,1.0
BranchAndBound,solution_value,nodes_explored,0.5092814124394095
BranchAndBound,solution_value,nodes_pruned,0.09161460133953878
BranchAndBound,solution_value,max_queue_size,0.31064793200354457
BranchAndBound,solution_value,optimal,-0.4847069025555285
BranchAndBound,solution_value,nodes_generated,0.5855195137090823
BranchAndBound,solution_value,internal_nodes,0.5621551130273169
BranchAndBound,solution_value,max_depth,0.6447204510894377
BranchAndBound,solution_value,mean_depth,0.8057758228254568
BranchAndBound,solution_value,median_depth,0.8292229093118665
BranchAndBound,solution_value,mean_queue_size,0.6887638063213831
BranchAndBound,solution_value,final_queue_size,0.4868866660223618
BranchAndBound,solution_value,mean_bound,0.9999998752297655
BranchAndBound,solution_value,bound_variance,-0.022422606798758217
BranchAndBound,solution_value,min_bound,0.999993554286175
BranchAndBound,solution_value,max_bound,0.9999987756445641
BranchAndBound,solution_value,mean_bound_gap,0.3991214486777317
BranchAndBound,solution_value,bound_gap_variance,0.5239219272659943
BranchAndBound,solution_value,pruned_by_bound,-0.11958009356758519
BranchAndBound,solution_value,pruned_by_cap,0.4850351105016153
BranchAndBound,solution_value,left_branches,0.6908224923177065
BranchAndBound,solution_value,right_branches,0.5599910124933134
BranchAndBound,solution_value,explored_children,0.5824667053101694
BranchAndBound,solution_value,skipped_children,0.49777986408540675
BranchAndBound,solution_value,skipped_infeasible,0.4426353490539633
BranchAndBound,solution_value,skipped_by_bound,0.19262494646354467
BranchAndBound,solution_value,improvement_count,0.9685012670627724
BranchAndBound,solution_value,sum_improvement_amount,0.7715194940329649
BranchAndBound,solution_value,mean_improvement_amount,0.2448549427942909
BranchAndBound,solution_value,last_improvement_node,0.22145238262235883
BranchAndBound,solution_value,pruned_generated_ratio,0.1943455217188336
BranchAndBound,solution_value,avg_branching_factor,0.32673993903032644
BranchAndBound,solution_value,capacity_density,0.47996595021568905
BranchAndBound,solution_value,cells_allocated,0.7721053273432016
BranchAndBound,solution_value,total_evaluations,0.8180358470383141
BranchAndBound,solution_value,include_count,0.8171184783196429
BranchAndBound,solution_value,exclude_count,0.8089209539484795
BranchAndBound,solution_value,tie_count,0.37415677034796563
BranchAndBound,solution_value,include_ratio,0.4302023537729989
BranchAndBound,solution_value,nonzero_value_states,0.77171386671692
BranchAndBound,solution_value,zero_value_states,-0.39027021799890144
BranchAndBound,solution_value,fill_rate,0.21706353883662854
BranchAndBound,solution_value,mean_cell_value,0.9836576720656842
BranchAndBound,solution_value,cell_value_variance,0.9638675659102531
BranchAndBound,solution_value,dp_sum_improvement_amount,0.7979650095511639
BranchAndBound,solution_value,dp_mean_improvement_amount,0.3073973716440667
BranchAndBound,solution_value,updates_per_cell,0.8225213832092778
BranchAndBound,solution_value,selected_count,0.9780221095492446
BranchAndBound,solution_value,solution_density,0.4801990008902952
BranchAndBound,solution_value,residual_capacity,0.16754896772022085
BranchAndBound,solution_value,capacity_utilization,0.2454880299478651
BranchAndBound,solution_value,last_selected_position,0.7657389423274441
BranchAndBound,solution_value,first_skipped_position,0.9783240256288921
BranchAndBound,solution_value,solution_gap,0.12784772464364846
BranchAndBound,solution_value,log_time_millis,0.6358461770957721
BranchAndBound,solution_value,log_nodes_explored,0.5784381249784212
BranchAndBound,solution_value,AlmostEqualRatios,-0.06929849232566308
BranchAndBound,solution_value,InverseCorrelated,0.13024244437183138
BranchAndBound,solution_value,StronglyCorrelated,-0.07551720814426024
BranchAndBound,solution_value,WeaklyCorrelated,-0.05707987467779006
BranchAndBound,solution_value,log_n,0.5408464273742943
BranchAndBound,optimal_value,nodes_explored,0.5092814124394095
BranchAndBound,optimal_value,nodes_pruned,0.09161460133953878
BranchAndBound,optimal_value,max_queue_size,0.31064793200354457
BranchAndBound,optimal_value,optimal,-0.4847069025555285
BranchAndBound,optimal_value,nodes_generated,0.5855195137090823
BranchAndBound,optimal_value,internal_nodes,0.5621551130273169
BranchAndBound,optimal_value,max_depth,0.6447204510894377
BranchAndBound,optimal_value,mean_depth,0.8057758228254568
BranchAndBound,optimal_value,median_depth,0.8292229093118665
BranchAndBound,optimal_value,mean_queue_size,0.6887638063213831
BranchAndBound,optimal_value,final_queue_size,0.4868866660223618
BranchAndBound,optimal_value,mean_bound,0.9999998752297655
BranchAndBound,optimal_value,bound_variance,-0.022422606798758217
BranchAndBound,optimal_value,min_bound,0.999993554286175
BranchAndBound,optimal_value,max_bound,0.9999987756445641
BranchAndBound,optimal_value,mean_bound_gap,0.3991214486777317
BranchAndBound,optimal_value,bound_gap_variance,0.5239219272659943
BranchAndBound,optimal_value,pruned_by_bound,-0.11958009356758519
BranchAndBound,optimal_value,pruned_by_cap,0.4850351105016153
BranchAndBound,optimal_value,left_branches,0.6908224923177065
BranchAndBound,optimal_value,right_branches,0.5599910124933134
BranchAndBound,optimal_value,explored_children,0.5824667053101694
BranchAndBound,optimal_value,skipped_children,0.49777986408540675
BranchAndBound,optimal_value,skipped_infeasible,0.4426353490539633
BranchAndBound,optimal_value,skipped_by_bound,0.19262494646354467
BranchAndBound,optimal_value,improvement_count,0.9685012670627724
BranchAndBound,optimal_value,sum_improvement_amount,0.7715194940329649
BranchAndBound,optimal_value,mean_improvement_amount,0.2448549427942909
BranchAndBound,optimal_value,last_improvement_node,0.22145238262235883
BranchAndBound,optimal_value,pruned_generated_ratio,0.1943455217188336
BranchAndBound,optimal_value,avg_branching_factor,0.32673993903032644
BranchAndBound,optimal_value,capacity_density,0.47996595021568905
BranchAndBound,optimal_value,cells_allocated,0.7721053273432016
BranchAndBound,optimal_value,total_evaluations,0.8180358470383141
BranchAndBound,optimal_value,include_count,0.8171184783196429
BranchAndBound,optimal_value,exclude_count,0.8089209539484795
BranchAndBound,optimal_value,tie_count,0.37415677034796563
BranchAndBound,optimal_value,include_ratio,0.4302023537729989
BranchAndBound,optimal_value,nonzero_value_states,0.77171386671692
BranchAndBound,optimal_value,zero_value_states,-0.39027021799890144
BranchAndBound,optimal_value,fill_rate,0.21706353883662854
BranchAndBound,optimal_value,mean_cell_value,0.9836576720656842
BranchAndBound,optimal_value,cell_value_variance,0.9638675659102531
BranchAndBound,optimal_value,dp_sum_improvement_amount,0.7979650095511639
BranchAndBound,optimal_value,dp_mean_improvement_amount,0.3073973716440667
BranchAndBound,optimal_value,updates_per_cell,0.8225213832092778
BranchAndBound,optimal_value,selected_count,0.9780221095492446
BranchAndBound,optimal_value,solution_density,0.4801990008902952
BranchAndBound,optimal_value,residual_capacity,0.16754896772022085
BranchAndBound,optimal_value,capacity_utilization,0.2454880299478651
BranchAndBound,optimal_value,last_selected_position,0.7657389423274441
BranchAndBound,optimal_value,first_skipped_position,0.9783240256288921
BranchAndBound,optimal_value,solution_gap,0.12784772464364846
BranchAndBound,optimal_value,log_time_millis,0.6358461770957721
BranchAndBound,optimal_value,log_nodes_explored,0.5784381249784212
BranchAndBound,optimal_value,AlmostEqualRatios,-0.06929849232566308
BranchAndBound,optimal_value,InverseCorrelated,0.13024244437183138
BranchAndBound,optimal_value,StronglyCorrelated,-0.07551720814426024
BranchAndBound,optimal_value,WeaklyCorrelated,-0.05707987467779006
BranchAndBound,optimal_value,log_n,0.5408464273742943
BranchAndBound,nodes_explored,nodes_pruned,0.11938763730803398
BranchAndBound,nodes_explored,max_queue_size,0.5807471994116742
BranchAndBound,nodes_explored,optimal,-0.9689734869863872
BranchAndBound,nodes_explored,nodes_generated,0.688215321785107
BranchAndBound,nodes_explored,internal_nodes,0.6818246308813541
BranchAndBound,nodes_explored,max_depth,0.3870559051780015
BranchAndBound,nodes_explored,mean_depth,0.5475914204440756
BranchAndBound,nodes_explored,median_depth,0.5269628747987848
BranchAndBound,nodes_explored,mean_queue_size,0.6976033214677866
BranchAndBound,nodes_explored,final_queue_size,0.9609860471833834
BranchAndBound,nodes_explored,mean_bound,0.5094316679540203
BranchAndBound,nodes_explored,bound_variance,-0.2664814474365331
BranchAndBound,nodes_explored,min_bound,0.5101601119222647
BranchAndBound,nodes_explored,max_bound,0.5095021327865898
BranchAndBound,nodes_explored,mean_bound_gap,-0.16002535630983714
BranchAndBound,nodes_explored,bound_gap_variance,-0.07950858168507642
BranchAndBound,nodes_explored,pruned_by_bound,-0.6585072728522093
BranchAndBound,nodes_explored,pruned_by_cap,0.9613187553374508
BranchAndBound,nodes_explored,left_branches,0.7058126183431228
BranchAndBound,nodes_explored,right_branches,0.6765200969642967
BranchAndBound,nodes_explored,explored_children,0.6835475428083769
BranchAndBound,nodes_explored,skipped_children,0.6626410961201294
BranchAndBound,nodes_explored,skipped_infeasible,0.5782729673588237
BranchAndBound,nodes_explored,skipped_by_bound,0.11046607213627525
BranchAndBound,nodes_explored,improvement_count,0.5388373868575582
BranchAndBound,nodes_explored,sum_improvement_amount,0.3419834054834048
BranchAndBound,nodes_explored,mean_improvement_amount,0.07979567957956679
BranchAndBound,nodes_explored,last_improvement_node,0.5609669512001125
BranchAndBound,nodes_explored,pruned_generated_ratio,-0.17754730496393298
BranchAndBound,nodes_explored,avg_branching_factor,0.512000814996935
BranchAndBound,nodes_explored,capacity_density,0.18151988502383504
BranchAndBound,nodes_explored,cells_allocated,0.32939851342865617
BranchAndBound,nodes_explored,total_evaluations,0.36402754804058846
BranchAndBound,nodes_explored,include_count,0.35925921468637034
BranchAndBound,nodes_explored,exclude_count,0.3567218306321873
BranchAndBound,nodes_explored,tie_count,0.17477906016851744
BranchAndBound,nodes_explored,include_ratio,0.18580719761119383
BranchAndBound,nodes_explored,nonzero_value_states,0.32916943926263126
BranchAndBound,nodes_explored,zero_value_states,-0.19070205804566712
BranchAndBound,nodes_explored,fill_rate,0.0863090343669715
BranchAndBound,nodes_explored,mean_cell_value,0.5301209146435363
BranchAndBound,nodes_explored,cell_value_variance,0.4834626604917073
BranchAndBound,nodes_explored,dp_sum_improvement_amount,0.34866793461131557
BranchAndBound,nodes_explored,dp_mean_improvement_amount,0.12630420331959316
BranchAndBound,nodes_explored,updates_per_cell,0.37580202251268885
BranchAndBound,nodes_explored,selected_count,0.5298289465570101
BranchAndBound,nodes_explored,solution_density,0.22251366246611468
BranchAndBound,nodes_explored,residual_capacity,0.3444428669683373
BranchAndBound,nodes_explored,capacity_utilization,0.09130875181308024
BranchAndBound,nodes_explored,last_selected_position,0.3514936655405685
BranchAndBound,nodes_explored,first_skipped_position,0.5318432480241198
BranchAndBound,nodes_explored,solution_gap,0.3435613829450852
BranchAndBound,nodes_explored,log_time_millis,0.7001077612147143
BranchAndBound,nodes_explored,log_nodes_explored,0.6815546643361953
BranchAndBound,nodes_explored,AlmostEqualRatios,-0.0732898706333121
BranchAndBound,nodes_explored,InverseCorrelated,0.20820112400413573
BranchAndBound,nodes_explored,StronglyCorrelated,0.07417186737278668
BranchAndBound,nodes_explored,WeaklyCorrelated,-0.10451719343229465
BranchAndBound,nodes_explored,log_n,0.270640149908094
BranchAndBound,nodes_pruned,max_queue_size,0.3006108689747664
BranchAndBound,nodes_pruned,optimal,-0.04294401886307398
BranchAndBound,nodes_pruned,nodes_generated,0.138945584649234
BranchAndBound,nodes_pruned,internal_nodes,0.1326968983800813
BranchAndBound,nodes_pruned,max_depth,0.06019330890455257
BranchAndBound,nodes_pruned,mean_depth,0.09910950787647525
BranchAndBound,nodes_pruned,median_depth,0.09667958418578677
BranchAndBound,nodes_pruned,mean_queue_size,0.16705276037877648
BranchAndBound,nodes_pruned,final_queue_size,0.04431183963121959
BranchAndBound,nodes_pruned,mean_bound,0.09161928152076027
BranchAndBound,nodes_pruned,bound_variance,-0.07585083433545001
BranchAndBound,nodes_pruned,min_bound,0.09175815297269695
BranchAndBound,nodes_pruned,max_bound,0.09158720924287665
BranchAndBound,nodes_pruned,mean_bound_gap,-0.03337270050028501
BranchAndBound,nodes_pruned,bound_gap_variance,-0.0105092912096288
BranchAndBound,nodes_pruned,pruned_by_bound,0.10042813031581951
BranchAndBound,nodes_pruned,pruned_by_cap,0.043392218921714035
BranchAndBound,nodes_pruned,left_branches,0.16978543479867828
BranchAndBound,nodes_pruned,right_branches,0.1317188015114614
BranchAndBound,nodes_pruned,explored_children,0.13801281516926164
BranchAndBound,nodes_pruned,skipped_children,0.11809279211456551
BranchAndBound,nodes_pruned,skipped_infeasible,0.10336571167498557
BranchAndBound,nodes_pruned,skipped_by_bound,-0.025883164932311565
BranchAndBound,nodes_pruned,improvement_count,0.10430758992226133
BranchAndBound,nodes_pruned,sum_improvement_amount,0.07363883014634937
BranchAndBound,nodes_pruned,mean_improvement_amount,0.0069794428726030165
BranchAndBound,nodes_pruned,last_improvement_node,0.15542550831542462
BranchAndBound,nodes_pruned,pruned_generated_ratio,0.06336242506061482
BranchAndBound,nodes_pruned,avg_branching_factor,0.045301382129145105
BranchAndBound,nodes_pruned,capacity_density,0.04495024280193408
BranchAndBound,nodes_pruned,cells_allocated,0.08217708482146449
BranchAndBound,nodes_pruned,total_evaluations,0.08921625427805063
BranchAndBound,nodes_pruned,include_count,0.08599986547247766
BranchAndBound,nodes_pruned,exclude_count,0.0922379564894029
BranchAndBound,nodes_pruned,tie_count,0.04844942779783507
BranchAndBound,nodes_pruned,include_ratio,0.024021363513822027
BranchAndBound,nodes_pruned,nonzero_value_states,0.08209540762133076
BranchAndBound,nodes_pruned,zero_value_states,-0.047221451540044965
BranchAndBound,nodes_pruned,fill_rate,0.019027308817932465
BranchAndBound,nodes_pruned,mean_cell_value,0.06604188085178851
BranchAndBound,nodes_pruned,cell_value_variance,0.10299461421160742
BranchAndBound,nodes_pruned,dp_sum_improvement_amount,0.07837328138345344
BranchAndBound,nodes_pruned,dp_mean_improvement_amount,0.009477258362403162
BranchAndBound,nodes_pruned,updates_per_cell,0.08528155231305459
BranchAndBound,nodes_pruned,selected_count,0.1066794048921171
BranchAndBound,nodes_pruned,solution_density,0.029186215248149818
BranchAndBound,nodes_pruned,residual_capacity,-0.024025709533333828
BranchAndBound,nodes_pruned,capacity_utilization,0.02409517571613996
BranchAndBound,nodes_pruned,last_selected_position,0.09536834873891285
BranchAndBound,nodes_pruned,first_skipped_position,0.10673462920584499
BranchAndBound,nodes_pruned,solution_gap,-0.0029723923515594807
BranchAndBound,nodes_pruned,log_time_millis,0.14579640020811296
BranchAndBound,nodes_pruned,log_nodes_explored,0.13608038304010855
BranchAndBound,nodes_pruned,AlmostEqualRatios,0.0848662297547105
BranchAndBound,nodes_pruned,InverseCorrelated,-0.022681519709552973
BranchAndBound,nodes_pruned,StronglyCorrelated,-0.017003709338812244
BranchAndBound,nodes_pruned,WeaklyCorrelated,-0.02257389606296248
BranchAndBound,nodes_pruned,log_n,0.0641080141601565
BranchAndBound,max_queue_size,optimal,-0.571316916146988
BranchAndBound,max_queue_size,nodes_generated,0.3991426490748332
BranchAndBound,max_queue_size,internal_nodes,0.38974685058571157
BranchAndBound,max_queue_size,max_depth,0.1824894279884094
BranchAndBound,max_queue_size,mean_depth,0.296100558550834
BranchAndBound,max_queue_size,median_depth,0.2872568358051971
BranchAndBound,max_queue_size,mean_queue_size,0.4433215692060632
BranchAndBound,max_queue_size,final_queue_size,0.5886801000687311
BranchAndBound,max_queue_size,mean_bound,0.31076773923695317
BranchAndBound,max_queue_size,bound_variance,-0.13377268659158648
BranchAndBound,max_queue_size,min_bound,0.31121280769383597
BranchAndBound,max_queue_size,max_bound,0.31076735779609294
BranchAndBound,max_queue_size,mean_bound_gap,-0.06855439011588749
BranchAndBound,max_queue_size,bound_gap_variance,-0.04372439912433509
BranchAndBound,max_queue_size,pruned_by_bound,-0.35618890133065184
BranchAndBound,max_queue_size,pruned_by_cap,0.572910980161259
BranchAndBound,max_queue_size,left_branches,0.4501237586209192
BranchAndBound,max_queue_size,right_branches,0.386724338291914
BranchAndBound,max_queue_size,explored_children,0.396426162263336
BranchAndBound,max_queue_size,skipped_children,0.3654102550717039
BranchAndBound,max_queue_size,skipped_infeasible,0.31906441375464417
BranchAndBound,max_queue_size,skipped_by_bound,-0.02317117870004661
BranchAndBound,max_queue_size,improvement_count,0.300462066262043
BranchAndBound,max_queue_size,sum_improvement_amount,0.2019083093280892
BranchAndBound,max_queue_size,mean_improvement_amount,0.05143049148907632
BranchAndBound,max_queue_size,last_improvement_node,0.1525448265771176
BranchAndBound,max_queue_size,pruned_generated_ratio,-0.08049396964664512
BranchAndBound,max_queue_size,avg_branching_factor,0.8333948539744873
BranchAndBound,max_queue_size,capacity_density,0.11474031062524143
BranchAndBound,max_queue_size,cells_allocated,0.20416544417532567
BranchAndBound,max_queue_size,total_evaluations,0.2205603134010306
BranchAndBound,max_queue_size,include_count,0.21795532820566516
BranchAndBound,max_queue_size,exclude_count,0.21916522845388797
BranchAndBound,max_queue_size,tie_count,0.10137883567715963
BranchAndBound,max_queue_size,include_ratio,0.10615730435899284
BranchAndBound,max_queue_size,nonzero_value_states,0.20398234783745817
BranchAndBound,max_queue_size,zero_value_states,-0.11526485613904801
BranchAndBound,max_queue_size,fill_rate,0.04930162817313304
BranchAndBound,max_queue_size,mean_cell_value,0.317699645219415
BranchAndBound,max_queue_size,cell_value_variance,0.30422923630927556
BranchAndBound,max_queue_size,dp_sum_improvement_amount,0.21063375796078576
BranchAndBound,max_queue_size,dp_mean_improvement_amount,0.07297289271289026
BranchAndBound,max_queue_size,updates_per_cell,0.22190529758125346
BranchAndBound,max_queue_size,selected_count,0.3059670857594121
BranchAndBound,max_queue_size,solution_density,0.12363478851053405
BranchAndBound,max_queue_size,residual_capacity,0.20307864838537643
BranchAndBound,max_queue_size,capacity_utilization,0.056986268886309484
BranchAndBound,max_queue_size,last_selected_position,0.22642314394447294
BranchAndBound,max_queue_size,first_skipped_position,0.30683868434953876
BranchAndBound,max_queue_size,solution_gap,0.6220024055555404
BranchAndBound,max_queue_size,log_time_millis,0.40532807776922974
BranchAndBound,max_queue_size,log_nodes_explored,0.38707810871851955
BranchAndBound,max_queue_size,AlmostEqualRatios,0.04450637481520363
BranchAndBound,max_queue_size,InverseCorrelated,0.10496396968348841
BranchAndBound,max_queue_size,StronglyCorrelated,-0.03150791102786129
BranchAndBound,max_queue_size,WeaklyCorrelated,-0.05897457283383192
BranchAndBound,max_queue_size,log_n,0.1558736052348626
BranchAndBound,optimal,nodes_generated,-0.6182277119352766
BranchAndBound,optimal,internal_nodes,-0.6121738286832128
BranchAndBound,optimal,max_depth,-0.346073817598033
BranchAndBound,optimal,mean_depth,-0.5114601881624959
BranchAndBound,optimal,median_depth,-0.49311176196531514
BranchAndBound,optimal,mean_queue_size,-0.6331534638539382
BranchAndBound,optimal,final_queue_size,-0.9917568025232083
BranchAndBound,optimal,mean_bound,-0.48485443933045347
BranchAndBound,optimal,bound_variance,0.24406206134797756
BranchAndBound,optimal,min_bound,-0.4855950729480188
BranchAndBound,optimal,max_bound,-0.4848826790794191
BranchAndBound,optimal,mean_bound_gap,0.1322558531196331
BranchAndBound,optimal,bound_gap_variance,0.06535169658175065
BranchAndBound,optimal,pruned_by_bound,0.7036763260711787
BranchAndBound,optimal,pruned_by_cap,-0.9921001639861736
BranchAndBound,optimal,left_branches,-0.6405641784109389
BranchAndBound,optimal,right_branches,-0.6075414368740154
BranchAndBound,optimal,explored_children,-0.6140238430416171
BranchAndBound,optimal,skipped_children,-0.5946701785575828
BranchAndBound,optimal,skipped_infeasible,-0.5189482540806153
BranchAndBound,optimal,skipped_by_bound,-0.023444060153477966
BranchAndBound,optimal,improvement_count,-0.5083657600885705
BranchAndBound,optimal,sum_improvement_amount,-0.31211264611460815
BranchAndBound,optimal,mean_improvement_amount,-0.06431638793404647
BranchAndBound,optimal,last_improvement_node,-0.5350982295111489
BranchAndBound,optimal,pruned_generated_ratio,0.16515423670969076
BranchAndBound,optimal,avg_branching_factor,-0.523011926744348
BranchAndBound,optimal,capacity_density,-0.17270892821542858
BranchAndBound,optimal,cells_allocated,-0.308626488960444
BranchAndBound,optimal,total_evaluations,-0.3359752388348429
BranchAndBound,optimal,include_count,-0.333705216823156
BranchAndBound,optimal,exclude_count,-0.32789534967489875
BranchAndBound,optimal,tie_count,-0.15742477833667617
BranchAndBound,optimal,include_ratio,-0.18134591954124618
BranchAndBound,optimal,nonzero_value_states,-0.3083713431797506
BranchAndBound,optimal,zero_value_states,0.16973461072583584
BranchAndBound,optimal,fill_rate,-0.07673665955236848
BranchAndBound,optimal,mean_cell_value,-0.5085497714710032
BranchAndBound,optimal,cell_value_variance,-0.465703686256054
BranchAndBound,optimal,dp_sum_improvement_amount,-0.3227363866909312
BranchAndBound,optimal,dp_mean_improvement_amount,-0.11270938734411949
BranchAndBound,optimal,updates_per_cell,-0.3453318328282209
BranchAndBound,optimal,selected_count,-0.5014122134904938
BranchAndBound,optimal,solution_density,-0.21356879184738223
BranchAndBound,optimal,residual_capacity,-0.34035873773375025
BranchAndBound,optimal,capacity_utilization,-0.08568793432081043
BranchAndBound,optimal,last_selected_position,-0.3333831616611221
BranchAndBound,optimal,first_skipped_position,-0.5032532105554062
BranchAndBound,optimal,solution_gap,-0.3545622120307933
BranchAndBound,optimal,log_time_millis,-0.6307416476771339
BranchAndBound,optimal,log_nodes_explored,-0.6121770341102648
BranchAndBound,optimal,AlmostEqualRatios,0.07108110882236819
BranchAndBound,optimal,InverseCorrelated,-0.18845846615404158
BranchAndBound,optimal,StronglyCorrelated,-0.06687235895788585
BranchAndBound,optimal,WeaklyCorrelated,0.0921248581447796
BranchAndBound,optimal,log_n,-0.24157366633898766
BranchAndBound,nodes_generated,internal_nodes,0.9985223574928013
BranchAndBound,nodes_generated,max_depth,0.6778113146666069
BranchAndBound,nodes_generated,mean_depth,0.7336137234435229
BranchAndBound,nodes_generated,median_depth,0.7062314544186531
BranchAndBound,nodes_generated,mean_queue_size,0.9332036789509454
BranchAndBound,nodes_generated,final_queue_size,0.622521254283729
BranchAndBound,nodes_generated,mean_bound,0.585687676907042
BranchAndBound,nodes_generated,bound_variance,-0.4149815389279509
BranchAndBound,nodes_generated,min_bound,0.5864725310413849
BranchAndBound,nodes_generated,max_bound,0.5859233135920164
BranchAndBound,nodes_generated,mean_bound_gap,-0.27206969403836906
BranchAndBound,nodes_generated,bound_gap_variance,-0.06548264693460905
BranchAndBound,nodes_generated,pruned_by_bound,-0.25176354753483016
BranchAndBound,nodes_generated,pruned_by_cap,0.6226130293358895
BranchAndBound,nodes_generated,left_branches,0.9412857692377273
BranchAndBound,nodes_generated,right_branches,0.9951111323260285
BranchAndBound,nodes_generated,explored_children,0.9964662237371633
BranchAndBound,nodes_generated,skipped_children,0.9786815403875407
BranchAndBound,nodes_generated,skipped_infeasible,0.8834906124157472
BranchAndBound,nodes_generated,skipped_by_bound,0.60273408504725
BranchAndBound,nodes_generated,improvement_count,0.6336620705129034
BranchAndBound,nodes_generated,sum_improvement_amount,0.5157737505675314
BranchAndBound,nodes_generated,mean_improvement_amount,0.09201952425214295
BranchAndBound,nodes_generated,last_improvement_node,0.40329551936501523
BranchAndBound,nodes_generated,pruned_generated_ratio,-0.3357920560531059
BranchAndBound,nodes_generated,avg_branching_factor,0.47562281205532975
BranchAndBound,nodes_generated,capacity_density,0.20202484052740072
BranchAndBound,nodes_generated,cells_allocated,0.4546876992662144
BranchAndBound,nodes_generated,total_evaluations,0.5988787338805549
BranchAndBound,nodes_generated,include_count,0.541099335084903
BranchAndBound,nodes_generated,exclude_count,0.6154907852525315
BranchAndBound,nodes_generated,tie_count,0.4535687173704553
BranchAndBound,nodes_generated,include_ratio,0.09864647369828877
BranchAndBound,nodes_generated,nonzero_value_states,0.45583992827340136
BranchAndBound,nodes_generated,zero_value_states,-0.44197145937678367
BranchAndBound,nodes_generated,fill_rate,0.26744229710318124
BranchAndBound,nodes_generated,mean_cell_value,0.5774627876770532
BranchAndBound,nodes_generated,cell_value_variance,0.5094334489675004
BranchAndBound,nodes_generated,dp_sum_improvement_amount,0.49868304744578923
BranchAndBound,nodes_generated,dp_mean_improvement_amount,0.0823356494459773
BranchAndBound,nodes_generated,updates_per_cell,0.6243125235539769
BranchAndBound,nodes_generated,selected_count,0.6184144354337472
BranchAndBound,nodes_generated,solution_density,0.20732870561219216
BranchAndBound,nodes_generated,residual_capacity,0.24735233991348618
BranchAndBound,nodes_generated,capacity_utilization,0.1973495912718189
BranchAndBound,nodes_generated,last_selected_position,0.4751474408024258
BranchAndBound,nodes_generated,first_skipped_position,0.6199022360277742
BranchAndBound,nodes_generated,solution_gap,0.22544315267822632
BranchAndBound,nodes_generated,log_time_millis,0.9641413129928171
BranchAndBound,nodes_generated,log_nodes_explored,0.9881317276661703
BranchAndBound,nodes_generated,AlmostEqualRatios,-0.06938342755461428
BranchAndBound,nodes_generated,InverseCorrelated,0.2742075799708149
BranchAndBound,nodes_generated,StronglyCorrelated,0.2139143285979995
BranchAndBound,nodes_generated,WeaklyCorrelated,-0.15687041653067046
BranchAndBound,nodes_generated,log_n,0.5951362499358407
BranchAndBound,internal_nodes,max_depth,0.6737302451311802
BranchAndBound,internal_nodes,mean_depth,0.7246000611985786
BranchAndBound,internal_nodes,median_depth,0.6954402975613024
BranchAndBound,internal_nodes,mean_queue_size,0.9189439546222926
BranchAndBound,internal_nodes,final_queue_size,0.6164714825091622
BranchAndBound,internal_nodes,mean_bound,0.5623356003458126
BranchAndBound,internal_nodes,bound_variance,-0.42630535819710325
BranchAndBound,internal_nodes,min_bound,0.5631358751485489
BranchAndBound,internal_nodes,max_bound,0.5625736384580586
BranchAndBound,internal_nodes,mean_bound_gap,-0.3081303511155814
BranchAndBound,internal_nodes,bound_gap_variance,-0.09971400754818914
BranchAndBound,internal_nodes,pruned_by_bound,-0.26175552365756644
BranchAndBound,internal_nodes,pruned_by_cap,0.6166875826697386
BranchAndBound,internal_nodes,left_branches,0.9275236103945844
BranchAndBound,internal_nodes,right_branches,0.9962182733145349
BranchAndBound,internal_nodes,explored_children,0.9949271869989136
BranchAndBound,internal_nodes,skipped_children,0.9876879723026125
BranchAndBound,internal_nodes,skipped_infeasible,0.8952649967848777
BranchAndBound,internal_nodes,skipped_by_bound,0.617480667384272
BranchAndBound,internal_nodes,improvement_count,0.6109660007982624
BranchAndBound,internal_nodes,sum_improvement_amount,0.48624166803892543
BranchAndBound,internal_nodes,mean_improvement_amount,0.08028377860559152
BranchAndBound,internal_nodes,last_improvement_node,0.4009538018682811
BranchAndBound,internal_nodes,pruned_generated_ratio,-0.3859168807653749
BranchAndBound,internal_nodes,avg_branching_factor,0.47009865806644785
BranchAndBound,internal_nodes,capacity_density,0.17318842231266415
BranchAndBound,internal_nodes,cells_allocated,0.42331363158479507
BranchAndBound,internal_nodes,total_evaluations,0.5690605358646987
BranchAndBound,internal_nodes,include_count,0.5097732654790048
BranchAndBound,internal_nodes,exclude_count,0.5869983543600124
BranchAndBound,internal_nodes,tie_count,0.44144450122154244
BranchAndBound,internal_nodes,include_ratio,0.07550825483646004
BranchAndBound,internal_nodes,nonzero_value_states,0.4244319806854444
BranchAndBound,internal_nodes,zero_value_states,-0.43175084013098564
BranchAndBound,internal_nodes,fill_rate,0.2536152079416074
BranchAndBound,internal_nodes,mean_cell_value,0.5566689120999795
BranchAndBound,internal_nodes,cell_value_variance,0.4891157835021816
BranchAndBound,internal_nodes,dp_sum_improvement_amount,0.46729667939271474
BranchAndBound,internal_nodes,dp_mean_improvement_amount,0.06731124202174828
BranchAndBound,internal_nodes,updates_per_cell,0.5952746957082885
BranchAndBound,internal_nodes,selected_count,0.5951430631496092
BranchAndBound,internal_nodes,solution_density,0.18114937822268753
BranchAndBound,internal_nodes,residual_capacity,0.24908745169130111
BranchAndBound,internal_nodes,capacity_utilization,0.18206972435809332
BranchAndBound,internal_nodes,last_selected_position,0.457857855733884
BranchAndBound,internal_nodes,first_skipped_position,0.5967114042650216
BranchAndBound,internal_nodes,solution_gap,0.22045148815858226
BranchAndBound,internal_nodes,log_time_millis,0.9563740625164577
BranchAndBound,internal_nodes,log_nodes_explored,0.9869065792418362
BranchAndBound,internal_nodes,AlmostEqualRatios,-0.07480766029812175
BranchAndBound,internal_nodes,InverseCorrelated,0.278865380376983
BranchAndBound,internal_nodes,StronglyCorrelated,0.22118083455940865
BranchAndBound,internal_nodes,WeaklyCorrelated,-0.15338701220883671
BranchAndBound,internal_nodes,log_n,0.5832581636585057
BranchAndBound,max_depth,mean_depth,0.9024294827779837
BranchAndBound,max_depth,median_depth,0.8841074810303468
BranchAndBound,max_depth,mean_queue_size,0.6046632805845205
BranchAndBound,max_depth,final_queue_size,0.3425879269952052
BranchAndBound,max_depth,mean_bound,0.6447616087361997
BranchAndBound,max_depth,bound_variance,-0.24629483040264355
BranchAndBound,max_depth,min_bound,0.645090261799321
BranchAndBound,max_depth,max_bound,0.644853804648947
BranchAndBound,max_depth,mean_bound_gap,-0.030603643495213974
BranchAndBound,max_depth,bound_gap_variance,0.11839606758105006
BranchAndBound,max_depth,pruned_by_bound,-0.05363848734691162
BranchAndBound,max_depth,pruned_by_cap,0.34429597256460587
BranchAndBound,max_depth,left_branches,0.581102558295656
BranchAndBound,max_depth,right_branches,0.6766084680738047
BranchAndBound,max_depth,explored_children,0.6748260135505413
BranchAndBound,max_depth,skipped_children,0.6505872476497085
BranchAndBound,max_depth,skipped_infeasible,0.5929040348524066
BranchAndBound,max_depth,skipped_by_bound,0.31283706941048944
BranchAndBound,max_depth,improvement_count,0.6732997844399606
BranchAndBound,max_depth,sum_improvement_amount,0.45631824757483425
BranchAndBound,max_depth,mean_improvement_amount,0.05001109978759605
BranchAndBound,max_depth,last_improvement_node,0.2705538616703432
BranchAndBound,max_depth,pruned_generated_ratio,-0.16348953007254946
BranchAndBound,max_depth,avg_branching_factor,0.2613597121290097
BranchAndBound,max_depth,capacity_density,0.033444715503494545
BranchAndBound,max_depth,cells_allocated,0.35525274012112373
BranchAndBound,max_depth,total_evaluations,0.6087541252410125
BranchAndBound,max_depth,include_count,0.49208646176339027
BranchAndBound,max_depth,exclude_count,0.6590507811086013
BranchAndBound,max_depth,tie_count,0.3985369477624046
BranchAndBound,max_depth,include_ratio,-0.12137117743632989
BranchAndBound,max_depth,nonzero_value_states,0.35675717439490284
BranchAndBound,max_depth,zero_value_states,-0.5787159902136736
BranchAndBound,max_depth,fill_rate,0.2710660944462627
BranchAndBound,max_depth,mean_cell_value,0.6141016917963787
BranchAndBound,max_depth,cell_value_variance,0.6355846552431026
BranchAndBound,max_depth,dp_sum_improvement_amount,0.41725320699356605
BranchAndBound,max_depth,dp_mean_improvement_amount,-0.07295490680051095
BranchAndBound,max_depth,updates_per_cell,0.6497126323758781
BranchAndBound,max_depth,selected_count,0.6734104937050285
BranchAndBound,max_depth,solution_density,-0.006821585248542696
BranchAndBound,max_depth,residual_capacity,-0.07893781680100716
BranchAndBound,max_depth,capacity_utilization,0.27743101928091507
BranchAndBound,max_depth,last_selected_position,0.6805480116907293
BranchAndBound,max_depth,first_skipped_position,0.6733520828082618
BranchAndBound,max_depth,solution_gap,0.11700250868226579
BranchAndBound,max_depth,log_time_millis,0.6895048392153487
BranchAndBound,max_depth,log_nodes_explored,0.678122512588498
BranchAndBound,max_depth,AlmostEqualRatios,-0.11507708293539844
BranchAndBound,max_depth,InverseCorrelated,0.08517345994575903
BranchAndBound,max_depth,StronglyCorrelated,0.09074727635671423
BranchAndBound,max_depth,WeaklyCorrelated,-0.016983037372615518
BranchAndBound,max_depth,log_n,0.8097977096641014
BranchAndBound,mean_depth,median_depth,0.995231867426531
BranchAndBound,mean_depth,mean_queue_size,0.7136772309838987
BranchAndBound,mean_depth,final_queue_size,0.5107545745890248
BranchAndBound,mean_depth,mean_bound,0.8058369290533915
BranchAndBound,mean_depth,bound_variance,-0.33018502872612593
BranchAndBound,mean_depth,min_bound,0.8064069692243375
BranchAndBound,mean_depth,max_bound,0.8057028417481366
BranchAndBound,mean_depth,mean_bound_gap,0.027324035981268615
BranchAndBound,mean_depth,bound_gap_variance,0.21140753762429892
BranchAndBound,mean_depth,pruned_by_bound,-0.1392102033201251
BranchAndBound,mean_depth,pruned_by_cap,0.5117023131186261
BranchAndBound,mean_depth,left_branches,0.6989472300064111
BranchAndBound,mean_depth,right_branches,0.7251242463490093
BranchAndBound,mean_depth,explored_children,0.7299818328576888
BranchAndBound,mean_depth,skipped_children,0.6905989610702906
BranchAndBound,mean_depth,skipped_infeasible,0.6228428523253879
BranchAndBound,mean_depth,skipped_by_bound,0.2573929812627595
BranchAndBound,mean_depth,improvement_count,0.8600416803428292
BranchAndBound,mean_depth,sum_improvement_amount,0.5646787421182838
BranchAndBound,mean_depth,mean_improvement_amount,0.0048071465212112625
BranchAndBound,mean_depth,last_improvement_node,0.3731933346050328
BranchAndBound,mean_depth,pruned_generated_ratio,-0.10605950430823195
BranchAndBound,mean_depth,avg_branching_factor,0.3423565061376662
BranchAndBound,mean_depth,capacity_density,0.23234672908770707
BranchAndBound,mean_depth,cells_allocated,0.5592028750673738
BranchAndBound,mean_depth,total_evaluations,0.7317690307242423
BranchAndBound,mean_depth,include_count,0.6586150005573376
BranchAndBound,mean_depth,exclude_count,0.7562562135961699
BranchAndBound,mean_depth,tie_count,0.43118538233093945
BranchAndBound,mean_depth,include_ratio,0.11512620250661769
BranchAndBound,mean_depth,nonzero_value_states,0.5599035601118677
BranchAndBound,mean_depth,zero_value_states,-0.5266267243897227
BranchAndBound,mean_depth,fill_rate,0.2572475268267065
BranchAndBound,mean_depth,mean_cell_value,0.7709818255167453
BranchAndBound,mean_depth,cell_value_variance,0.7906989153191283
BranchAndBound,mean_depth,dp_sum_improvement_amount,0.5776072082684445
BranchAndBound,mean_depth,dp_mean_improvement_amount,-0.01956681269476134
BranchAndBound,mean_depth,updates_per_cell,0.7517877606816559
BranchAndBound,mean_depth,selected_count,0.8556395953702726
BranchAndBound,mean_depth,solution_density,0.21479067231389068
BranchAndBound,mean_depth,residual_capacity,0.055780059435250905
BranchAndBound,mean_depth,capacity_utilization,0.2929227587328088
BranchAndBound,mean_depth,last_selected_position,0.7635129518119571
BranchAndBound,mean_depth,first_skipped_position,0.8558613086821368
BranchAndBound,mean_depth,solution_gap,0.17934345311891636
BranchAndBound,mean_depth,log_time_millis,0.7499543987549588
BranchAndBound,mean_depth,log_nodes_explored,0.7301822620205438
BranchAndBound,mean_depth,AlmostEqualRatios,-0.08878122751640075
BranchAndBound,mean_depth,InverseCorrelated,0.049344580067665726
BranchAndBound,mean_depth,StronglyCorrelated,0.1543684235227425
BranchAndBound,mean_depth,WeaklyCorrelated,-0.04397528585597385
BranchAndBound,mean_depth,log_n,0.7287480961621183
BranchAndBound,median_depth,mean_queue_size,0.700986677335534
BranchAndBound,median_depth,final_queue_size,0.4923343978710487
BranchAndBound,median_depth,mean_bound,0.8292728362749286
BranchAndBound,median_depth,bound_variance,-0.3069588917676109
BranchAndBound,median_depth,min_bound,0.8298172734747533
BranchAndBound,median_depth,max_bound,0.8291209166587754
BranchAndBound,median_depth,mean_bound_gap,0.07775768694179688
BranchAndBound,median_depth,bound_gap_variance,0.2558139465626569
BranchAndBound,median_depth,pruned_by_bound,-0.11993871816520614
BranchAndBound,median_depth,pruned_by_cap,0.4931515026849808
BranchAndBound,median_depth,left_branches,0.6867653478709238
BranchAndBound,median_depth,right_branches,0.6958931802671734
BranchAndBound,median_depth,explored_children,0.7027657478900436
BranchAndBound,median_depth,skipped_children,0.6580060856008132
BranchAndBound,median_depth,skipped_infeasible,0.5937074730746675
BranchAndBound,median_depth,skipped_by_bound,0.24197728147968753
BranchAndBound,median_depth,improvement_count,0.8802705085669014
BranchAndBound,median_depth,sum_improvement_amount,0.5848218756039175
BranchAndBound,median_depth,mean_improvement_amount,0.009023203205656017
BranchAndBound,median_depth,last_improvement_node,0.3579684632455127
BranchAndBound,median_depth,pruned_generated_ratio,-0.0637442805742174
BranchAndBound,median_depth,avg_branching_factor,0.3330924031148967
BranchAndBound,median_depth,capacity_density,0.26625638049181977
BranchAndBound,median_depth,cells_allocated,0.5922090671159498
BranchAndBound,median_depth,total_evaluations,0.7514610026012308
BranchAndBound,median_depth,include_count,0.6857659330728719
BranchAndBound,median_depth,exclude_count,0.7724202414841812
BranchAndBound,median_depth,tie_count,0.4343791212749562
BranchAndBound,median_depth,include_ratio,0.15275503710168173
BranchAndBound,median_depth,nonzero_value_states,0.5927848001318513
BranchAndBound,median_depth,zero_value_states,-0.5175795704147796
BranchAndBound,median_depth,fill_rate,0.25555199215037827
BranchAndBound,median_depth,mean_cell_value,0.7913034942799304
BranchAndBound,median_depth,cell_value_variance,0.8143404031984894
BranchAndBound,median_depth,dp_sum_improvement_amount,0.6049200997950126
BranchAndBound,median_depth,dp_mean_improvement_amount,-0.006097609069381188
BranchAndBound,median_depth,updates_per_cell,0.7687762363993359
BranchAndBound,median_depth,selected_count,0.8768427572527876
BranchAndBound,median_depth,solution_density,0.24795702311783357
BranchAndBound,median_depth,residual_capacity,0.05447714180009985
BranchAndBound,median_depth,capacity_utilization,0.29426772188086614
BranchAndBound,median_depth,last_selected_position,0.7752297336781694
BranchAndBound,median_depth,first_skipped_position,0.8769366664080666
BranchAndBound,median_depth,solution_gap,0.1726617109307652
BranchAndBound,median_depth,log_time_millis,0.7274902382795502
BranchAndBound,median_depth,log_nodes_explored,0.703447221400985
BranchAndBound,median_depth,AlmostEqualRatios,-0.08574281311654484
BranchAndBound,median_depth,InverseCorrelated,0.03294666976793214
BranchAndBound,median_depth,StronglyCorrelated,0.1492052948086225
BranchAndBound,median_depth,WeaklyCorrelated,-0.04041586031450856
BranchAndBound,median_depth,log_n,0.7147417739926799
BranchAndBound,mean_queue_size,final_queue_size,0.6378114320200178
BranchAndBound,mean_queue_size,mean_bound,0.6888817369982707
BranchAndBound,mean_queue_size,bound_variance,-0.2709175526731619
BranchAndBound,mean_queue_size,min_bound,0.6894070177440876
BranchAndBound,mean_queue_size,max_bound,0.6890844315306563
BranchAndBound,mean_queue_size,mean_bound_gap,-0.015545083980832996
BranchAndBound,mean_queue_size,bound_gap_variance,0.18314682144102665
BranchAndBound,mean_queue_size,pruned_by_bound,-0.1736387691835149
BranchAndBound,mean_queue_size,pruned_by_cap,0.6366031167989135
BranchAndBound,mean_queue_size,left_branches,0.9826575605562025
BranchAndBound,mean_queue_size,right_branches,0.9211546539787135
BranchAndBound,mean_queue_size,explored_children,0.9371045858821719
BranchAndBound,mean_queue_size,skipped_children,0.8729226676656335
BranchAndBound,mean_queue_size,skipped_infeasible,0.7858692112288767
BranchAndBound,mean_queue_size,skipped_by_bound,0.5146919823153183
BranchAndBound,mean_queue_size,improvement_count,0.7226983494352481
BranchAndBound,mean_queue_size,sum_improvement_amount,0.6819851443463911
BranchAndBound,mean_queue_size,mean_improvement_amount,0.17372126234266957
BranchAndBound,mean_queue_size,last_improvement_node,0.38067338199074396
BranchAndBound,mean_queue_size,pruned_generated_ratio,-0.08715717999185367
BranchAndBound,mean_queue_size,avg_branching_factor,0.5246565341132419
BranchAndBound,mean_queue_size,capacity_density,0.41171557492293587
BranchAndBound,mean_queue_size,cells_allocated,0.6382481989056117
BranchAndBound,mean_queue_size,total_evaluations,0.7271534741265734
BranchAndBound,mean_queue_size,include_count,0.7044668783828003
BranchAndBound,mean_queue_size,exclude_count,0.7235462124302443
BranchAndBound,mean_queue_size,tie_count,0.45783298342868967
BranchAndBound,mean_queue_size,include_ratio,0.3103830676358999
BranchAndBound,mean_queue_size,nonzero_value_states,0.6393651603596705
BranchAndBound,mean_queue_size,zero_value_states,-0.42255270749614676
BranchAndBound,mean_queue_size,fill_rate,0.3244163528726158
BranchAndBound,mean_queue_size,mean_cell_value,0.6732979429647543
BranchAndBound,mean_queue_size,cell_value_variance,0.5927343195186604
BranchAndBound,mean_queue_size,dp_sum_improvement_amount,0.6805014979887551
BranchAndBound,mean_queue_size,dp_mean_improvement_amount,0.23463346430912005
BranchAndBound,mean_queue_size,updates_per_cell,0.7476895817010408
BranchAndBound,mean_queue_size,selected_count,0.7123882435095832
BranchAndBound,mean_queue_size,solution_density,0.4173968583698344
BranchAndBound,mean_queue_size,residual_capacity,0.30357400620122976
BranchAndBound,mean_queue_size,capacity_utilization,0.23590159012234335
BranchAndBound,mean_queue_size,last_selected_position,0.5254730108077226
BranchAndBound,mean_queue_size,first_skipped_position,0.7137251501968166
BranchAndBound,mean_queue_size,solution_gap,0.23965295971706627
BranchAndBound,mean_queue_size,log_time_millis,0.9298183570262908
BranchAndBound,mean_queue_size,log_nodes_explored,0.9215482106332312
BranchAndBound,mean_queue_size,AlmostEqualRatios,-0.09164620088751106
BranchAndBound,mean_queue_size,InverseCorrelated,0.25518413151980385
BranchAndBound,mean_queue_size,StronglyCorrelated,0.1414660223488294
BranchAndBound,mean_queue_size,WeaklyCorrelated,-0.13614658038231595
BranchAndBound,mean_queue_size,log_n,0.552103439119522
BranchAndBound,final_queue_size,mean_bound,0.4870370224530994
BranchAndBound,final_queue_size,bound_variance,-0.2408359410676775
BranchAndBound,final_queue_size,min_bound,0.48777431728852777
BranchAndBound,final_queue_size,max_bound,0.48706784276782056
BranchAndBound,final_queue_size,mean_bound_gap,-0.13731628283750813
BranchAndBound,final_queue_size,bound_gap_variance,-0.07082238410898826
BranchAndBound,final_queue_size,pruned_by_bound,-0.7099547147951386
BranchAndBound,final_queue_size,pruned_by_cap,0.9996539044388573
BranchAndBound,final_queue_size,left_branches,0.6456223047802004
BranchAndBound,final_queue_size,right_branches,0.6117335616215198
BranchAndBound,final_queue_size,explored_children,0.6182806413535986
BranchAndBound,final_queue_size,skipped_children,0.5988690969424599
BranchAndBound,final_queue_size,skipped_infeasible,0.5224487844287146
BranchAndBound,final_queue_size,skipped_by_bound,0.023843162904133127
BranchAndBound,final_queue_size,improvement_count,0.506269652857841
BranchAndBound,final_queue_size,sum_improvement_amount,0.31087532568228404
BranchAndBound,final_queue_size,mean_improvement_amount,0.06670505821491211
BranchAndBound,final_queue_size,last_improvement_node,0.525847037147036
BranchAndBound,final_queue_size,pruned_generated_ratio,-0.1694940223147655
BranchAndBound,final_queue_size,avg_branching_factor,0.5404981537673152
BranchAndBound,final_queue_size,capacity_density,0.17154183125841208
BranchAndBound,final_queue_size,cells_allocated,0.3066593720496454
BranchAndBound,final_queue_size,total_evaluations,0.33381541823044586
BranchAndBound,final_queue_size,include_count,0.3316162180125568
BranchAndBound,final_queue_size,exclude_count,0.3258309055297612
BranchAndBound,final_queue_size,tie_count,0.15503114044144373
BranchAndBound,final_queue_size,include_ratio,0.18075212115497102
BranchAndBound,final_queue_size,nonzero_value_states,0.3064045276079381
BranchAndBound,final_queue_size,zero_value_states,-0.16892828244330435
BranchAndBound,final_queue_size,fill_rate,0.07611204398650614
BranchAndBound,final_queue_size,mean_cell_value,0.5132013069399818
BranchAndBound,final_queue_size,cell_value_variance,0.4680098196890404
BranchAndBound,final_queue_size,dp_sum_improvement_amount,0.32133963706035845
BranchAndBound,final_queue_size,dp_mean_improvement_amount,0.11454625416360154
BranchAndBound,final_queue_size,updates_per_cell,0.34321944900368717
BranchAndBound,final_queue_size,selected_count,0.49969114738149106
BranchAndBound,final_queue_size,solution_density,0.21247307554941222
BranchAndBound,final_queue_size,residual_capacity,0.3484645623479634
BranchAndBound,final_queue_size,capacity_utilization,0.08488306231217302
BranchAndBound,final_queue_size,last_selected_position,0.33251477842984467
BranchAndBound,final_queue_size,first_skipped_position,0.5015316457966025
BranchAndBound,final_queue_size,solution_gap,0.3630434253241894
BranchAndBound,final_queue_size,log_time_millis,0.6257291655162426
BranchAndBound,final_queue_size,log_nodes_explored,0.60713073792734
BranchAndBound,final_queue_size,AlmostEqualRatios,-0.06887476909290799
BranchAndBound,final_queue_size,InverseCorrelated,0.19383881515423762
BranchAndBound,final_queue_size,StronglyCorrelated,0.057766863431812344
BranchAndBound,final_queue_size,WeaklyCorrelated,-0.09136545474657085
BranchAndBound,final_queue_size,log_n,0.24002817574868743
BranchAndBound,mean_bound,bound_variance,-0.022537689061108892
BranchAndBound,mean_bound,min_bound,0.9999942584013753
BranchAndBound,mean_bound,max_bound,0.9999990373532652
BranchAndBound,mean_bound,mean_bound_gap,0.39891598654983856
BranchAndBound,mean_bound,bound_gap_variance,0.5237435227066298
BranchAndBound,mean_bound,pruned_by_bound,-0.11973289469325944
BranchAndBound,mean_bound,pruned_by_cap,0.48518353981914547
BranchAndBound,mean_bound,left_branches,0.6909499097470432
BranchAndBound,mean_bound,right_branches,0.5601675752471702
BranchAndBound,mean_bound,explored_children,0.5826338319669505
BranchAndBound,mean_bound,skipped_children,0.4979852569077096
BranchAndBound,mean_bound,skipped_infeasible,0.44284425476192596
BranchAndBound,mean_bound,skipped_by_bound,0.1927417537532105
BranchAndBound,mean_bound,improvement_count,0.9685090573705658
BranchAndBound,mean_bound,sum_improvement_amount,0.7714709643655328
BranchAndBound,mean_bound,mean_improvement_amount,0.24486520968207307
BranchAndBound,mean_bound,last_improvement_node,0.2214845352015252
BranchAndBound,mean_bound,pruned_generated_ratio,0.19405806530447658
BranchAndBound,mean_bound,avg_branching_factor,0.3268676189453907
BranchAndBound,mean_bound,capacity_density,0.4798593516674171
BranchAndBound,mean_bound,cells_allocated,0.7720310493711592
BranchAndBound,mean_bound,total_evaluations,0.8179718508880983
BranchAndBound,mean_bound,include_count,0.8170497644878459
BranchAndBound,mean_bound,exclude_count,0.8088649904612332
BranchAndBound,mean_bound,tie_count,0.3741259328913473
BranchAndBound,mean_bound,include_ratio,0.43012440484556974
BranchAndBound,mean_bound,nonzero_value_states,0.7716391815336733
BranchAndBound,mean_bound,zero_value_states,-0.39025773807715936
BranchAndBound,mean_bound,fill_rate,0.21699758559505467
BranchAndBound,mean_bound,mean_cell_value,0.9836628270049118
BranchAndBound,mean_bound,cell_value_variance,0.963883020253184
BranchAndBound,mean_bound,dp_sum_improvement_amount,0.7978997458783819
BranchAndBound,mean_bound,dp_mean_improvement_amount,0.30737902154231594
BranchAndBound,mean_bound,updates_per_cell,0.8224653686659575
BranchAndBound,mean_bound,selected_count,0.9780285510105534
BranchAndBound,mean_bound,solution_density,0.48009644146493796
BranchAndBound,mean_bound,residual_capacity,0.16769631108294442
BranchAndBound,mean_bound,capacity_utilization,0.24530030131251113
BranchAndBound,mean_bound,last_selected_position,0.7657398424096112
BranchAndBound,mean_bound,first_skipped_position,0.978330744504477
BranchAndBound,mean_bound,solution_gap,0.1279114923514659
BranchAndBound,mean_bound,log_time_millis,0.6359801742616108
BranchAndBound,mean_bound,log_nodes_explored,0.5786036646307742
BranchAndBound,mean_bound,AlmostEqualRatios,-0.06928037002867812
BranchAndBound,mean_bound,InverseCorrelated,0.13035457603133177
BranchAndBound,mean_bound,StronglyCorrelated,-0.07549589333330438
BranchAndBound,mean_bound,WeaklyCorrelated,-0.05704930623984926
BranchAndBound,mean_bound,log_n,0.5408432102110069
BranchAndBound,bound_variance,min_bound,-0.024971949865900258
BranchAndBound,bound_variance,max_bound,-0.021889843113497332
BranchAndBound,bound_variance,mean_bound_gap,0.5784138998622657
BranchAndBound,bound_variance,bound_gap_variance,0.4722532501717643
BranchAndBound,bound_variance,pruned_by_bound,0.1374328075047878
BranchAndBound,bound_variance,pruned_by_cap,-0.24410288537054273
BranchAndBound,bound_variance,left_branches,-0.2766509082672901
BranchAndBound,bound_variance,right_branches,-0.42369797151518346
BranchAndBound,bound_variance,explored_children,-0.4073680875302336
BranchAndBound,bound_variance,skipped_children,-0.441495270974427
BranchAndBound,bound_variance,skipped_infeasible,-0.3993132411523944
BranchAndBound,bound_variance,skipped_by_bound,-0.12961750160434493
BranchAndBound,bound_variance,improvement_count,-0.1659179115670463
BranchAndBound,bound_variance,sum_improvement_amount,0.21591483924907945
BranchAndBound,bound_variance,mean_improvement_amount,0.6321902986119599
BranchAndBound,bound_variance,last_improvement_node,-0.34408552180790375
BranchAndBound,bound_variance,pruned_generated_ratio,0.35090370393050646
BranchAndBound,bound_variance,avg_branching_factor,-0.147142112695683
BranchAndBound,bound_variance,capacity_density,0.0804892401568113
BranchAndBound,bound_variance,cells_allocated,-0.024895490464784474
BranchAndBound,bound_variance,total_evaluations,-0.1125243043453393
BranchAndBound,bound_variance,include_count,-0.03949145211507902
BranchAndBound,bound_variance,exclude_count,-0.13961916237576105
BranchAndBound,bound_variance,tie_count,-0.431086174505834
BranchAndBound,bound_variance,include_ratio,0.20811287509456627
BranchAndBound,bound_variance,nonzero_value_states,-0.025295135742740955
BranchAndBound,bound_variance,zero_value_states,0.1637011887111704
BranchAndBound,bound_variance,fill_rate,-0.04899275166781119
BranchAndBound,bound_variance,mean_cell_value,0.02357887223037911
BranchAndBound,bound_variance,cell_value_variance,-0.06915028285760179
BranchAndBound,bound_variance,dp_sum_improvement_amount,0.11772411318142971
BranchAndBound,bound_variance,dp_mean_improvement_amount,0.6223564906499318
BranchAndBound,bound_variance,updates_per_cell,-0.05722683874238636
BranchAndBound,bound_variance,selected_count,-0.1367777537650834
BranchAndBound,bound_variance,solution_density,0.12999852899161657
BranchAndBound,bound_variance,residual_capacity,0.14822660302223228
BranchAndBound,bound_variance,capacity_utilization,-0.1983828953126359
BranchAndBound,bound_variance,last_selected_position,-0.1870381291957674
BranchAndBound,bound_variance,first_skipped_position,-0.1346285031945931
BranchAndBound,bound_variance,solution_gap,-0.1687073064771687
BranchAndBound,bound_variance,log_time_millis,-0.3809724781353631
BranchAndBound,bound_variance,log_nodes_explored,-0.4316923707333919
BranchAndBound,bound_variance,AlmostEqualRatios,-0.2838967406210686
BranchAndBound,bound_variance,InverseCorrelated,0.3548865875287897
BranchAndBound,bound_variance,StronglyCorrelated,-0.5906674974218196
BranchAndBound,bound_variance,WeaklyCorrelated,0.03500989556317763
BranchAndBound,bound_variance,log_n,-0.2311650962995132
BranchAndBound,min_bound,max_bound,0.9999912228666967
BranchAndBound,min_bound,mean_bound_gap,0.39751925121399406
BranchAndBound,min_bound,bound_gap_variance,0.5223810265092876
BranchAndBound,min_bound,pruned_by_bound,-0.12036381586760322
BranchAndBound,min_bound,pruned_by_cap,0.48592024212348844
BranchAndBound,min_bound,left_branches,0.6915192710962295
BranchAndBound,min_bound,right_branches,0.5609757081894935
BranchAndBound,min_bound,explored_children,0.5834114545114164
BranchAndBound,min_bound,skipped_children,0.49877863381896603
BranchAndBound,min_bound,skipped_infeasible,0.4435758310730124
BranchAndBound,min_bound,skipped_by_bound,0.19264695801933968
BranchAndBound,min_bound,improvement_count,0.9688482831418747
BranchAndBound,min_bound,sum_improvement_amount,0.7705485788646895
BranchAndBound,min_bound,mean_improvement_amount,0.24263905596545363
BranchAndBound,min_bound,last_improvement_node,0.22193272343755974
BranchAndBound,min_bound,pruned_generated_ratio,0.19344981866138233
BranchAndBound,min_bound,avg_branching_factor,0.327377697572486
BranchAndBound,min_bound,capacity_density,0.4797393525701773
BranchAndBound,min_bound,cells_allocated,0.7721088185948414
BranchAndBound,min_bound,total_evaluations,0.8181176544913902
BranchAndBound,min_bound,include_count,0.8170574027102192
BranchAndBound,min_bound,exclude_count,0.8090931095962216
BranchAndBound,min_bound,tie_count,0.3754823005466876
BranchAndBound,min_bound,include_ratio,0.4295642837571103
BranchAndBound,min_bound,nonzero_value_states,0.7717143833439964
BranchAndBound,min_bound,zero_value_states,-0.390293151138389
BranchAndBound,min_bound,fill_rate,0.2167671952146864
BranchAndBound,min_bound,mean_cell_value,0.9834777814079217
BranchAndBound,min_bound,cell_value_variance,0.964129656129243
BranchAndBound,min_bound,dp_sum_improvement_amount,0.7973808965326853
BranchAndBound,min_bound,dp_mean_improvement_amount,0.30523607040941
BranchAndBound,min_bound,updates_per_cell,0.8223737986436963
BranchAndBound,min_bound,selected_count,0.978322034316632
BranchAndBound,min_bound,solution_density,0.4796236403448672
BranchAndBound,min_bound,residual_capacity,0.1669597140014414
BranchAndBound,min_bound,capacity_utilization,0.245707589785997
BranchAndBound,min_bound,last_selected_position,0.766394181673142
BranchAndBound,min_bound,first_skipped_position,0.978610830086025
BranchAndBound,min_bound,solution_gap,0.1281592287602288
BranchAndBound,min_bound,log_time_millis,0.636716125878365
BranchAndBound,min_bound,log_nodes_explored,0.5794528935018584
BranchAndBound,min_bound,AlmostEqualRatios,-0.06806573118772395
BranchAndBound,min_bound,InverseCorrelated,0.12880662436705512
BranchAndBound,min_bound,StronglyCorrelated,-0.0741134600516502
BranchAndBound,min_bound,WeaklyCorrelated,-0.05598414755966401
BranchAndBound,min_bound,log_n,0.5410855701117904
BranchAndBound,max_bound,mean_bound_gap,0.39901036285586156
BranchAndBound,max_bound,bound_gap_variance,0.5237898419541913
BranchAndBound,max_bound,pruned_by_bound,-0.11982519926238432
BranchAndBound,max_bound,pruned_by_cap,0.4852141295381915
BranchAndBound,max_bound,left_branches,0.6911580314647119
BranchAndBound,max_bound,right_branches,0.5603996591087375
BranchAndBound,max_bound,explored_children,0.5828684886634463
BranchAndBound,max_bound,skipped_children,0.49822584297364314
BranchAndBound,max_bound,skipped_infeasible,0.4430409087190692
BranchAndBound,max_bound,skipped_by_bound,0.19316950598862634
BranchAndBound,max_bound,improvement_count,0.9684035792298221
BranchAndBound,max_bound,sum_improvement_amount,0.7717442010317251
BranchAndBound,max_bound,mean_improvement_amount,0.24583120959200208
BranchAndBound,max_bound,last_improvement_node,0.22139632649888852
BranchAndBound,max_bound,pruned_generated_ratio,0.19393215093353972
BranchAndBound,max_bound,avg_branching_factor,0.3268636694222302
BranchAndBound,max_bound,capacity_density,0.47965305656680884
BranchAndBound,max_bound,cells_allocated,0.7718249696821169
BranchAndBound,max_bound,total_evaluations,0.817807080219999
BranchAndBound,max_bound,include_count,0.8169047520097931
BranchAndBound,max_bound,exclude_count,0.808698268232476
BranchAndBound,max_bound,tie_count,0.37363452971021005
BranchAndBound,max_bound,include_ratio,0.43008707217212994
BranchAndBound,max_bound,nonzero_value_states,0.7714337681349273
BranchAndBound,max_bound,zero_value_states,-0.39027366936253055
BranchAndBound,max_bound,fill_rate,0.216994718546606
BranchAndBound,max_bound,mean_cell_value,0.9837111243045654
BranchAndBound,max_bound,cell_value_variance,0.96383393620038
BranchAndBound,max_bound,dp_sum_improvement_amount,0.7979571081582849
BranchAndBound,max_bound,dp_mean_improvement_amount,0.30813571642262777
BranchAndBound,max_bound,updates_per_cell,0.8224165511533218
BranchAndBound,max_bound,selected_count,0.9779352761061538
BranchAndBound,max_bound,solution_density,0.47999945148522033
BranchAndBound,max_bound,residual_capacity,0.16805381589923704
BranchAndBound,max_bound,capacity_utilization,0.2447022362515021
BranchAndBound,max_bound,last_selected_position,0.7655077650012254
BranchAndBound,max_bound,first_skipped_position,0.9782428102104638
BranchAndBound,max_bound,solution_gap,0.12786481142334274
BranchAndBound,max_bound,log_time_millis,0.6361674546277931
BranchAndBound,max_bound,log_nodes_explored,0.5788081003311352
BranchAndBound,max_bound,AlmostEqualRatios,-0.06967383483358719
BranchAndBound,max_bound,InverseCorrelated,0.13131876584573085
BranchAndBound,max_bound,StronglyCorrelated,-0.07590905618162835
BranchAndBound,max_bound,WeaklyCorrelated,-0.0573758173172013
BranchAndBound,max_bound,log_n,0.5408366421415951
BranchAndBound,mean_bound_gap,bound_gap_variance,0.9460025676149476
BranchAndBound,mean_bound_gap,pruned_by_bound,0.2977492762650424
BranchAndBound,mean_bound_gap,pruned_by_cap,-0.13866478391486978
BranchAndBound,mean_bound_gap,left_branches,-0.0265770791602868
BranchAndBound,mean_bound_gap,right_branches,-0.3090114892378454
BranchAndBound,mean_bound_gap,explored_children,-0.27092282493255365
BranchAndBound,mean_bound_gap,skipped_children,-0.3852234521013398
BranchAndBound,mean_bound_gap,skipped_infeasible,-0.3637065180513179
BranchAndBound,mean_bound_gap,skipped_by_bound,-0.22590223607425924
BranchAndBound,mean_bound_gap,improvement_count,0.3439142948314171
BranchAndBound,mean_bound_gap,sum_improvement_amount,0.6559098089525585
BranchAndBound,mean_bound_gap,mean_improvement_amount,0.5045392224387012
BranchAndBound,mean_bound_gap,last_improvement_node,-0.13101246118129437
BranchAndBound,mean_bound_gap,pruned_generated_ratio,0.745634420382119
BranchAndBound,mean_bound_gap,avg_branching_factor,-0.08406993307537472
BranchAndBound,mean_bound_gap,capacity_density,0.5945794571954729
BranchAndBound,mean_bound_gap,cells_allocated,0.5991633899565098
BranchAndBound,mean_bound_gap,total_evaluations,0.49483288419226934
BranchAndBound,mean_bound_gap,include_count,0.5735825882070823
BranchAndBound,mean_bound_gap,exclude_count,0.4512724107494101
BranchAndBound,mean_bound_gap,tie_count,0.03818107907234774
BranchAndBound,mean_bound_gap,include_ratio,0.57244962641843
BranchAndBound,mean_bound_gap,nonzero_value_states,0.5989914922197761
BranchAndBound,mean_bound_gap,zero_value_states,-0.052062268229100726
BranchAndBound,mean_bound_gap,fill_rate,0.18160170587725993
BranchAndBound,mean_bound_gap,mean_cell_value,0.357849190503438
BranchAndBound,mean_bound_gap,cell_value_variance,0.3197283470225828
BranchAndBound,mean_bound_gap,dp_sum_improvement_amount,0.6519021986807376
BranchAndBound,mean_bound_gap,dp_mean_improvement_amount,0.5899152432513988
BranchAndBound,mean_bound_gap,updates_per_cell,0.49693172782088557
BranchAndBound,mean_bound_gap,selected_count,0.3621317365126751
BranchAndBound,mean_bound_gap,solution_density,0.5639006778118537
BranchAndBound,mean_bound_gap,residual_capacity,-0.009320659877668173
BranchAndBound,mean_bound_gap,capacity_utilization,0.1524701906622671
BranchAndBound,mean_bound_gap,last_selected_position,0.23717804179064864
BranchAndBound,mean_bound_gap,first_skipped_position,0.36145524420094216
BranchAndBound,mean_bound_gap,solution_gap,-0.042735653051238456
BranchAndBound,mean_bound_gap,log_time_millis,-0.1616502547301847
BranchAndBound,mean_bound_gap,log_nodes_explored,-0.266971927564696
BranchAndBound,mean_bound_gap,AlmostEqualRatios,-0.12514454867689154
BranchAndBound,mean_bound_gap,InverseCorrelated,-0.009568235583037172
BranchAndBound,mean_bound_gap,StronglyCorrelated,-0.3423015424689224
BranchAndBound,mean_bound_gap,WeaklyCorrelated,0.06931357913558267
BranchAndBound,mean_bound_gap,log_n,0.05189677970575552
BranchAndBound,bound_gap_variance,pruned_by_bound,0.3318483145315148
BranchAndBound,bound_gap_variance,pruned_by_cap,-0.07098289102010394
BranchAndBound,bound_gap_variance,left_branches,0.17556717971454497
BranchAndBound,bound_gap_variance,right_branches,-0.0930644625608018
BranchAndBound,bound_gap_variance,explored_children,-0.055637473000715636
BranchAndBound,bound_gap_variance,skipped_children,-0.17555798516884574
BranchAndBound,bound_gap_variance,skipped_infeasible,-0.16053304257296672
BranchAndBound,bound_gap_variance,skipped_by_bound,-0.05182442857688799
BranchAndBound,bound_gap_variance,improvement_count,0.49390958076588337
BranchAndBound,bound_gap_variance,sum_improvement_amount,0.806744647872374
BranchAndBound,bound_gap_variance,mean_improvement_amount,0.5263399173347036
BranchAndBound,bound_gap_variance,last_improvement_node,-0.04105665629299808
BranchAndBound,bound_gap_variance,pruned_generated_ratio,0.6496664460980299
BranchAndBound,bound_gap_variance,avg_branching_factor,0.01686752109315797
BranchAndBound,bound_gap_variance,capacity_density,0.6901170527263397
BranchAndBound,bound_gap_variance,cells_allocated,0.7412272189874446
BranchAndBound,bound_gap_variance,total_evaluations,0.6590062252981186
BranchAndBound,bound_gap_variance,include_count,0.7321062936858066
BranchAndBound,bound_gap_variance,exclude_count,0.6141661347471387
BranchAndBound,bound_gap_variance,tie_count,0.14962359321946897
BranchAndBound,bound_gap_variance,include_ratio,0.6392857880989484
BranchAndBound,bound_gap_variance,nonzero_value_states,0.7414528928990775
BranchAndBound,bound_gap_variance,zero_value_states,-0.15034134448335995
BranchAndBound,bound_gap_variance,fill_rate,0.2687677280911337
BranchAndBound,bound_gap_variance,mean_cell_value,0.47395140113502876
BranchAndBound,bound_gap_variance,cell_value_variance,0.42116820345073497
BranchAndBound,bound_gap_variance,dp_sum_improvement_amount,0.8020599748975257
BranchAndBound,bound_gap_variance,dp_mean_improvement_amount,0.6305923574469527
BranchAndBound,bound_gap_variance,updates_per_cell,0.6673749185756525
BranchAndBound,bound_gap_variance,selected_count,0.5055426368547156
BranchAndBound,bound_gap_variance,solution_density,0.6599325042477602
BranchAndBound,bound_gap_variance,residual_capacity,0.03235559335274329
BranchAndBound,bound_gap_variance,capacity_utilization,0.22984967498091635
BranchAndBound,bound_gap_variance,last_selected_position,0.3451854542610171
BranchAndBound,bound_gap_variance,first_skipped_position,0.5053160313354318
BranchAndBound,bound_gap_variance,solution_gap,-0.026247081151439283
BranchAndBound,bound_gap_variance,log_time_millis,0.028056963085527905
BranchAndBound,bound_gap_variance,log_nodes_explored,-0.06187374282774978
BranchAndBound,bound_gap_variance,AlmostEqualRatios,-0.16528044243312703
BranchAndBound,bound_gap_variance,InverseCorrelated,0.03271598793421964
BranchAndBound,bound_gap_variance,StronglyCorrelated,-0.25769405396023387
BranchAndBound,bound_gap_variance,WeaklyCorrelated,0.034082402297933405
BranchAndBound,bound_gap_variance,log_n,0.17863570830292783
BranchAndBound,pruned_by_bound,pruned_by_cap,-0.7106275799419363
BranchAndBound,pruned_by_bound,left_branches,-0.2088292941388927
BranchAndBound,pruned_by_bound,right_branches,-0.25377577731789247
BranchAndBound,pruned_by_bound,explored_children,-0.24526731602535318
BranchAndBound,pruned_by_bound,skipped_children,-0.28298368538872676
BranchAndBound,pruned_by_bound,skipped_infeasible,-0.24205042770957863
BranchAndBound,pruned_by_bound,skipped_by_bound,0.08184590168256609
BranchAndBound,pruned_by_bound,improvement_count,-0.11189818100355858
BranchAndBound,pruned_by_bound,sum_improvement_amount,0.1058990860018053
BranchAndBound,pruned_by_bound,mean_improvement_amount,0.0012787849257319729
BranchAndBound,pruned_by_bound,last_improvement_node,-0.3384918416451537
BranchAndBound,pruned_by_bound,pruned_generated_ratio,0.32334818103645074
BranchAndBound,pruned_by_bound,avg_branching_factor,-0.2949058379159864
BranchAndBound,pruned_by_bound,capacity_density,0.1382723952408658
BranchAndBound,pruned_by_bound,cells_allocated,0.10507711917207216
BranchAndBound,pruned_by_bound,total_evaluations,0.12674325876726955
BranchAndBound,pruned_by_bound,include_count,0.1174814357168559
BranchAndBound,pruned_by_bound,exclude_count,0.12887066141873174
BranchAndBound,pruned_by_bound,tie_count,0.09841491540039653
BranchAndBound,pruned_by_bound,include_ratio,0.04187116761323672
BranchAndBound,pruned_by_bound,nonzero_value_states,0.10719608306104784
BranchAndBound,pruned_by_bound,zero_value_states,-0.11174151553472546
BranchAndBound,pruned_by_bound,fill_rate,0.24520132067585573
BranchAndBound,pruned_by_bound,mean_cell_value,-0.16742927262512658
BranchAndBound,pruned_by_bound,cell_value_variance,-0.150786716695006
BranchAndBound,pruned_by_bound,dp_sum_improvement_amount,0.10588062135910868
BranchAndBound,pruned_by_bound,dp_mean_improvement_amount,0.008125758634748223
BranchAndBound,pruned_by_bound,updates_per_cell,0.12660468270793176
BranchAndBound,pruned_by_bound,selected_count,-0.11050084021850759
BranchAndBound,pruned_by_bound,solution_density,0.09150199597800444
BranchAndBound,pruned_by_bound,residual_capacity,-0.25660259251371503
BranchAndBound,pruned_by_bound,capacity_utilization,0.1412865599951272
BranchAndBound,pruned_by_bound,last_selected_position,-0.012286924858550815
BranchAndBound,pruned_by_bound,first_skipped_position,-0.11235844400844669
BranchAndBound,pruned_by_bound,solution_gap,-0.2581672642264473
BranchAndBound,pruned_by_bound,log_time_millis,-0.23000939051721422
BranchAndBound,pruned_by_bound,log_nodes_explored,-0.24022259696251366
BranchAndBound,pruned_by_bound,AlmostEqualRatios,-0.025365476517030763
BranchAndBound,pruned_by_bound,InverseCorrelated,-0.15927688927371272
BranchAndBound,pruned_by_bound,StronglyCorrelated,0.0302969434606361
BranchAndBound,pruned_by_bound,WeaklyCorrelated,0.05833382094766022
BranchAndBound,pruned_by_bound,log_n,0.08253106020624437
BranchAndBound,pruned_by_cap,left_branches,0.6443227620466921
BranchAndBound,pruned_by_cap,right_branches,0.6119474557453687
BranchAndBound,pruned_by_cap,explored_children,0.6183718977954719
BranchAndBound,pruned_by_cap,skipped_children,0.5993281130033643
BranchAndBound,pruned_by_cap,skipped_infeasible,0.5228441603609252
BranchAndBound,pruned_by_cap,skipped_by_bound,0.025711415037428548
BranchAndBound,pruned_by_cap,improvement_count,0.5069549938703041
BranchAndBound,pruned_by_cap,sum_improvement_amount,0.3105376438629
BranchAndBound,pruned_by_cap,mean_improvement_amount,0.06550621726256474
BranchAndBound,pruned_by_cap,last_improvement_node,0.5394252801772799
BranchAndBound,pruned_by_cap,pruned_generated_ratio,-0.16959408221117495
BranchAndBound,pruned_by_cap,avg_branching_factor,0.5267388383334538
BranchAndBound,pruned_by_cap,capacity_density,0.1712498983771633
BranchAndBound,pruned_by_cap,cells_allocated,0.3063997258014795
BranchAndBound,pruned_by_cap,total_evaluations,0.33371398088080967
BranchAndBound,pruned_by_cap,include_count,0.3314329191931721
BranchAndBound,pruned_by_cap,exclude_count,0.32572610341780805
BranchAndBound,pruned_by_cap,tie_count,0.15555223116896438
BranchAndBound,pruned_by_cap,include_ratio,0.18025458577626238
BranchAndBound,pruned_by_cap,nonzero_value_states,0.3061458637407961
BranchAndBound,pruned_by_cap,zero_value_states,-0.1689586527185558
BranchAndBound,pruned_by_cap,fill_rate,0.07612577040574366
BranchAndBound,pruned_by_cap,mean_cell_value,0.5101230695006052
BranchAndBound,pruned_by_cap,cell_value_variance,0.46653164532348895
BranchAndBound,pruned_by_cap,dp_sum_improvement_amount,0.32091853686227834
BranchAndBound,pruned_by_cap,dp_mean_improvement_amount,0.11349023466798255
BranchAndBound,pruned_by_cap,updates_per_cell,0.34315655689990554
BranchAndBound,pruned_by_cap,selected_count,0.49980156001799075
BranchAndBound,pruned_by_cap,solution_density,0.2120701118809386
BranchAndBound,pruned_by_cap,residual_capacity,0.343774229109088
BranchAndBound,pruned_by_cap,capacity_utilization,0.08483471560771853
BranchAndBound,pruned_by_cap,last_selected_position,0.33228253300988875
BranchAndBound,pruned_by_cap,first_skipped_position,0.5016389669940899
BranchAndBound,pruned_by_cap,solution_gap,0.35738549886555104
BranchAndBound,pruned_by_cap,log_time_millis,0.6257673861696696
BranchAndBound,pruned_by_cap,log_nodes_explored,0.607340935929364
BranchAndBound,pruned_by_cap,AlmostEqualRatios,-0.07019673167022247
BranchAndBound,pruned_by_cap,InverseCorrelated,0.19127431582624363
BranchAndBound,pruned_by_cap,StronglyCorrelated,0.061716589589256195
BranchAndBound,pruned_by_cap,WeaklyCorrelated,-0.09139708687263885
BranchAndBound,pruned_by_cap,log_n,0.24026753674566828
BranchAndBound,left_branches,right_branches,0.9280171306749808
BranchAndBound,left_branches,explored_children,0.9454911681077522
BranchAndBound,left_branches,skipped_children,0.8817346754898779
BranchAndBound,left_branches,skipped_infeasible,0.7911811328512961
BranchAndBound,left_branches,skipped_by_bound,0.5482183656662252
BranchAndBound,left_branches,improvement_count,0.7224244890236962
BranchAndBound,left_branches,sum_improvement_amount,0.6827343751337306
BranchAndBound,left_branches,mean_improvement_amount,0.18589168107812964
BranchAndBound,left_branches,last_improvement_node,0.3827473052360183
BranchAndBound,left_branches,pruned_generated_ratio,-0.10094976207229525
BranchAndBound,left_branches,avg_branching_factor,0.530552100872274
BranchAndBound,left_branches,capacity_density,0.43716825118445635
BranchAndBound,left_branches,cells_allocated,0.6497295009424678
BranchAndBound,left_branches,total_evaluations,0.7212731623451917
BranchAndBound,left_branches,include_count,0.7072517483467847
BranchAndBound,left_branches,exclude_count,0.7130570234482934
BranchAndBound,left_branches,tie_count,0.46104636610952554
BranchAndBound,left_branches,include_ratio,0.3424429966131791
BranchAndBound,left_branches,nonzero_value_states,0.6505627089397088
BranchAndBound,left_branches,zero_value_states,-0.38887701438319466
BranchAndBound,left_branches,fill_rate,0.2997249315769739
BranchAndBound,left_branches,mean_cell_value,0.6767180551865372
BranchAndBound,left_branches,cell_value_variance,0.5940602200800144
BranchAndBound,left_branches,dp_sum_improvement_amount,0.6865831684914329
BranchAndBound,left_branches,dp_mean_improvement_amount,0.24938873015082733
BranchAndBound,left_branches,updates_per_cell,0.7380420876258529
BranchAndBound,left_branches,selected_count,0.7122796428644149
BranchAndBound,left_branches,solution_density,0.4431440422835999
BranchAndBound,left_branches,residual_capacity,0.3320086930607324
BranchAndBound,left_branches,capacity_utilization,0.22085037176860844
BranchAndBound,left_branches,last_selected_position,0.5142069809596013
BranchAndBound,left_branches,first_skipped_position,0.713729455851637
BranchAndBound,left_branches,solution_gap,0.24255550341204907
BranchAndBound,left_branches,log_time_millis,0.9333656357033151
BranchAndBound,left_branches,log_nodes_explored,0.928073975478428
BranchAndBound,left_branches,AlmostEqualRatios,-0.07617532867682568
BranchAndBound,left_branches,InverseCorrelated,0.26112950687476255
BranchAndBound,left_branches,StronglyCorrelated,0.1427442171155947
BranchAndBound,left_branches,WeaklyCorrelated,-0.1421164185102186
BranchAndBound,left_branches,log_n,0.5163015634435895
BranchAndBound,right_branches,explored_children,0.9983685894740375
BranchAndBound,right_branches,skipped_children,0.982564953130282
BranchAndBound,right_branches,skipped_infeasible,0.896869199998677
BranchAndBound,right_branches,skipped_by_bound,0.6041520900674603
BranchAndBound,right_branches,improvement_count,0.6091677308829048
BranchAndBound,right_branches,sum_improvement_amount,0.48138226106912446
BranchAndBound,right_branches,mean_improvement_amount,0.07115357399960816
BranchAndBound,right_branches,last_improvement_node,0.3979246048123857
BranchAndBound,right_branches,pruned_generated_ratio,-0.378300599575102
BranchAndBound,right_branches,avg_branching_factor,0.4979076901780695
BranchAndBound,right_branches,capacity_density,0.16191280879554987
BranchAndBound,right_branches,cells_allocated,0.4170918993889629
BranchAndBound,right_branches,total_evaluations,0.567182783490689
BranchAndBound,right_branches,include_count,0.5055554186249771
BranchAndBound,right_branches,exclude_count,0.5867849584257454
BranchAndBound,right_branches,tie_count,0.44274550756022957
BranchAndBound,right_branches,include_ratio,0.06322490787536104
BranchAndBound,right_branches,nonzero_value_states,0.4182305176772206
BranchAndBound,right_branches,zero_value_states,-0.4391087355191421
BranchAndBound,right_branches,fill_rate,0.2536114559739589
BranchAndBound,right_branches,mean_cell_value,0.553925634492457
BranchAndBound,right_branches,cell_value_variance,0.48788798885468415
BranchAndBound,right_branches,dp_sum_improvement_amount,0.46142931377283675
BranchAndBound,right_branches,dp_mean_improvement_amount,0.05859611682464693
BranchAndBound,right_branches,updates_per_cell,0.5941751041303492
BranchAndBound,right_branches,selected_count,0.5934303799235248
BranchAndBound,right_branches,solution_density,0.1688477353529862
BranchAndBound,right_branches,residual_capacity,0.2356816374762935
BranchAndBound,right_branches,capacity_utilization,0.18535623459162165
BranchAndBound,right_branches,last_selected_position,0.4602513265308776
BranchAndBound,right_branches,first_skipped_position,0.5949239489900056
BranchAndBound,right_branches,solution_gap,0.21877221736550728
BranchAndBound,right_branches,log_time_millis,0.9525256702998114
BranchAndBound,right_branches,log_nodes_explored,0.9838297525056723
BranchAndBound,right_branches,AlmostEqualRatios,-0.07381785571701302
BranchAndBound,right_branches,InverseCorrelated,0.2727115597387959
BranchAndBound,right_branches,StronglyCorrelated,0.22344941371737373
BranchAndBound,right_branches,WeaklyCorrelated,-0.15186563991689758
BranchAndBound,right_branches,log_n,0.5911560474286367
BranchAndBound,explored_children,skipped_children,0.9747939454159673
BranchAndBound,explored_children,skipped_infeasible,0.8861125658518927
BranchAndBound,explored_children,skipped_by_bound,0.6006238930598709
BranchAndBound,explored_children,improvement_count,0.630344329883365
BranchAndBound,explored_children,sum_improvement_amount,0.5142024384075741
BranchAndBound,explored_children,mean_improvement_amount,0.08829227578011005
BranchAndBound,explored_children,last_improvement_node,0.40055933103916014
BranchAndBound,explored_children,pruned_generated_ratio,-0.3331071862402651
BranchAndBound,explored_children,avg_branching_factor,0.5045598506271113
BranchAndBound,explored_children,capacity_density,0.20202322061226916
BranchAndBound,explored_children,cells_allocated,0.45310367195636336
BranchAndBound,explored_children,total_evaluations,0.5963495627279951
BranchAndBound,explored_children,include_count,0.5391101210331282
BranchAndBound,explored_children,exclude_count,0.6127760386637592
BranchAndBound,explored_children,tie_count,0.4514197750931468
BranchAndBound,explored_children,include_ratio,0.09929933856461032
BranchAndBound,explored_children,nonzero_value_states,0.45425479306842786
BranchAndBound,explored_children,zero_value_states,-0.44029961952010854
BranchAndBound,explored_children,fill_rate,0.2667925027429119
BranchAndBound,explored_children,mean_cell_value,0.5743783266436675
BranchAndBound,explored_children,cell_value_variance,0.5065972305715366
BranchAndBound,explored_children,dp_sum_improvement_amount,0.49707956507062856
BranchAndBound,explored_children,dp_mean_improvement_amount,0.08296988310725063
BranchAndBound,explored_children,updates_per_cell,0.6218942713252354
BranchAndBound,explored_children,selected_count,0.615192421701788
BranchAndBound,explored_children,solution_density,0.20746295933262338
BranchAndBound,explored_children,residual_capacity,0.24606701021903424
BranchAndBound,explored_children,capacity_utilization,0.19593772586404223
BranchAndBound,explored_children,last_selected_position,0.4731856150157881
BranchAndBound,explored_children,first_skipped_position,0.6166553275398192
BranchAndBound,explored_children,solution_gap,0.22390494943185482
BranchAndBound,explored_children,log_time_millis,0.9589546331578154
BranchAndBound,explored_children,log_nodes_explored,0.9845366818237754
BranchAndBound,explored_children,AlmostEqualRatios,-0.07110662365728569
BranchAndBound,explored_children,InverseCorrelated,0.27262514025863627
BranchAndBound,explored_children,StronglyCorrelated,0.2134037059133782
BranchAndBound,explored_children,WeaklyCorrelated,-0.15505524865110507
BranchAndBound,explored_children,log_n,0.5919114364517933
BranchAndBound,skipped_children,skipped_infeasible,0.9202307796952761
BranchAndBound,skipped_children,skipped_by_bound,0.6473456870670334
BranchAndBound,skipped_children,improvement_count,0.5462383718884559
BranchAndBound,skipped_children,sum_improvement_amount,0.4123748914349115
BranchAndBound,skipped_children,mean_improvement_amount,0.05729364782840198
BranchAndBound,skipped_children,last_improvement_node,0.3914514288153981
BranchAndBound,skipped_children,pruned_generated_ratio,-0.5040998944339813
BranchAndBound,skipped_children,avg_branching_factor,0.4480439047884567
BranchAndBound,skipped_children,capacity_density,0.11452053748828704
BranchAndBound,skipped_children,cells_allocated,0.347270827017142
BranchAndBound,skipped_children,total_evaluations,0.4887468840409558
BranchAndBound,skipped_children,include_count,0.43002152117716996
BranchAndBound,skipped_children,exclude_count,0.5072131974117428
BranchAndBound,skipped_children,tie_count,0.39989280954899675
BranchAndBound,skipped_children,include_ratio,0.03484867547426613
BranchAndBound,skipped_children,nonzero_value_states,0.3482886654229134
BranchAndBound,skipped_children,zero_value_states,-0.3912918603884171
BranchAndBound,skipped_children,fill_rate,0.21821960427173298
BranchAndBound,skipped_children,mean_cell_value,0.5005435497545238
BranchAndBound,skipped_children,cell_value_variance,0.43191760949024754
BranchAndBound,skipped_children,dp_sum_improvement_amount,0.390420456661029
BranchAndBound,skipped_children,dp_mean_improvement_amount,0.0414109645840522
BranchAndBound,skipped_children,updates_per_cell,0.515958495465976
BranchAndBound,skipped_children,selected_count,0.5290987801311526
BranchAndBound,skipped_children,solution_density,0.13134799711017386
BranchAndBound,skipped_children,residual_capacity,0.25790674187749374
BranchAndBound,skipped_children,capacity_utilization,0.14427274994120204
BranchAndBound,skipped_children,last_selected_position,0.40657832458471516
BranchAndBound,skipped_children,first_skipped_position,0.5309556441567473
BranchAndBound,skipped_children,solution_gap,0.20626229172095262
BranchAndBound,skipped_children,log_time_millis,0.9221640386402339
BranchAndBound,skipped_children,log_nodes_explored,0.9682247801939918
BranchAndBound,skipped_children,AlmostEqualRatios,-0.09896977737841424
BranchAndBound,skipped_children,InverseCorrelated,0.2876956307536209
BranchAndBound,skipped_children,StronglyCorrelated,0.2341178062606152
BranchAndBound,skipped_children,WeaklyCorrelated,-0.14120519134281387
BranchAndBound,skipped_children,log_n,0.533840938510481
BranchAndBound,skipped_infeasible,skipped_by_bound,0.5845058100079256
BranchAndBound,skipped_infeasible,improvement_count,0.4865238747026033
BranchAndBound,skipped_infeasible,sum_improvement_amount,0.3618091739979381
BranchAndBound,skipped_infeasible,mean_improvement_amount,0.034242071219386175
BranchAndBound,skipped_infeasible,last_improvement_node,0.34161533935490734
BranchAndBound,skipped_infeasible,pruned_generated_ratio,-0.5103033829558454
BranchAndBound,skipped_infeasible,avg_branching_factor,0.4523266610495671
BranchAndBound,skipped_infeasible,capacity_density,0.1079457693256704
BranchAndBound,skipped_infeasible,cells_allocated,0.31402580658658186
BranchAndBound,skipped_infeasible,total_evaluations,0.4340306860027457
BranchAndBound,skipped_infeasible,include_count,0.38429301709592534
BranchAndBound,skipped_infeasible,exclude_count,0.4494074769560867
BranchAndBound,skipped_infeasible,tie_count,0.3596194514092901
BranchAndBound,skipped_infeasible,include_ratio,0.03941397781178076
BranchAndBound,skipped_infeasible,nonzero_value_states,0.314872401573422
BranchAndBound,skipped_infeasible,zero_value_states,-0.34353431058149686
BranchAndBound,skipped_infeasible,fill_rate,0.18993772259878486
BranchAndBound,skipped_infeasible,mean_cell_value,0.44374933812682565
BranchAndBound,skipped_infeasible,cell_value_variance,0.38518316647377926
BranchAndBound,skipped_infeasible,dp_sum_improvement_amount,0.3471762892678139
BranchAndBound,skipped_infeasible,dp_mean_improvement_amount,0.029966773682788307
BranchAndBound,skipped_infeasible,updates_per_cell,0.45590878005731156
BranchAndBound,skipped_infeasible,selected_count,0.4713392773527137
BranchAndBound,skipped_infeasible,solution_density,0.1220722943636741
BranchAndBound,skipped_infeasible,residual_capacity,0.2286783550482607
BranchAndBound,skipped_infeasible,capacity_utilization,0.11160944595604003
BranchAndBound,skipped_infeasible,last_selected_position,0.37268057965762147
BranchAndBound,skipped_infeasible,first_skipped_position,0.4726531825085124
BranchAndBound,skipped_infeasible,solution_gap,0.18009937489014274
BranchAndBound,skipped_infeasible,log_time_millis,0.8172339597519588
BranchAndBound,skipped_infeasible,log_nodes_explored,0.8756410657471823
BranchAndBound,skipped_infeasible,AlmostEqualRatios,-0.08047046585654943
BranchAndBound,skipped_infeasible,InverseCorrelated,0.24403974210005225
BranchAndBound,skipped_infeasible,StronglyCorrelated,0.20980793167747047
BranchAndBound,skipped_infeasible,WeaklyCorrelated,-0.12006284298293185
BranchAndBound,skipped_infeasible,log_n,0.46445872385324644
BranchAndBound,skipped_by_bound,improvement_count,0.19623622399884358
BranchAndBound,skipped_by_bound,sum_improvement_amount,0.31479286886491825
BranchAndBound,skipped_by_bound,mean_improvement_amount,0.17164036877606437
BranchAndBound,skipped_by_bound,last_improvement_node,-0.0015073495059137315
BranchAndBound,skipped_by_bound,pruned_generated_ratio,-0.43457552158809404
BranchAndBound,skipped_by_bound,avg_branching_factor,0.09697314817159115
BranchAndBound,skipped_by_bound,capacity_density,0.1825042768780129
BranchAndBound,skipped_by_bound,cells_allocated,0.23769213271322304
BranchAndBound,skipped_by_bound,total_evaluations,0.27568466219205745
BranchAndBound,skipped_by_bound,include_count,0.271966340695061
BranchAndBound,skipped_by_bound,exclude_count,0.26684330142477164
BranchAndBound,skipped_by_bound,tie_count,0.24148774999153508
BranchAndBound,skipped_by_bound,include_ratio,0.151495030764344
BranchAndBound,skipped_by_bound,nonzero_value_states,0.23844050496951294
BranchAndBound,skipped_by_bound,zero_value_states,-0.14819872604721737
BranchAndBound,skipped_by_bound,fill_rate,0.15451070069345496
BranchAndBound,skipped_by_bound,mean_cell_value,0.20834272950364274
BranchAndBound,skipped_by_bound,cell_value_variance,0.09228911303794665
BranchAndBound,skipped_by_bound,dp_sum_improvement_amount,0.2871525886091746
BranchAndBound,skipped_by_bound,dp_mean_improvement_amount,0.19022057498621736
BranchAndBound,skipped_by_bound,updates_per_cell,0.3009066929098096
BranchAndBound,skipped_by_bound,selected_count,0.1832804533866094
BranchAndBound,skipped_by_bound,solution_density,0.2121371827700585
BranchAndBound,skipped_by_bound,residual_capacity,0.2506830119228163
BranchAndBound,skipped_by_bound,capacity_utilization,0.017070643547224425
BranchAndBound,skipped_by_bound,last_selected_position,0.08835568551973401
BranchAndBound,skipped_by_bound,first_skipped_position,0.18537249039701834
BranchAndBound,skipped_by_bound,solution_gap,-0.07577992809020054
BranchAndBound,skipped_by_bound,log_time_millis,0.5374436708724817
BranchAndBound,skipped_by_bound,log_nodes_explored,0.5938206397452469
BranchAndBound,skipped_by_bound,AlmostEqualRatios,-0.1846835764182017
BranchAndBound,skipped_by_bound,InverseCorrelated,0.31704374002347346
BranchAndBound,skipped_by_bound,StronglyCorrelated,0.14652945823919464
BranchAndBound,skipped_by_bound,WeaklyCorrelated,-0.09465413358960924
BranchAndBound,skipped_by_bound,log_n,0.2082175255604832
BranchAndBound,improvement_count,sum_improvement_amount,0.7618630542840287
BranchAndBound,improvement_count,mean_improvement_amount,0.15533687165203686
BranchAndBound,improvement_count,last_improvement_node,0.3709993563459253
BranchAndBound,improvement_count,pruned_generated_ratio,0.169694554164273
BranchAndBound,improvement_count,avg_branching_factor,0.3207116510768481
BranchAndBound,improvement_count,capacity_density,0.4930316114736114
BranchAndBound,improvement_count,cells_allocated,0.7956567733214868
BranchAndBound,improvement_count,total_evaluations,0.8453117639765922
BranchAndBound,improvement_count,include_count,0.8410163253082167
BranchAndBound,improvement_count,exclude_count,0.836507943985217
BranchAndBound,improvement_count,tie_count,0.420352854542076
BranchAndBound,improvement_count,include_ratio,0.42711244038456087
BranchAndBound,improvement_count,nonzero_value_states,0.7952833713788142
BranchAndBound,improvement_count,zero_value_states,-0.40803765721961655
BranchAndBound,improvement_count,fill_rate,0.22672558217159633
BranchAndBound,improvement_count,mean_cell_value,0.9206278222139559
BranchAndBound,improvement_count,cell_value_variance,0.9373343570278112
BranchAndBound,improvement_count,dp_sum_improvement_amount,0.8010076134256
BranchAndBound,improvement_count,dp_mean_improvement_amount,0.23364216299624868
BranchAndBound,improvement_count,updates_per_cell,0.8452124542154116
BranchAndBound,improvement_count,selected_count,0.9980394708128733
BranchAndBound,improvement_count,solution_density,0.4853607524566727
BranchAndBound,improvement_count,residual_capacity,0.119051240766227
BranchAndBound,improvement_count,capacity_utilization,0.2653952987326616
BranchAndBound,improvement_count,last_selected_position,0.7885099137265702
BranchAndBound,improvement_count,first_skipped_position,0.9980416478765909
BranchAndBound,improvement_count,solution_gap,0.18624017677240598
BranchAndBound,improvement_count,log_time_millis,0.6809318648706599
BranchAndBound,improvement_count,log_nodes_explored,0.6287645788140471
BranchAndBound,improvement_count,AlmostEqualRatios,-0.05837554108140205
BranchAndBound,improvement_count,InverseCorrelated,0.044588592217289585
BranchAndBound,improvement_count,StronglyCorrelated,0.05290789233470607
BranchAndBound,improvement_count,WeaklyCorrelated,-0.04935880035328451
BranchAndBound,improvement_count,log_n,0.5627038980710445
BranchAndBound,sum_improvement_amount,mean_improvement_amount,0.5932481054149107
BranchAndBound,sum_improvement_amount,last_improvement_node,0.19140922181072065
BranchAndBound,sum_improvement_amount,pruned_generated_ratio,0.35150761809205916
BranchAndBound,sum_improvement_amount,avg_branching_factor,0.25098834136119624
BranchAndBound,sum_improvement_amount,capacity_density,0.7050547145034395
BranchAndBound,sum_improvement_amount,cells_allocated,0.8760611917596828
BranchAndBound,sum_improvement_amount,total_evaluations,0.8763495287283869
BranchAndBound,sum_improvement_amount,include_count,0.9125975771862239
BranchAndBound,sum_improvement_amount,exclude_count,0.844193260334749
BranchAndBound,sum_improvement_amount,tie_count,0.3362105638042162
BranchAndBound,sum_improvement_amount,include_ratio,0.6160147215581994
BranchAndBound,sum_improvement_amount,nonzero_value_states,0.8768007371366733
BranchAndBound,sum_improvement_amount,zero_value_states,-0.3492068121592294
BranchAndBound,sum_improvement_amount,fill_rate,0.36550441848974985
BranchAndBound,sum_improvement_amount,mean_cell_value,0.7317559831306094
BranchAndBound,sum_improvement_amount,cell_value_variance,0.6354426770594568
BranchAndBound,sum_improvement_amount,dp_sum_improvement_amount,0.9713844672570919
BranchAndBound,sum_improvement_amount,dp_mean_improvement_amount,0.6702135603824492
BranchAndBound,sum_improvement_amount,updates_per_cell,0.8993060462054896
BranchAndBound,sum_improvement_amount,selected_count,0.7640056403485633
BranchAndBound,sum_improvement_amount,solution_density,0.6878831332601905
BranchAndBound,sum_improvement_amount,residual_capacity,0.2094454776086436
BranchAndBound,sum_improvement_amount,capacity_utilization,0.28029948933108007
BranchAndBound,sum_improvement_amount,last_selected_position,0.5286278550529726
BranchAndBound,sum_improvement_amount,first_skipped_position,0.7650399655470808
BranchAndBound,sum_improvement_amount,solution_gap,0.10512696209303567
BranchAndBound,sum_improvement_amount,log_time_millis,0.5715041752707962
BranchAndBound,sum_improvement_amount,log_nodes_explored,0.508284089740706
BranchAndBound,sum_improvement_amount,AlmostEqualRatios,-0.16783556560869106
BranchAndBound,sum_improvement_amount,InverseCorrelated,0.25520017558897395
BranchAndBound,sum_improvement_amount,StronglyCorrelated,-0.1675292983171519
BranchAndBound,sum_improvement_amount,WeaklyCorrelated,-0.09837014443236401
BranchAndBound,sum_improvement_amount,log_n,0.4545674796397416
BranchAndBound,mean_improvement_amount,last_improvement_node,-0.04331698277397503
BranchAndBound,mean_improvement_amount,pruned_generated_ratio,0.18039393030790515
BranchAndBound,mean_improvement_amount,avg_branching_factor,-0.0038193639835418704
BranchAndBound,mean_improvement_amount,capacity_density,0.25019976371127706
BranchAndBound,mean_improvement_amount,cells_allocated,0.23970599612054136
BranchAndBound,mean_improvement_amount,total_evaluations,0.18965537623939607
BranchAndBound,mean_improvement_amount,include_count,0.25171225221435917
BranchAndBound,mean_improvement_amount,exclude_count,0.16117947076088615
BranchAndBound,mean_improvement_amount,tie_count,-0.2752469103198538
BranchAndBound,mean_improvement_amount,include_ratio,0.3261936189850496
BranchAndBound,mean_improvement_amount,nonzero_value_states,0.2394805302744972
BranchAndBound,mean_improvement_amount,zero_value_states,0.005313080647261974
BranchAndBound,mean_improvement_amount,fill_rate,0.05714786657659142
BranchAndBound,mean_improvement_amount,mean_cell_value,0.2592513356350113
BranchAndBound,mean_improvement_amount,cell_value_variance,0.15702081547773178
BranchAndBound,mean_improvement_amount,dp_sum_improvement_amount,0.44375282508882086
BranchAndBound,mean_improvement_amount,dp_mean_improvement_amount,0.9017222289310601
BranchAndBound,mean_improvement_amount,updates_per_cell,0.25075981160465277
BranchAndBound,mean_improvement_amount,selected_count,0.1694924568698107
BranchAndBound,mean_improvement_amount,solution_density,0.2787872600987197
BranchAndBound,mean_improvement_amount,residual_capacity,0.23086732209531588
BranchAndBound,mean_improvement_amount,capacity_utilization,-0.16497216496782727
BranchAndBound,mean_improvement_amount,last_selected_position,-0.038262092756299
BranchAndBound,mean_improvement_amount,first_skipped_position,0.17295940262664342
BranchAndBound,mean_improvement_amount,solution_gap,-0.010122906702300594
BranchAndBound,mean_improvement_amount,log_time_millis,0.10004159256220092
BranchAndBound,mean_improvement_amount,log_nodes_explored,0.07052868323484311
BranchAndBound,mean_improvement_amount,AlmostEqualRatios,-0.2134167680272293
BranchAndBound,mean_improvement_amount,InverseCorrelated,0.6263081434271239
BranchAndBound,mean_improvement_amount,StronglyCorrelated,-0.49113650160080047
BranchAndBound,mean_improvement_amount,WeaklyCorrelated,-0.23785348413177332
BranchAndBound,mean_improvement_amount,log_n,0.001296351951088522
BranchAndBound,last_improvement_node,pruned_generated_ratio,-0.09838566536611036
BranchAndBound,last_improvement_node,avg_branching_factor,0.1203256279793184
BranchAndBound,last_improvement_node,capacity_density,0.12121167962202169
BranchAndBound,last_improvement_node,cells_allocated,0.21648336175722463
BranchAndBound,last_improvement_node,total_evaluations,0.23387140314754676
BranchAndBound,last_improvement_node,include_count,0.23048383681889467
BranchAndBound,last_improvement_node,exclude_count,0.22914572272525124
BranchAndBound,last_improvement_node,tie_count,0.13955230853745862
BranchAndBound,last_improvement_node,include_ratio,0.10520557514779713
BranchAndBound,last_improvement_node,nonzero_value_states,0.21627752183764246
BranchAndBound,last_improvement_node,zero_value_states,-0.11502902152766623
BranchAndBound,last_improvement_node,fill_rate,0.051079784181055014
BranchAndBound,last_improvement_node,mean_cell_value,0.15631124580579392
BranchAndBound,last_improvement_node,cell_value_variance,0.23321348673946102
BranchAndBound,last_improvement_node,dp_sum_improvement_amount,0.20481348573406324
BranchAndBound,last_improvement_node,dp_mean_improvement_amount,0.004073177480726953
BranchAndBound,last_improvement_node,updates_per_cell,0.23384193570505812
BranchAndBound,last_improvement_node,selected_count,0.3375596437805716
BranchAndBound,last_improvement_node,solution_density,0.128358353676832
BranchAndBound,last_improvement_node,residual_capacity,0.001854330455810985
BranchAndBound,last_improvement_node,capacity_utilization,0.06376490827245097
BranchAndBound,last_improvement_node,last_selected_position,0.23123086264740625
BranchAndBound,last_improvement_node,first_skipped_position,0.33821294755776754
BranchAndBound,last_improvement_node,solution_gap,0.36751026647216095
BranchAndBound,last_improvement_node,log_time_millis,0.40453247245466856
BranchAndBound,last_improvement_node,log_nodes_explored,0.3953916332001982
BranchAndBound,last_improvement_node,AlmostEqualRatios,-0.040533200247631435
BranchAndBound,last_improvement_node,InverseCorrelated,-0.061068498522543216
BranchAndBound,last_improvement_node,StronglyCorrelated,0.22365081129908015
BranchAndBound,last_improvement_node,WeaklyCorrelated,-0.06099136645962811
BranchAndBound,last_improvement_node,log_n,0.16566591851691603
BranchAndBound,pruned_generated_ratio,avg_branching_factor,-0.15980662574370252
BranchAndBound,pruned_generated_ratio,capacity_density,0.45795140159427755
BranchAndBound,pruned_generated_ratio,cells_allocated,0.4054049109083836
BranchAndBound,pruned_generated_ratio,total_evaluations,0.32324624812234365
BranchAndBound,pruned_generated_ratio,include_count,0.37271964362645676
BranchAndBound,pruned_generated_ratio,exclude_count,0.29186198353288306
BranchAndBound,pruned_generated_ratio,tie_count,0.062219113936793136
BranchAndBound,pruned_generated_ratio,include_ratio,0.39035311148521745
BranchAndBound,pruned_generated_ratio,nonzero_value_states,0.40568982705843787
BranchAndBound,pruned_generated_ratio,zero_value_states,-0.021584011397230943
BranchAndBound,pruned_generated_ratio,fill_rate,0.1630544375881669
BranchAndBound,pruned_generated_ratio,mean_cell_value,0.14906514355039463
BranchAndBound,pruned_generated_ratio,cell_value_variance,0.16272597643267395
BranchAndBound,pruned_generated_ratio,dp_sum_improvement_amount,0.39029290950674145
BranchAndBound,pruned_generated_ratio,dp_mean_improvement_amount,0.24748468772762983
BranchAndBound,pruned_generated_ratio,updates_per_cell,0.30031279417089396
BranchAndBound,pruned_generated_ratio,selected_count,0.1835638316000873
BranchAndBound,pruned_generated_ratio,solution_density,0.40836945882139525
BranchAndBound,pruned_generated_ratio,residual_capacity,-0.13290237953078224
BranchAndBound,pruned_generated_ratio,capacity_utilization,0.20836410082090043
BranchAndBound,pruned_generated_ratio,last_selected_position,0.1306645214466774
BranchAndBound,pruned_generated_ratio,first_skipped_position,0.18162513693692536
BranchAndBound,pruned_generated_ratio,solution_gap,-0.06153189729233121
BranchAndBound,pruned_generated_ratio,log_time_millis,-0.21395739250984633
BranchAndBound,pruned_generated_ratio,log_nodes_explored,-0.3338726930119114
BranchAndBound,pruned_generated_ratio,AlmostEqualRatios,0.10136497321332129
BranchAndBound,pruned_generated_ratio,InverseCorrelated,-0.18935366766606115
BranchAndBound,pruned_generated_ratio,StronglyCorrelated,-0.19016383292219316
BranchAndBound,pruned_generated_ratio,WeaklyCorrelated,0.0003052754747159254
BranchAndBound,pruned_generated_ratio,log_n,-0.0055305918043400204
BranchAndBound,avg_branching_factor,capacity_density,0.1273577276629541
BranchAndBound,avg_branching_factor,cells_allocated,0.24560585667477064
BranchAndBound,avg_branching_factor,total_evaluations,0.29880358991658285
BranchAndBound,avg_branching_factor,include_count,0.2788422513521857
BranchAndBound,avg_branching_factor,exclude_count,0.30542791513370726
BranchAndBound,avg_branching_factor,tie_count,0.22355195697902294
BranchAndBound,avg_branching_factor,include_ratio,0.07694947811670777
BranchAndBound,avg_branching_factor,nonzero_value_states,0.24636470639280159
BranchAndBound,avg_branching_factor,zero_value_states,-0.20768957253289613
BranchAndBound,avg_branching_factor,fill_rate,0.15655067352832772
BranchAndBound,avg_branching_factor,mean_cell_value,0.33287257947951415
BranchAndBound,avg_branching_factor,cell_value_variance,0.3032321049134467
BranchAndBound,avg_branching_factor,dp_sum_improvement_amount,0.25639522270664217
BranchAndBound,avg_branching_factor,dp_mean_improvement_amount,0.040028900513129365
BranchAndBound,avg_branching_factor,updates_per_cell,0.3058350770488451
BranchAndBound,avg_branching_factor,selected_count,0.3236604679806252
BranchAndBound,avg_branching_factor,solution_density,0.12710353883875516
BranchAndBound,avg_branching_factor,residual_capacity,0.1796762674684128
BranchAndBound,avg_branching_factor,capacity_utilization,0.10271495089643627
BranchAndBound,avg_branching_factor,last_selected_position,0.2636849305228958
BranchAndBound,avg_branching_factor,first_skipped_position,0.3239517809865229
BranchAndBound,avg_branching_factor,solution_gap,0.562349967596838
BranchAndBound,avg_branching_factor,log_time_millis,0.45320225931476366
BranchAndBound,avg_branching_factor,log_nodes_explored,0.4660570400000009
BranchAndBound,avg_branching_factor,AlmostEqualRatios,0.00657646106679212
BranchAndBound,avg_branching_factor,InverseCorrelated,0.09272553853607707
BranchAndBound,avg_branching_factor,StronglyCorrelated,0.031180117457988897
BranchAndBound,avg_branching_factor,WeaklyCorrelated,-0.03742456194007755
BranchAndBound,avg_branching_factor,log_n,0.2615723886564796
BranchAndBound,capacity_density,cells_allocated,0.8788616755958313
BranchAndBound,capacity_density,total_evaluations,0.6747678085705273
BranchAndBound,capacity_density,include_count,0.7907254765830237
BranchAndBound,capacity_density,exclude_count,0.5880022631978762
BranchAndBound,capacity_density,tie_count,0.3067004133321865
BranchAndBound,capacity_density,include_ratio,0.8999929454561028
BranchAndBound,capacity_density,nonzero_value_states,0.878546293143252
BranchAndBound,capacity_density,zero_value_states,0.058664848159148915
BranchAndBound,capacity_density,fill_rate,0.25979395048704534
BranchAndBound,capacity_density,mean_cell_value,0.445288370046982
BranchAndBound,capacity_density,cell_value_variance,0.3720579859433343
BranchAndBound,capacity_density,dp_sum_improvement_amount,0.8157106064949176
BranchAndBound,capacity_density,dp_mean_improvement_amount,0.4749045555545775
BranchAndBound,capacity_density,updates_per_cell,0.6106725883559428
BranchAndBound,capacity_density,selected_count,0.48995087279930477
BranchAndBound,capacity_density,solution_density,0.9574280801645956
BranchAndBound,capacity_density,residual_capacity,0.32188397317863354
BranchAndBound,capacity_density,capacity_utilization,0.2773469657218292
BranchAndBound,capacity_density,last_selected_position,0.27632595759939654
BranchAndBound,capacity_density,first_skipped_position,0.490011529911998
BranchAndBound,capacity_density,solution_gap,0.06441994801346045
BranchAndBound,capacity_density,log_time_millis,0.2357088121550552
BranchAndBound,capacity_density,log_nodes_explored,0.20095126648765907
BranchAndBound,capacity_density,AlmostEqualRatios,-0.0009777191557732716
BranchAndBound,capacity_density,InverseCorrelated,0.001382743759415709
BranchAndBound,capacity_density,StronglyCorrelated,0.0002246985108661494
BranchAndBound,capacity_density,WeaklyCorrelated,0.0015529464760132693
BranchAndBound,capacity_density,log_n,-0.0633973002345287
BranchAndBound,cells_allocated,total_evaluations,0.9209585964042115
BranchAndBound,cells_allocated,include_count,0.9791944356974112
BranchAndBound,cells_allocated,exclude_count,0.8700561100178255
BranchAndBound,cells_allocated,tie_count,0.47732165367460755
BranchAndBound,cells_allocated,include_ratio,0.7597657201935668
BranchAndBound,cells_allocated,nonzero_value_states,0.999953287447126
BranchAndBound,cells_allocated,zero_value_states,-0.2433815873372131
BranchAndBound,cells_allocated,fill_rate,0.3276047790916689
BranchAndBound,cells_allocated,mean_cell_value,0.7183849909744402
BranchAndBound,cells_allocated,cell_value_variance,0.6526695757731668
BranchAndBound,cells_allocated,dp_sum_improvement_amount,0.964641480115618
BranchAndBound,cells_allocated,dp_mean_improvement_amount,0.40261609625510647
BranchAndBound,cells_allocated,updates_per_cell,0.8805078854878884
BranchAndBound,cells_allocated,selected_count,0.7938167533993791
BranchAndBound,cells_allocated,solution_density,0.8363243978230038
BranchAndBound,cells_allocated,residual_capacity,0.21062177701899604
BranchAndBound,cells_allocated,capacity_utilization,0.3658171613974634
BranchAndBound,cells_allocated,last_selected_position,0.5786545629002962
BranchAndBound,cells_allocated,first_skipped_position,0.7931323317555151
BranchAndBound,cells_allocated,solution_gap,0.11801778154336826
BranchAndBound,cells_allocated,log_time_millis,0.5089707535484741
BranchAndBound,cells_allocated,log_nodes_explored,0.4550501648524183
BranchAndBound,cells_allocated,AlmostEqualRatios,-0.00024169475486600389
BranchAndBound,cells_allocated,InverseCorrelated,0.00032955755132382125
BranchAndBound,cells_allocated,StronglyCorrelated,7.308080162973148e-05
BranchAndBound,cells_allocated,WeaklyCorrelated,0.0003782805474755264
BranchAndBound,cells_allocated,log_n,0.3271086586621043
BranchAndBound,total_evaluations,include_count,0.9754030631517999
BranchAndBound,total_evaluations,exclude_count,0.9921970579075827
BranchAndBound,total_evaluations,tie_count,0.5967082338345742
BranchAndBound,total_evaluations,include_ratio,0.47328850510233067
BranchAndBound,total_evaluations,nonzero_value_states,0.9223571565666917
BranchAndBound,total_evaluations,zero_value_states,-0.5014413123310821
BranchAndBound,total_evaluations,fill_rate,0.44739146580251793
BranchAndBound,total_evaluations,mean_cell_value,0.7622715938751695
BranchAndBound,total_evaluations,cell_value_variance,0.7020035918147867
BranchAndBound,total_evaluations,dp_sum_improvement_amount,0.9238471168399531
BranchAndBound,total_evaluations,dp_mean_improvement_amount,0.24996171273693613
BranchAndBound,total_evaluations,updates_per_cell,0.9828539764391947
BranchAndBound,total_evaluations,selected_count,0.8445335458012034
BranchAndBound,total_evaluations,solution_density,0.6067873572952391
BranchAndBound,total_evaluations,residual_capacity,0.08840065876390826
BranchAndBound,total_evaluations,capacity_utilization,0.47837603675254936
BranchAndBound,total_evaluations,last_selected_position,0.7183347425704039
BranchAndBound,total_evaluations,first_skipped_position,0.8431472049734234
BranchAndBound,total_evaluations,solution_gap,0.1281118772228797
BranchAndBound,total_evaluations,log_time_millis,0.6672605573494443
BranchAndBound,total_evaluations,log_nodes_explored,0.6014002510321931
BranchAndBound,total_evaluations,AlmostEqualRatios,-8.245338485661871e-06
BranchAndBound,total_evaluations,InverseCorrelated,-1.8895647625360202e-06
BranchAndBound,total_evaluations,StronglyCorrelated,1.1649355339601186e-05
BranchAndBound,total_evaluations,WeaklyCorrelated,2.614902680373517e-05
BranchAndBound,total_evaluations,log_n,0.667683652261369
BranchAndBound,include_count,exclude_count,0.9431141526462987
BranchAndBound,include_count,tie_count,0.5301769676305691
BranchAndBound,include_count,include_ratio,0.6457940898935141
BranchAndBound,include_count,nonzero_value_states,0.9799206449235337
BranchAndBound,include_count,zero_value_states,-0.3798944235055007
BranchAndBound,include_count,fill_rate,0.39848565464765145
BranchAndBound,include_count,mean_cell_value,0.7630418958076186
BranchAndBound,include_count,cell_value_variance,0.6941465362048606
BranchAndBound,include_count,dp_sum_improvement_amount,0.9735556330078432
BranchAndBound,include_count,dp_mean_improvement_amount,0.36394869951506514
BranchAndBound,include_count,updates_per_cell,0.9583809156458825
BranchAndBound,include_count,selected_count,0.8397452329062354
BranchAndBound,include_count,solution_density,0.7449558668722719
BranchAndBound,include_count,residual_capacity,0.16577508569214594
BranchAndBound,include_count,capacity_utilization,0.4130062283567483
BranchAndBound,include_count,last_selected_position,0.6456300088509742
BranchAndBound,include_count,first_skipped_position,0.839117915278077
BranchAndBound,include_count,solution_gap,0.12506196887761958
BranchAndBound,include_count,log_time_millis,0.6030604863665181
BranchAndBound,include_count,log_nodes_explored,0.5421817200623189
BranchAndBound,include_count,AlmostEqualRatios,-0.04345934891418024
BranchAndBound,include_count,InverseCorrelated,0.027728141729710245
BranchAndBound,include_count,StronglyCorrelated,0.007120914597846201
BranchAndBound,include_count,WeaklyCorrelated,-0.008667399712904368
BranchAndBound,include_count,log_n,0.498407998095592
BranchAndBound,exclude_count,tie_count,0.6195432571036109
BranchAndBound,exclude_count,include_ratio,0.36157967345125896
BranchAndBound,exclude_count,nonzero_value_states,0.8717098458684146
BranchAndBound,exclude_count,zero_value_states,-0.5573699405427731
BranchAndBound,exclude_count,fill_rate,0.4564417312963285
BranchAndBound,exclude_count,mean_cell_value,0.751117931142531
BranchAndBound,exclude_count,cell_value_variance,0.6998450510690593
BranchAndBound,exclude_count,dp_sum_improvement_amount,0.8801764477933346
BranchAndBound,exclude_count,dp_mean_improvement_amount,0.18832408476709875
BranchAndBound,exclude_count,updates_per_cell,0.9790413328914629
BranchAndBound,exclude_count,selected_count,0.8366027672269045
BranchAndBound,exclude_count,solution_density,0.5061342164778779
BranchAndBound,exclude_count,residual_capacity,0.027957976846519104
BranchAndBound,exclude_count,capacity_utilization,0.4994811195247637
BranchAndBound,exclude_count,last_selected_position,0.7428133574352292
BranchAndBound,exclude_count,first_skipped_position,0.8348179015221573
BranchAndBound,exclude_count,solution_gap,0.12825094756217245
BranchAndBound,exclude_count,log_time_millis,0.6861432925662273
BranchAndBound,exclude_count,log_nodes_explored,0.6186921881110403
BranchAndBound,exclude_count,AlmostEqualRatios,0.021331899078189297
BranchAndBound,exclude_count,InverseCorrelated,-0.019729272827240806
BranchAndBound,exclude_count,StronglyCorrelated,-0.011319330599052898
BranchAndBound,exclude_count,WeaklyCorrelated,0.016286058687659862
BranchAndBound,exclude_count,log_n,0.7475104967534173
BranchAndBound,tie_count,include_ratio,0.06512938922561075
BranchAndBound,tie_count,nonzero_value_states,0.4793496901226071
BranchAndBound,tie_count,zero_value_states,-0.3974974918459196
BranchAndBound,tie_count,fill_rate,0.3635460201383475
BranchAndBound,tie_count,mean_cell_value,0.33390881561792746
BranchAndBound,tie_count,cell_value_variance,0.31590670664206705
BranchAndBound,tie_count,dp_sum_improvement_amount,0.40608791115952947
BranchAndBound,tie_count,dp_mean_improvement_amount,-0.2558070734288519
BranchAndBound,tie_count,updates_per_cell,0.5669543138465537
BranchAndBound,tie_count,selected_count,0.4139721765580138
BranchAndBound,tie_count,solution_density,0.21081345332929358
BranchAndBound,tie_count,residual_capacity,-0.1508173947792159
BranchAndBound,tie_count,capacity_utilization,0.5271794491184043
BranchAndBound,tie_count,last_selected_position,0.4095153781572098
BranchAndBound,tie_count,first_skipped_position,0.4112505561940706
BranchAndBound,tie_count,solution_gap,0.07354650230280818
BranchAndBound,tie_count,log_time_millis,0.4789773943976802
BranchAndBound,tie_count,log_nodes_explored,0.4699536781796328
BranchAndBound,tie_count,AlmostEqualRatios,0.20040030869676298
BranchAndBound,tie_count,InverseCorrelated,-0.26600270197469844
BranchAndBound,tie_count,StronglyCorrelated,0.2512212531711375
BranchAndBound,tie_count,WeaklyCorrelated,0.0875406984927275
BranchAndBound,tie_count,log_n,0.523920531048638
BranchAndBound,include_ratio,nonzero_value_states,0.758195759600013
BranchAndBound,include_ratio,zero_value_states,0.20607587452188478
BranchAndBound,include_ratio,fill_rate,0.09258534738329903
BranchAndBound,include_ratio,mean_cell_value,0.41752084923728766
BranchAndBound,include_ratio,cell_value_variance,0.3329533695872623
BranchAndBound,include_ratio,dp_sum_improvement_amount,0.7137911170283894
BranchAndBound,include_ratio,dp_mean_improvement_amount,0.5818957031449132
BranchAndBound,include_ratio,updates_per_cell,0.43966775705148775
BranchAndBound,include_ratio,selected_count,0.4244836626742614
BranchAndBound,include_ratio,solution_density,0.9588532404488552
BranchAndBound,include_ratio,residual_capacity,0.43359913798854693
BranchAndBound,include_ratio,capacity_utilization,0.027567476122855695
BranchAndBound,include_ratio,last_selected_position,0.13402941220913345
BranchAndBound,include_ratio,first_skipped_position,0.4264925225257415
BranchAndBound,include_ratio,solution_gap,0.04810479228854317
BranchAndBound,include_ratio,log_time_millis,0.11305077068780772
BranchAndBound,include_ratio,log_nodes_explored,0.09241647566085812
BranchAndBound,include_ratio,AlmostEqualRatios,-0.1396521407865115
BranchAndBound,include_ratio,InverseCorrelated,0.1322531714796541
BranchAndBound,include_ratio,StronglyCorrelated,0.010214511828179024
BranchAndBound,include_ratio,WeaklyCorrelated,-0.06975274414707573
BranchAndBound,include_ratio,log_n,-0.3076917687271925
BranchAndBound,nonzero_value_states,zero_value_states,-0.2483431702504271
BranchAndBound,nonzero_value_states,fill_rate,0.3367088170686042
BranchAndBound,nonzero_value_states,mean_cell_value,0.7180336794904381
BranchAndBound,nonzero_value_states,cell_value_variance,0.6520941328367429
BranchAndBound,nonzero_value_states,dp_sum_improvement_amount,0.9650411085785996
BranchAndBound,nonzero_value_states,dp_mean_improvement_amount,0.4016271868806281
BranchAndBound,nonzero_value_states,updates_per_cell,0.882270031278699
BranchAndBound,nonzero_value_states,selected_count,0.7934444863790511
BranchAndBound,nonzero_value_states,solution_density,0.8358815391854534
BranchAndBound,nonzero_value_states,residual_capacity,0.2100053182904469
BranchAndBound,nonzero_value_states,capacity_utilization,0.3683502788085071
BranchAndBound,nonzero_value_states,last_selected_position,0.5791392888926074
BranchAndBound,nonzero_value_states,first_skipped_position,0.7927486965181533
BranchAndBound,nonzero_value_states,solution_gap,0.11790057047928752
BranchAndBound,nonzero_value_states,log_time_millis,0.5101570068528705
BranchAndBound,nonzero_value_states,log_nodes_explored,0.45624957001449845
BranchAndBound,nonzero_value_states,AlmostEqualRatios,-0.0003421985873817162
BranchAndBound,nonzero_value_states,InverseCorrelated,0.0006165716263238292
BranchAndBound,nonzero_value_states,StronglyCorrelated,6.372475367375213e-06
BranchAndBound,nonzero_value_states,WeaklyCorrelated,0.00025973122067894416
BranchAndBound,nonzero_value_states,log_n,0.3301878365776085
BranchAndBound,zero_value_states,fill_rate,-0.5810660873692788
BranchAndBound,zero_value_states,mean_cell_value,-0.36576333834786645
BranchAndBound,zero_value_states,cell_value_variance,-0.3434188558553856
BranchAndBound,zero_value_states,dp_sum_improvement_amount,-0.3060232053087649
BranchAndBound,zero_value_states,dp_mean_improvement_amount,0.12196090628271485
BranchAndBound,zero_value_states,updates_per_cell,-0.545022467356412
BranchAndBound,zero_value_states,selected_count,-0.40910747247333484
BranchAndBound,zero_value_states,solution_density,0.08571329645384472
BranchAndBound,zero_value_states,residual_capacity,0.13787029703545287
BranchAndBound,zero_value_states,capacity_utilization,-0.3230574612931792
BranchAndBound,zero_value_states,last_selected_position,-0.4793718976050782
BranchAndBound,zero_value_states,first_skipped_position,-0.40705727046507834
BranchAndBound,zero_value_states,solution_gap,-0.0662220969950098
BranchAndBound,zero_value_states,log_time_millis,-0.48447309890981743
BranchAndBound,zero_value_states,log_nodes_explored,-0.4435644614834412
BranchAndBound,zero_value_states,AlmostEqualRatios,0.0016703969328459457
BranchAndBound,zero_value_states,InverseCorrelated,-0.021587624227787656
BranchAndBound,zero_value_states,StronglyCorrelated,0.0026647749912625533
BranchAndBound,zero_value_states,WeaklyCorrelated,0.015243804028566104
BranchAndBound,zero_value_states,log_n,-0.750767861809148
BranchAndBound,fill_rate,mean_cell_value,0.2032674826608814
BranchAndBound,fill_rate,cell_value_variance,0.15861066112412386
BranchAndBound,fill_rate,dp_sum_improvement_amount,0.36064568327112334
BranchAndBound,fill_rate,dp_mean_improvement_amount,0.03371362169242575
BranchAndBound,fill_rate,updates_per_cell,0.4699586589765699
BranchAndBound,fill_rate,selected_count,0.2262215480947001
BranchAndBound,fill_rate,solution_density,0.23178378040526665
BranchAndBound,fill_rate,residual_capacity,0.007355551390069819
BranchAndBound,fill_rate,capacity_utilization,0.3775056606615674
BranchAndBound,fill_rate,last_selected_position,0.24180135815036993
BranchAndBound,fill_rate,first_skipped_position,0.22484603130497055
BranchAndBound,fill_rate,solution_gap,0.02733519402694851
BranchAndBound,fill_rate,log_time_millis,0.28963577418368747
BranchAndBound,fill_rate,log_nodes_explored,0.2723340676590278
BranchAndBound,fill_rate,AlmostEqualRatios,-0.010163988072011238
BranchAndBound,fill_rate,InverseCorrelated,0.028116979502102207
BranchAndBound,fill_rate,StronglyCorrelated,-0.006815576348665946
BranchAndBound,fill_rate,WeaklyCorrelated,-0.010970310442162009
BranchAndBound,fill_rate,log_n,0.4203887581735922
BranchAndBound,mean_cell_value,cell_value_variance,0.942096191059821
BranchAndBound,mean_cell_value,dp_sum_improvement_amount,0.7532107143923131
BranchAndBound,mean_cell_value,dp_mean_improvement_amount,0.3198940107895771
BranchAndBound,mean_cell_value,updates_per_cell,0.771777104442929
BranchAndBound,mean_cell_value,selected_count,0.9335429282701879
BranchAndBound,mean_cell_value,solution_density,0.466356596055261
BranchAndBound,mean_cell_value,residual_capacity,0.2326022715915251
BranchAndBound,mean_cell_value,capacity_utilization,0.22497962460210877
BranchAndBound,mean_cell_value,last_selected_position,0.711037922984446
BranchAndBound,mean_cell_value,first_skipped_position,0.9345350708311061
BranchAndBound,mean_cell_value,solution_gap,0.09120835453152332
BranchAndBound,mean_cell_value,log_time_millis,0.6224696100913657
BranchAndBound,mean_cell_value,log_nodes_explored,0.5687745593825412
BranchAndBound,mean_cell_value,AlmostEqualRatios,-0.1001028950291454
BranchAndBound,mean_cell_value,InverseCorrelated,0.19942501817187716
BranchAndBound,mean_cell_value,StronglyCorrelated,-0.10631157655920023
BranchAndBound,mean_cell_value,WeaklyCorrelated,-0.08571978919207966
BranchAndBound,mean_cell_value,log_n,0.50601292622941
BranchAndBound,cell_value_variance,dp_sum_improvement_amount,0.6644902770660206
BranchAndBound,cell_value_variance,dp_mean_improvement_amount,0.20656226662710025
BranchAndBound,cell_value_variance,updates_per_cell,0.7032919163016821
BranchAndBound,cell_value_variance,selected_count,0.9477323212303226
BranchAndBound,cell_value_variance,solution_density,0.36828982871177335
BranchAndBound,cell_value_variance,residual_capacity,0.10874919165061404
BranchAndBound,cell_value_variance,capacity_utilization,0.1945997651271792
BranchAndBound,cell_value_variance,last_selected_position,0.7687655926890697
BranchAndBound,cell_value_variance,first_skipped_position,0.9477000725839279
BranchAndBound,cell_value_variance,solution_gap,0.13995927526127308
BranchAndBound,cell_value_variance,log_time_millis,0.5546817072055493
BranchAndBound,cell_value_variance,log_nodes_explored,0.5031049488242891
BranchAndBound,cell_value_variance,AlmostEqualRatios,-0.03904835389434862
BranchAndBound,cell_value_variance,InverseCorrelated,0.06357259457648179
BranchAndBound,cell_value_variance,StronglyCorrelated,-0.04907816422368039
BranchAndBound,cell_value_variance,WeaklyCorrelated,-0.029610827481872184
BranchAndBound,cell_value_variance,log_n,0.4902159189793864
BranchAndBound,dp_sum_improvement_amount,dp_mean_improvement_amount,0.5671070308473005
BranchAndBound,dp_sum_improvement_amount,updates_per_cell,0.9170812614798232
BranchAndBound,dp_sum_improvement_amount,selected_count,0.8017764283484988
BranchAndBound,dp_sum_improvement_amount,solution_density,0.7898766583645722
BranchAndBound,dp_sum_improvement_amount,residual_capacity,0.23333331560707843
BranchAndBound,dp_sum_improvement_amount,capacity_utilization,0.32568195434835223
BranchAndBound,dp_sum_improvement_amount,last_selected_position,0.5676813391950102
BranchAndBound,dp_sum_improvement_amount,first_skipped_position,0.8021071631576454
BranchAndBound,dp_sum_improvement_amount,solution_gap,0.11214162525098997
BranchAndBound,dp_sum_improvement_amount,log_time_millis,0.5550985107957205
BranchAndBound,dp_sum_improvement_amount,log_nodes_explored,0.4942106419491026
BranchAndBound,dp_sum_improvement_amount,AlmostEqualRatios,-0.10037538199980056
BranchAndBound,dp_sum_improvement_amount,InverseCorrelated,0.1518586642762849
BranchAndBound,dp_sum_improvement_amount,StronglyCorrelated,-0.09825160163746705
BranchAndBound,dp_sum_improvement_amount,WeaklyCorrelated,-0.057214216615278354
BranchAndBound,dp_sum_improvement_amount,log_n,0.40086350758918265
BranchAndBound,dp_mean_improvement_amount,updates_per_cell,0.28374741260533365
BranchAndBound,dp_mean_improvement_amount,selected_count,0.2413594583346641
BranchAndBound,dp_mean_improvement_amount,solution_density,0.5345921711796012
BranchAndBound,dp_mean_improvement_amount,residual_capacity,0.3536502042825505
BranchAndBound,dp_mean_improvement_amount,capacity_utilization,-0.16118966123217512
BranchAndBound,dp_mean_improvement_amount,last_selected_position,-0.013220257465214673
BranchAndBound,dp_mean_improvement_amount,first_skipped_position,0.24496960906262225
BranchAndBound,dp_mean_improvement_amount,solution_gap,0.0063221096236245385
BranchAndBound,dp_mean_improvement_amount,log_time_millis,0.08895634034279452
BranchAndBound,dp_mean_improvement_amount,log_nodes_explored,0.06019871774689607
BranchAndBound,dp_mean_improvement_amount,AlmostEqualRatios,-0.2525562969138124
BranchAndBound,dp_mean_improvement_amount,InverseCorrelated,0.519176596055469
BranchAndBound,dp_mean_improvement_amount,StronglyCorrelated,-0.426257310117256
BranchAndBound,dp_mean_improvement_amount,WeaklyCorrelated,-0.20202032418794064
BranchAndBound,dp_mean_improvement_amount,log_n,-0.1625691185986387
BranchAndBound,updates_per_cell,selected_count,0.8448318896711837
BranchAndBound,updates_per_cell,solution_density,0.5636000557576396
BranchAndBound,updates_per_cell,residual_capacity,0.09092877815403257
BranchAndBound,updates_per_cell,capacity_utilization,0.4501180406367631
BranchAndBound,updates_per_cell,last_selected_position,0.6940883626588852
BranchAndBound,updates_per_cell,first_skipped_position,0.8443293819648325
BranchAndBound,updates_per_cell,solution_gap,0.12610670490331852
BranchAndBound,updates_per_cell,log_time_millis,0.6926834876641569
BranchAndBound,updates_per_cell,log_nodes_explored,0.6263310270403838
BranchAndBound,updates_per_cell,AlmostEqualRatios,-0.10118109011298089
BranchAndBound,updates_per_cell,InverseCorrelated,0.06430934445332412
BranchAndBound,updates_per_cell,StronglyCorrelated,0.01653165425603494
BranchAndBound,updates_per_cell,WeaklyCorrelated,-0.02077926378629323
BranchAndBound,updates_per_cell,log_n,0.7040754468952775
BranchAndBound,selected_count,solution_density,0.4812259349951284
BranchAndBound,selected_count,residual_capacity,0.12156676573406247
BranchAndBound,selected_count,capacity_utilization,0.26473228199900617
BranchAndBound,selected_count,last_selected_position,0.7946216998183689
BranchAndBound,selected_count,first_skipped_position,0.9999382856928846
BranchAndBound,selected_count,solution_gap,0.17695932502786574
BranchAndBound,selected_count,log_time_millis,0.6680549744529933
BranchAndBound,selected_count,log_nodes_explored,0.6137654041771009
BranchAndBound,selected_count,AlmostEqualRatios,-0.05365305794070817
BranchAndBound,selected_count,InverseCorrelated,0.055564443265031876
BranchAndBound,selected_count,StronglyCorrelated,0.022449656035016544
BranchAndBound,selected_count,WeaklyCorrelated,-0.04231560948477271
BranchAndBound,selected_count,log_n,0.5645102487418633
BranchAndBound,solution_density,residual_capacity,0.43152970681128205
BranchAndBound,solution_density,capacity_utilization,0.1830052733924048
BranchAndBound,solution_density,last_selected_position,0.21983602358076446
BranchAndBound,solution_density,first_skipped_position,0.48267296333110515
BranchAndBound,solution_density,solution_gap,0.05844462116457082
BranchAndBound,solution_density,log_time_millis,0.22954947368086484
BranchAndBound,solution_density,log_nodes_explored,0.2040147637766611
BranchAndBound,solution_density,AlmostEqualRatios,-0.12192389306795236
BranchAndBound,solution_density,InverseCorrelated,0.1154060381652837
BranchAndBound,solution_density,StronglyCorrelated,0.049149279967498676
BranchAndBound,solution_density,WeaklyCorrelated,-0.08384057958426021
BranchAndBound,solution_density,log_n,-0.14435298116893303
BranchAndBound,residual_capacity,capacity_utilization,-0.3246391387647602
BranchAndBound,residual_capacity,last_selected_position,-0.04072761778807941
BranchAndBound,residual_capacity,first_skipped_position,0.12560202808845763
BranchAndBound,residual_capacity,solution_gap,-0.008332645973859038
BranchAndBound,residual_capacity,log_time_millis,0.21179669997099157
BranchAndBound,residual_capacity,log_nodes_explored,0.23274604523390172
BranchAndBound,residual_capacity,AlmostEqualRatios,-0.21403573780296126
BranchAndBound,residual_capacity,InverseCorrelated,0.5393327824354089
BranchAndBound,residual_capacity,StronglyCorrelated,-0.019361262638259404
BranchAndBound,residual_capacity,WeaklyCorrelated,-0.21177024055666022
BranchAndBound,residual_capacity,log_n,-0.19424873011771063
BranchAndBound,capacity_utilization,last_selected_position,0.30730865635970506
BranchAndBound,capacity_utilization,first_skipped_position,0.26188886204123335
BranchAndBound,capacity_utilization,solution_gap,0.03428289958914648
BranchAndBound,capacity_utilization,log_time_millis,0.2529019493729753
BranchAndBound,capacity_utilization,log_nodes_explored,0.20775067924546187
BranchAndBound,capacity_utilization,AlmostEqualRatios,0.16092355473523018
BranchAndBound,capacity_utilization,InverseCorrelated,-0.3046340883381556
BranchAndBound,capacity_utilization,StronglyCorrelated,-0.01766922688407468
BranchAndBound,capacity_utilization,WeaklyCorrelated,0.1351628213136125
BranchAndBound,capacity_utilization,log_n,0.4334827078009343
BranchAndBound,last_selected_position,first_skipped_position,0.791544029266366
BranchAndBound,last_selected_position,solution_gap,0.13713787318524814
BranchAndBound,last_selected_position,log_time_millis,0.5354562187209145
BranchAndBound,last_selected_position,log_nodes_explored,0.47376850990699887
BranchAndBound,last_selected_position,AlmostEqualRatios,0.028034926960333453
BranchAndBound,last_selected_position,InverseCorrelated,-0.0831359651375251
BranchAndBound,last_selected_position,StronglyCorrelated,-0.09529081604893097
BranchAndBound,last_selected_position,WeaklyCorrelated,0.20739087103350712
BranchAndBound,last_selected_position,log_n,0.6591700160230923
BranchAndBound,first_skipped_position,solution_gap,0.17724301556159155
BranchAndBound,first_skipped_position,log_time_millis,0.6691840645141282
BranchAndBound,first_skipped_position,log_nodes_explored,0.6152025901762093
BranchAndBound,first_skipped_position,AlmostEqualRatios,-0.059394777269406125
BranchAndBound,first_skipped_position,InverseCorrelated,0.060258070618171365
BranchAndBound,first_skipped_position,StronglyCorrelated,0.024790939811104855
BranchAndBound,first_skipped_position,WeaklyCorrelated,-0.045117795561973505
BranchAndBound,first_skipped_position,log_n,0.5624759882331936
BranchAndBound,solution_gap,log_time_millis,0.22724352041022305
BranchAndBound,solution_gap,log_nodes_explored,0.21705484336858644
BranchAndBound,solution_gap,AlmostEqualRatios,0.03086647440026051
BranchAndBound,solution_gap,InverseCorrelated,-0.03266399348683619
BranchAndBound,solution_gap,StronglyCorrelated,0.06712550606024782
BranchAndBound,solution_gap,WeaklyCorrelated,-0.03266399348683609
BranchAndBound,solution_gap,log_n,0.09201205094684463
BranchAndBound,log_time_millis,log_nodes_explored,0.9730678117345326
BranchAndBound,log_time_millis,AlmostEqualRatios,-0.07852160884121462
BranchAndBound,log_time_millis,InverseCorrelated,0.21076156072073138
BranchAndBound,log_time_millis,StronglyCorrelated,0.18402031927939544
BranchAndBound,log_time_millis,WeaklyCorrelated,-0.12707936522868327
BranchAndBound,log_time_millis,log_n,0.656980819628151
BranchAndBound,log_nodes_explored,AlmostEqualRatios,-0.06781827812750166
BranchAndBound,log_nodes_explored,InverseCorrelated,0.253445693439763
BranchAndBound,log_nodes_explored,StronglyCorrelated,0.24542903724470452
BranchAndBound,log_nodes_explored,WeaklyCorrelated,-0.15909196850742996
BranchAndBound,log_nodes_explored,log_n,0.6001489827324614
BranchAndBound,AlmostEqualRatios,InverseCorrelated,-0.24999999999999994
BranchAndBound,AlmostEqualRatios,StronglyCorrelated,-0.24999999999999972
BranchAndBound,AlmostEqualRatios,WeaklyCorrelated,-0.24999999999999944
BranchAndBound,AlmostEqualRatios,log_n,-1.6074927539095008e-16
BranchAndBound,InverseCorrelated,StronglyCorrelated,-0.2500000000000006
BranchAndBound,InverseCorrelated,WeaklyCorrelated,-0.2500000000000004
BranchAndBound,InverseCorrelated,log_n,-4.853512286695524e-16
BranchAndBound,StronglyCorrelated,WeaklyCorrelated,-0.25000000000000067
BranchAndBound,StronglyCorrelated,log_n,4.315298606509122e-16
BranchAndBound,WeaklyCorrelated,log_n,4.940163468766355e-16
