algorithm,var_a,var_b,correlation
Greedy,instance_id,n,0.8818934594168748
Greedy,instance_id,total_weight,0.983664939404026
Greedy,instance_id,total_value,0.9834604706176645
Greedy,instance_id,mean_weight,-0.004565222558999441
Greedy,instance_id,mean_value,0.0070179777098117145
Greedy,instance_id,median_weight,-0.0027521811673483242
Greedy,instance_id,median_value,0.023953645404841177
Greedy,instance_id,std_weight,0.16888028771173005
Greedy,instance_id,std_value,0.1588227936409751
Greedy,instance_id,min_weight,-0.5298668388595552
Greedy,instance_id,max_weight,0.5319887276500729
Greedy,instance_id,min_value,-0.48416223637146105
Greedy,instance_id,max_value,0.5031943790170372
Greedy,instance_id,weight_cv,0.05650613118693027
Greedy,instance_id,value_cv,0.038423963642710376
Greedy,instance_id,weight_skewness,0.004678444380066667
Greedy,instance_id,value_skewness,0.006781716191040201
Greedy,instance_id,weight_kurtosis,-0.2290456466899049
Greedy,instance_id,value_kurtosis,-0.19336796051371752
Greedy,instance_id,capacity_ratio,-0.06266439856313968
Greedy,instance_id,slack,0.95493266628991
Greedy,instance_id,average_fillable_items,0.3211315850343725
Greedy,instance_id,pearson_corr,-0.012715593005182671
Greedy,instance_id,spearman_corr,0.013449533449001157
Greedy,instance_id,kendall_corr,-0.046133689017013035
Greedy,instance_id,mean_ratio,-0.013040675213681328
Greedy,instance_id,median_ratio,-0.04387729916204898
Greedy,instance_id,std_ratio,0.10119673283571108
Greedy,instance_id,ratio_entropy,-0.2321827629326216
Greedy,instance_id,unique_ratio_count,0.9790116715384692
Greedy,instance_id,duplicate_ratio_fraction,0.5486176824811
Greedy,instance_id,unique_weights,0.982987744680279
Greedy,instance_id,unique_values,0.9832663627549469
Greedy,instance_id,unique_pairs,0.98007262476065
Greedy,instance_id,duplicate_items,0.6781014739508775
Greedy,instance_id,duplicate_pairs,0.6772892112279001
Greedy,instance_id,time_millis,0.6733476588944243
Greedy,instance_id,memory_bytes,-0.013492035291274244
Greedy,instance_id,memory_mb,-0.013427261429630351
Greedy,instance_id,solution_value,0.5300640171431491
Greedy,instance_id,optimality_gap,-0.3117652281359714
Greedy,instance_id,nodes_generated,0.6237081911027187
Greedy,instance_id,internal_nodes,0.6124594415465993
Greedy,instance_id,max_depth,0.7980353545803108
Greedy,instance_id,mean_depth,0.7225099183287937
Greedy,instance_id,median_depth,0.7066940133796573
Greedy,instance_id,mean_queue_size,0.5685186256909956
Greedy,instance_id,final_queue_size,0.25171025711909617
Greedy,instance_id,mean_bound,0.5299653788061589
Greedy,instance_id,bound_variance,-0.28372657050243244
Greedy,instance_id,min_bound,0.530390882563052
Greedy,instance_id,max_bound,0.5299660419726409
Greedy,instance_id,mean_bound_gap,-0.0015299869173590421
Greedy,instance_id,bound_gap_variance,0.1278647892369904
Greedy,instance_id,pruned_by_bound,0.0586170121316431
Greedy,instance_id,pruned_by_cap,0.2517322950785143
Greedy,instance_id,left_branches,0.5370181885574187
Greedy,instance_id,right_branches,0.6197706246465176
Greedy,instance_id,explored_children,0.6199866919444389
Greedy,instance_id,skipped_children,0.5622207143732946
Greedy,instance_id,skipped_infeasible,0.48960758973286256
Greedy,instance_id,skipped_by_bound,0.22260096265944218
Greedy,instance_id,improvement_count,0.5538705419038686
Greedy,instance_id,sum_improvement_amount,0.4321035372570833
Greedy,instance_id,mean_improvement_amount,-0.007551712801533921
Greedy,instance_id,last_improvement_node,0.1661146572988572
Greedy,instance_id,pruned_generated_ratio,-0.030163922364491377
Greedy,instance_id,avg_branching_factor,0.2716642363372622
Greedy,instance_id,capacity_density,-0.06173174901376958
Greedy,instance_id,cells_allocated,0.3222647546657667
Greedy,instance_id,total_evaluations,0.6576441744652313
Greedy,instance_id,include_count,0.4869405319682133
Greedy,instance_id,exclude_count,0.7370576013690604
Greedy,instance_id,tie_count,0.5417428318857561
Greedy,instance_id,include_ratio,-0.3121760729956482
Greedy,instance_id,nonzero_value_states,0.32526538170771635
Greedy,instance_id,zero_value_states,-0.7407134068823655
Greedy,instance_id,fill_rate,0.41088221551595494
Greedy,instance_id,mean_cell_value,0.4952485759323536
Greedy,instance_id,cell_value_variance,0.48139641999257504
Greedy,instance_id,dp_sum_improvement_amount,0.38563670280388684
Greedy,instance_id,dp_mean_improvement_amount,-0.1833063617776304
Greedy,instance_id,updates_per_cell,0.6841022738055933
Greedy,instance_id,selected_count,0.5555899531131707
Greedy,instance_id,solution_density,-0.14767150295512096
Greedy,instance_id,residual_capacity,-0.16734799509627554
Greedy,instance_id,capacity_utilization,0.41683210973421847
Greedy,instance_id,last_selected_position,0.6457222609722303
Greedy,instance_id,first_skipped_position,0.5532545663795719
Greedy,instance_id,log_time_millis,0.8824540252549906
Greedy,instance_id,AlmostEqualRatios,0.11547006025292865
Greedy,instance_id,InverseCorrelated,0.05773503012646438
Greedy,instance_id,StronglyCorrelated,2.0366654465523009e-16
Greedy,instance_id,WeaklyCorrelated,-0.0577350301264644
Greedy,instance_id,log_n,0.9850387068117942
Greedy,n,total_weight,0.8911585027029661
Greedy,n,total_value,0.8906479811501963
Greedy,n,mean_weight,-0.0003057097834765226
Greedy,n,mean_value,0.004140566365516933
Greedy,n,median_weight,0.005094316645962669
Greedy,n,median_value,0.01480104513534733
Greedy,n,std_weight,0.12221168826949637
Greedy,n,std_value,0.11326469187106955
Greedy,n,min_weight,-0.376811531547718
Greedy,n,max_weight,0.37587992066621506
Greedy,n,min_value,-0.3427677389982856
Greedy,n,max_value,0.36110505329135956
Greedy,n,weight_cv,0.040061122745695746
Greedy,n,value_cv,0.028747029914918863
Greedy,n,weight_skewness,-0.0015925608719249366
Greedy,n,value_skewness,-0.001319490303154483
Greedy,n,weight_kurtosis,-0.16142657521221396
Greedy,n,value_kurtosis,-0.14028979064888197
Greedy,n,capacity_ratio,-0.044109970018616045
Greedy,n,slack,0.8628170353211042
Greedy,n,average_fillable_items,0.2910807936705485
Greedy,n,pearson_corr,-0.0014806412176522888
Greedy,n,spearman_corr,0.02021513501742397
Greedy,n,kendall_corr,-0.013995993858123555
Greedy,n,mean_ratio,-0.008387792585048612
Greedy,n,median_ratio,-0.039027040856607756
Greedy,n,std_ratio,0.09468557742849455
Greedy,n,ratio_entropy,-0.27576785682494376
Greedy,n,unique_ratio_count,0.8838880665049031
Greedy,n,duplicate_ratio_fraction,0.5326005271592931
Greedy,n,unique_weights,0.8646752389731782
Greedy,n,unique_values,0.865304217477955
Greedy,n,unique_pairs,0.8850652713584389
Greedy,n,duplicate_items,0.5810631153912573
Greedy,n,duplicate_pairs,0.5797359352291738
Greedy,n,time_millis,0.7644323653837707
Greedy,n,memory_bytes,-0.007785177621500407
Greedy,n,memory_mb,-0.007704986550828255
Greedy,n,solution_value,0.6036132805461502
Greedy,n,optimality_gap,-0.22636376381064163
Greedy,n,nodes_generated,0.5616596914380786
Greedy,n,internal_nodes,0.5488173282385111
Greedy,n,max_depth,0.8839838467212954
Greedy,n,mean_depth,0.802517869941855
Greedy,n,median_depth,0.7891091328097437
Greedy,n,mean_queue_size,0.5238424409305786
Greedy,n,final_queue_size,0.2960291830921995
Greedy,n,mean_bound,0.6035615760252301
Greedy,n,bound_variance,-0.22239606767523634
Greedy,n,min_bound,0.6039189396847712
Greedy,n,max_bound,0.6035654003308277
Greedy,n,mean_bound_gap,0.035752738424907594
Greedy,n,bound_gap_variance,0.1395407949541485
Greedy,n,pruned_by_bound,-0.008608492444722777
Greedy,n,pruned_by_cap,0.2965633174851107
Greedy,n,left_branches,0.49786911184520866
Greedy,n,right_branches,0.5541609072697932
Greedy,n,explored_children,0.5587811853328539
Greedy,n,skipped_children,0.4987934062611494
Greedy,n,skipped_infeasible,0.4320011522365736
Greedy,n,skipped_by_bound,0.1451444229955286
Greedy,n,improvement_count,0.6251010440301401
Greedy,n,sum_improvement_amount,0.4055079217651668
Greedy,n,mean_improvement_amount,-0.0009327061870073836
Greedy,n,last_improvement_node,0.21266205918113107
Greedy,n,pruned_generated_ratio,0.016879690462347455
Greedy,n,avg_branching_factor,0.24755455041125446
Greedy,n,capacity_density,-0.0432858496869316
Greedy,n,cells_allocated,0.29196029722198624
Greedy,n,total_evaluations,0.5947140046832406
Greedy,n,include_count,0.44189446856810144
Greedy,n,exclude_count,0.6613214454964221
Greedy,n,tie_count,0.4065330482464084
Greedy,n,include_ratio,-0.2439949198131573
Greedy,n,nonzero_value_states,0.29382578115766245
Greedy,n,zero_value_states,-0.643105221336301
Greedy,n,fill_rate,0.2869059724609394
Greedy,n,mean_cell_value,0.5644852430486531
Greedy,n,cell_value_variance,0.6123460428847854
Greedy,n,dp_sum_improvement_amount,0.3573162366331343
Greedy,n,dp_mean_improvement_amount,-0.13636522939877888
Greedy,n,updates_per_cell,0.6215096855615566
Greedy,n,selected_count,0.6292028770660152
Greedy,n,solution_density,-0.11219414461562387
Greedy,n,residual_capacity,-0.1454292020747417
Greedy,n,capacity_utilization,0.3141207925966709
Greedy,n,last_selected_position,0.7353886846197251
Greedy,n,first_skipped_position,0.6275327224500529
Greedy,n,log_time_millis,0.8037313736798066
Greedy,n,AlmostEqualRatios,8.053756320281227e-17
Greedy,n,InverseCorrelated,-1.5669957118917312e-16
Greedy,n,StronglyCorrelated,2.2923807251191e-16
Greedy,n,WeaklyCorrelated,1.9860918599674881e-16
Greedy,n,log_n,0.8926327822256555
Greedy,total_weight,total_value,0.998116559380473
Greedy,total_weight,mean_weight,0.04766172271548054
Greedy,total_weight,mean_value,0.029099404748338806
Greedy,total_weight,median_weight,0.044885534174080435
Greedy,total_weight,median_value,0.044656191553243005
Greedy,total_weight,std_weight,0.17334810904861853
Greedy,total_weight,std_value,0.16291829576158431
Greedy,total_weight,min_weight,-0.5290094110304987
Greedy,total_weight,max_weight,0.5554467627739182
Greedy,total_weight,min_value,-0.49290047659043096
Greedy,total_weight,max_value,0.48883175720656513
Greedy,total_weight,weight_cv,0.015010387422292099
Greedy,total_weight,value_cv,0.021328913819404664
Greedy,total_weight,weight_skewness,-0.03820921552434654
Greedy,total_weight,value_skewness,-0.01670545050048542
Greedy,total_weight,weight_kurtosis,-0.2355494027457473
Greedy,total_weight,value_kurtosis,-0.2035421060791444
Greedy,total_weight,capacity_ratio,-0.06464995258460317
Greedy,total_weight,slack,0.9709711695619664
Greedy,total_weight,average_fillable_items,0.3245400227975114
Greedy,total_weight,pearson_corr,-0.002922527439338865
Greedy,total_weight,spearman_corr,0.02422182591061744
Greedy,total_weight,kendall_corr,-0.024414117894485263
Greedy,total_weight,mean_ratio,-0.019749010170124228
Greedy,total_weight,median_ratio,-0.07172851507661282
Greedy,total_weight,std_ratio,0.10221902539401054
Greedy,total_weight,ratio_entropy,-0.319239031582103
Greedy,total_weight,unique_ratio_count,0.9964773125106209
Greedy,total_weight,duplicate_ratio_fraction,0.4946982533863984
Greedy,total_weight,unique_weights,0.9966048687475926
Greedy,total_weight,unique_values,0.9967256197705915
Greedy,total_weight,unique_pairs,0.996254520585926
Greedy,total_weight,duplicate_items,0.6299892089824849
Greedy,total_weight,duplicate_pairs,0.6292398362381354
Greedy,total_weight,time_millis,0.6962145324992504
Greedy,total_weight,memory_bytes,-0.014249953074370573
Greedy,total_weight,memory_mb,-0.014220750911827807
Greedy,total_weight,solution_value,0.5400114017441674
Greedy,total_weight,optimality_gap,-0.3086470317713368
Greedy,total_weight,nodes_generated,0.5945235423841161
Greedy,total_weight,internal_nodes,0.582817665709861
Greedy,total_weight,max_depth,0.8085411506806558
Greedy,total_weight,mean_depth,0.7275142181705476
Greedy,total_weight,median_depth,0.713510675852113
Greedy,total_weight,mean_queue_size,0.5503976699447684
Greedy,total_weight,final_queue_size,0.23965122866128868
Greedy,total_weight,mean_bound,0.5399143783417623
Greedy,total_weight,bound_variance,-0.23094141660040013
Greedy,total_weight,min_bound,0.5401584634819728
Greedy,total_weight,max_bound,0.5399067543041383
Greedy,total_weight,mean_bound_gap,0.050605869871207465
Greedy,total_weight,bound_gap_variance,0.1773619151537573
Greedy,total_weight,pruned_by_bound,0.0793739030976436
Greedy,total_weight,pruned_by_cap,0.23989249221394907
Greedy,total_weight,left_branches,0.5148695967725536
Greedy,total_weight,right_branches,0.5907744428983831
Greedy,total_weight,explored_children,0.5913045792925058
Greedy,total_weight,skipped_children,0.5337489584017147
Greedy,total_weight,skipped_infeasible,0.4648207198406886
Greedy,total_weight,skipped_by_bound,0.20815293324295042
Greedy,total_weight,improvement_count,0.5615831157769571
Greedy,total_weight,sum_improvement_amount,0.4535291755384557
Greedy,total_weight,mean_improvement_amount,0.003163453595467431
Greedy,total_weight,last_improvement_node,0.16557633378915235
Greedy,total_weight,pruned_generated_ratio,-0.008496556229154358
Greedy,total_weight,avg_branching_factor,0.2609696189615879
Greedy,total_weight,capacity_density,-0.05906659572806473
Greedy,total_weight,cells_allocated,0.32761622589839146
Greedy,total_weight,total_evaluations,0.6666633901072923
Greedy,total_weight,include_count,0.4974496624948913
Greedy,total_weight,exclude_count,0.7466354126115569
Greedy,total_weight,tie_count,0.5201358426804424
Greedy,total_weight,include_ratio,-0.3085419711844952
Greedy,total_weight,nonzero_value_states,0.33060067574293134
Greedy,total_weight,zero_value_states,-0.7428866737855152
Greedy,total_weight,fill_rate,0.41127720690937825
Greedy,total_weight,mean_cell_value,0.5050467240707107
Greedy,total_weight,cell_value_variance,0.48936019301643446
Greedy,total_weight,dp_sum_improvement_amount,0.40053349636094654
Greedy,total_weight,dp_mean_improvement_amount,-0.160459472642852
Greedy,total_weight,updates_per_cell,0.7011226805073717
Greedy,total_weight,selected_count,0.5633500481013785
Greedy,total_weight,solution_density,-0.14709827699229333
Greedy,total_weight,residual_capacity,-0.19080673862467978
Greedy,total_weight,capacity_utilization,0.429170624184258
Greedy,total_weight,last_selected_position,0.6580278454871433
Greedy,total_weight,first_skipped_position,0.5613335802557525
Greedy,total_weight,log_time_millis,0.9125260126161164
Greedy,total_weight,AlmostEqualRatios,-0.0007379331923536142
Greedy,total_weight,InverseCorrelated,0.0010059956338830025
Greedy,total_weight,StronglyCorrelated,0.0002229130440016693
Greedy,total_weight,WeaklyCorrelated,0.0011548267745233262
Greedy,total_weight,log_n,0.9984505232074993
Greedy,total_value,mean_weight,0.013501947831707856
Greedy,total_value,mean_value,0.06303315056070803
Greedy,total_value,median_weight,0.014631221899705588
Greedy,total_value,median_value,0.07510287206995551
Greedy,total_value,std_weight,0.16991481438897976
Greedy,total_value,std_value,0.1607312135867842
Greedy,total_value,min_weight,-0.5338070054901022
Greedy,total_value,max_weight,0.5466731285434578
Greedy,total_value,min_value,-0.4837237934508116
Greedy,total_value,max_value,0.49169804877397155
Greedy,total_value,weight_cv,0.04044321859109144
Greedy,total_value,value_cv,-0.007121399807894476
Greedy,total_value,weight_skewness,-0.008950849622909545
Greedy,total_value,value_skewness,-0.04597401693346432
Greedy,total_value,weight_kurtosis,-0.2337943420717829
Greedy,total_value,value_kurtosis,-0.2036979739137072
Greedy,total_value,capacity_ratio,-0.06432569025937054
Greedy,total_value,slack,0.969102932224663
Greedy,total_value,average_fillable_items,0.3251597329595434
Greedy,total_value,pearson_corr,0.0004721063929879413
Greedy,total_value,spearman_corr,0.027573915435603988
Greedy,total_value,kendall_corr,-0.021022593405931496
Greedy,total_value,mean_ratio,-0.012703692050986374
Greedy,total_value,median_ratio,-0.020045597686152238
Greedy,total_value,std_ratio,0.10616492220318023
Greedy,total_value,ratio_entropy,-0.31939864090800957
Greedy,total_value,unique_ratio_count,0.9965098565154346
Greedy,total_value,duplicate_ratio_fraction,0.4943630283334578
Greedy,total_value,unique_weights,0.9966625580973922
Greedy,total_value,unique_values,0.9967752644523327
Greedy,total_value,unique_pairs,0.9962990513829186
Greedy,total_value,duplicate_items,0.6307450329316538
Greedy,total_value,duplicate_pairs,0.6299959861007236
Greedy,total_value,time_millis,0.6953005346715889
Greedy,total_value,memory_bytes,-0.012986750579848917
Greedy,total_value,memory_mb,-0.012955719121906233
Greedy,total_value,solution_value,0.5398787353367855
Greedy,total_value,optimality_gap,-0.3075897686102495
Greedy,total_value,nodes_generated,0.5954060092040661
Greedy,total_value,internal_nodes,0.5836526990145128
Greedy,total_value,max_depth,0.8084387194502436
Greedy,total_value,mean_depth,0.7277614517168429
Greedy,total_value,median_depth,0.7137670096849741
Greedy,total_value,mean_queue_size,0.5513085268860702
Greedy,total_value,final_queue_size,0.23966810002474123
Greedy,total_value,mean_bound,0.5397842912715739
Greedy,total_value,bound_variance,-0.23273532758940946
Greedy,total_value,min_bound,0.5400353565187408
Greedy,total_value,max_bound,0.539777378949479
Greedy,total_value,mean_bound_gap,0.05118132836204588
Greedy,total_value,bound_gap_variance,0.17810648480740268
Greedy,total_value,pruned_by_bound,0.07988891177732473
Greedy,total_value,pruned_by_cap,0.23992456701053647
Greedy,total_value,left_branches,0.5159029425555481
Greedy,total_value,right_branches,0.5915769615411821
Greedy,total_value,explored_children,0.5921853593110588
Greedy,total_value,skipped_children,0.5344791058823183
Greedy,total_value,skipped_infeasible,0.4647122817177778
Greedy,total_value,skipped_by_bound,0.20914580241794503
Greedy,total_value,improvement_count,0.5616088448676265
Greedy,total_value,sum_improvement_amount,0.45442439545368596
Greedy,total_value,mean_improvement_amount,0.003480191170101259
Greedy,total_value,last_improvement_node,0.166181506093505
Greedy,total_value,pruned_generated_ratio,-0.007861547000663433
Greedy,total_value,avg_branching_factor,0.2616016638251155
Greedy,total_value,capacity_density,-0.06172278398044379
Greedy,total_value,cells_allocated,0.32699920297329016
Greedy,total_value,total_evaluations,0.6666699169846249
Greedy,total_value,include_count,0.49764735766322266
Greedy,total_value,exclude_count,0.7463853634836076
Greedy,total_value,tie_count,0.5240848565774877
Greedy,total_value,include_ratio,-0.30746432985203853
Greedy,total_value,nonzero_value_states,0.33002007785698567
Greedy,total_value,zero_value_states,-0.7463359173764935
Greedy,total_value,fill_rate,0.4146639556820202
Greedy,total_value,mean_cell_value,0.5048488571357803
Greedy,total_value,cell_value_variance,0.4890397892277461
Greedy,total_value,dp_sum_improvement_amount,0.40058744088788917
Greedy,total_value,dp_mean_improvement_amount,-0.16095229593121813
Greedy,total_value,updates_per_cell,0.7024525816432292
Greedy,total_value,selected_count,0.5632713396995621
Greedy,total_value,solution_density,-0.14477827359946555
Greedy,total_value,residual_capacity,-0.19383574688875627
Greedy,total_value,capacity_utilization,0.43199508797769487
Greedy,total_value,last_selected_position,0.6576769027647225
Greedy,total_value,first_skipped_position,0.5612504054083903
Greedy,total_value,log_time_millis,0.9124372144889178
Greedy,total_value,AlmostEqualRatios,-0.0014178877746173772
Greedy,total_value,InverseCorrelated,-0.0017820804381880899
Greedy,total_value,StronglyCorrelated,0.0036210043018137135
Greedy,total_value,WeaklyCorrelated,0.001072982929269945
Greedy,total_value,log_n,0.998454478848765
Greedy,mean_weight,mean_value,0.3831700736526396
Greedy,mean_weight,median_weight,0.8901935185854343
Greedy,mean_weight,median_value,0.3270879100099349
Greedy,mean_weight,std_weight,0.06954076284110287
Greedy,mean_weight,std_value,0.0657359939570525
Greedy,mean_weight,min_weight,0.22329991612355576
Greedy,mean_weight,max_weight,0.25638974562694306
Greedy,mean_weight,min_value,0.11073853202579136
Greedy,mean_weight,max_value,0.1252998285073399
Greedy,mean_weight,weight_cv,-0.7686718884931676
Greedy,mean_weight,value_cv,-0.2581391231176498
Greedy,mean_weight,weight_skewness,-0.8289838859924666
Greedy,mean_weight,value_skewness,-0.2717191465665569
Greedy,mean_weight,weight_kurtosis,-0.04000463496044582
Greedy,mean_weight,value_kurtosis,-0.003135611385576844
Greedy,mean_weight,capacity_ratio,-0.009897907711270143
Greedy,mean_weight,slack,0.047601858250772795
Greedy,mean_weight,average_fillable_items,-0.020686998817163488
Greedy,mean_weight,pearson_corr,-0.011804417771988067
Greedy,mean_weight,spearman_corr,-0.015362465622079388
Greedy,mean_weight,kendall_corr,-0.013881051777852099
Greedy,mean_weight,mean_ratio,-0.09060452622890748
Greedy,mean_weight,median_ratio,-0.4700535631111503
Greedy,mean_weight,std_ratio,-0.05982740058472592
Greedy,mean_weight,ratio_entropy,0.009528314075713284
Greedy,mean_weight,unique_ratio_count,-0.007258113485622605
Greedy,mean_weight,duplicate_ratio_fraction,-0.012288444928820615
Greedy,mean_weight,unique_weights,-0.008744556361008906
Greedy,mean_weight,unique_values,-0.0076255301117210085
Greedy,mean_weight,unique_pairs,-0.00796505056177065
Greedy,mean_weight,duplicate_items,-0.0014844953944221728
Greedy,mean_weight,duplicate_pairs,-0.0014655371120821375
Greedy,mean_weight,time_millis,0.00629826516686234
Greedy,mean_weight,memory_bytes,-0.015447765807308965
Greedy,mean_weight,memory_mb,-0.015466907943219295
Greedy,mean_weight,solution_value,-0.0009362991646788377
Greedy,mean_weight,optimality_gap,0.04683082356525408
Greedy,mean_weight,nodes_generated,0.002268261777591234
Greedy,mean_weight,internal_nodes,0.005023502845674506
Greedy,mean_weight,max_depth,0.0005977262256595307
Greedy,mean_weight,mean_depth,-0.0011062455573762698
Greedy,mean_weight,median_depth,-0.0014122535576130825
Greedy,mean_weight,mean_queue_size,-0.01830913136950473
Greedy,mean_weight,final_queue_size,0.0012249020396794402
Greedy,mean_weight,mean_bound,-0.0009097284802333337
Greedy,mean_weight,bound_variance,-0.0006616693284083162
Greedy,mean_weight,min_bound,-0.0008691338704556887
Greedy,mean_weight,max_bound,-0.0009284087981588535
Greedy,mean_weight,mean_bound_gap,-0.022856305030309852
Greedy,mean_weight,bound_gap_variance,-0.02043513626298074
Greedy,mean_weight,pruned_by_bound,-0.05905059174167068
Greedy,mean_weight,pruned_by_cap,0.0012690680439920701
Greedy,mean_weight,left_branches,-0.0137862152121795
Greedy,mean_weight,right_branches,0.006076544608789357
Greedy,mean_weight,explored_children,0.002308566919693737
Greedy,mean_weight,skipped_children,0.010037745899975126
Greedy,mean_weight,skipped_infeasible,0.01617436565989448
Greedy,mean_weight,skipped_by_bound,0.002335655060786637
Greedy,mean_weight,improvement_count,-0.0038189109620494154
Greedy,mean_weight,sum_improvement_amount,-0.009696122019119928
Greedy,mean_weight,mean_improvement_amount,0.0334952776814632
Greedy,mean_weight,last_improvement_node,0.004024303147032438
Greedy,mean_weight,pruned_generated_ratio,-0.05240325991706877
Greedy,mean_weight,avg_branching_factor,-0.005818413657936501
Greedy,mean_weight,capacity_density,0.07763896058005129
Greedy,mean_weight,cells_allocated,0.01561372968112208
Greedy,mean_weight,total_evaluations,-0.005186668978619739
Greedy,mean_weight,include_count,-0.007603510681956228
Greedy,mean_weight,exclude_count,-0.0010728544015763913
Greedy,mean_weight,tie_count,-0.06079981327871835
Greedy,mean_weight,include_ratio,-0.02052267567456058
Greedy,mean_weight,nonzero_value_states,0.01389398984317715
Greedy,mean_weight,zero_value_states,0.12843890898898364
Greedy,mean_weight,fill_rate,-0.16295460614454255
Greedy,mean_weight,mean_cell_value,-0.002622242809098423
Greedy,mean_weight,cell_value_variance,0.0006840022469814865
Greedy,mean_weight,dp_sum_improvement_amount,0.0019925771124730094
Greedy,mean_weight,dp_mean_improvement_amount,0.035537355566281424
Greedy,mean_weight,updates_per_cell,-0.03972865313891734
Greedy,mean_weight,selected_count,-0.004416858931217207
Greedy,mean_weight,solution_density,-0.051158314366254544
Greedy,mean_weight,residual_capacity,0.06069639662685728
Greedy,mean_weight,capacity_utilization,-0.07393297745036827
Greedy,mean_weight,last_selected_position,-0.0014094291230110345
Greedy,mean_weight,first_skipped_position,-0.004140458814139403
Greedy,mean_weight,log_time_millis,-0.005686587427563007
Greedy,mean_weight,AlmostEqualRatios,-0.012843655247160853
Greedy,mean_weight,InverseCorrelated,0.01816046233022384
Greedy,mean_weight,StronglyCorrelated,0.0029476296281427347
Greedy,mean_weight,WeaklyCorrelated,0.020398920620882048
Greedy,mean_weight,log_n,-0.007761736604608579
Greedy,mean_value,median_weight,0.3437864031377868
Greedy,mean_value,median_value,0.8812141837257296
Greedy,mean_value,std_weight,0.014557975119664435
Greedy,mean_value,std_value,0.024436890719434612
Greedy,mean_value,min_weight,0.126060635120515
Greedy,mean_value,max_weight,0.10833603722565864
Greedy,mean_value,min_value,0.27304556829210813
Greedy,mean_value,max_value,0.18382460555338473
Greedy,mean_value,weight_cv,-0.307941158003204
Greedy,mean_value,value_cv,-0.775873999918868
Greedy,mean_value,weight_skewness,-0.30136371582323745
Greedy,mean_value,value_skewness,-0.8027771915144392
Greedy,mean_value,weight_kurtosis,-0.018056005964726035
Greedy,mean_value,value_kurtosis,-0.005855524026537881
Greedy,mean_value,capacity_ratio,-0.005086887022055722
Greedy,mean_value,slack,0.028874939791415175
Greedy,mean_value,average_fillable_items,-0.004514572298231163
Greedy,mean_value,pearson_corr,0.05050737352768894
Greedy,mean_value,spearman_corr,0.04657012529086935
Greedy,mean_value,kendall_corr,0.04785989913869764
Greedy,mean_value,mean_ratio,0.036391321338583235
Greedy,mean_value,median_ratio,0.4610555393532891
Greedy,mean_value,std_ratio,0.012942180107442467
Greedy,mean_value,ratio_entropy,0.0012638913545077947
Greedy,mean_value,unique_ratio_count,0.008682627242356541
Greedy,mean_value,duplicate_ratio_fraction,-0.010811676783343759
Greedy,mean_value,unique_weights,0.007661990280054217
Greedy,mean_value,unique_values,0.008590953188534357
Greedy,mean_value,unique_pairs,0.00819664484488055
Greedy,mean_value,duplicate_items,0.02200071131931136
Greedy,mean_value,duplicate_pairs,0.022015031686232096
Greedy,mean_value,time_millis,0.000260384340525782
Greedy,mean_value,memory_bytes,0.00724526438458653
Greedy,mean_value,memory_mb,0.007259665631732198
Greedy,mean_value,solution_value,0.00491312850715645
Greedy,mean_value,optimality_gap,0.06039979156407262
Greedy,mean_value,nodes_generated,0.027724799017752128
Greedy,mean_value,internal_nodes,0.02947345623629257
Greedy,mean_value,max_depth,0.01121751747517301
Greedy,mean_value,mean_depth,0.014695009304014987
Greedy,mean_value,median_depth,0.014342523302406181
Greedy,mean_value,mean_queue_size,0.006825169055278144
Greedy,mean_value,final_queue_size,0.005272130853687972
Greedy,mean_value,mean_bound,0.004983880396564347
Greedy,mean_value,bound_variance,-0.03775637163741435
Greedy,mean_value,min_bound,0.005157928699201756
Greedy,mean_value,max_bound,0.004976685503205667
Greedy,mean_value,mean_bound_gap,-0.01228336237988865
Greedy,mean_value,bound_gap_variance,-0.004766630633182618
Greedy,mean_value,pruned_by_bound,-0.04865595227726373
Greedy,mean_value,pruned_by_cap,0.005599848773004865
Greedy,mean_value,left_branches,0.013054212688809382
Greedy,mean_value,right_branches,0.03007271480527965
Greedy,mean_value,explored_children,0.027683854052948136
Greedy,mean_value,skipped_children,0.031892550493883204
Greedy,mean_value,skipped_infeasible,0.021943683569706506
Greedy,mean_value,skipped_by_bound,0.023831746024898265
Greedy,mean_value,improvement_count,0.005326818440153067
Greedy,mean_value,sum_improvement_amount,0.01313403854970306
Greedy,mean_value,mean_improvement_amount,0.038300832679501316
Greedy,mean_value,last_improvement_node,0.01776488450095116
Greedy,mean_value,pruned_generated_ratio,-0.04171589530981499
Greedy,mean_value,avg_branching_factor,0.009798129012141537
Greedy,mean_value,capacity_density,0.028716583198653476
Greedy,mean_value,cells_allocated,0.009532806950785592
Greedy,mean_value,total_evaluations,0.0052317747333266405
Greedy,mean_value,include_count,0.0036978579564081156
Greedy,mean_value,exclude_count,0.005881025401157598
Greedy,mean_value,tie_count,0.01972482264824151
Greedy,mean_value,include_ratio,-0.005551129373604681
Greedy,mean_value,nonzero_value_states,0.008536146363653652
Greedy,mean_value,zero_value_states,0.05424228400845436
Greedy,mean_value,fill_rate,-0.09360438724991797
Greedy,mean_value,mean_cell_value,0.0014775945834707878
Greedy,mean_value,cell_value_variance,0.0023723141669403855
Greedy,mean_value,dp_sum_improvement_amount,0.008958620411663164
Greedy,mean_value,dp_mean_improvement_amount,0.023193297725148772
Greedy,mean_value,updates_per_cell,-0.004773429280620447
Greedy,mean_value,selected_count,0.002831621002029596
Greedy,mean_value,solution_density,-0.01165757041778055
Greedy,mean_value,residual_capacity,0.002084620598249684
Greedy,mean_value,capacity_utilization,-0.015042725249472715
Greedy,mean_value,last_selected_position,0.0023124415983789264
Greedy,mean_value,first_skipped_position,0.0029938051795487274
Greedy,mean_value,log_time_millis,0.006372996169377492
Greedy,mean_value,AlmostEqualRatios,-0.024821912754576996
Greedy,mean_value,InverseCorrelated,-0.03237055826832946
Greedy,mean_value,StronglyCorrelated,0.06524177714677938
Greedy,mean_value,WeaklyCorrelated,0.019999286057598705
Greedy,mean_value,log_n,0.007685524219987563
Greedy,median_weight,median_value,0.36511780859328896
Greedy,median_weight,std_weight,0.050402082413756204
Greedy,median_weight,std_value,0.03789456835212213
Greedy,median_weight,min_weight,0.14972817493502208
Greedy,median_weight,max_weight,0.15136320012414564
Greedy,median_weight,min_value,0.07764187633296202
Greedy,median_weight,max_value,0.07020240605694533
Greedy,median_weight,weight_cv,-0.6993452558461447
Greedy,median_weight,value_cv,-0.2488938126985912
Greedy,median_weight,weight_skewness,-0.9013487169874798
Greedy,median_weight,value_skewness,-0.3183038166976763
Greedy,median_weight,weight_kurtosis,-0.034746261093049215
Greedy,median_weight,value_kurtosis,0.004541351350447845
Greedy,median_weight,capacity_ratio,-0.008389600008935455
Greedy,median_weight,slack,0.04465312609647353
Greedy,median_weight,average_fillable_items,-0.017602278091959123
Greedy,median_weight,pearson_corr,-0.012208906792693703
Greedy,median_weight,spearman_corr,-0.01572931934704855
Greedy,median_weight,kendall_corr,-0.013259365359934558
Greedy,median_weight,mean_ratio,-0.06954293351332609
Greedy,median_weight,median_ratio,-0.4931629375969705
Greedy,median_weight,std_ratio,-0.050326467455415046
Greedy,median_weight,ratio_entropy,0.0008957030793249361
Greedy,median_weight,unique_ratio_count,-0.0040427092044586065
Greedy,median_weight,duplicate_ratio_fraction,-0.009018148790862367
Greedy,median_weight,unique_weights,-0.005882441790512731
Greedy,median_weight,unique_values,-0.005022453244682412
Greedy,median_weight,unique_pairs,-0.004622600850322182
Greedy,median_weight,duplicate_items,0.0016677495194652673
Greedy,median_weight,duplicate_pairs,0.0016868879651680822
Greedy,median_weight,time_millis,0.01309547672488299
Greedy,median_weight,memory_bytes,-0.019851074738127913
Greedy,median_weight,memory_mb,-0.019874933590793117
Greedy,median_weight,solution_value,0.0021061831142059548
Greedy,median_weight,optimality_gap,0.03292364422655005
Greedy,median_weight,nodes_generated,0.0024261006659331828
Greedy,median_weight,internal_nodes,0.004382787038148771
Greedy,median_weight,max_depth,0.004581978257310202
Greedy,median_weight,mean_depth,0.002339770409345773
Greedy,median_weight,median_depth,0.0021403116519919294
Greedy,median_weight,mean_queue_size,-0.011827413741893939
Greedy,median_weight,final_queue_size,0.0035968004870734413
Greedy,median_weight,mean_bound,0.0021257574452674005
Greedy,median_weight,bound_variance,0.0031834470092332364
Greedy,median_weight,min_bound,0.0021401808128473066
Greedy,median_weight,max_bound,0.0021106075518592072
Greedy,median_weight,mean_bound_gap,-0.01604262156630645
Greedy,median_weight,bound_gap_variance,-0.013098933480203516
Greedy,median_weight,pruned_by_bound,-0.040760828783375336
Greedy,median_weight,pruned_by_cap,0.003612972768132983
Greedy,median_weight,left_branches,-0.008786134614937264
Greedy,median_weight,right_branches,0.005797948153330764
Greedy,median_weight,explored_children,0.003088306020334924
Greedy,median_weight,skipped_children,0.007746039158775295
Greedy,median_weight,skipped_infeasible,0.013032134459163156
Greedy,median_weight,skipped_by_bound,-0.001110161316358977
Greedy,median_weight,improvement_count,-4.3927883407163605e-05
Greedy,median_weight,sum_improvement_amount,-0.005827231608940344
Greedy,median_weight,mean_improvement_amount,0.024671956093430227
Greedy,median_weight,last_improvement_node,0.003926864338719173
Greedy,median_weight,pruned_generated_ratio,-0.037533578847692504
Greedy,median_weight,avg_branching_factor,-0.00020218665058096706
Greedy,median_weight,capacity_density,0.06945086647199526
Greedy,median_weight,cells_allocated,0.014704414456329884
Greedy,median_weight,total_evaluations,-0.003006353804651613
Greedy,median_weight,include_count,-0.004274981319906841
Greedy,median_weight,exclude_count,-0.00041276974490849264
Greedy,median_weight,tie_count,-0.0576002729701164
Greedy,median_weight,include_ratio,-0.010628524046016443
Greedy,median_weight,nonzero_value_states,0.013551338810688306
Greedy,median_weight,zero_value_states,0.08460113026623094
Greedy,median_weight,fill_rate,-0.10782333393795217
Greedy,median_weight,mean_cell_value,0.0002983351270840156
Greedy,median_weight,cell_value_variance,0.002738935694348244
Greedy,median_weight,dp_sum_improvement_amount,0.0042169294811294855
Greedy,median_weight,dp_mean_improvement_amount,0.03260577456919641
Greedy,median_weight,updates_per_cell,-0.03067389288984963
Greedy,median_weight,selected_count,-0.0004805288421732741
Greedy,median_weight,solution_density,-0.03918666683270324
Greedy,median_weight,residual_capacity,0.048198650174726465
Greedy,median_weight,capacity_utilization,-0.06211133105512292
Greedy,median_weight,last_selected_position,0.004487336757411751
Greedy,median_weight,first_skipped_position,-0.000389483062497998
Greedy,median_weight,log_time_millis,-0.004672943735578954
Greedy,median_weight,AlmostEqualRatios,-0.015628135624704526
Greedy,median_weight,InverseCorrelated,0.014982879327886665
Greedy,median_weight,StronglyCorrelated,0.0021621006198428642
Greedy,median_weight,WeaklyCorrelated,0.015474904826549655
Greedy,median_weight,log_n,-0.004431881016100886
Greedy,median_value,std_weight,0.00451704382830996
Greedy,median_value,std_value,0.0012665572087043528
Greedy,median_value,min_weight,0.06553913305524942
Greedy,median_value,max_weight,0.07474421580555386
Greedy,median_value,min_value,0.17011200917367017
Greedy,median_value,max_value,0.10744882317103635
Greedy,median_value,weight_cv,-0.27439631180541574
Greedy,median_value,value_cv,-0.7050936616991001
Greedy,median_value,weight_skewness,-0.32229588844268775
Greedy,median_value,value_skewness,-0.8845379166560118
Greedy,median_value,weight_kurtosis,0.0022067777645178367
Greedy,median_value,value_kurtosis,0.004492530459371623
Greedy,median_value,capacity_ratio,-0.0062282948548220566
Greedy,median_value,slack,0.04400123900478854
Greedy,median_value,average_fillable_items,0.002601572172704638
Greedy,median_value,pearson_corr,0.02050488227763328
Greedy,median_value,spearman_corr,0.01722169465902465
Greedy,median_value,kendall_corr,0.019458807292714306
Greedy,median_value,mean_ratio,0.03946860087392036
Greedy,median_value,median_ratio,0.49697418340461597
Greedy,median_value,std_ratio,0.025393591249850644
Greedy,median_value,ratio_entropy,-0.01757627664700964
Greedy,median_value,unique_ratio_count,0.027157996430530695
Greedy,median_value,duplicate_ratio_fraction,0.0011453469786162351
Greedy,median_value,unique_weights,0.027144277195517177
Greedy,median_value,unique_values,0.0279456068248709
Greedy,median_value,unique_pairs,0.026498126950704134
Greedy,median_value,duplicate_items,0.0408171905983398
Greedy,median_value,duplicate_pairs,0.04083060079824691
Greedy,median_value,time_millis,0.00825337249512453
Greedy,median_value,memory_bytes,0.004900414935468251
Greedy,median_value,memory_mb,0.00491087485698466
Greedy,median_value,solution_value,0.01410410328984984
Greedy,median_value,optimality_gap,0.032272141988525856
Greedy,median_value,nodes_generated,0.035705426527055224
Greedy,median_value,internal_nodes,0.03695875663952545
Greedy,median_value,max_depth,0.02063360727534656
Greedy,median_value,mean_depth,0.02118556015768492
Greedy,median_value,median_depth,0.020573145119018567
Greedy,median_value,mean_queue_size,0.018966016221902384
Greedy,median_value,final_queue_size,0.004270250043565741
Greedy,median_value,mean_bound,0.0141612148829638
Greedy,median_value,bound_variance,-0.019305605792606068
Greedy,median_value,min_bound,0.014242113509063827
Greedy,median_value,max_bound,0.014183360572651271
Greedy,median_value,mean_bound_gap,-0.00154476588574433
Greedy,median_value,bound_gap_variance,0.009001922217162114
Greedy,median_value,pruned_by_bound,-0.026251258653569406
Greedy,median_value,pruned_by_cap,0.004482462670384603
Greedy,median_value,left_branches,0.023254261161532022
Greedy,median_value,right_branches,0.03810627113522371
Greedy,median_value,explored_children,0.03613285012085294
Greedy,median_value,skipped_children,0.03802075598837288
Greedy,median_value,skipped_infeasible,0.027269169767228194
Greedy,median_value,skipped_by_bound,0.03139008426745201
Greedy,median_value,improvement_count,0.012204530758807454
Greedy,median_value,sum_improvement_amount,0.028967354926230707
Greedy,median_value,mean_improvement_amount,0.04782367511775233
Greedy,median_value,last_improvement_node,0.013893877064005649
Greedy,median_value,pruned_generated_ratio,-0.03518620838912321
Greedy,median_value,avg_branching_factor,0.0190659030989925
Greedy,median_value,capacity_density,0.022619389945890935
Greedy,median_value,cells_allocated,0.014629535718652874
Greedy,median_value,total_evaluations,0.01776788500053566
Greedy,median_value,include_count,0.014557107221890648
Greedy,median_value,exclude_count,0.019189204797074658
Greedy,median_value,tie_count,0.020040117348708454
Greedy,median_value,include_ratio,-0.005204500872912031
Greedy,median_value,nonzero_value_states,0.014088957630345036
Greedy,median_value,zero_value_states,0.01590609018222527
Greedy,median_value,fill_rate,-0.047723633352353974
Greedy,median_value,mean_cell_value,0.011703415653499735
Greedy,median_value,cell_value_variance,0.008392161584111798
Greedy,median_value,dp_sum_improvement_amount,0.02067198259549353
Greedy,median_value,dp_mean_improvement_amount,0.03179864072900172
Greedy,median_value,updates_per_cell,0.013423250833897418
Greedy,median_value,selected_count,0.010563229488475103
Greedy,median_value,solution_density,-0.006927291341045989
Greedy,median_value,residual_capacity,0.011456384920895065
Greedy,median_value,capacity_utilization,-0.005223298651654207
Greedy,median_value,last_selected_position,0.010885014153184535
Greedy,median_value,first_skipped_position,0.010647394675466264
Greedy,median_value,log_time_millis,0.02004159850020293
Greedy,median_value,AlmostEqualRatios,-0.032326830870380255
Greedy,median_value,InverseCorrelated,-0.008979675241772045
Greedy,median_value,StronglyCorrelated,0.047480902964440796
Greedy,median_value,WeaklyCorrelated,0.006056060046776798
Greedy,median_value,log_n,0.02638287775601278
Greedy,std_weight,std_value,0.7850457435267225
Greedy,std_weight,min_weight,-0.40112383312056343
Greedy,std_weight,max_weight,0.4026629045146238
Greedy,std_weight,min_value,-0.3117933109019523
Greedy,std_weight,max_value,0.2626950155011413
Greedy,std_weight,weight_cv,0.5620722946077629
Greedy,std_weight,value_cv,0.46299679835426605
Greedy,std_weight,weight_skewness,-0.06103806268382995
Greedy,std_weight,value_skewness,0.007589059378830667
Greedy,std_weight,weight_kurtosis,-0.6706136472189492
Greedy,std_weight,value_kurtosis,-0.5232802198620586
Greedy,std_weight,capacity_ratio,-0.014501711788620471
Greedy,std_weight,slack,0.168933672362971
Greedy,std_weight,average_fillable_items,0.0534212573457368
Greedy,std_weight,pearson_corr,-0.015313131908127784
Greedy,std_weight,spearman_corr,-0.012804668404713344
Greedy,std_weight,kendall_corr,-0.024363664855342172
Greedy,std_weight,mean_ratio,0.127601321997867
Greedy,std_weight,median_ratio,-0.05900001750519722
Greedy,std_weight,std_ratio,0.11026973114018404
Greedy,std_weight,ratio_entropy,-0.10594611422060948
Greedy,std_weight,unique_ratio_count,0.1689970850945393
Greedy,std_weight,duplicate_ratio_fraction,0.07729076546513175
Greedy,std_weight,unique_weights,0.1724473598797129
Greedy,std_weight,unique_values,0.1726562081567604
Greedy,std_weight,unique_pairs,0.16952658204900173
Greedy,std_weight,duplicate_items,0.09792396946526565
Greedy,std_weight,duplicate_pairs,0.09783908911937923
Greedy,std_weight,time_millis,0.09931138080308549
Greedy,std_weight,memory_bytes,-0.010737064578712596
Greedy,std_weight,memory_mb,-0.010739577663003846
Greedy,std_weight,solution_value,0.07608677651002296
Greedy,std_weight,optimality_gap,-0.09227391708025194
Greedy,std_weight,nodes_generated,0.07933562130437645
Greedy,std_weight,internal_nodes,0.07473855874932003
Greedy,std_weight,max_depth,0.10865203981090017
Greedy,std_weight,mean_depth,0.09830244936617621
Greedy,std_weight,median_depth,0.09693352007551893
Greedy,std_weight,mean_queue_size,0.07933665758097104
Greedy,std_weight,final_queue_size,0.026743265987456955
Greedy,std_weight,mean_bound,0.07601473166970096
Greedy,std_weight,bound_variance,-0.016446679930584435
Greedy,std_weight,min_bound,0.07592740564225088
Greedy,std_weight,max_bound,0.07603145219078214
Greedy,std_weight,mean_bound_gap,0.03977566614313173
Greedy,std_weight,bound_gap_variance,0.0607992532506467
Greedy,std_weight,pruned_by_bound,0.06926467465336682
Greedy,std_weight,pruned_by_cap,0.026779445712415736
Greedy,std_weight,left_branches,0.07437127209908116
Greedy,std_weight,right_branches,0.07534931738291417
Greedy,std_weight,explored_children,0.07710152873115135
Greedy,std_weight,skipped_children,0.061794746151655824
Greedy,std_weight,skipped_infeasible,0.05450413002939992
Greedy,std_weight,skipped_by_bound,0.01282229977580273
Greedy,std_weight,improvement_count,0.07935714398271167
Greedy,std_weight,sum_improvement_amount,0.08965563586100146
Greedy,std_weight,mean_improvement_amount,0.010282438596820822
Greedy,std_weight,last_improvement_node,0.018808494362538026
Greedy,std_weight,pruned_generated_ratio,0.05413086412696905
Greedy,std_weight,avg_branching_factor,0.03313907000044195
Greedy,std_weight,capacity_density,-0.0076302029450738065
Greedy,std_weight,cells_allocated,0.05679090587856588
Greedy,std_weight,total_evaluations,0.11328393583666921
Greedy,std_weight,include_count,0.09564243933896441
Greedy,std_weight,exclude_count,0.11685237551172967
Greedy,std_weight,tie_count,0.08996368025418178
Greedy,std_weight,include_ratio,0.007902805773221786
Greedy,std_weight,nonzero_value_states,0.05977729155777919
Greedy,std_weight,zero_value_states,-0.2933603528477053
Greedy,std_weight,fill_rate,0.31076389460226483
Greedy,std_weight,mean_cell_value,0.07254807822259578
Greedy,std_weight,cell_value_variance,0.05958534744213242
Greedy,std_weight,dp_sum_improvement_amount,0.07804275272330256
Greedy,std_weight,dp_mean_improvement_amount,-0.026635273304827945
Greedy,std_weight,updates_per_cell,0.1435222450343025
Greedy,std_weight,selected_count,0.08022703832034271
Greedy,std_weight,solution_density,0.010743655211947591
Greedy,std_weight,residual_capacity,-0.04218611086560645
Greedy,std_weight,capacity_utilization,0.09733748573190498
Greedy,std_weight,last_selected_position,0.09347732130238225
Greedy,std_weight,first_skipped_position,0.07926453253498597
Greedy,std_weight,log_time_millis,0.15942633926485117
Greedy,std_weight,AlmostEqualRatios,0.015480255183331158
Greedy,std_weight,InverseCorrelated,0.020041051410703968
Greedy,std_weight,StronglyCorrelated,-0.019197726131576772
Greedy,std_weight,WeaklyCorrelated,-0.009110280910671646
Greedy,std_weight,log_n,0.16873618974647825
Greedy,std_value,min_weight,-0.31828873856968554
Greedy,std_value,max_weight,0.348605177826248
Greedy,std_value,min_value,-0.3806243634875398
Greedy,std_value,max_value,0.37027465124462106
Greedy,std_value,weight_cv,0.43038123958296287
Greedy,std_value,value_cv,0.5884882328876082
Greedy,std_value,weight_skewness,-0.042564774202208
Greedy,std_value,value_skewness,0.02121546140024853
Greedy,std_value,weight_kurtosis,-0.5320873489074289
Greedy,std_value,value_kurtosis,-0.6211572597470085
Greedy,std_value,capacity_ratio,-0.013805231647822054
Greedy,std_value,slack,0.15880022517246803
Greedy,std_value,average_fillable_items,0.050299027798608516
Greedy,std_value,pearson_corr,0.0154703604027693
Greedy,std_value,spearman_corr,0.019014956253072642
Greedy,std_value,kendall_corr,0.007244360955776524
Greedy,std_value,mean_ratio,0.06003939333530046
Greedy,std_value,median_ratio,-0.05900025893579351
Greedy,std_value,std_ratio,0.047726567414574185
Greedy,std_value,ratio_entropy,-0.04225273955694401
Greedy,std_value,unique_ratio_count,0.16063945189093284
Greedy,std_value,duplicate_ratio_fraction,0.048937271440478304
Greedy,std_value,unique_weights,0.16273696919315392
Greedy,std_value,unique_values,0.16251662274367076
Greedy,std_value,unique_pairs,0.16120914265308026
Greedy,std_value,duplicate_items,0.07750336431246678
Greedy,std_value,duplicate_pairs,0.07745417305538126
Greedy,std_value,time_millis,0.09541736839893393
Greedy,std_value,memory_bytes,-0.00683582081473871
Greedy,std_value,memory_mb,-0.006832542519577213
Greedy,std_value,solution_value,0.06202882489353892
Greedy,std_value,optimality_gap,-0.0798049604291028
Greedy,std_value,nodes_generated,0.050886986971678705
Greedy,std_value,internal_nodes,0.047388034401778474
Greedy,std_value,max_depth,0.0947122110983685
Greedy,std_value,mean_depth,0.0824397812163573
Greedy,std_value,median_depth,0.08159394913477015
Greedy,std_value,mean_queue_size,0.04611740239127478
Greedy,std_value,final_queue_size,0.012865569800846173
Greedy,std_value,mean_bound,0.06196118224814725
Greedy,std_value,bound_variance,-0.02252492819259606
Greedy,std_value,min_bound,0.062031562459770914
Greedy,std_value,max_bound,0.061930280209088535
Greedy,std_value,mean_bound_gap,0.038331531978541306
Greedy,std_value,bound_gap_variance,0.052390186621441494
Greedy,std_value,pruned_by_bound,0.06025866993042059
Greedy,std_value,pruned_by_cap,0.012859811851698412
Greedy,std_value,left_branches,0.04230775618175621
Greedy,std_value,right_branches,0.04800800001474875
Greedy,std_value,explored_children,0.048620859058092714
Greedy,std_value,skipped_children,0.03681380155464275
Greedy,std_value,skipped_infeasible,0.037067768575089546
Greedy,std_value,skipped_by_bound,-0.012358392636424935
Greedy,std_value,improvement_count,0.0646548432849261
Greedy,std_value,sum_improvement_amount,0.06631127090084123
Greedy,std_value,mean_improvement_amount,0.0048143535932020625
Greedy,std_value,last_improvement_node,0.009493344877153377
Greedy,std_value,pruned_generated_ratio,0.04397395081962729
Greedy,std_value,avg_branching_factor,0.023251192030564832
Greedy,std_value,capacity_density,-0.00746300153811163
Greedy,std_value,cells_allocated,0.0533738006190692
Greedy,std_value,total_evaluations,0.10652120868519117
Greedy,std_value,include_count,0.0838844613201312
Greedy,std_value,exclude_count,0.11626662304556472
Greedy,std_value,tie_count,0.1056059339851634
Greedy,std_value,include_ratio,-0.028013532305547335
Greedy,std_value,nonzero_value_states,0.05571450318491143
Greedy,std_value,zero_value_states,-0.23688661475262762
Greedy,std_value,fill_rate,0.24671635135070988
Greedy,std_value,mean_cell_value,0.05418321309525738
Greedy,std_value,cell_value_variance,0.051260688451926474
Greedy,std_value,dp_sum_improvement_amount,0.06182734066285284
Greedy,std_value,dp_mean_improvement_amount,-0.05035578815409889
Greedy,std_value,updates_per_cell,0.12086308315185804
Greedy,std_value,selected_count,0.0663741521124114
Greedy,std_value,solution_density,-0.02099960442802876
Greedy,std_value,residual_capacity,-0.08128014705530848
Greedy,std_value,capacity_utilization,0.1304377519952742
Greedy,std_value,last_selected_position,0.10823479020994342
Greedy,std_value,first_skipped_position,0.06478896344262389
Greedy,std_value,log_time_millis,0.15241619515464888
Greedy,std_value,AlmostEqualRatios,0.036880455330616624
Greedy,std_value,InverseCorrelated,-0.019333285479104123
Greedy,std_value,StronglyCorrelated,-0.05762006382240388
Greedy,std_value,WeaklyCorrelated,0.0745587043496988
Greedy,std_value,log_n,0.15872484452421046
Greedy,min_weight,max_weight,-0.3555897611608753
Greedy,min_weight,min_value,0.72384834790995
Greedy,min_weight,max_value,-0.32715796771954136
Greedy,min_weight,weight_cv,-0.38781127263103987
Greedy,min_weight,value_cv,-0.25623794975808867
Greedy,min_weight,weight_skewness,-0.014617641109503868
Greedy,min_weight,value_skewness,-0.005261971450391847
Greedy,min_weight,weight_kurtosis,0.1505165802021929
Greedy,min_weight,value_kurtosis,0.13006400189340217
Greedy,min_weight,capacity_ratio,0.04151524256558554
Greedy,min_weight,slack,-0.5149771038844223
Greedy,min_weight,average_fillable_items,-0.18038634973171497
Greedy,min_weight,pearson_corr,0.03568565376273502
Greedy,min_weight,spearman_corr,0.01834594603585312
Greedy,min_weight,kendall_corr,0.05144296003020308
Greedy,min_weight,mean_ratio,-0.15481008416624845
Greedy,min_weight,median_ratio,-0.03285379394784323
Greedy,min_weight,std_ratio,-0.19598578313274898
Greedy,min_weight,ratio_entropy,0.3300362384552705
Greedy,min_weight,unique_ratio_count,-0.543517771072554
Greedy,min_weight,duplicate_ratio_fraction,-0.22906348269706747
Greedy,min_weight,unique_weights,-0.5550582284248876
Greedy,min_weight,unique_values,-0.5541132783121595
Greedy,min_weight,unique_pairs,-0.5431463669626311
Greedy,min_weight,duplicate_items,-0.33177208692324545
Greedy,min_weight,duplicate_pairs,-0.3317227181822624
Greedy,min_weight,time_millis,-0.3077637522695551
Greedy,min_weight,memory_bytes,0.014456423732787767
Greedy,min_weight,memory_mb,0.014464625568681866
Greedy,min_weight,solution_value,-0.23076641752178223
Greedy,min_weight,optimality_gap,0.22150583175489813
Greedy,min_weight,nodes_generated,-0.3012452575657355
Greedy,min_weight,internal_nodes,-0.29388857808092833
Greedy,min_weight,max_depth,-0.34968734667549195
Greedy,min_weight,mean_depth,-0.3126325702814939
Greedy,min_weight,median_depth,-0.30607983402466205
Greedy,min_weight,mean_queue_size,-0.29729837341226917
Greedy,min_weight,final_queue_size,-0.08981588702747294
Greedy,min_weight,mean_bound,-0.23067536449641624
Greedy,min_weight,bound_variance,0.09239984734356832
Greedy,min_weight,min_bound,-0.23054057517031679
Greedy,min_weight,max_bound,-0.23071682849369263
Greedy,min_weight,mean_bound_gap,-0.056311623811537266
Greedy,min_weight,bound_gap_variance,-0.1297022652232932
Greedy,min_weight,pruned_by_bound,-0.14657445016846907
Greedy,min_weight,pruned_by_cap,-0.0898350994123401
Greedy,min_weight,left_branches,-0.26483101869338815
Greedy,min_weight,right_branches,-0.30004125696696443
Greedy,min_weight,explored_children,-0.2999798948193426
Greedy,min_weight,skipped_children,-0.26625357610977374
Greedy,min_weight,skipped_infeasible,-0.23298352113747073
Greedy,min_weight,skipped_by_bound,-0.11748951358608453
Greedy,min_weight,improvement_count,-0.24147020313246564
Greedy,min_weight,sum_improvement_amount,-0.2589116939866144
Greedy,min_weight,mean_improvement_amount,0.0039121369038883375
Greedy,min_weight,last_improvement_node,-0.059993369635676676
Greedy,min_weight,pruned_generated_ratio,-0.0263127557777773
Greedy,min_weight,avg_branching_factor,-0.15673780735822096
Greedy,min_weight,capacity_density,0.06050725139973591
Greedy,min_weight,cells_allocated,-0.17331056959030738
Greedy,min_weight,total_evaluations,-0.3625680266367539
Greedy,min_weight,include_count,-0.27894997393483245
Greedy,min_weight,exclude_count,-0.4020136389532264
Greedy,min_weight,tie_count,-0.30852469348145933
Greedy,min_weight,include_ratio,0.14332797629674823
Greedy,min_weight,nonzero_value_states,-0.18058272943535558
Greedy,min_weight,zero_value_states,0.7614920269036304
Greedy,min_weight,fill_rate,-0.7730093709184325
Greedy,min_weight,mean_cell_value,-0.2169714639208141
Greedy,min_weight,cell_value_variance,-0.1843621730503154
Greedy,min_weight,dp_sum_improvement_amount,-0.2253395140549604
Greedy,min_weight,dp_mean_improvement_amount,0.0869774276130149
Greedy,min_weight,updates_per_cell,-0.4077984028896836
Greedy,min_weight,selected_count,-0.24186548006218767
Greedy,min_weight,solution_density,0.04870538758639093
Greedy,min_weight,residual_capacity,0.10141418334746859
Greedy,min_weight,capacity_utilization,-0.26008327428778577
Greedy,min_weight,last_selected_position,-0.28325212025036683
Greedy,min_weight,first_skipped_position,-0.24028377580193955
Greedy,min_weight,log_time_millis,-0.5167269344266247
Greedy,min_weight,AlmostEqualRatios,0.014381839040841594
Greedy,min_weight,InverseCorrelated,-0.037725324712048744
Greedy,min_weight,StronglyCorrelated,0.009341321944142503
Greedy,min_weight,WeaklyCorrelated,0.014643684084826076
Greedy,min_weight,log_n,-0.5415104457508017
Greedy,max_weight,min_value,-0.43272570461008114
Greedy,max_weight,max_value,0.5511362929055936
Greedy,max_weight,weight_cv,0.012084087107668433
Greedy,max_weight,value_cv,0.09193657402645743
Greedy,max_weight,weight_skewness,-0.035098456545650726
Greedy,max_weight,value_skewness,0.017074035380455606
Greedy,max_weight,weight_kurtosis,-0.15287152267601906
Greedy,max_weight,value_kurtosis,-0.13535849461066424
Greedy,max_weight,capacity_ratio,-0.04854468781772443
Greedy,max_weight,slack,0.5416774282933571
Greedy,max_weight,average_fillable_items,0.17142328558715791
Greedy,max_weight,pearson_corr,-0.029541839847056134
Greedy,max_weight,spearman_corr,-0.011856852795681676
Greedy,max_weight,kendall_corr,-0.048187860709448194
Greedy,max_weight,mean_ratio,0.032025395861294416
Greedy,max_weight,median_ratio,-0.13642263814449476
Greedy,max_weight,std_ratio,0.09076916084977987
Greedy,max_weight,ratio_entropy,-0.19132372933966796
Greedy,max_weight,unique_ratio_count,0.5434631503803571
Greedy,max_weight,duplicate_ratio_fraction,0.2221747933038442
Greedy,max_weight,unique_weights,0.5539432404461524
Greedy,max_weight,unique_values,0.5544253357224985
Greedy,max_weight,unique_pairs,0.5426915337959821
Greedy,max_weight,duplicate_items,0.3302739416148831
Greedy,max_weight,duplicate_pairs,0.33020066350218163
Greedy,max_weight,time_millis,0.29432409310827035
Greedy,max_weight,memory_bytes,0.00018895433778137364
Greedy,max_weight,memory_mb,0.00017783260387669903
Greedy,max_weight,solution_value,0.2298661030413854
Greedy,max_weight,optimality_gap,-0.2001702953781287
Greedy,max_weight,nodes_generated,0.29649704292383444
Greedy,max_weight,internal_nodes,0.2910114702958955
Greedy,max_weight,max_depth,0.34997698527815746
Greedy,max_weight,mean_depth,0.3116723752830527
Greedy,max_weight,median_depth,0.30492793008890756
Greedy,max_weight,mean_queue_size,0.2693490040196286
Greedy,max_weight,final_queue_size,0.09000165209246652
Greedy,max_weight,mean_bound,0.22978824975233447
Greedy,max_weight,bound_variance,-0.10221374285937773
Greedy,max_weight,min_bound,0.22978172150081913
Greedy,max_weight,max_bound,0.2298089264445933
Greedy,max_weight,mean_bound_gap,0.047014582184933436
Greedy,max_weight,bound_gap_variance,0.11930716968778327
Greedy,max_weight,pruned_by_bound,0.08237696440261698
Greedy,max_weight,pruned_by_cap,0.09003596606866719
Greedy,max_weight,left_branches,0.24908497557867532
Greedy,max_weight,right_branches,0.29684674679626505
Greedy,max_weight,explored_children,0.29463641129075463
Greedy,max_weight,skipped_children,0.2670635152445812
Greedy,max_weight,skipped_infeasible,0.23936451220647414
Greedy,max_weight,skipped_by_bound,0.1150016062685902
Greedy,max_weight,improvement_count,0.23876163290470595
Greedy,max_weight,sum_improvement_amount,0.25340052208031466
Greedy,max_weight,mean_improvement_amount,0.038268902145111784
Greedy,max_weight,last_improvement_node,0.059770818539543365
Greedy,max_weight,pruned_generated_ratio,-0.008701170416159625
Greedy,max_weight,avg_branching_factor,0.13071098865969905
Greedy,max_weight,capacity_density,-0.023967028388806773
Greedy,max_weight,cells_allocated,0.18197121470071717
Greedy,max_weight,total_evaluations,0.3624039056497762
Greedy,max_weight,include_count,0.273910273504614
Greedy,max_weight,exclude_count,0.40635911409980324
Greedy,max_weight,tie_count,0.28864524178916623
Greedy,max_weight,include_ratio,-0.17179170750953332
Greedy,max_weight,nonzero_value_states,0.18421205562145568
Greedy,max_weight,zero_value_states,-0.4139649784910012
Greedy,max_weight,fill_rate,0.28539208306386965
Greedy,max_weight,mean_cell_value,0.2154423846179003
Greedy,max_weight,cell_value_variance,0.18399420316456405
Greedy,max_weight,dp_sum_improvement_amount,0.22444507957558013
Greedy,max_weight,dp_mean_improvement_amount,-0.07245422481184274
Greedy,max_weight,updates_per_cell,0.38384105634466203
Greedy,max_weight,selected_count,0.23922494555940313
Greedy,max_weight,solution_density,-0.09352879070222925
Greedy,max_weight,residual_capacity,-0.0878634192205591
Greedy,max_weight,capacity_utilization,0.2442928248190131
Greedy,max_weight,last_selected_position,0.27903674527688677
Greedy,max_weight,first_skipped_position,0.23815095592622137
Greedy,max_weight,log_time_millis,0.5055664050875451
Greedy,max_weight,AlmostEqualRatios,-0.009607371022420663
Greedy,max_weight,InverseCorrelated,0.033199018235791425
Greedy,max_weight,StronglyCorrelated,-0.006173875032443764
Greedy,max_weight,WeaklyCorrelated,-0.008355909867194308
Greedy,max_weight,log_n,0.5410498611084411
Greedy,min_value,max_value,-0.2892512945750254
Greedy,min_value,weight_cv,-0.24700690451736576
Greedy,min_value,value_cv,-0.402691585387285
Greedy,min_value,weight_skewness,-0.007954522828375455
Greedy,min_value,value_skewness,-0.03631462197910271
Greedy,min_value,weight_kurtosis,0.11673486832250532
Greedy,min_value,value_kurtosis,0.08579332139139507
Greedy,min_value,capacity_ratio,0.0401282471431889
Greedy,min_value,slack,-0.4801011209423449
Greedy,min_value,average_fillable_items,-0.1645829639171011
Greedy,min_value,pearson_corr,0.04866358573258529
Greedy,min_value,spearman_corr,0.03077360105397016
Greedy,min_value,kendall_corr,0.060814942144950465
Greedy,min_value,mean_ratio,-0.026338395279146387
Greedy,min_value,median_ratio,0.12720733960117517
Greedy,min_value,std_ratio,-0.08556919057378892
Greedy,min_value,ratio_entropy,0.200442278287689
Greedy,min_value,unique_ratio_count,-0.5016135797368937
Greedy,min_value,duplicate_ratio_fraction,-0.20170378157196614
Greedy,min_value,unique_weights,-0.5121759022824302
Greedy,min_value,unique_values,-0.5118386565425489
Greedy,min_value,unique_pairs,-0.5008115568826726
Greedy,min_value,duplicate_items,-0.28482114790340923
Greedy,min_value,duplicate_pairs,-0.28467232753461735
Greedy,min_value,time_millis,-0.283050840786918
Greedy,min_value,memory_bytes,0.01868507594448957
Greedy,min_value,memory_mb,0.01869053255942935
Greedy,min_value,solution_value,-0.2114312100352555
Greedy,min_value,optimality_gap,0.200905598470154
Greedy,min_value,nodes_generated,-0.2569664443437105
Greedy,min_value,internal_nodes,-0.2511005789562914
Greedy,min_value,max_depth,-0.313462759744062
Greedy,min_value,mean_depth,-0.2741146180454282
Greedy,min_value,median_depth,-0.26823194029427555
Greedy,min_value,mean_queue_size,-0.254349677769246
Greedy,min_value,final_queue_size,-0.0762053669276518
Greedy,min_value,mean_bound,-0.21134639540340558
Greedy,min_value,bound_variance,0.058518053178835024
Greedy,min_value,min_bound,-0.21132872895568394
Greedy,min_value,max_bound,-0.2113632177613663
Greedy,min_value,mean_bound_gap,-0.06183018829224206
Greedy,min_value,bound_gap_variance,-0.12098948873877963
Greedy,min_value,pruned_by_bound,-0.12922019527039136
Greedy,min_value,pruned_by_cap,-0.07598069338553605
Greedy,min_value,left_branches,-0.2240507795982394
Greedy,min_value,right_branches,-0.2565744654118056
Greedy,min_value,explored_children,-0.25592361627571336
Greedy,min_value,skipped_children,-0.22774474063976935
Greedy,min_value,skipped_infeasible,-0.20622679402332642
Greedy,min_value,skipped_by_bound,-0.09580503900467002
Greedy,min_value,improvement_count,-0.21402973698818564
Greedy,min_value,sum_improvement_amount,-0.2301759874997441
Greedy,min_value,mean_improvement_amount,0.003807134964218873
Greedy,min_value,last_improvement_node,-0.039966440854551435
Greedy,min_value,pruned_generated_ratio,-0.014232038380722909
Greedy,min_value,avg_branching_factor,-0.1414037967123771
Greedy,min_value,capacity_density,0.04913492307557791
Greedy,min_value,cells_allocated,-0.16148074533324513
Greedy,min_value,total_evaluations,-0.334273424036127
Greedy,min_value,include_count,-0.2533386387237455
Greedy,min_value,exclude_count,-0.3760708958472806
Greedy,min_value,tie_count,-0.29371529428193566
Greedy,min_value,include_ratio,0.15774365429562354
Greedy,min_value,nonzero_value_states,-0.16664843403632904
Greedy,min_value,zero_value_states,0.5777960764374127
Greedy,min_value,fill_rate,-0.5627572997206955
Greedy,min_value,mean_cell_value,-0.19950170217670535
Greedy,min_value,cell_value_variance,-0.16932915817332597
Greedy,min_value,dp_sum_improvement_amount,-0.20252045463192112
Greedy,min_value,dp_mean_improvement_amount,0.0876755237463949
Greedy,min_value,updates_per_cell,-0.3646135597486898
Greedy,min_value,selected_count,-0.21668163602174154
Greedy,min_value,solution_density,0.07367829373975435
Greedy,min_value,residual_capacity,0.12040718039705293
Greedy,min_value,capacity_utilization,-0.2772992871898136
Greedy,min_value,last_selected_position,-0.2698884071877947
Greedy,min_value,first_skipped_position,-0.214768169365418
Greedy,min_value,log_time_millis,-0.47789151261867946
Greedy,min_value,AlmostEqualRatios,0.015013079264199824
Greedy,min_value,InverseCorrelated,-0.026402311809454918
Greedy,min_value,StronglyCorrelated,0.09909131294987338
Greedy,min_value,WeaklyCorrelated,-0.10733073036076186
Greedy,min_value,log_n,-0.4992040777570209
Greedy,max_value,weight_cv,0.037238731973622305
Greedy,max_value,value_cv,0.060688867141342265
Greedy,max_value,weight_skewness,-0.0339489519784085
Greedy,max_value,value_skewness,0.045683137760674855
Greedy,max_value,weight_kurtosis,-0.16559921651543305
Greedy,max_value,value_kurtosis,-0.024061696771000708
Greedy,max_value,capacity_ratio,-0.03887138803337772
Greedy,max_value,slack,0.47598911824552037
Greedy,max_value,average_fillable_items,0.15472211973829103
Greedy,max_value,pearson_corr,0.2377027838196792
Greedy,max_value,spearman_corr,0.26030865831469147
Greedy,max_value,kendall_corr,0.219853571077154
Greedy,max_value,mean_ratio,-0.1759378532737397
Greedy,max_value,median_ratio,-0.01003857194560936
Greedy,max_value,std_ratio,-0.1506080853089195
Greedy,max_value,ratio_entropy,0.22022594751835425
Greedy,max_value,unique_ratio_count,0.4960821759475617
Greedy,max_value,duplicate_ratio_fraction,0.03634715433411209
Greedy,max_value,unique_weights,0.49030314179634804
Greedy,max_value,unique_values,0.4903373528509973
Greedy,max_value,unique_pairs,0.498762939061388
Greedy,max_value,duplicate_items,0.2458954928478978
Greedy,max_value,duplicate_pairs,0.24627098538823058
Greedy,max_value,time_millis,0.31026543117809563
Greedy,max_value,memory_bytes,-0.009655982718315822
Greedy,max_value,memory_mb,-0.009584427198282728
Greedy,max_value,solution_value,0.13454871317639194
Greedy,max_value,optimality_gap,-0.1583363723973576
Greedy,max_value,nodes_generated,0.13564041282462305
Greedy,max_value,internal_nodes,0.12857911264084326
Greedy,max_value,max_depth,0.24951093370359764
Greedy,max_value,mean_depth,0.21910260150328334
Greedy,max_value,median_depth,0.21749673363549685
Greedy,max_value,mean_queue_size,0.11046557515554223
Greedy,max_value,final_queue_size,-0.019602782711048247
Greedy,max_value,mean_bound,0.13445516428806026
Greedy,max_value,bound_variance,-0.243224384533405
Greedy,max_value,min_bound,0.1356344759100718
Greedy,max_value,max_bound,0.13409134725278907
Greedy,max_value,mean_bound_gap,0.011978195844085318
Greedy,max_value,bound_gap_variance,0.03920277253355495
Greedy,max_value,pruned_by_bound,0.10922525393448022
Greedy,max_value,pruned_by_cap,-0.020316247759384277
Greedy,max_value,left_branches,0.10032841839645852
Greedy,max_value,right_branches,0.13427593220342718
Greedy,max_value,explored_children,0.13336427329904757
Greedy,max_value,skipped_children,0.09818734702599052
Greedy,max_value,skipped_infeasible,0.0891615575799345
Greedy,max_value,skipped_by_bound,-0.06506504992036
Greedy,max_value,improvement_count,0.1617575051091506
Greedy,max_value,sum_improvement_amount,0.07796851274974365
Greedy,max_value,mean_improvement_amount,-0.21264139078166144
Greedy,max_value,last_improvement_node,0.0010670834110873592
Greedy,max_value,pruned_generated_ratio,0.0691201317693034
Greedy,max_value,avg_branching_factor,0.0918606671460184
Greedy,max_value,capacity_density,-0.026689740679555204
Greedy,max_value,cells_allocated,0.1601478122414619
Greedy,max_value,total_evaluations,0.322540172704822
Greedy,max_value,include_count,0.21397280627050794
Greedy,max_value,exclude_count,0.37943978538371687
Greedy,max_value,tie_count,0.37688932250298307
Greedy,max_value,include_ratio,-0.2558841837669061
Greedy,max_value,nonzero_value_states,0.16219126356562533
Greedy,max_value,zero_value_states,-0.3857009479195799
Greedy,max_value,fill_rate,0.25917381804480544
Greedy,max_value,mean_cell_value,0.07959332126060968
Greedy,max_value,cell_value_variance,0.13246325378565668
Greedy,max_value,dp_sum_improvement_amount,0.1123697374009236
Greedy,max_value,dp_mean_improvement_amount,-0.31330318833058357
Greedy,max_value,updates_per_cell,0.2745301869388942
Greedy,max_value,selected_count,0.1676334654692524
Greedy,max_value,solution_density,-0.17839345411398297
Greedy,max_value,residual_capacity,-0.2901882193649452
Greedy,max_value,capacity_utilization,0.3309257787230405
Greedy,max_value,last_selected_position,0.4212614694035348
Greedy,max_value,first_skipped_position,0.16207476330214807
Greedy,max_value,log_time_millis,0.4520362012998297
Greedy,max_value,AlmostEqualRatios,0.3447701709646981
Greedy,max_value,InverseCorrelated,-0.23603308153806793
Greedy,max_value,StronglyCorrelated,-0.19512195699505497
Greedy,max_value,WeaklyCorrelated,0.3574263854030461
Greedy,max_value,log_n,0.48206774917657425
Greedy,weight_cv,value_cv,0.5222716099514266
Greedy,weight_cv,weight_skewness,0.6386619493302363
Greedy,weight_cv,value_skewness,0.23544299605843497
Greedy,weight_cv,weight_kurtosis,-0.33695276023131016
Greedy,weight_cv,value_kurtosis,-0.2776266256901895
Greedy,weight_cv,capacity_ratio,0.003937283667984366
Greedy,weight_cv,slack,0.013614730200325754
Greedy,weight_cv,average_fillable_items,0.03281850328034514
Greedy,weight_cv,pearson_corr,0.0008944932738955178
Greedy,weight_cv,spearman_corr,0.0031589282388744546
Greedy,weight_cv,kendall_corr,-0.002091619025902528
Greedy,weight_cv,mean_ratio,0.15764119911728866
Greedy,weight_cv,median_ratio,0.3599045185181723
Greedy,weight_cv,std_ratio,0.11343467036445938
Greedy,weight_cv,ratio_entropy,-0.05399841659562095
Greedy,weight_cv,unique_ratio_count,0.05715948191530826
Greedy,weight_cv,duplicate_ratio_fraction,0.03799452209680469
Greedy,weight_cv,unique_weights,0.05937240577765849
Greedy,weight_cv,unique_values,0.058651660278078895
Greedy,weight_cv,unique_pairs,0.05820416090930604
Greedy,weight_cv,duplicate_items,0.03079755873620507
Greedy,weight_cv,duplicate_pairs,0.030730811446585515
Greedy,weight_cv,time_millis,0.028604012197245652
Greedy,weight_cv,memory_bytes,0.006251900689590766
Greedy,weight_cv,memory_mb,0.006265688556022696
Greedy,weight_cv,solution_value,0.026068025290026924
Greedy,weight_cv,optimality_gap,-0.0779752787024358
Greedy,weight_cv,nodes_generated,0.016781651559826354
Greedy,weight_cv,internal_nodes,0.012063190338882318
Greedy,weight_cv,max_depth,0.03327149504529509
Greedy,weight_cv,mean_depth,0.03197272790288275
Greedy,weight_cv,median_depth,0.03204123238192772
Greedy,weight_cv,mean_queue_size,0.036248503477190115
Greedy,weight_cv,final_queue_size,0.0071543928116351505
Greedy,weight_cv,mean_bound,0.02600992274789389
Greedy,weight_cv,bound_variance,0.002833063119339834
Greedy,weight_cv,min_bound,0.02591925819083106
Greedy,weight_cv,max_bound,0.026035308445399596
Greedy,weight_cv,mean_bound_gap,0.04054232770139976
Greedy,weight_cv,bound_gap_variance,0.04390823731480461
Greedy,weight_cv,pruned_by_bound,0.08291945448375881
Greedy,weight_cv,pruned_by_cap,0.007133524650804565
Greedy,weight_cv,left_branches,0.03175644925887617
Greedy,weight_cv,right_branches,0.010904542028460142
Greedy,weight_cv,explored_children,0.015476953935319214
Greedy,weight_cv,skipped_children,0.002014822577222077
Greedy,weight_cv,skipped_infeasible,-0.0042670426864411205
Greedy,weight_cv,skipped_by_bound,-0.006950576016318386
Greedy,weight_cv,improvement_count,0.02948545386339176
Greedy,weight_cv,sum_improvement_amount,0.03908409150944946
Greedy,weight_cv,mean_improvement_amount,-0.02224971974827378
Greedy,weight_cv,last_improvement_node,0.0026167439027971434
Greedy,weight_cv,pruned_generated_ratio,0.08025784403202565
Greedy,weight_cv,avg_branching_factor,0.0105768310353133
Greedy,weight_cv,capacity_density,-0.0633564629902501
Greedy,weight_cv,cells_allocated,0.004918225133303756
Greedy,weight_cv,total_evaluations,0.03858003522957026
Greedy,weight_cv,include_count,0.03874541975429956
Greedy,weight_cv,exclude_count,0.03272036500179356
Greedy,weight_cv,tie_count,0.07477539829579528
Greedy,weight_cv,include_ratio,0.04121761974659543
Greedy,weight_cv,nonzero_value_states,0.007887317958816288
Greedy,weight_cv,zero_value_states,-0.24818071872053749
Greedy,weight_cv,fill_rate,0.2920325798528635
Greedy,weight_cv,mean_cell_value,0.026707747679372784
Greedy,weight_cv,cell_value_variance,0.018958737648791496
Greedy,weight_cv,dp_sum_improvement_amount,0.025255834207141593
Greedy,weight_cv,dp_mean_improvement_amount,-0.036719943577118636
Greedy,weight_cv,updates_per_cell,0.08358996689173653
Greedy,weight_cv,selected_count,0.03057234999461274
Greedy,weight_cv,solution_density,0.058960182633143066
Greedy,weight_cv,residual_capacity,-0.06267557527471605
Greedy,weight_cv,capacity_utilization,0.09191824738322185
Greedy,weight_cv,last_selected_position,0.032321777678946464
Greedy,weight_cv,first_skipped_position,0.029819978867715445
Greedy,weight_cv,log_time_millis,0.054381635970981446
Greedy,weight_cv,AlmostEqualRatios,0.022416301466304387
Greedy,weight_cv,InverseCorrelated,-0.0039396247430128605
Greedy,weight_cv,StronglyCorrelated,-0.01741786241647448
Greedy,weight_cv,WeaklyCorrelated,-0.02101282719795182
Greedy,weight_cv,log_n,0.05777121480093144
Greedy,value_cv,weight_skewness,0.20858372324846983
Greedy,value_cv,value_skewness,0.6548312797084149
Greedy,value_cv,weight_kurtosis,-0.26316284913697374
Greedy,value_cv,value_kurtosis,-0.3231137089542058
Greedy,value_cv,capacity_ratio,0.0005399519023479637
Greedy,value_cv,slack,0.02033183316708365
Greedy,value_cv,average_fillable_items,0.01651137212094465
Greedy,value_cv,pearson_corr,-0.03412221461949875
Greedy,value_cv,spearman_corr,-0.031021851657706392
Greedy,value_cv,kendall_corr,-0.03657079358877652
Greedy,value_cv,mean_ratio,0.012816515038997759
Greedy,value_cv,median_ratio,-0.3923547520996508
Greedy,value_cv,std_ratio,0.014974188194697882
Greedy,value_cv,ratio_entropy,-0.008947114185464978
Greedy,value_cv,unique_ratio_count,0.035989795278382135
Greedy,value_cv,duplicate_ratio_fraction,0.01782264929295997
Greedy,value_cv,unique_weights,0.03689513723763429
Greedy,value_cv,unique_values,0.03599012576340492
Greedy,value_cv,unique_pairs,0.03685961541979428
Greedy,value_cv,duplicate_items,-0.000569016957806165
Greedy,value_cv,duplicate_pairs,-0.0006019268497175346
Greedy,value_cv,time_millis,0.02927658304606624
Greedy,value_cv,memory_bytes,-0.009585216855703493
Greedy,value_cv,memory_mb,-0.009594860195875961
Greedy,value_cv,solution_value,0.01128409397242935
Greedy,value_cv,optimality_gap,-0.08270333256271993
Greedy,value_cv,nodes_generated,-0.023053697473392906
Greedy,value_cv,internal_nodes,-0.026219487048552946
Greedy,value_cv,max_depth,0.01410868646800268
Greedy,value_cv,mean_depth,0.007671689152594215
Greedy,value_cv,median_depth,0.008121270828329967
Greedy,value_cv,mean_queue_size,-0.006456874603789202
Greedy,value_cv,final_queue_size,-0.005262229245344348
Greedy,value_cv,mean_bound,0.011190455951231639
Greedy,value_cv,bound_variance,0.03081250695456684
Greedy,value_cv,min_bound,0.011081347018941716
Greedy,value_cv,max_bound,0.011180530218734282
Greedy,value_cv,mean_bound_gap,0.031192224366766934
Greedy,value_cv,bound_gap_variance,0.025869083704564734
Greedy,value_cv,pruned_by_bound,0.06667791166719009
Greedy,value_cv,pruned_by_cap,-0.005532819662930048
Greedy,value_cv,left_branches,-0.011557117028696502
Greedy,value_cv,right_branches,-0.026975020204961397
Greedy,value_cv,explored_children,-0.02427910039057698
Greedy,value_cv,skipped_children,-0.0325196139484796
Greedy,value_cv,skipped_infeasible,-0.021564064449150072
Greedy,value_cv,skipped_by_bound,-0.04076381174240693
Greedy,value_cv,improvement_count,0.011467601479750967
Greedy,value_cv,sum_improvement_amount,0.00556668857126321
Greedy,value_cv,mean_improvement_amount,-0.025263362751554674
Greedy,value_cv,last_improvement_node,-0.014239804385065813
Greedy,value_cv,pruned_generated_ratio,0.0646663230427854
Greedy,value_cv,avg_branching_factor,-0.009408406872548169
Greedy,value_cv,capacity_density,-0.02234125915897152
Greedy,value_cv,cells_allocated,0.006987836764232803
Greedy,value_cv,total_evaluations,0.02392182445667076
Greedy,value_cv,include_count,0.020646449757317508
Greedy,value_cv,exclude_count,0.02458094856866944
Greedy,value_cv,tie_count,0.015624396111626563
Greedy,value_cv,include_ratio,0.007110510214605253
Greedy,value_cv,nonzero_value_states,0.008963363811024609
Greedy,value_cv,zero_value_states,-0.14734039859536308
Greedy,value_cv,fill_rate,0.19487793983597237
Greedy,value_cv,mean_cell_value,0.010624105657649818
Greedy,value_cv,cell_value_variance,0.011285267064650358
Greedy,value_cv,dp_sum_improvement_amount,0.008942472011692357
Greedy,value_cv,dp_mean_improvement_amount,-0.03797827119151283
Greedy,value_cv,updates_per_cell,0.03839901492167651
Greedy,value_cv,selected_count,0.014572793193944712
Greedy,value_cv,solution_density,0.00645780078951834
Greedy,value_cv,residual_capacity,-0.03853525778241903
Greedy,value_cv,capacity_utilization,0.06269460634971111
Greedy,value_cv,last_selected_position,0.03695969989613054
Greedy,value_cv,first_skipped_position,0.013554732219150843
Greedy,value_cv,log_time_millis,0.03749128935715138
Greedy,value_cv,AlmostEqualRatios,0.04314934298376163
Greedy,value_cv,InverseCorrelated,0.018179049622304568
Greedy,value_cv,StronglyCorrelated,-0.0914200690513512
Greedy,value_cv,WeaklyCorrelated,0.03270203744840734
Greedy,value_cv,log_n,0.0359762701914259
Greedy,weight_skewness,value_skewness,0.3445835909932911
Greedy,weight_skewness,weight_kurtosis,0.039136083752772395
Greedy,weight_skewness,value_kurtosis,-0.008268346310944518
Greedy,weight_skewness,capacity_ratio,0.007880305246094035
Greedy,weight_skewness,slack,-0.03815376978516092
Greedy,weight_skewness,average_fillable_items,0.017544029906963004
Greedy,weight_skewness,pearson_corr,0.009696236221644275
Greedy,weight_skewness,spearman_corr,0.014099240056427929
Greedy,weight_skewness,kendall_corr,0.01155769970710272
Greedy,weight_skewness,mean_ratio,0.029278068664951102
Greedy,weight_skewness,median_ratio,0.4623823305418644
Greedy,weight_skewness,std_ratio,0.013304562933083458
Greedy,weight_skewness,ratio_entropy,0.028180515852606364
Greedy,weight_skewness,unique_ratio_count,0.0076212368013509925
Greedy,weight_skewness,duplicate_ratio_fraction,0.00539251926836479
Greedy,weight_skewness,unique_weights,0.008791553493857735
Greedy,weight_skewness,unique_values,0.008286372383631712
Greedy,weight_skewness,unique_pairs,0.00799215856180048
Greedy,weight_skewness,duplicate_items,-0.004723425746491451
Greedy,weight_skewness,duplicate_pairs,-0.0047427348615257155
Greedy,weight_skewness,time_millis,-0.013073107809219565
Greedy,weight_skewness,memory_bytes,0.02400138836019971
Greedy,weight_skewness,memory_mb,0.02402741532091533
Greedy,weight_skewness,solution_value,-0.0001558696268086639
Greedy,weight_skewness,optimality_gap,-0.04490522467707186
Greedy,weight_skewness,nodes_generated,-0.00558329353435954
Greedy,weight_skewness,internal_nodes,-0.007475878864404427
Greedy,weight_skewness,max_depth,-0.0009011439231691111
Greedy,weight_skewness,mean_depth,0.0008305868992865542
Greedy,weight_skewness,median_depth,0.001181819920874322
Greedy,weight_skewness,mean_queue_size,0.0033217949083953007
Greedy,weight_skewness,final_queue_size,-0.0024512990651859795
Greedy,weight_skewness,mean_bound,-0.00018066178932855156
Greedy,weight_skewness,bound_variance,-0.0012302759975815524
Greedy,weight_skewness,min_bound,-0.00019504560195101334
Greedy,weight_skewness,max_bound,-0.00016512085712721414
Greedy,weight_skewness,mean_bound_gap,0.018925100634330744
Greedy,weight_skewness,bound_gap_variance,0.015139769232475425
Greedy,weight_skewness,pruned_by_bound,0.03072052076448673
Greedy,weight_skewness,pruned_by_cap,-0.002439213062800439
Greedy,weight_skewness,left_branches,0.003262696806164913
Greedy,weight_skewness,right_branches,-0.008990988986596216
Greedy,weight_skewness,explored_children,-0.006310731370293387
Greedy,weight_skewness,skipped_children,-0.010547066788453937
Greedy,weight_skewness,skipped_infeasible,-0.016802347164185376
Greedy,weight_skewness,skipped_by_bound,-0.004245760131222995
Greedy,weight_skewness,improvement_count,0.0017713148703401307
Greedy,weight_skewness,sum_improvement_amount,0.007791816202883783
Greedy,weight_skewness,mean_improvement_amount,-0.007493747336515095
Greedy,weight_skewness,last_improvement_node,-0.0016759428073818902
Greedy,weight_skewness,pruned_generated_ratio,0.03671607677024033
Greedy,weight_skewness,avg_branching_factor,-0.011637201253320757
Greedy,weight_skewness,capacity_density,-0.06465410007974551
Greedy,weight_skewness,cells_allocated,-0.012517112862262113
Greedy,weight_skewness,total_evaluations,0.005186206805535082
Greedy,weight_skewness,include_count,0.00442371999392358
Greedy,weight_skewness,exclude_count,0.003673789984664276
Greedy,weight_skewness,tie_count,0.04478959064762165
Greedy,weight_skewness,include_ratio,0.0035000991347475022
Greedy,weight_skewness,nonzero_value_states,-0.012432877876769803
Greedy,weight_skewness,zero_value_states,-0.013566960530036391
Greedy,weight_skewness,fill_rate,0.0043102448867118935
Greedy,weight_skewness,mean_cell_value,0.0010792853598877
Greedy,weight_skewness,cell_value_variance,-0.0010471325227560822
Greedy,weight_skewness,dp_sum_improvement_amount,-0.0026153395128997265
Greedy,weight_skewness,dp_mean_improvement_amount,-0.026612150906285582
Greedy,weight_skewness,updates_per_cell,0.02794404862582114
Greedy,weight_skewness,selected_count,0.0020042157633733413
Greedy,weight_skewness,solution_density,0.03049248534243731
Greedy,weight_skewness,residual_capacity,-0.05507410293877227
Greedy,weight_skewness,capacity_utilization,0.06744361717291811
Greedy,weight_skewness,last_selected_position,-0.0038654998405502398
Greedy,weight_skewness,first_skipped_position,0.00209454097363677
Greedy,weight_skewness,log_time_millis,0.004849867715157417
Greedy,weight_skewness,AlmostEqualRatios,0.010706129949116827
Greedy,weight_skewness,InverseCorrelated,-0.01932700670571563
Greedy,weight_skewness,StronglyCorrelated,-0.004229973296253112
Greedy,weight_skewness,WeaklyCorrelated,-0.02202172591885284
Greedy,weight_skewness,log_n,0.0076916269455067346
Greedy,value_skewness,weight_kurtosis,-0.009333937339127464
Greedy,value_skewness,value_kurtosis,-0.005615673579222751
Greedy,value_skewness,capacity_ratio,0.0030392027800154966
Greedy,value_skewness,slack,-0.01660210797778242
Greedy,value_skewness,average_fillable_items,0.004496699176655855
Greedy,value_skewness,pearson_corr,0.01728556608741171
Greedy,value_skewness,spearman_corr,0.021712071678290753
Greedy,value_skewness,kendall_corr,0.013677408016926988
Greedy,value_skewness,mean_ratio,-0.03746936791450562
Greedy,value_skewness,median_ratio,-0.47529598270830437
Greedy,value_skewness,std_ratio,-0.0256571193603716
Greedy,value_skewness,ratio_entropy,0.04710905058311964
Greedy,value_skewness,unique_ratio_count,-0.0010697001116685616
Greedy,value_skewness,duplicate_ratio_fraction,-0.005160861356683353
Greedy,value_skewness,unique_weights,-0.0011423132655540259
Greedy,value_skewness,unique_values,-0.001650580761722867
Greedy,value_skewness,unique_pairs,-8.837820748829671e-05
Greedy,value_skewness,duplicate_items,-0.01628260234995479
Greedy,value_skewness,duplicate_pairs,-0.016149029525810127
Greedy,value_skewness,time_millis,0.00549065248829705
Greedy,value_skewness,memory_bytes,-0.015552845410995783
Greedy,value_skewness,memory_mb,-0.015559632834076078
Greedy,value_skewness,solution_value,-0.01492305210238462
Greedy,value_skewness,optimality_gap,-0.042716474854300766
Greedy,value_skewness,nodes_generated,-0.02426326054736566
Greedy,value_skewness,internal_nodes,-0.024981000724282415
Greedy,value_skewness,max_depth,-0.011770622685311908
Greedy,value_skewness,mean_depth,-0.010903937765783883
Greedy,value_skewness,median_depth,-0.010501910079023702
Greedy,value_skewness,mean_queue_size,-0.020404993726376067
Greedy,value_skewness,final_queue_size,-0.007710278076862991
Greedy,value_skewness,mean_bound,-0.01498306073124189
Greedy,value_skewness,bound_variance,-0.024627352516060897
Greedy,value_skewness,min_bound,-0.014921363628584356
Greedy,value_skewness,max_bound,-0.015048336725700766
Greedy,value_skewness,mean_bound_gap,-0.015407278858046925
Greedy,value_skewness,bound_gap_variance,-0.020848691069221388
Greedy,value_skewness,pruned_by_bound,0.020451178442421017
Greedy,value_skewness,pruned_by_cap,-0.007805514840859245
Greedy,value_skewness,left_branches,-0.019322355483446248
Greedy,value_skewness,right_branches,-0.025968470719168375
Greedy,value_skewness,explored_children,-0.025035113256246105
Greedy,value_skewness,skipped_children,-0.026292160716556778
Greedy,value_skewness,skipped_infeasible,-0.01755244990255113
Greedy,value_skewness,skipped_by_bound,-0.030821532534868176
Greedy,value_skewness,improvement_count,-0.0072630931593233635
Greedy,value_skewness,sum_improvement_amount,-0.03453949524581497
Greedy,value_skewness,mean_improvement_amount,-0.06691604760069665
Greedy,value_skewness,last_improvement_node,-0.006801520343381259
Greedy,value_skewness,pruned_generated_ratio,0.02098992234627826
Greedy,value_skewness,avg_branching_factor,-0.020725291533462847
Greedy,value_skewness,capacity_density,-0.0208002035397139
Greedy,value_skewness,cells_allocated,-0.005472624978586355
Greedy,value_skewness,total_evaluations,-0.0010613294982939878
Greedy,value_skewness,include_count,-0.004778696509005863
Greedy,value_skewness,exclude_count,0.0009871117234562562
Greedy,value_skewness,tie_count,0.020709086014629334
Greedy,value_skewness,include_ratio,-0.014071923845601608
Greedy,value_skewness,nonzero_value_states,-0.005433655088699069
Greedy,value_skewness,zero_value_states,0.0011747755777300418
Greedy,value_skewness,fill_rate,0.002520780494831587
Greedy,value_skewness,mean_cell_value,-0.017317651734482117
Greedy,value_skewness,cell_value_variance,-0.008777503597972337
Greedy,value_skewness,dp_sum_improvement_amount,-0.020020526206583615
Greedy,value_skewness,dp_mean_improvement_amount,-0.06439723762564104
Greedy,value_skewness,updates_per_cell,-0.003463650892821797
Greedy,value_skewness,selected_count,-0.0064335397862651765
Greedy,value_skewness,solution_density,-0.011362833640809662
Greedy,value_skewness,residual_capacity,-0.023193195245335075
Greedy,value_skewness,capacity_utilization,0.020093143525657522
Greedy,value_skewness,last_selected_position,0.005109232256801359
Greedy,value_skewness,first_skipped_position,-0.006738480973761912
Greedy,value_skewness,log_time_millis,-0.001759858715260263
Greedy,value_skewness,AlmostEqualRatios,0.07399475258168914
Greedy,value_skewness,InverseCorrelated,-0.01247830457043172
Greedy,value_skewness,StronglyCorrelated,-0.03028824212303567
Greedy,value_skewness,WeaklyCorrelated,-0.002049819041412548
Greedy,value_skewness,log_n,-0.0014958167030765487
Greedy,weight_kurtosis,value_kurtosis,0.7962166738545845
Greedy,weight_kurtosis,capacity_ratio,0.020660407954810018
Greedy,weight_kurtosis,slack,-0.22973381395545658
Greedy,weight_kurtosis,average_fillable_items,-0.07401638688158406
Greedy,weight_kurtosis,pearson_corr,-0.008892074506310035
Greedy,weight_kurtosis,spearman_corr,-0.015426878041156212
Greedy,weight_kurtosis,kendall_corr,-0.0009324259193895449
Greedy,weight_kurtosis,mean_ratio,-0.03143453651480708
Greedy,weight_kurtosis,median_ratio,0.08562722915920265
Greedy,weight_kurtosis,std_ratio,-0.05075809734381884
Greedy,weight_kurtosis,ratio_entropy,0.0529402146231347
Greedy,weight_kurtosis,unique_ratio_count,-0.23246708125695698
Greedy,weight_kurtosis,duplicate_ratio_fraction,-0.09543245119651426
Greedy,weight_kurtosis,unique_weights,-0.23763022605736953
Greedy,weight_kurtosis,unique_values,-0.23777683686480722
Greedy,weight_kurtosis,unique_pairs,-0.23246934448557155
Greedy,weight_kurtosis,duplicate_items,-0.1289947289637666
Greedy,weight_kurtosis,duplicate_pairs,-0.12890756645576038
Greedy,weight_kurtosis,time_millis,-0.12783558893932373
Greedy,weight_kurtosis,memory_bytes,0.00934663703069107
Greedy,weight_kurtosis,memory_mb,0.009338332636306984
Greedy,weight_kurtosis,solution_value,-0.0993195508165748
Greedy,weight_kurtosis,optimality_gap,0.11646829634321455
Greedy,weight_kurtosis,nodes_generated,-0.12771501415575867
Greedy,weight_kurtosis,internal_nodes,-0.12456083611192707
Greedy,weight_kurtosis,max_depth,-0.14862074507006368
Greedy,weight_kurtosis,mean_depth,-0.1326586271117068
Greedy,weight_kurtosis,median_depth,-0.12991910301619228
Greedy,weight_kurtosis,mean_queue_size,-0.11458277194355974
Greedy,weight_kurtosis,final_queue_size,-0.03631272639206844
Greedy,weight_kurtosis,mean_bound,-0.09925149069293494
Greedy,weight_kurtosis,bound_variance,0.05548133638060704
Greedy,weight_kurtosis,min_bound,-0.09930629332389723
Greedy,weight_kurtosis,max_bound,-0.09924020384166345
Greedy,weight_kurtosis,mean_bound_gap,-0.017121836734602262
Greedy,weight_kurtosis,bound_gap_variance,-0.05024049516885812
Greedy,weight_kurtosis,pruned_by_bound,-0.0491709417299056
Greedy,weight_kurtosis,pruned_by_cap,-0.03636338159376213
Greedy,weight_kurtosis,left_branches,-0.11032594395618678
Greedy,weight_kurtosis,right_branches,-0.12612526238433264
Greedy,weight_kurtosis,explored_children,-0.12560402970024453
Greedy,weight_kurtosis,skipped_children,-0.11276813385000314
Greedy,weight_kurtosis,skipped_infeasible,-0.10192705666508783
Greedy,weight_kurtosis,skipped_by_bound,-0.04893998627763354
Greedy,weight_kurtosis,improvement_count,-0.10333648662837555
Greedy,weight_kurtosis,sum_improvement_amount,-0.10778117810547531
Greedy,weight_kurtosis,mean_improvement_amount,-0.0019944482256531652
Greedy,weight_kurtosis,last_improvement_node,-0.02545967743610908
Greedy,weight_kurtosis,pruned_generated_ratio,-0.011722725492284272
Greedy,weight_kurtosis,avg_branching_factor,-0.0536332956553212
Greedy,weight_kurtosis,capacity_density,0.015622435036758258
Greedy,weight_kurtosis,cells_allocated,-0.0771688213414105
Greedy,weight_kurtosis,total_evaluations,-0.1558361855641285
Greedy,weight_kurtosis,include_count,-0.12143038359831997
Greedy,weight_kurtosis,exclude_count,-0.17079492906208069
Greedy,weight_kurtosis,tie_count,-0.1532174496392168
Greedy,weight_kurtosis,include_ratio,0.05157137132176578
Greedy,weight_kurtosis,nonzero_value_states,-0.07810620783238183
Greedy,weight_kurtosis,zero_value_states,0.18756118937628433
Greedy,weight_kurtosis,fill_rate,-0.12043345592939755
Greedy,weight_kurtosis,mean_cell_value,-0.09386819431790173
Greedy,weight_kurtosis,cell_value_variance,-0.07921868033654893
Greedy,weight_kurtosis,dp_sum_improvement_amount,-0.09522427055838387
Greedy,weight_kurtosis,dp_mean_improvement_amount,0.04955886640463173
Greedy,weight_kurtosis,updates_per_cell,-0.17509340316598668
Greedy,weight_kurtosis,selected_count,-0.10368242457055084
Greedy,weight_kurtosis,solution_density,0.02418446215610349
Greedy,weight_kurtosis,residual_capacity,0.0790025074323834
Greedy,weight_kurtosis,capacity_utilization,-0.17042987390901626
Greedy,weight_kurtosis,last_selected_position,-0.12000865286695045
Greedy,weight_kurtosis,first_skipped_position,-0.10297334336094834
Greedy,weight_kurtosis,log_time_millis,-0.20937809430313722
Greedy,weight_kurtosis,AlmostEqualRatios,-0.02525943867255674
Greedy,weight_kurtosis,InverseCorrelated,0.003278076412902318
Greedy,weight_kurtosis,StronglyCorrelated,0.006660846930343752
Greedy,weight_kurtosis,WeaklyCorrelated,0.0015198306437737654
Greedy,weight_kurtosis,log_n,-0.2314657899187249
Greedy,value_kurtosis,capacity_ratio,0.01773219208259394
Greedy,value_kurtosis,slack,-0.19849310885770902
Greedy,value_kurtosis,average_fillable_items,-0.06509663676342647
Greedy,value_kurtosis,pearson_corr,0.044130817217977125
Greedy,value_kurtosis,spearman_corr,0.04028732077381505
Greedy,value_kurtosis,kendall_corr,0.0486734702477412
Greedy,value_kurtosis,mean_ratio,-0.06788798254238554
Greedy,value_kurtosis,median_ratio,0.07477108325099278
Greedy,value_kurtosis,std_ratio,-0.08425674961315312
Greedy,value_kurtosis,ratio_entropy,0.12203602421893309
Greedy,value_kurtosis,unique_ratio_count,-0.200441026779388
Greedy,value_kurtosis,duplicate_ratio_fraction,-0.11341614263533718
Greedy,value_kurtosis,unique_weights,-0.20749245368630295
Greedy,value_kurtosis,unique_values,-0.20740897089980673
Greedy,value_kurtosis,unique_pairs,-0.20007573287351757
Greedy,value_kurtosis,duplicate_items,-0.12225895388430603
Greedy,value_kurtosis,duplicate_pairs,-0.12211673192914538
Greedy,value_kurtosis,time_millis,-0.10306977366496671
Greedy,value_kurtosis,memory_bytes,0.002981819038270152
Greedy,value_kurtosis,memory_mb,0.0029727781446272756
Greedy,value_kurtosis,solution_value,-0.10083629728074071
Greedy,value_kurtosis,optimality_gap,0.10915693101029
Greedy,value_kurtosis,nodes_generated,-0.13171114660793398
Greedy,value_kurtosis,internal_nodes,-0.12893410953472093
Greedy,value_kurtosis,max_depth,-0.14211464825615
Greedy,value_kurtosis,mean_depth,-0.1288281826427535
Greedy,value_kurtosis,median_depth,-0.12578022452524407
Greedy,value_kurtosis,mean_queue_size,-0.12137324396827126
Greedy,value_kurtosis,final_queue_size,-0.04975506830299101
Greedy,value_kurtosis,mean_bound,-0.1007785316838591
Greedy,value_kurtosis,bound_variance,0.013848502802770177
Greedy,value_kurtosis,min_bound,-0.10053596647736897
Greedy,value_kurtosis,max_bound,-0.10085441833981368
Greedy,value_kurtosis,mean_bound_gap,-0.025275827173508562
Greedy,value_kurtosis,bound_gap_variance,-0.06131334191355852
Greedy,value_kurtosis,pruned_by_bound,-0.04425177208257104
Greedy,value_kurtosis,pruned_by_cap,-0.04994285781207531
Greedy,value_kurtosis,left_branches,-0.11513309503042539
Greedy,value_kurtosis,right_branches,-0.12971887253483894
Greedy,value_kurtosis,explored_children,-0.12948577889878332
Greedy,value_kurtosis,skipped_children,-0.11952495325193462
Greedy,value_kurtosis,skipped_infeasible,-0.10834808369449649
Greedy,value_kurtosis,skipped_by_bound,-0.06495909924687218
Greedy,value_kurtosis,improvement_count,-0.10120079336966818
Greedy,value_kurtosis,sum_improvement_amount,-0.12558729517517958
Greedy,value_kurtosis,mean_improvement_amount,-0.06817245084608753
Greedy,value_kurtosis,last_improvement_node,-0.033769836960449065
Greedy,value_kurtosis,pruned_generated_ratio,-0.005271675561092252
Greedy,value_kurtosis,avg_branching_factor,-0.045253720010568106
Greedy,value_kurtosis,capacity_density,0.016181258519167734
Greedy,value_kurtosis,cells_allocated,-0.06668268695328916
Greedy,value_kurtosis,total_evaluations,-0.13583712027743636
Greedy,value_kurtosis,include_count,-0.11006282465531923
Greedy,value_kurtosis,exclude_count,-0.14643393283268127
Greedy,value_kurtosis,tie_count,-0.09936407852004264
Greedy,value_kurtosis,include_ratio,0.03154259519684272
Greedy,value_kurtosis,nonzero_value_states,-0.06749268866689545
Greedy,value_kurtosis,zero_value_states,0.15703091496359642
Greedy,value_kurtosis,fill_rate,-0.10299739311184866
Greedy,value_kurtosis,mean_cell_value,-0.10271897917622731
Greedy,value_kurtosis,cell_value_variance,-0.07713782713616546
Greedy,value_kurtosis,dp_sum_improvement_amount,-0.10132707871646446
Greedy,value_kurtosis,dp_mean_improvement_amount,-0.016307146029678723
Greedy,value_kurtosis,updates_per_cell,-0.16329162426513374
Greedy,value_kurtosis,selected_count,-0.10027480819421056
Greedy,value_kurtosis,solution_density,0.0041944240600077344
Greedy,value_kurtosis,residual_capacity,0.030251279617286714
Greedy,value_kurtosis,capacity_utilization,-0.1275156814644781
Greedy,value_kurtosis,last_selected_position,-0.07441970886150345
Greedy,value_kurtosis,first_skipped_position,-0.10054466485791837
Greedy,value_kurtosis,log_time_millis,-0.1830053239065229
Greedy,value_kurtosis,AlmostEqualRatios,0.0407452972550442
Greedy,value_kurtosis,InverseCorrelated,-0.03989500431298292
Greedy,value_kurtosis,StronglyCorrelated,-0.03542128365853179
Greedy,value_kurtosis,WeaklyCorrelated,0.11152382218311234
Greedy,value_kurtosis,log_n,-0.20175559148677952
Greedy,capacity_ratio,slack,-0.30142056632688263
Greedy,capacity_ratio,average_fillable_items,0.8821546976269373
Greedy,capacity_ratio,pearson_corr,0.00032286721871849195
Greedy,capacity_ratio,spearman_corr,-0.0015425575446624757
Greedy,capacity_ratio,kendall_corr,0.0023927859044340664
Greedy,capacity_ratio,mean_ratio,0.0019186753667703876
Greedy,capacity_ratio,median_ratio,0.008491792169711599
Greedy,capacity_ratio,std_ratio,-0.006525453987054717
Greedy,capacity_ratio,ratio_entropy,0.021073133935842366
Greedy,capacity_ratio,unique_ratio_count,-0.06444843957418722
Greedy,capacity_ratio,duplicate_ratio_fraction,-0.025577840980047454
Greedy,capacity_ratio,unique_weights,-0.06571352558342018
Greedy,capacity_ratio,unique_values,-0.06569669019463867
Greedy,capacity_ratio,unique_pairs,-0.06434037012923767
Greedy,capacity_ratio,duplicate_items,-0.03810483645265794
Greedy,capacity_ratio,duplicate_pairs,-0.038096859912188995
Greedy,capacity_ratio,time_millis,-0.05534982386986202
Greedy,capacity_ratio,memory_bytes,-0.008141526928872714
Greedy,capacity_ratio,memory_mb,-0.008164691053562578
Greedy,capacity_ratio,solution_value,0.48239866075697013
Greedy,capacity_ratio,optimality_gap,-0.20187982809375418
Greedy,capacity_ratio,nodes_generated,0.2020439280032711
Greedy,capacity_ratio,internal_nodes,0.17282873264160012
Greedy,capacity_ratio,max_depth,0.033052368032764116
Greedy,capacity_ratio,mean_depth,0.2334604683962744
Greedy,capacity_ratio,median_depth,0.2676667751897046
Greedy,capacity_ratio,mean_queue_size,0.41393889728871375
Greedy,capacity_ratio,final_queue_size,0.17217382096499706
Greedy,capacity_ratio,mean_bound,0.4823840492326344
Greedy,capacity_ratio,bound_variance,0.08164212944940831
Greedy,capacity_ratio,min_bound,0.48226180171907285
Greedy,capacity_ratio,max_bound,0.4821788998176634
Greedy,capacity_ratio,mean_bound_gap,0.5996787023802322
Greedy,capacity_ratio,bound_gap_variance,0.6947484913700099
Greedy,capacity_ratio,pruned_by_bound,0.1408030413245343
Greedy,capacity_ratio,pruned_by_cap,0.1718689187804263
Greedy,capacity_ratio,left_branches,0.43949066081784577
Greedy,capacity_ratio,right_branches,0.16138650760733966
Greedy,capacity_ratio,explored_children,0.20205005021006947
Greedy,capacity_ratio,skipped_children,0.11337585690534813
Greedy,capacity_ratio,skipped_infeasible,0.10647009952896581
Greedy,capacity_ratio,skipped_by_bound,0.18242774112106552
Greedy,capacity_ratio,improvement_count,0.49599732826562576
Greedy,capacity_ratio,sum_improvement_amount,0.708348568240913
Greedy,capacity_ratio,mean_improvement_amount,0.24770174023716401
Greedy,capacity_ratio,last_improvement_node,0.12126194943291681
Greedy,capacity_ratio,pruned_generated_ratio,0.46467187267344406
Greedy,capacity_ratio,avg_branching_factor,0.12811157174636847
Greedy,capacity_ratio,capacity_density,0.9940099194374943
Greedy,capacity_ratio,cells_allocated,0.8813056016619389
Greedy,capacity_ratio,total_evaluations,0.6769951634857521
Greedy,capacity_ratio,include_count,0.7941738617204613
Greedy,capacity_ratio,exclude_count,0.5890423074380422
Greedy,capacity_ratio,tie_count,0.3117847228040635
Greedy,capacity_ratio,include_ratio,0.9078237830809859
Greedy,capacity_ratio,nonzero_value_states,0.8810505590609237
Greedy,capacity_ratio,zero_value_states,0.04851141964888026
Greedy,capacity_ratio,fill_rate,0.2666033170823946
Greedy,capacity_ratio,mean_cell_value,0.44786899252279017
Greedy,capacity_ratio,cell_value_variance,0.3739836461044941
Greedy,capacity_ratio,dp_sum_improvement_amount,0.818717591500543
Greedy,capacity_ratio,dp_mean_improvement_amount,0.4747317424503173
Greedy,capacity_ratio,updates_per_cell,0.6152896823000472
Greedy,capacity_ratio,selected_count,0.4929901839442063
Greedy,capacity_ratio,solution_density,0.9670404810288893
Greedy,capacity_ratio,residual_capacity,0.3176880887949548
Greedy,capacity_ratio,capacity_utilization,0.2797655024938384
Greedy,capacity_ratio,last_selected_position,0.27774542837630334
Greedy,capacity_ratio,first_skipped_position,0.49302816744918315
Greedy,capacity_ratio,log_time_millis,-0.060461329500864185
Greedy,capacity_ratio,AlmostEqualRatios,0.00024533151283435425
Greedy,capacity_ratio,InverseCorrelated,-0.00019274659865451348
Greedy,capacity_ratio,StronglyCorrelated,-0.00015302687591801543
Greedy,capacity_ratio,WeaklyCorrelated,-0.0001263745393593189
Greedy,capacity_ratio,log_n,-0.06411306366812732
Greedy,slack,average_fillable_items,0.09962218483085118
Greedy,slack,pearson_corr,-0.002862853306627343
Greedy,slack,spearman_corr,0.023513312828963646
Greedy,slack,kendall_corr,-0.023855937131934506
Greedy,slack,mean_ratio,-0.019295220054439427
Greedy,slack,median_ratio,-0.07039184746080837
Greedy,slack,std_ratio,0.09923668730526426
Greedy,slack,ratio_entropy,-0.3100499792013897
Greedy,slack,unique_ratio_count,0.9675509558646161
Greedy,slack,duplicate_ratio_fraction,0.47916266905001187
Greedy,slack,unique_weights,0.9679044779726342
Greedy,slack,unique_values,0.9680173155533415
Greedy,slack,unique_pairs,0.9673174500443329
Greedy,slack,duplicate_items,0.611213902122696
Greedy,slack,duplicate_pairs,0.6104936732156967
Greedy,slack,time_millis,0.6790065692577226
Greedy,slack,memory_bytes,-0.01171122768421031
Greedy,slack,memory_mb,-0.011677650735524939
Greedy,slack,solution_value,0.40213647886343146
Greedy,slack,optimality_gap,-0.24555970714842867
Greedy,slack,nodes_generated,0.5202415618901369
Greedy,slack,internal_nodes,0.516047148205199
Greedy,slack,max_depth,0.7654633513561867
Greedy,slack,mean_depth,0.6404962467280728
Greedy,slack,median_depth,0.6189922507177938
Greedy,slack,mean_queue_size,0.4274004355528681
Greedy,slack,final_queue_size,0.18855444588059345
Greedy,slack,mean_bound,0.40204761636169184
Greedy,slack,bound_variance,-0.2403324474611407
Greedy,slack,min_bound,0.4023115582890016
Greedy,slack,max_bound,0.40208925715673227
Greedy,slack,mean_bound_gap,-0.09487234037893962
Greedy,slack,bound_gap_variance,0.003485474971327237
Greedy,slack,pruned_by_bound,0.04114751794469211
Greedy,slack,pruned_by_cap,0.18885782600914952
Greedy,slack,left_branches,0.3873891924974511
Greedy,slack,right_branches,0.526400294505911
Greedy,slack,explored_children,0.5171611767365693
Greedy,slack,skipped_children,0.48335185346304244
Greedy,slack,skipped_infeasible,0.41912196543823915
Greedy,slack,skipped_by_bound,0.15511320621114283
Greedy,slack,improvement_count,0.41953469639438906
Greedy,slack,sum_improvement_amount,0.264321604964924
Greedy,slack,mean_improvement_amount,-0.05618510569187157
Greedy,slack,last_improvement_node,0.1297419770522387
Greedy,slack,pruned_generated_ratio,-0.11955671849558816
Greedy,slack,avg_branching_factor,0.21886629493305898
Greedy,slack,capacity_density,-0.29465700130398753
Greedy,slack,cells_allocated,0.10275165004735064
Greedy,slack,total_evaluations,0.4753577281723295
Greedy,slack,include_count,0.2858015498879876
Greedy,slack,exclude_count,0.5727836393206657
Greedy,slack,tie_count,0.42191108914628234
Greedy,slack,include_ratio,-0.5113941821853347
Greedy,slack,nonzero_value_states,0.10564322208969772
Greedy,slack,zero_value_states,-0.7213967533917682
Greedy,slack,fill_rate,0.3272670816516043
Greedy,slack,mean_cell_value,0.3768808757164844
Greedy,slack,cell_value_variance,0.3796970339858691
Greedy,slack,dp_sum_improvement_amount,0.18733861905670096
Greedy,slack,dp_mean_improvement_amount,-0.26661412913602317
Greedy,slack,updates_per_cell,0.5230725013243537
Greedy,slack,selected_count,0.421947932411669
Greedy,slack,solution_density,-0.3720003071464923
Greedy,slack,residual_capacity,-0.2584052245995039
Greedy,slack,capacity_utilization,0.3417188206350857
Greedy,slack,last_selected_position,0.5635284685005642
Greedy,slack,first_skipped_position,0.42001289080703197
Greedy,slack,log_time_millis,0.885976414891237
Greedy,slack,AlmostEqualRatios,-0.0007552730951343761
Greedy,slack,InverseCorrelated,0.0010013862177026946
Greedy,slack,StronglyCorrelated,0.0002440954181373428
Greedy,slack,WeaklyCorrelated,0.0011310452598939065
Greedy,slack,log_n,0.9693821606761356
Greedy,average_fillable_items,pearson_corr,-0.0005420170755292542
Greedy,average_fillable_items,spearman_corr,0.008426450354328468
Greedy,average_fillable_items,kendall_corr,-0.007479163996660493
Greedy,average_fillable_items,mean_ratio,-0.003171626821768803
Greedy,average_fillable_items,median_ratio,-0.0060875687061685965
Greedy,average_fillable_items,std_ratio,0.03549464249855279
Greedy,average_fillable_items,ratio_entropy,-0.10446867633866141
Greedy,average_fillable_items,unique_ratio_count,0.32538638825232835
Greedy,average_fillable_items,duplicate_ratio_fraction,0.16201163756498876
Greedy,average_fillable_items,unique_weights,0.3254516674350242
Greedy,average_fillable_items,unique_values,0.32545258835357005
Greedy,average_fillable_items,unique_pairs,0.3253414161649498
Greedy,average_fillable_items,duplicate_items,0.20568635359163392
Greedy,average_fillable_items,duplicate_pairs,0.2054402465318193
Greedy,average_fillable_items,time_millis,0.20838904240408057
Greedy,average_fillable_items,memory_bytes,-0.01584223372461089
Greedy,average_fillable_items,memory_mb,-0.015843045154254064
Greedy,average_fillable_items,solution_value,0.7717602720444563
Greedy,average_fillable_items,optimality_gap,-0.26265340787201885
Greedy,average_fillable_items,nodes_generated,0.4539542059816707
Greedy,average_fillable_items,internal_nodes,0.42248083906935546
Greedy,average_fillable_items,max_depth,0.35443275708910343
Greedy,average_fillable_items,mean_depth,0.5586152630582771
Greedy,average_fillable_items,median_depth,0.5916619085627569
Greedy,average_fillable_items,mean_queue_size,0.6383977912129217
Greedy,average_fillable_items,final_queue_size,0.3064861176863522
Greedy,average_fillable_items,mean_bound,0.7717282516078642
Greedy,average_fillable_items,bound_variance,-0.024541395761200773
Greedy,average_fillable_items,min_bound,0.7718043605507753
Greedy,average_fillable_items,max_bound,0.7715227991251918
Greedy,average_fillable_items,mean_bound_gap,0.6001292022057068
Greedy,average_fillable_items,bound_gap_variance,0.7419594436398296
Greedy,average_fillable_items,pruned_by_bound,0.10702360289621214
Greedy,average_fillable_items,pruned_by_cap,0.3062246081438982
Greedy,average_fillable_items,left_branches,0.6497822204177999
Greedy,average_fillable_items,right_branches,0.41620043625267655
Greedy,average_fillable_items,explored_children,0.45237288537965153
Greedy,average_fillable_items,skipped_children,0.3462884163001951
Greedy,average_fillable_items,skipped_infeasible,0.3128851273546216
Greedy,average_fillable_items,skipped_by_bound,0.23737625674956023
Greedy,average_fillable_items,improvement_count,0.7954404910751071
Greedy,average_fillable_items,sum_improvement_amount,0.8760827906100587
Greedy,average_fillable_items,mean_improvement_amount,0.2385731555998947
Greedy,average_fillable_items,last_improvement_node,0.21625318522322426
Greedy,average_fillable_items,pruned_generated_ratio,0.4075274469762054
Greedy,average_fillable_items,avg_branching_factor,0.24551851085263343
Greedy,average_fillable_items,capacity_density,0.8765179921017776
Greedy,average_fillable_items,cells_allocated,0.9993346147911353
Greedy,average_fillable_items,total_evaluations,0.9205207045587972
Greedy,average_fillable_items,include_count,0.9791070169781346
Greedy,average_fillable_items,exclude_count,0.8693278122355024
Greedy,average_fillable_items,tie_count,0.4788482456948421
Greedy,average_fillable_items,include_ratio,0.7612909939275299
Greedy,average_fillable_items,nonzero_value_states,0.9993434846931292
Greedy,average_fillable_items,zero_value_states,-0.2469965286554455
Greedy,average_fillable_items,fill_rate,0.33280761943506276
Greedy,average_fillable_items,mean_cell_value,0.7181640019909001
Greedy,average_fillable_items,cell_value_variance,0.6523811756790872
Greedy,average_fillable_items,dp_sum_improvement_amount,0.9643504368692
Greedy,average_fillable_items,dp_mean_improvement_amount,0.4017446528563325
Greedy,average_fillable_items,updates_per_cell,0.8812398005252573
Greedy,average_fillable_items,selected_count,0.7936214863478063
Greedy,average_fillable_items,solution_density,0.8387744451143531
Greedy,average_fillable_items,residual_capacity,0.2088780128878568
Greedy,average_fillable_items,capacity_utilization,0.3678557487446046
Greedy,average_fillable_items,last_selected_position,0.5781662782860106
Greedy,average_fillable_items,first_skipped_position,0.7929295765325454
Greedy,average_fillable_items,log_time_millis,0.28773052570467395
Greedy,average_fillable_items,AlmostEqualRatios,0.0002418181319987132
Greedy,average_fillable_items,InverseCorrelated,-0.0003296297407752632
Greedy,average_fillable_items,StronglyCorrelated,-7.295908619662647e-05
Greedy,average_fillable_items,WeaklyCorrelated,-0.00037845178757530583
Greedy,average_fillable_items,log_n,0.32605986324847114
Greedy,pearson_corr,spearman_corr,0.99761491638728
Greedy,pearson_corr,kendall_corr,0.987874432525358
Greedy,pearson_corr,mean_ratio,-0.6059573806741106
Greedy,pearson_corr,median_ratio,-0.05180898903686605
Greedy,pearson_corr,std_ratio,-0.6014076678884648
Greedy,pearson_corr,ratio_entropy,0.30679313476273656
Greedy,pearson_corr,unique_ratio_count,0.026438688551792704
Greedy,pearson_corr,duplicate_ratio_fraction,-0.3923211025228428
Greedy,pearson_corr,unique_weights,-0.002251017788142606
Greedy,pearson_corr,unique_values,-0.0028145759542168697
Greedy,pearson_corr,unique_pairs,0.034358890804664664
Greedy,pearson_corr,duplicate_items,-0.20021642705036938
Greedy,pearson_corr,duplicate_pairs,-0.19816072904731777
Greedy,pearson_corr,time_millis,0.03991247224465766
Greedy,pearson_corr,memory_bytes,-0.019376190570750667
Greedy,pearson_corr,memory_mb,-0.019419106773748866
Greedy,pearson_corr,solution_value,-0.16052691976108588
Greedy,pearson_corr,optimality_gap,0.2546134713338992
Greedy,pearson_corr,nodes_generated,-0.10284564606182749
Greedy,pearson_corr,internal_nodes,-0.10217574396558672
Greedy,pearson_corr,max_depth,-0.0417256810568484
Greedy,pearson_corr,mean_depth,0.018135800152698337
Greedy,pearson_corr,median_depth,0.02674967952587809
Greedy,pearson_corr,mean_queue_size,-0.13602640540964106
Greedy,pearson_corr,final_queue_size,-0.12813399382828103
Greedy,pearson_corr,mean_bound,-0.16041386883277176
Greedy,pearson_corr,bound_variance,-0.639797113629046
Greedy,pearson_corr,min_bound,-0.15799391463395654
Greedy,pearson_corr,max_bound,-0.16144331977027826
Greedy,pearson_corr,mean_bound_gap,-0.21853443705951753
Greedy,pearson_corr,bound_gap_variance,-0.2174042970687505
Greedy,pearson_corr,pruned_by_bound,0.11815316438053865
Greedy,pearson_corr,pruned_by_cap,-0.12478048552262846
Greedy,pearson_corr,left_branches,-0.13488484829667768
Greedy,pearson_corr,right_branches,-0.096607424468034
Greedy,pearson_corr,explored_children,-0.10235386823645906
Greedy,pearson_corr,skipped_children,-0.1045071758726139
Greedy,pearson_corr,skipped_infeasible,-0.08106184002465913
Greedy,pearson_corr,skipped_by_bound,-0.18852163160721003
Greedy,pearson_corr,improvement_count,-0.029328222628260535
Greedy,pearson_corr,sum_improvement_amount,-0.33242047364953226
Greedy,pearson_corr,mean_improvement_amount,-0.7920739161723578
Greedy,pearson_corr,last_improvement_node,0.1359743342167823
Greedy,pearson_corr,pruned_generated_ratio,0.033870133333532414
Greedy,pearson_corr,avg_branching_factor,-0.04462001371641191
Greedy,pearson_corr,capacity_density,-0.0007085447560460973
Greedy,pearson_corr,cells_allocated,-0.0009574028115380798
Greedy,pearson_corr,total_evaluations,-0.0015277728981777214
Greedy,pearson_corr,include_count,-0.030263376520713366
Greedy,pearson_corr,exclude_count,0.014850866349787622
Greedy,pearson_corr,tie_count,0.39446748165390033
Greedy,pearson_corr,include_ratio,-0.13688940297100752
Greedy,pearson_corr,nonzero_value_states,-0.0012223626154024682
Greedy,pearson_corr,zero_value_states,0.019158346521528855
Greedy,pearson_corr,fill_rate,-0.026404656306428114
Greedy,pearson_corr,mean_cell_value,-0.23706359103961475
Greedy,pearson_corr,cell_value_variance,-0.0879026617956569
Greedy,pearson_corr,dp_sum_improvement_amount,-0.19711613145679655
Greedy,pearson_corr,dp_mean_improvement_amount,-0.6945564301597696
Greedy,pearson_corr,updates_per_cell,-0.06934834748253006
Greedy,pearson_corr,selected_count,-0.050032099334057514
Greedy,pearson_corr,solution_density,-0.10253402595683327
Greedy,pearson_corr,residual_capacity,-0.45774327413625443
Greedy,pearson_corr,capacity_utilization,0.25917586598853964
Greedy,pearson_corr,last_selected_position,0.058077735730671876
Greedy,pearson_corr,first_skipped_position,-0.05413304570890796
Greedy,pearson_corr,log_time_millis,0.007138773423099956
Greedy,pearson_corr,AlmostEqualRatios,0.270993983538596
Greedy,pearson_corr,InverseCorrelated,-0.8848988340359544
Greedy,pearson_corr,StronglyCorrelated,0.57754679801732
Greedy,pearson_corr,WeaklyCorrelated,0.1892166978762978
Greedy,pearson_corr,log_n,-0.002295813538932422
Greedy,spearman_corr,kendall_corr,0.9894735255885122
Greedy,spearman_corr,mean_ratio,-0.6070132713324191
Greedy,spearman_corr,median_ratio,-0.05212242207718218
Greedy,spearman_corr,std_ratio,-0.6019750628515481
Greedy,spearman_corr,ratio_entropy,0.3058829120194202
Greedy,spearman_corr,unique_ratio_count,0.054466932521267566
Greedy,spearman_corr,duplicate_ratio_fraction,-0.388611762543953
Greedy,spearman_corr,unique_weights,0.025461978033670205
Greedy,spearman_corr,unique_values,0.024904086182729525
Greedy,spearman_corr,unique_pairs,0.06251570366332868
Greedy,spearman_corr,duplicate_items,-0.18655027113714442
Greedy,spearman_corr,duplicate_pairs,-0.18446231818087613
Greedy,spearman_corr,time_millis,0.05763351655467926
Greedy,spearman_corr,memory_bytes,-0.018272504714815473
Greedy,spearman_corr,memory_mb,-0.018315329969063904
Greedy,spearman_corr,solution_value,-0.15036435207829116
Greedy,spearman_corr,optimality_gap,0.23577518020381777
Greedy,spearman_corr,nodes_generated,-0.09716749937538684
Greedy,spearman_corr,internal_nodes,-0.09704466224677158
Greedy,spearman_corr,max_depth,-0.02317530348401771
Greedy,spearman_corr,mean_depth,0.03546996301807764
Greedy,spearman_corr,median_depth,0.04393058292417942
Greedy,spearman_corr,mean_queue_size,-0.1300893171125064
Greedy,spearman_corr,final_queue_size,-0.12596738761316237
Greedy,spearman_corr,mean_bound,-0.1502612197689626
Greedy,spearman_corr,bound_variance,-0.6394462013217862
Greedy,spearman_corr,min_bound,-0.14785272429901328
Greedy,spearman_corr,max_bound,-0.15129313162745398
Greedy,spearman_corr,mean_bound_gap,-0.2097881420444668
Greedy,spearman_corr,bound_gap_variance,-0.20693490074005733
Greedy,spearman_corr,pruned_by_bound,0.12459769545698594
Greedy,spearman_corr,pruned_by_cap,-0.12254261744714587
Greedy,spearman_corr,left_branches,-0.1307831003445212
Greedy,spearman_corr,right_branches,-0.09114322526215596
Greedy,spearman_corr,explored_children,-0.09668264451324013
Greedy,spearman_corr,skipped_children,-0.10101966812549133
Greedy,spearman_corr,skipped_infeasible,-0.07801254159670377
Greedy,spearman_corr,skipped_by_bound,-0.19440338013589822
Greedy,spearman_corr,improvement_count,-0.01693097862049856
Greedy,spearman_corr,sum_improvement_amount,-0.3211155738074979
Greedy,spearman_corr,mean_improvement_amount,-0.7892305775979639
Greedy,spearman_corr,last_improvement_node,0.14247293043100892
Greedy,spearman_corr,pruned_generated_ratio,0.041381222595552644
Greedy,spearman_corr,avg_branching_factor,-0.04266766741325657
Greedy,spearman_corr,capacity_density,-0.0028340666200667563
Greedy,spearman_corr,cells_allocated,0.007935513270264915
Greedy,spearman_corr,total_evaluations,0.016753416308146134
Greedy,spearman_corr,include_count,-0.017114210534950314
Greedy,spearman_corr,exclude_count,0.035700305942758935
Greedy,spearman_corr,tie_count,0.3990994118131073
Greedy,spearman_corr,include_ratio,-0.14696625257197468
Greedy,spearman_corr,nonzero_value_states,0.007773196565887506
Greedy,spearman_corr,zero_value_states,-0.0035463777298283105
Greedy,spearman_corr,fill_rate,-0.012949819060300552
Greedy,spearman_corr,mean_cell_value,-0.22931820967394412
Greedy,spearman_corr,cell_value_variance,-0.07901309078342034
Greedy,spearman_corr,dp_sum_improvement_amount,-0.18666574314462464
Greedy,spearman_corr,dp_mean_improvement_amount,-0.6993563540787536
Greedy,spearman_corr,updates_per_cell,-0.05114324410420291
Greedy,spearman_corr,selected_count,-0.03761828705887677
Greedy,spearman_corr,solution_density,-0.10907920527709207
Greedy,spearman_corr,residual_capacity,-0.4697428859783489
Greedy,spearman_corr,capacity_utilization,0.2736843979912723
Greedy,spearman_corr,last_selected_position,0.07604126440898223
Greedy,spearman_corr,first_skipped_position,-0.04187787888158479
Greedy,spearman_corr,log_time_millis,0.03326170925768817
Greedy,spearman_corr,AlmostEqualRatios,0.27871785846803354
Greedy,spearman_corr,InverseCorrelated,-0.8914646613661045
Greedy,spearman_corr,StronglyCorrelated,0.5590875386431878
Greedy,spearman_corr,WeaklyCorrelated,0.19662752024589308
Greedy,spearman_corr,log_n,0.02504992985138454
Greedy,kendall_corr,mean_ratio,-0.601081765673037
Greedy,kendall_corr,median_ratio,-0.05276612914607301
Greedy,kendall_corr,std_ratio,-0.5931586112794094
Greedy,kendall_corr,ratio_entropy,0.30854818912905635
Greedy,kendall_corr,unique_ratio_count,0.007513780907423558
Greedy,kendall_corr,duplicate_ratio_fraction,-0.43974590381224543
Greedy,kendall_corr,unique_weights,-0.024517626049829253
Greedy,kendall_corr,unique_values,-0.02502998307910193
Greedy,kendall_corr,unique_pairs,0.014731171562801999
Greedy,kendall_corr,duplicate_items,-0.266026851921664
Greedy,kendall_corr,duplicate_pairs,-0.26400663183091905
Greedy,kendall_corr,time_millis,0.03297396439850439
Greedy,kendall_corr,memory_bytes,-0.01544800343622344
Greedy,kendall_corr,memory_mb,-0.015496728484641705
Greedy,kendall_corr,solution_value,-0.1604679734179207
Greedy,kendall_corr,optimality_gap,0.2663215694273571
Greedy,kendall_corr,nodes_generated,-0.15364991987657078
Greedy,kendall_corr,internal_nodes,-0.1541246111659249
Greedy,kendall_corr,max_depth,-0.06561877643147863
Greedy,kendall_corr,mean_depth,-0.010268001611111934
Greedy,kendall_corr,median_depth,0.0007517455894499103
Greedy,kendall_corr,mean_queue_size,-0.17358757235650266
Greedy,kendall_corr,final_queue_size,-0.14864362401795336
Greedy,kendall_corr,mean_bound,-0.1603586883155449
Greedy,kendall_corr,bound_variance,-0.5742585697233191
Greedy,kendall_corr,min_bound,-0.15813882454330105
Greedy,kendall_corr,max_bound,-0.16138367837282816
Greedy,kendall_corr,mean_bound_gap,-0.1674727603216341
Greedy,kendall_corr,bound_gap_variance,-0.17923658987052998
Greedy,kendall_corr,pruned_by_bound,0.12770568771877946
Greedy,kendall_corr,pruned_by_cap,-0.14548935791224665
Greedy,kendall_corr,left_branches,-0.17182907346668064
Greedy,kendall_corr,right_branches,-0.14862932999164546
Greedy,kendall_corr,explored_children,-0.15277752131832864
Greedy,kendall_corr,skipped_children,-0.15737197607287393
Greedy,kendall_corr,skipped_infeasible,-0.12904478244159517
Greedy,kendall_corr,skipped_by_bound,-0.22005640355497563
Greedy,kendall_corr,improvement_count,-0.041093938226573194
Greedy,kendall_corr,sum_improvement_amount,-0.3248166602573652
Greedy,kendall_corr,mean_improvement_amount,-0.7614640533623591
Greedy,kendall_corr,last_improvement_node,0.11463106997731935
Greedy,kendall_corr,pruned_generated_ratio,0.07236042212589697
Greedy,kendall_corr,avg_branching_factor,-0.05904485420153351
Greedy,kendall_corr,capacity_density,0.001147476745442891
Greedy,kendall_corr,cells_allocated,-0.007998265069790818
Greedy,kendall_corr,total_evaluations,-0.015874494542322638
Greedy,kendall_corr,include_count,-0.04071378072539002
Greedy,kendall_corr,exclude_count,-0.0006935088533076587
Greedy,kendall_corr,tie_count,0.36189676248520913
Greedy,kendall_corr,include_ratio,-0.12789048412844736
Greedy,kendall_corr,nonzero_value_states,-0.0083674061029773
Greedy,kendall_corr,zero_value_states,0.03445102316638593
Greedy,kendall_corr,fill_rate,-0.03903066356143171
Greedy,kendall_corr,mean_cell_value,-0.2345098925233356
Greedy,kendall_corr,cell_value_variance,-0.08717839340581561
Greedy,kendall_corr,dp_sum_improvement_amount,-0.1958091849422383
Greedy,kendall_corr,dp_mean_improvement_amount,-0.6515504063097624
Greedy,kendall_corr,updates_per_cell,-0.08385477814200183
Greedy,kendall_corr,selected_count,-0.05951347135947117
Greedy,kendall_corr,solution_density,-0.10038829388229226
Greedy,kendall_corr,residual_capacity,-0.4734566513408386
Greedy,kendall_corr,capacity_utilization,0.25644091393006524
Greedy,kendall_corr,last_selected_position,0.05367177474467539
Greedy,kendall_corr,first_skipped_position,-0.06366941132695639
Greedy,kendall_corr,log_time_millis,-0.007964881330972229
Greedy,kendall_corr,AlmostEqualRatios,0.2594585311604868
Greedy,kendall_corr,InverseCorrelated,-0.9252786026035057
Greedy,kendall_corr,StronglyCorrelated,0.5218376379296986
Greedy,kendall_corr,WeaklyCorrelated,0.19224661051725997
Greedy,kendall_corr,log_n,-0.023696295689457393
Greedy,mean_ratio,median_ratio,0.15191896870718227
Greedy,mean_ratio,std_ratio,0.9388938564828442
Greedy,mean_ratio,ratio_entropy,-0.36293574705124715
Greedy,mean_ratio,unique_ratio_count,-0.03234060808972141
Greedy,mean_ratio,duplicate_ratio_fraction,0.23337706226471883
Greedy,mean_ratio,unique_weights,-0.015517242771421741
Greedy,mean_ratio,unique_values,-0.014933069138758519
Greedy,mean_ratio,unique_pairs,-0.03697876466422329
Greedy,mean_ratio,duplicate_items,0.12519849461612007
Greedy,mean_ratio,duplicate_pairs,0.12419252798679545
Greedy,mean_ratio,time_millis,-0.03170906119088397
Greedy,mean_ratio,memory_bytes,0.011798317528917081
Greedy,mean_ratio,memory_mb,0.01179639101090374
Greedy,mean_ratio,solution_value,0.09759889021152683
Greedy,mean_ratio,optimality_gap,-0.13950920649111814
Greedy,mean_ratio,nodes_generated,0.07029783054878531
Greedy,mean_ratio,internal_nodes,0.06909394837772904
Greedy,mean_ratio,max_depth,0.02864752471193911
Greedy,mean_ratio,mean_depth,0.0014792098281384868
Greedy,mean_ratio,median_depth,-0.0034119404153935993
Greedy,mean_ratio,mean_queue_size,0.09390458170724944
Greedy,mean_ratio,final_queue_size,0.08918375542241028
Greedy,mean_ratio,mean_bound,0.09752953681018293
Greedy,mean_ratio,bound_variance,0.38205260535281754
Greedy,mean_ratio,min_bound,0.09582308857189453
Greedy,mean_ratio,max_bound,0.0981994596903689
Greedy,mean_ratio,mean_bound_gap,0.13718173161163702
Greedy,mean_ratio,bound_gap_variance,0.14510614867606375
Greedy,mean_ratio,pruned_by_bound,-0.06329200999052748
Greedy,mean_ratio,pruned_by_cap,0.08760547351008191
Greedy,mean_ratio,left_branches,0.09117487252485942
Greedy,mean_ratio,right_branches,0.06611342437071405
Greedy,mean_ratio,explored_children,0.0700490339505267
Greedy,mean_ratio,skipped_children,0.0700910074187346
Greedy,mean_ratio,skipped_infeasible,0.052914699254133016
Greedy,mean_ratio,skipped_by_bound,0.11815401393885513
Greedy,mean_ratio,improvement_count,0.025701707063268617
Greedy,mean_ratio,sum_improvement_amount,0.2150318123267284
Greedy,mean_ratio,mean_improvement_amount,0.4949505487813409
Greedy,mean_ratio,last_improvement_node,-0.05646552848781821
Greedy,mean_ratio,pruned_generated_ratio,-0.006917309344111925
Greedy,mean_ratio,avg_branching_factor,0.023979697815019355
Greedy,mean_ratio,capacity_density,-0.005821856751828955
Greedy,mean_ratio,cells_allocated,-0.006470098102668233
Greedy,mean_ratio,total_evaluations,-0.00988010201422798
Greedy,mean_ratio,include_count,0.01832563611893551
Greedy,mean_ratio,exclude_count,-0.029682047031154426
Greedy,mean_ratio,tie_count,-0.2555895324962789
Greedy,mean_ratio,include_ratio,0.13031131232078066
Greedy,mean_ratio,nonzero_value_states,-0.00530108460143321
Greedy,mean_ratio,zero_value_states,-0.2230264346878144
Greedy,mean_ratio,fill_rate,0.11621443663624745
Greedy,mean_ratio,mean_cell_value,0.1470953938619682
Greedy,mean_ratio,cell_value_variance,0.051457791011645014
Greedy,mean_ratio,dp_sum_improvement_amount,0.12598970028861134
Greedy,mean_ratio,dp_mean_improvement_amount,0.44760504028856707
Greedy,mean_ratio,updates_per_cell,0.051911455311954256
Greedy,mean_ratio,selected_count,0.034793816418911945
Greedy,mean_ratio,solution_density,0.10225886616323694
Greedy,mean_ratio,residual_capacity,0.32192159709575113
Greedy,mean_ratio,capacity_utilization,-0.20943108098071087
Greedy,mean_ratio,last_selected_position,-0.07167426239822015
Greedy,mean_ratio,first_skipped_position,0.03818245739228601
Greedy,mean_ratio,log_time_millis,-0.012628209456728871
Greedy,mean_ratio,AlmostEqualRatios,-0.2362172307004491
Greedy,mean_ratio,InverseCorrelated,0.5621317448080045
Greedy,mean_ratio,StronglyCorrelated,-0.23069661336807498
Greedy,mean_ratio,WeaklyCorrelated,-0.22356286572343187
Greedy,mean_ratio,log_n,-0.014761659026268787
Greedy,median_ratio,std_ratio,0.09435977499712038
Greedy,median_ratio,ratio_entropy,-0.010639774649872336
Greedy,median_ratio,unique_ratio_count,-0.04611908835345604
Greedy,median_ratio,duplicate_ratio_fraction,-0.00798578461823395
Greedy,median_ratio,unique_weights,-0.04570388324515825
Greedy,median_ratio,unique_values,-0.045308515351769496
Greedy,median_ratio,unique_pairs,-0.0461550357332581
Greedy,median_ratio,duplicate_items,0.016333651936447636
Greedy,median_ratio,duplicate_pairs,0.01630611307732843
Greedy,median_ratio,time_millis,-0.04079801940431508
Greedy,median_ratio,memory_bytes,0.017900762114155193
Greedy,median_ratio,memory_mb,0.017934138685366138
Greedy,median_ratio,solution_value,-0.016062028561160357
Greedy,median_ratio,optimality_gap,-0.005220541049529198
Greedy,median_ratio,nodes_generated,-0.0179077835448652
Greedy,median_ratio,internal_nodes,-0.018768085136665984
Greedy,median_ratio,max_depth,-0.031094529705992725
Greedy,median_ratio,mean_depth,-0.02429014570692555
Greedy,median_ratio,median_depth,-0.023778653756999543
Greedy,median_ratio,mean_queue_size,-0.011057645428127745
Greedy,median_ratio,final_queue_size,-0.00992274245089036
Greedy,median_ratio,mean_bound,-0.016037514520449075
Greedy,median_ratio,bound_variance,0.03879807798354486
Greedy,median_ratio,min_bound,-0.01617794034681319
Greedy,median_ratio,max_bound,-0.015926305723301896
Greedy,median_ratio,mean_bound_gap,0.029469014646782737
Greedy,median_ratio,bound_gap_variance,0.025197963914803678
Greedy,median_ratio,pruned_by_bound,0.008013331295617319
Greedy,median_ratio,pruned_by_cap,-0.009796423456661346
Greedy,median_ratio,left_branches,-0.009546243874839407
Greedy,median_ratio,right_branches,-0.020167968359111527
Greedy,median_ratio,explored_children,-0.017804344757818547
Greedy,median_ratio,skipped_children,-0.019336237701876514
Greedy,median_ratio,skipped_infeasible,-0.03027151907612236
Greedy,median_ratio,skipped_by_bound,0.005606345144852152
Greedy,median_ratio,improvement_count,-0.019549247134634355
Greedy,median_ratio,sum_improvement_amount,0.015167045933535525
Greedy,median_ratio,mean_improvement_amount,0.0683878708655559
Greedy,median_ratio,last_improvement_node,0.00023908754861713788
Greedy,median_ratio,pruned_generated_ratio,0.02196460482404274
Greedy,median_ratio,avg_branching_factor,-0.009581320506911097
Greedy,median_ratio,capacity_density,-0.03302770694344727
Greedy,median_ratio,cells_allocated,-0.0234988973746723
Greedy,median_ratio,total_evaluations,-0.030461090346032303
Greedy,median_ratio,include_count,-0.01820596876883312
Greedy,median_ratio,exclude_count,-0.04029149418138714
Greedy,median_ratio,tie_count,-0.03443260543803052
Greedy,median_ratio,include_ratio,0.0453202058343575
Greedy,median_ratio,nonzero_value_states,-0.023212552874203336
Greedy,median_ratio,zero_value_states,-0.015545120998962244
Greedy,median_ratio,fill_rate,0.020195033301349474
Greedy,median_ratio,mean_cell_value,-0.013866110317810742
Greedy,median_ratio,cell_value_variance,-0.01766273923214816
Greedy,median_ratio,dp_sum_improvement_amount,-0.0033112418632252664
Greedy,median_ratio,dp_mean_improvement_amount,0.05213868299724299
Greedy,median_ratio,updates_per_cell,-0.009468762048367538
Greedy,median_ratio,selected_count,-0.019960256629563536
Greedy,median_ratio,solution_density,0.05295445823288343
Greedy,median_ratio,residual_capacity,0.02961454781932297
Greedy,median_ratio,capacity_utilization,-0.0336751334418422
Greedy,median_ratio,last_selected_position,-0.03139540059017974
Greedy,median_ratio,first_skipped_position,-0.01955869184851958
Greedy,median_ratio,log_time_millis,-0.04928870207701607
Greedy,median_ratio,AlmostEqualRatios,-0.03450619370608069
Greedy,median_ratio,InverseCorrelated,0.05832984239807026
Greedy,median_ratio,StronglyCorrelated,0.004503768757719042
Greedy,median_ratio,WeaklyCorrelated,-0.03280445985595441
Greedy,median_ratio,log_n,-0.045299338508811036
Greedy,std_ratio,ratio_entropy,-0.42250575169171406
Greedy,std_ratio,unique_ratio_count,0.08518407441187109
Greedy,std_ratio,duplicate_ratio_fraction,0.3252341969455529
Greedy,std_ratio,unique_weights,0.10519068187890174
Greedy,std_ratio,unique_values,0.1055784049083761
Greedy,std_ratio,unique_pairs,0.07943896979759633
Greedy,std_ratio,duplicate_items,0.16567029667213767
Greedy,std_ratio,duplicate_pairs,0.16424716799851993
Greedy,std_ratio,time_millis,0.04171612023524183
Greedy,std_ratio,memory_bytes,0.009898181035699151
Greedy,std_ratio,memory_mb,0.009877565659810336
Greedy,std_ratio,solution_value,0.18245688268759888
Greedy,std_ratio,optimality_gap,-0.14593276130196145
Greedy,std_ratio,nodes_generated,0.16402370935885896
Greedy,std_ratio,internal_nodes,0.16235191976970828
Greedy,std_ratio,max_depth,0.128865009807055
Greedy,std_ratio,mean_depth,0.0841054197113874
Greedy,std_ratio,median_depth,0.07675602066433442
Greedy,std_ratio,mean_queue_size,0.17949129761723312
Greedy,std_ratio,final_queue_size,0.1346534201056246
Greedy,std_ratio,mean_bound,0.18239895147750324
Greedy,std_ratio,bound_variance,0.36589729441496144
Greedy,std_ratio,min_bound,0.18071424585685816
Greedy,std_ratio,max_bound,0.183057929229982
Greedy,std_ratio,mean_bound_gap,0.13859205844016886
Greedy,std_ratio,bound_gap_variance,0.16085569422254617
Greedy,std_ratio,pruned_by_bound,-0.07900028072023974
Greedy,std_ratio,pruned_by_cap,0.13263710774735005
Greedy,std_ratio,left_branches,0.17590706253657423
Greedy,std_ratio,right_branches,0.1601338328072703
Greedy,std_ratio,explored_children,0.16334787601352643
Greedy,std_ratio,skipped_children,0.1595012857721419
Greedy,std_ratio,skipped_infeasible,0.1290856494405946
Greedy,std_ratio,skipped_by_bound,0.17676021237554948
Greedy,std_ratio,improvement_count,0.09746281182042703
Greedy,std_ratio,sum_improvement_amount,0.28092104688005026
Greedy,std_ratio,mean_improvement_amount,0.5026003774316703
Greedy,std_ratio,last_improvement_node,-0.05839681799153774
Greedy,std_ratio,pruned_generated_ratio,-0.03277022301485428
Greedy,std_ratio,avg_branching_factor,0.07126377884216756
Greedy,std_ratio,capacity_density,-0.011338039385578935
Greedy,std_ratio,cells_allocated,0.033488572171034854
Greedy,std_ratio,total_evaluations,0.07053050756314873
Greedy,std_ratio,include_count,0.07959511609742026
Greedy,std_ratio,exclude_count,0.06233604072499049
Greedy,std_ratio,tie_count,-0.15469633497060276
Greedy,std_ratio,include_ratio,0.0852742867034324
Greedy,std_ratio,nonzero_value_states,0.034829750462930104
Greedy,std_ratio,zero_value_states,-0.33363383299994814
Greedy,std_ratio,fill_rate,0.147519962352023
Greedy,std_ratio,mean_cell_value,0.23876675078095627
Greedy,std_ratio,cell_value_variance,0.12431799927974867
Greedy,std_ratio,dp_sum_improvement_amount,0.1796384832263528
Greedy,std_ratio,dp_mean_improvement_amount,0.4454393563693548
Greedy,std_ratio,updates_per_cell,0.13881953993706786
Greedy,std_ratio,selected_count,0.10829985216628862
Greedy,std_ratio,solution_density,0.07927813727159437
Greedy,std_ratio,residual_capacity,0.29046955376541095
Greedy,std_ratio,capacity_utilization,-0.12043688032511117
Greedy,std_ratio,last_selected_position,-0.010584389832168561
Greedy,std_ratio,first_skipped_position,0.11166746551226724
Greedy,std_ratio,log_time_millis,0.09226559406257706
Greedy,std_ratio,AlmostEqualRatios,-0.2429058088790597
Greedy,std_ratio,InverseCorrelated,0.5438291562131238
Greedy,std_ratio,StronglyCorrelated,-0.2400469085952264
Greedy,std_ratio,WeaklyCorrelated,-0.21797635721916944
Greedy,std_ratio,log_n,0.10561307439317272
Greedy,ratio_entropy,unique_ratio_count,-0.3139497281041574
Greedy,ratio_entropy,duplicate_ratio_fraction,-0.22292630074475564
Greedy,ratio_entropy,unique_weights,-0.3206232743092129
Greedy,ratio_entropy,unique_values,-0.319839437665295
Greedy,ratio_entropy,unique_pairs,-0.3058873639886379
Greedy,ratio_entropy,duplicate_items,-0.24929790059354165
Greedy,ratio_entropy,duplicate_pairs,-0.24876803510161094
Greedy,ratio_entropy,time_millis,-0.24335384464479828
Greedy,ratio_entropy,memory_bytes,-0.005587912189829583
Greedy,ratio_entropy,memory_mb,-0.005351868159851953
Greedy,ratio_entropy,solution_value,-0.2482875975973273
Greedy,ratio_entropy,optimality_gap,0.09756233956546767
Greedy,ratio_entropy,nodes_generated,-0.28447535745908936
Greedy,ratio_entropy,internal_nodes,-0.28617330664956037
Greedy,ratio_entropy,max_depth,-0.3730959330335387
Greedy,ratio_entropy,mean_depth,-0.3243386383250173
Greedy,ratio_entropy,median_depth,-0.3165849146860131
Greedy,ratio_entropy,mean_queue_size,-0.2829187075469191
Greedy,ratio_entropy,final_queue_size,-0.15751895599267712
Greedy,ratio_entropy,mean_bound,-0.24830280088514087
Greedy,ratio_entropy,bound_variance,-0.19306314946381883
Greedy,ratio_entropy,min_bound,-0.24698318455362642
Greedy,ratio_entropy,max_bound,-0.248739936566315
Greedy,ratio_entropy,mean_bound_gap,-0.12518077034784636
Greedy,ratio_entropy,bound_gap_variance,-0.21266782105420934
Greedy,ratio_entropy,pruned_by_bound,-0.0207787691623705
Greedy,ratio_entropy,pruned_by_cap,-0.1590025039730156
Greedy,ratio_entropy,left_branches,-0.2603254061611945
Greedy,ratio_entropy,right_branches,-0.2878957377726812
Greedy,ratio_entropy,explored_children,-0.28480584883217325
Greedy,ratio_entropy,skipped_children,-0.2935070718765815
Greedy,ratio_entropy,skipped_infeasible,-0.2514160036332637
Greedy,ratio_entropy,skipped_by_bound,-0.27130449661223077
Greedy,ratio_entropy,improvement_count,-0.24235509927225396
Greedy,ratio_entropy,sum_improvement_amount,-0.32848664098040065
Greedy,ratio_entropy,mean_improvement_amount,-0.25910847553260286
Greedy,ratio_entropy,last_improvement_node,-0.10129221290081136
Greedy,ratio_entropy,pruned_generated_ratio,0.11453086612583961
Greedy,ratio_entropy,avg_branching_factor,-0.07930780086880647
Greedy,ratio_entropy,capacity_density,0.02131291684751905
Greedy,ratio_entropy,cells_allocated,-0.10458779014022254
Greedy,ratio_entropy,total_evaluations,-0.21376478851363276
Greedy,ratio_entropy,include_count,-0.20598602072366748
Greedy,ratio_entropy,exclude_count,-0.21592073573182133
Greedy,ratio_entropy,tie_count,0.01045680220580546
Greedy,ratio_entropy,include_ratio,-0.050393349392714885
Greedy,ratio_entropy,nonzero_value_states,-0.10674125104321228
Greedy,ratio_entropy,zero_value_states,0.3990087777560797
Greedy,ratio_entropy,fill_rate,-0.2515539853192007
Greedy,ratio_entropy,mean_cell_value,-0.2745180691195564
Greedy,ratio_entropy,cell_value_variance,-0.19319536959635417
Greedy,ratio_entropy,dp_sum_improvement_amount,-0.2377011954531035
Greedy,ratio_entropy,dp_mean_improvement_amount,-0.22648379625011142
Greedy,ratio_entropy,updates_per_cell,-0.3340400092466516
Greedy,ratio_entropy,selected_count,-0.2370877880760922
Greedy,ratio_entropy,solution_density,-0.08257281079331112
Greedy,ratio_entropy,residual_capacity,-0.18323608003263206
Greedy,ratio_entropy,capacity_utilization,0.02440584117000282
Greedy,ratio_entropy,last_selected_position,-0.14481802808669184
Greedy,ratio_entropy,first_skipped_position,-0.242429502387067
Greedy,ratio_entropy,log_time_millis,-0.34112378614559147
Greedy,ratio_entropy,AlmostEqualRatios,0.8076690059989243
Greedy,ratio_entropy,InverseCorrelated,-0.3088377682179302
Greedy,ratio_entropy,StronglyCorrelated,-0.253868261571497
Greedy,ratio_entropy,WeaklyCorrelated,-0.00015045888039880634
Greedy,ratio_entropy,log_n,-0.32006525579960393
Greedy,unique_ratio_count,duplicate_ratio_fraction,0.44017105692976743
Greedy,unique_ratio_count,unique_weights,0.9970883216124238
Greedy,unique_ratio_count,unique_values,0.9971215497016946
Greedy,unique_ratio_count,unique_pairs,0.9998618563223803
Greedy,unique_ratio_count,duplicate_items,0.6096024221903655
Greedy,unique_ratio_count,duplicate_pairs,0.6090966280059891
Greedy,unique_ratio_count,time_millis,0.6977294997266343
Greedy,unique_ratio_count,memory_bytes,-0.014135030605462222
Greedy,unique_ratio_count,memory_mb,-0.014115943497964904
Greedy,unique_ratio_count,solution_value,0.5270067252122518
Greedy,unique_ratio_count,optimality_gap,-0.3106075076570313
Greedy,unique_ratio_count,nodes_generated,0.5641551161464369
Greedy,unique_ratio_count,internal_nodes,0.5519645535296064
Greedy,unique_ratio_count,max_depth,0.7926768892399787
Greedy,unique_ratio_count,mean_depth,0.7142542738681915
Greedy,unique_ratio_count,median_depth,0.7023765604341666
Greedy,unique_ratio_count,mean_queue_size,0.525801822263302
Greedy,unique_ratio_count,final_queue_size,0.21370089182064964
Greedy,unique_ratio_count,mean_bound,0.5269016695835022
Greedy,unique_ratio_count,bound_variance,-0.22984167005730446
Greedy,unique_ratio_count,min_bound,0.5271445003850949
Greedy,unique_ratio_count,max_bound,0.5268592669425931
Greedy,unique_ratio_count,mean_bound_gap,0.06870632359691684
Greedy,unique_ratio_count,bound_gap_variance,0.1923637073742498
Greedy,unique_ratio_count,pruned_by_bound,0.10525037506479047
Greedy,unique_ratio_count,pruned_by_cap,0.2141098505173566
Greedy,unique_ratio_count,left_branches,0.48908338149125546
Greedy,unique_ratio_count,right_branches,0.5602714414921683
Greedy,unique_ratio_count,explored_children,0.5611533696091692
Greedy,unique_ratio_count,skipped_children,0.5021604448972845
Greedy,unique_ratio_count,skipped_infeasible,0.43664791260979474
Greedy,unique_ratio_count,skipped_by_bound,0.1871803830077439
Greedy,unique_ratio_count,improvement_count,0.5527529864983793
Greedy,unique_ratio_count,sum_improvement_amount,0.44526643226074003
Greedy,unique_ratio_count,mean_improvement_amount,-0.01859043696567865
Greedy,unique_ratio_count,last_improvement_node,0.16421165792949233
Greedy,unique_ratio_count,pruned_generated_ratio,0.01198638958166358
Greedy,unique_ratio_count,avg_branching_factor,0.24959499719064748
Greedy,unique_ratio_count,capacity_density,-0.06367570385048883
Greedy,unique_ratio_count,cells_allocated,0.3264621238654855
Greedy,unique_ratio_count,total_evaluations,0.6663795928381232
Greedy,unique_ratio_count,include_count,0.49644107423022826
Greedy,unique_ratio_count,exclude_count,0.7469179581674545
Greedy,unique_ratio_count,tie_count,0.5247289299533086
Greedy,unique_ratio_count,include_ratio,-0.3121531884399564
Greedy,unique_ratio_count,nonzero_value_states,0.32956129414386426
Greedy,unique_ratio_count,zero_value_states,-0.74953876351659
Greedy,unique_ratio_count,fill_rate,0.4221664578766775
Greedy,unique_ratio_count,mean_cell_value,0.4871369021130763
Greedy,unique_ratio_count,cell_value_variance,0.4782773678543877
Greedy,unique_ratio_count,dp_sum_improvement_amount,0.39527525939160507
Greedy,unique_ratio_count,dp_mean_improvement_amount,-0.17826163043387402
Greedy,unique_ratio_count,updates_per_cell,0.7003903135416185
Greedy,unique_ratio_count,selected_count,0.5541945612741145
Greedy,unique_ratio_count,solution_density,-0.14903215640178138
Greedy,unique_ratio_count,residual_capacity,-0.21597851533240064
Greedy,unique_ratio_count,capacity_utilization,0.4405060938475367
Greedy,unique_ratio_count,last_selected_position,0.6624780335816796
Greedy,unique_ratio_count,first_skipped_position,0.5519380758933339
Greedy,unique_ratio_count,log_time_millis,0.9149739352185117
Greedy,unique_ratio_count,AlmostEqualRatios,0.0025029830857618953
Greedy,unique_ratio_count,InverseCorrelated,-0.03839480206502696
Greedy,unique_ratio_count,StronglyCorrelated,0.00195319921625027
Greedy,unique_ratio_count,WeaklyCorrelated,0.015811037032420674
Greedy,unique_ratio_count,log_n,0.997979147426104
Greedy,duplicate_ratio_fraction,unique_weights,0.4826998965476531
Greedy,duplicate_ratio_fraction,unique_values,0.4832107363067325
Greedy,duplicate_ratio_fraction,unique_pairs,0.44014348989833396
Greedy,duplicate_ratio_fraction,duplicate_items,0.6113756558249493
Greedy,duplicate_ratio_fraction,duplicate_pairs,0.6077929149187908
Greedy,duplicate_ratio_fraction,time_millis,0.3145818812059524
Greedy,duplicate_ratio_fraction,memory_bytes,0.003178334625209957
Greedy,duplicate_ratio_fraction,memory_mb,0.003362348731041924
Greedy,duplicate_ratio_fraction,solution_value,0.43384767696559573
Greedy,duplicate_ratio_fraction,optimality_gap,-0.16186717466568257
Greedy,duplicate_ratio_fraction,nodes_generated,0.70910059721017
Greedy,duplicate_ratio_fraction,internal_nodes,0.7080279421520331
Greedy,duplicate_ratio_fraction,max_depth,0.6087649328349962
Greedy,duplicate_ratio_fraction,mean_depth,0.5402589527778301
Greedy,duplicate_ratio_fraction,median_depth,0.5046416591689601
Greedy,duplicate_ratio_fraction,mean_queue_size,0.6218695763502166
Greedy,duplicate_ratio_fraction,final_queue_size,0.46942360207719863
Greedy,duplicate_ratio_fraction,mean_bound,0.4338885653536249
Greedy,duplicate_ratio_fraction,bound_variance,-0.14275904336381684
Greedy,duplicate_ratio_fraction,min_bound,0.43401637499077617
Greedy,duplicate_ratio_fraction,max_bound,0.4343766100381
Greedy,duplicate_ratio_fraction,mean_bound_gap,-0.21930436670847092
Greedy,duplicate_ratio_fraction,bound_gap_variance,-0.1144012539255337
Greedy,duplicate_ratio_fraction,pruned_by_bound,-0.26823546022247197
Greedy,duplicate_ratio_fraction,pruned_by_cap,0.46738956185625047
Greedy,duplicate_ratio_fraction,left_branches,0.6176156620214663
Greedy,duplicate_ratio_fraction,right_branches,0.7061088246345202
Greedy,duplicate_ratio_fraction,explored_children,0.7044646326643124
Greedy,duplicate_ratio_fraction,skipped_children,0.6899346187135111
Greedy,duplicate_ratio_fraction,skipped_infeasible,0.603817723132465
Greedy,duplicate_ratio_fraction,skipped_by_bound,0.3920067139832745
Greedy,duplicate_ratio_fraction,improvement_count,0.39596836775017835
Greedy,duplicate_ratio_fraction,sum_improvement_amount,0.33475002190722125
Greedy,duplicate_ratio_fraction,mean_improvement_amount,0.26683897445213955
Greedy,duplicate_ratio_fraction,last_improvement_node,0.10999387825575914
Greedy,duplicate_ratio_fraction,pruned_generated_ratio,-0.24859235879678374
Greedy,duplicate_ratio_fraction,avg_branching_factor,0.28552078676983766
Greedy,duplicate_ratio_fraction,capacity_density,-0.026176789581647278
Greedy,duplicate_ratio_fraction,cells_allocated,0.16207226157042445
Greedy,duplicate_ratio_fraction,total_evaluations,0.33067967305191126
Greedy,duplicate_ratio_fraction,include_count,0.25980071520668124
Greedy,duplicate_ratio_fraction,exclude_count,0.35818341167582896
Greedy,duplicate_ratio_fraction,tie_count,0.24057907024669775
Greedy,duplicate_ratio_fraction,include_ratio,-0.08391362776919235
Greedy,duplicate_ratio_fraction,nonzero_value_states,0.16326260258621011
Greedy,duplicate_ratio_fraction,zero_value_states,-0.37119849812690814
Greedy,duplicate_ratio_fraction,fill_rate,0.17476597141442737
Greedy,duplicate_ratio_fraction,mean_cell_value,0.4820019122984523
Greedy,duplicate_ratio_fraction,cell_value_variance,0.38036069653396976
Greedy,duplicate_ratio_fraction,dp_sum_improvement_amount,0.2612224683873757
Greedy,duplicate_ratio_fraction,dp_mean_improvement_amount,0.12836171275128397
Greedy,duplicate_ratio_fraction,updates_per_cell,0.3788767839858881
Greedy,duplicate_ratio_fraction,selected_count,0.4009085189696613
Greedy,duplicate_ratio_fraction,solution_density,-0.0031614784680688243
Greedy,duplicate_ratio_fraction,residual_capacity,0.2111062598721322
Greedy,duplicate_ratio_fraction,capacity_utilization,0.10437655509303909
Greedy,duplicate_ratio_fraction,last_selected_position,0.2574257934250376
Greedy,duplicate_ratio_fraction,first_skipped_position,0.40295464385096097
Greedy,duplicate_ratio_fraction,log_time_millis,0.41158515531655687
Greedy,duplicate_ratio_fraction,AlmostEqualRatios,-0.018979556260794433
Greedy,duplicate_ratio_fraction,InverseCorrelated,0.536187603029002
Greedy,duplicate_ratio_fraction,StronglyCorrelated,-0.013918917968832364
Greedy,duplicate_ratio_fraction,WeaklyCorrelated,-0.2325320041837837
Greedy,duplicate_ratio_fraction,log_n,0.4961708694318538
Greedy,unique_weights,unique_values,0.9997478693651167
Greedy,unique_weights,unique_pairs,0.996743659911013
Greedy,unique_weights,duplicate_items,0.6258263869502103
Greedy,unique_weights,duplicate_pairs,0.6251612559472981
Greedy,unique_weights,time_millis,0.677060794202652
Greedy,unique_weights,memory_bytes,-0.013659819666380078
Greedy,unique_weights,memory_mb,-0.013636145753396695
Greedy,unique_weights,solution_value,0.5242358498603843
Greedy,unique_weights,optimality_gap,-0.31763492879691313
Greedy,unique_weights,nodes_generated,0.5900885907096298
Greedy,unique_weights,internal_nodes,0.5785388716604312
Greedy,unique_weights,max_depth,0.7874444043603395
Greedy,unique_weights,mean_depth,0.7077881579934456
Greedy,unique_weights,median_depth,0.6939279039505601
Greedy,unique_weights,mean_queue_size,0.5469700800181809
Greedy,unique_weights,final_queue_size,0.2289525472554369
Greedy,unique_weights,mean_bound,0.5241328441286087
Greedy,unique_weights,bound_variance,-0.2288309905966162
Greedy,unique_weights,min_bound,0.5243567744947156
Greedy,unique_weights,max_bound,0.5241249798075023
Greedy,unique_weights,mean_bound_gap,0.05301254703042058
Greedy,unique_weights,bound_gap_variance,0.18078996776399875
Greedy,unique_weights,pruned_by_bound,0.09324909024057294
Greedy,unique_weights,pruned_by_cap,0.2291511190224717
Greedy,unique_weights,left_branches,0.5104876923547883
Greedy,unique_weights,right_branches,0.5866493322895695
Greedy,unique_weights,explored_children,0.5868760139919648
Greedy,unique_weights,skipped_children,0.5300194203795425
Greedy,unique_weights,skipped_infeasible,0.46142213332261983
Greedy,unique_weights,skipped_by_bound,0.21315732367137866
Greedy,unique_weights,improvement_count,0.5457435663153769
Greedy,unique_weights,sum_improvement_amount,0.45365858019089156
Greedy,unique_weights,mean_improvement_amount,0.0014569760914127587
Greedy,unique_weights,last_improvement_node,0.15722640599811263
Greedy,unique_weights,pruned_generated_ratio,-0.008641181289836328
Greedy,unique_weights,avg_branching_factor,0.2594461131161018
Greedy,unique_weights,capacity_density,-0.06503136167201656
Greedy,unique_weights,cells_allocated,0.3265036995631494
Greedy,unique_weights,total_evaluations,0.6666132148118934
Greedy,unique_weights,include_count,0.49785840431275696
Greedy,unique_weights,exclude_count,0.7469007455070933
Greedy,unique_weights,tie_count,0.5300465282234731
Greedy,unique_weights,include_ratio,-0.31115754667594936
Greedy,unique_weights,nonzero_value_states,0.3296973862144533
Greedy,unique_weights,zero_value_states,-0.7534369945256358
Greedy,unique_weights,fill_rate,0.431626701821029
Greedy,unique_weights,mean_cell_value,0.49036621221513316
Greedy,unique_weights,cell_value_variance,0.4667390504376279
Greedy,unique_weights,dp_sum_improvement_amount,0.40012914712207504
Greedy,unique_weights,dp_mean_improvement_amount,-0.16358171448382813
Greedy,unique_weights,updates_per_cell,0.7036427070098822
Greedy,unique_weights,selected_count,0.5472231766003044
Greedy,unique_weights,solution_density,-0.14626880582262067
Greedy,unique_weights,residual_capacity,-0.19735357376383555
Greedy,unique_weights,capacity_utilization,0.44202066943747886
Greedy,unique_weights,last_selected_position,0.6389190004059289
Greedy,unique_weights,first_skipped_position,0.5451729071673923
Greedy,unique_weights,log_time_millis,0.913655818408261
Greedy,unique_weights,AlmostEqualRatios,0.0003073448686819859
Greedy,unique_weights,InverseCorrelated,0.00015611201834566364
Greedy,unique_weights,StronglyCorrelated,0.0003245617558241122
Greedy,unique_weights,WeaklyCorrelated,-0.0003590703123890206
Greedy,unique_weights,log_n,0.9981429454972574
Greedy,unique_values,unique_pairs,0.9968053779463357
Greedy,unique_values,duplicate_items,0.6266564702388646
Greedy,unique_values,duplicate_pairs,0.6259921997889941
Greedy,unique_values,time_millis,0.6776495818689627
Greedy,unique_values,memory_bytes,-0.014208991317882292
Greedy,unique_values,memory_mb,-0.01418395711847278
Greedy,unique_values,solution_value,0.5244950341894787
Greedy,unique_values,optimality_gap,-0.3177135615006635
Greedy,unique_values,nodes_generated,0.59029188569794
Greedy,unique_values,internal_nodes,0.578704515257251
Greedy,unique_values,max_depth,0.787554213999132
Greedy,unique_values,mean_depth,0.7080487546460775
Greedy,unique_values,median_depth,0.6942014017465588
Greedy,unique_values,mean_queue_size,0.5471399551569922
Greedy,unique_values,final_queue_size,0.22878034463442862
Greedy,unique_values,mean_bound,0.5243921679087861
Greedy,unique_values,bound_variance,-0.2291707808521301
Greedy,unique_values,min_bound,0.5246134005681031
Greedy,unique_values,max_bound,0.5243851042766087
Greedy,unique_values,mean_bound_gap,0.052873583488928885
Greedy,unique_values,bound_gap_variance,0.18069364650263584
Greedy,unique_values,pruned_by_bound,0.09339668313096793
Greedy,unique_values,pruned_by_cap,0.22897125829154047
Greedy,unique_values,left_branches,0.510694996177001
Greedy,unique_values,right_branches,0.5867835508552607
Greedy,unique_values,explored_children,0.587047125482661
Greedy,unique_values,skipped_children,0.5300665358767714
Greedy,unique_values,skipped_infeasible,0.46153796543513814
Greedy,unique_values,skipped_by_bound,0.2128940438077534
Greedy,unique_values,improvement_count,0.5460526871448719
Greedy,unique_values,sum_improvement_amount,0.45383480718840513
Greedy,unique_values,mean_improvement_amount,0.002099328717848219
Greedy,unique_values,last_improvement_node,0.15703025578909327
Greedy,unique_values,pruned_generated_ratio,-0.008090968966871363
Greedy,unique_values,avg_branching_factor,0.2593460408154032
Greedy,unique_values,capacity_density,-0.0649174265919585
Greedy,unique_values,cells_allocated,0.32654326097438824
Greedy,unique_values,total_evaluations,0.6666506522624899
Greedy,unique_values,include_count,0.4978408637979602
Greedy,unique_values,exclude_count,0.7469005882944867
Greedy,unique_values,tie_count,0.528735804059133
Greedy,unique_values,include_ratio,-0.3109506984903311
Greedy,unique_values,nonzero_value_states,0.3297295855503513
Greedy,unique_values,zero_value_states,-0.7527719862316696
Greedy,unique_values,fill_rate,0.43090680087218663
Greedy,unique_values,mean_cell_value,0.4905407629039052
Greedy,unique_values,cell_value_variance,0.4671056231138495
Greedy,unique_values,dp_sum_improvement_amount,0.4002551523736449
Greedy,unique_values,dp_mean_improvement_amount,-0.16300473564081866
Greedy,unique_values,updates_per_cell,0.7035460736870761
Greedy,unique_values,selected_count,0.5475201463939929
Greedy,unique_values,solution_density,-0.14608909138027662
Greedy,unique_values,residual_capacity,-0.1966226944294123
Greedy,unique_values,capacity_utilization,0.44135113531833325
Greedy,unique_values,last_selected_position,0.639141028123327
Greedy,unique_values,first_skipped_position,0.5454735098261319
Greedy,unique_values,log_time_millis,0.9135472092364337
Greedy,unique_values,AlmostEqualRatios,0.0017545075459990144
Greedy,unique_values,InverseCorrelated,0.0006604755751672246
Greedy,unique_values,StronglyCorrelated,0.00043031829358885896
Greedy,unique_values,WeaklyCorrelated,-0.0032463380508947733
Greedy,unique_values,log_n,0.9982049333592632
Greedy,unique_pairs,duplicate_items,0.6115267830352455
Greedy,unique_pairs,duplicate_pairs,0.6110482588135797
Greedy,unique_pairs,time_millis,0.6981143026870131
Greedy,unique_pairs,memory_bytes,-0.01440422258187589
Greedy,unique_pairs,memory_mb,-0.01438090128470356
Greedy,unique_pairs,solution_value,0.5250269552763144
Greedy,unique_pairs,optimality_gap,-0.30997419426496997
Greedy,unique_pairs,nodes_generated,0.5646363152428974
Greedy,unique_pairs,internal_nodes,0.552409352163131
Greedy,unique_pairs,max_depth,0.7931281138624825
Greedy,unique_pairs,mean_depth,0.7162343255731108
Greedy,unique_pairs,median_depth,0.7043198717629711
Greedy,unique_pairs,mean_queue_size,0.5254866858892684
Greedy,unique_pairs,final_queue_size,0.2139628211843245
Greedy,unique_pairs,mean_bound,0.5249219822693844
Greedy,unique_pairs,bound_variance,-0.23884989175332996
Greedy,unique_pairs,min_bound,0.5251906909706535
Greedy,unique_pairs,max_bound,0.5248715550547447
Greedy,unique_pairs,mean_bound_gap,0.06400557353221423
Greedy,unique_pairs,bound_gap_variance,0.18792523035312172
Greedy,unique_pairs,pruned_by_bound,0.10526497799568249
Greedy,unique_pairs,pruned_by_cap,0.2144333463502218
Greedy,unique_pairs,left_branches,0.4887526323044978
Greedy,unique_pairs,right_branches,0.5607254702383907
Greedy,unique_pairs,explored_children,0.5616080382173181
Greedy,unique_pairs,skipped_children,0.5023272179023084
Greedy,unique_pairs,skipped_infeasible,0.43700777235589716
Greedy,unique_pairs,skipped_by_bound,0.18423196564958744
Greedy,unique_pairs,improvement_count,0.5530864885681905
Greedy,unique_pairs,sum_improvement_amount,0.4411789792903624
Greedy,unique_pairs,mean_improvement_amount,-0.025669222402707994
Greedy,unique_pairs,last_improvement_node,0.16859771936474857
Greedy,unique_pairs,pruned_generated_ratio,0.01227914786027709
Greedy,unique_pairs,avg_branching_factor,0.24942238923758245
Greedy,unique_pairs,capacity_density,-0.06363093205492489
Greedy,unique_pairs,cells_allocated,0.3263891490929516
Greedy,unique_pairs,total_evaluations,0.6662500879245389
Greedy,unique_pairs,include_count,0.49580119825830543
Greedy,unique_pairs,exclude_count,0.7468742619140256
Greedy,unique_pairs,tie_count,0.5267910615355628
Greedy,unique_pairs,include_ratio,-0.3133569768046974
Greedy,unique_pairs,nonzero_value_states,0.32948508867599285
Greedy,unique_pairs,zero_value_states,-0.7499843897243306
Greedy,unique_pairs,fill_rate,0.4218228179057481
Greedy,unique_pairs,mean_cell_value,0.48392593778279747
Greedy,unique_pairs,cell_value_variance,0.47734112522399846
Greedy,unique_pairs,dp_sum_improvement_amount,0.39288313359636345
Greedy,unique_pairs,dp_mean_improvement_amount,-0.18570764003488224
Greedy,unique_pairs,updates_per_cell,0.6989982295939253
Greedy,unique_pairs,selected_count,0.5542407646043708
Greedy,unique_pairs,solution_density,-0.1498542256652631
Greedy,unique_pairs,residual_capacity,-0.21862711793558773
Greedy,unique_pairs,capacity_utilization,0.441211699652572
Greedy,unique_pairs,last_selected_position,0.6626370834587679
Greedy,unique_pairs,first_skipped_position,0.5519245624906878
Greedy,unique_pairs,log_time_millis,0.9142478755689929
Greedy,unique_pairs,AlmostEqualRatios,0.011265593816028183
Greedy,unique_pairs,InverseCorrelated,-0.043463914135798754
Greedy,unique_pairs,StronglyCorrelated,0.0069621058778717325
Greedy,unique_pairs,WeaklyCorrelated,0.012287110652741105
Greedy,unique_pairs,log_n,0.9977985533435884
Greedy,duplicate_items,duplicate_pairs,0.9999776249811946
Greedy,duplicate_items,time_millis,0.43026296985210705
Greedy,duplicate_items,memory_bytes,-0.003896087629750861
Greedy,duplicate_items,memory_mb,-0.003801677764109995
Greedy,duplicate_items,solution_value,0.34284978909984065
Greedy,duplicate_items,optimality_gap,-0.22467891880714075
Greedy,duplicate_items,nodes_generated,0.5787803641571823
Greedy,duplicate_items,internal_nodes,0.576031408235478
Greedy,duplicate_items,max_depth,0.571967601239157
Greedy,duplicate_items,mean_depth,0.5366697398486059
Greedy,duplicate_items,median_depth,0.5169874676590944
Greedy,duplicate_items,mean_queue_size,0.5075314716295415
Greedy,duplicate_items,final_queue_size,0.24373861173790148
Greedy,duplicate_items,mean_bound,0.3428090716315652
Greedy,duplicate_items,bound_variance,-0.25060248703307103
Greedy,duplicate_items,min_bound,0.3431487170050786
Greedy,duplicate_items,max_bound,0.34307552409168746
Greedy,duplicate_items,mean_bound_gap,-0.14755543835535986
Greedy,duplicate_items,bound_gap_variance,-0.020416686542457457
Greedy,duplicate_items,pruned_by_bound,-0.008558458425974092
Greedy,duplicate_items,pruned_by_cap,0.24372437057914087
Greedy,duplicate_items,left_branches,0.4891045217673731
Greedy,duplicate_items,right_branches,0.5795691815187849
Greedy,duplicate_items,explored_children,0.5763823194167225
Greedy,duplicate_items,skipped_children,0.5494882906570374
Greedy,duplicate_items,skipped_infeasible,0.4783906659968746
Greedy,duplicate_items,skipped_by_bound,0.29870131983060694
Greedy,duplicate_items,improvement_count,0.37890070154710814
Greedy,duplicate_items,sum_improvement_amount,0.2978501351467952
Greedy,duplicate_items,mean_improvement_amount,0.07721587380241765
Greedy,duplicate_items,last_improvement_node,0.14982958564835924
Greedy,duplicate_items,pruned_generated_ratio,-0.16517566296337335
Greedy,duplicate_items,avg_branching_factor,0.2182799445126168
Greedy,duplicate_items,capacity_density,-0.03754727205959837
Greedy,duplicate_items,cells_allocated,0.20639517726526993
Greedy,duplicate_items,total_evaluations,0.4210029210735828
Greedy,duplicate_items,include_count,0.3180243514078962
Greedy,duplicate_items,exclude_count,0.46219349536668464
Greedy,duplicate_items,tie_count,0.33615882663795854
Greedy,duplicate_items,include_ratio,-0.15354521216057854
Greedy,duplicate_items,nonzero_value_states,0.20824409610553368
Greedy,duplicate_items,zero_value_states,-0.47032245303398257
Greedy,duplicate_items,fill_rate,0.2558098006511235
Greedy,duplicate_items,mean_cell_value,0.3229965931221171
Greedy,duplicate_items,cell_value_variance,0.2978553788389915
Greedy,duplicate_items,dp_sum_improvement_amount,0.26111320330999666
Greedy,duplicate_items,dp_mean_improvement_amount,-0.08200078847568598
Greedy,duplicate_items,updates_per_cell,0.45252974807075513
Greedy,duplicate_items,selected_count,0.3754255403562654
Greedy,duplicate_items,solution_density,-0.0466455996896971
Greedy,duplicate_items,residual_capacity,0.1068080148831991
Greedy,duplicate_items,capacity_utilization,0.15018494421196377
Greedy,duplicate_items,last_selected_position,0.4140725246643045
Greedy,duplicate_items,first_skipped_position,0.37550122405415826
Greedy,duplicate_items,log_time_millis,0.5478425412469418
Greedy,duplicate_items,AlmostEqualRatios,-0.02290173362416563
Greedy,duplicate_items,InverseCorrelated,0.39209075205769445
Greedy,duplicate_items,StronglyCorrelated,0.1235170125120365
Greedy,duplicate_items,WeaklyCorrelated,-0.12362934394993845
Greedy,duplicate_items,log_n,0.6308956590558037
Greedy,duplicate_pairs,time_millis,0.42966695307211156
Greedy,duplicate_pairs,memory_bytes,-0.003943749044834848
Greedy,duplicate_pairs,memory_mb,-0.0038501972168996645
Greedy,duplicate_pairs,solution_value,0.3412739635599124
Greedy,duplicate_pairs,optimality_gap,-0.22451222265451234
Greedy,duplicate_pairs,nodes_generated,0.5768692491223212
Greedy,duplicate_pairs,internal_nodes,0.5741250744815573
Greedy,duplicate_pairs,max_depth,0.5703837493300911
Greedy,duplicate_pairs,mean_depth,0.5355178390423223
Greedy,duplicate_pairs,median_depth,0.5159735685768383
Greedy,duplicate_pairs,mean_queue_size,0.505773487871562
Greedy,duplicate_pairs,final_queue_size,0.24196600045533756
Greedy,duplicate_pairs,mean_bound,0.34123289861036415
Greedy,duplicate_pairs,bound_variance,-0.25133378246334076
Greedy,duplicate_pairs,min_bound,0.34157379099517066
Greedy,duplicate_pairs,max_bound,0.3414970891379355
Greedy,duplicate_pairs,mean_bound_gap,-0.147239823394636
Greedy,duplicate_pairs,bound_gap_variance,-0.020164611493095064
Greedy,duplicate_pairs,pruned_by_bound,-0.007106557963860716
Greedy,duplicate_pairs,pruned_by_cap,0.2419770740576692
Greedy,duplicate_pairs,left_branches,0.48729348718435417
Greedy,duplicate_pairs,right_branches,0.5776854429088376
Greedy,duplicate_pairs,explored_children,0.5744858569763902
Greedy,duplicate_pairs,skipped_children,0.5476094517223135
Greedy,duplicate_pairs,skipped_infeasible,0.4767347844353049
Greedy,duplicate_pairs,skipped_by_bound,0.29748682019364725
Greedy,duplicate_pairs,improvement_count,0.3778816209621789
Greedy,duplicate_pairs,sum_improvement_amount,0.2967302947003159
Greedy,duplicate_pairs,mean_improvement_amount,0.07556346199351378
Greedy,duplicate_pairs,last_improvement_node,0.15028905256576933
Greedy,duplicate_pairs,pruned_generated_ratio,-0.16448508599395575
Greedy,duplicate_pairs,avg_branching_factor,0.21715738290914557
Greedy,duplicate_pairs,capacity_density,-0.03753723949168621
Greedy,duplicate_pairs,cells_allocated,0.20614966424769376
Greedy,duplicate_pairs,total_evaluations,0.42050426044990385
Greedy,duplicate_pairs,include_count,0.31758837470322127
Greedy,duplicate_pairs,exclude_count,0.46167090014283463
Greedy,duplicate_pairs,tie_count,0.33616057787960335
Greedy,duplicate_pairs,include_ratio,-0.15362671906039857
Greedy,duplicate_pairs,nonzero_value_states,0.20799920588394938
Greedy,duplicate_pairs,zero_value_states,-0.4698912676329051
Greedy,duplicate_pairs,fill_rate,0.2557884363355575
Greedy,duplicate_pairs,mean_cell_value,0.32104563123227553
Greedy,duplicate_pairs,cell_value_variance,0.29640262442537796
Greedy,duplicate_pairs,dp_sum_improvement_amount,0.26037293145064205
Greedy,duplicate_pairs,dp_mean_improvement_amount,-0.08344711614013053
Greedy,duplicate_pairs,updates_per_cell,0.45185671597290067
Greedy,duplicate_pairs,selected_count,0.3743204906308523
Greedy,duplicate_pairs,solution_density,-0.04676278699493233
Greedy,duplicate_pairs,residual_capacity,0.10590193323404572
Greedy,duplicate_pairs,capacity_utilization,0.15015594622892606
Greedy,duplicate_pairs,last_selected_position,0.41344797981557413
Greedy,duplicate_pairs,first_skipped_position,0.3743868065743272
Greedy,duplicate_pairs,log_time_millis,0.5472454550788284
Greedy,duplicate_pairs,AlmostEqualRatios,-0.022531797696155948
Greedy,duplicate_pairs,InverseCorrelated,0.3901751915863362
Greedy,duplicate_pairs,StronglyCorrelated,0.1248389534086417
Greedy,duplicate_pairs,WeaklyCorrelated,-0.12349162174444445
Greedy,duplicate_pairs,log_n,0.630142994623846
Greedy,time_millis,memory_bytes,-0.40451678804340985
Greedy,time_millis,memory_mb,-0.40452863394989363
Greedy,time_millis,solution_value,0.4290904504440782
Greedy,time_millis,optimality_gap,-0.1786169890495026
Greedy,time_millis,nodes_generated,0.39461856217592267
Greedy,time_millis,internal_nodes,0.38633402507773146
Greedy,time_millis,max_depth,0.660257055372025
Greedy,time_millis,mean_depth,0.5904795177962858
Greedy,time_millis,median_depth,0.5802451700637374
Greedy,time_millis,mean_queue_size,0.36166726634633983
Greedy,time_millis,final_queue_size,0.18603393043980826
Greedy,time_millis,mean_bound,0.42904295300575024
Greedy,time_millis,bound_variance,-0.17764959461284566
Greedy,time_millis,min_bound,0.4293246471190465
Greedy,time_millis,max_bound,0.42900072962603275
Greedy,time_millis,mean_bound_gap,0.03733933014351854
Greedy,time_millis,bound_gap_variance,0.11612956701601351
Greedy,time_millis,pruned_by_bound,0.027890583856355858
Greedy,time_millis,pruned_by_cap,0.18711845300666333
Greedy,time_millis,left_branches,0.3387613884185862
Greedy,time_millis,right_branches,0.39147875544706867
Greedy,time_millis,explored_children,0.3930022845991778
Greedy,time_millis,skipped_children,0.35421833989906704
Greedy,time_millis,skipped_infeasible,0.3104388139819729
Greedy,time_millis,skipped_by_bound,0.11061259440265207
Greedy,time_millis,improvement_count,0.4569202137900873
Greedy,time_millis,sum_improvement_amount,0.29286223479777673
Greedy,time_millis,mean_improvement_amount,-0.026183134565839747
Greedy,time_millis,last_improvement_node,0.16654040270827591
Greedy,time_millis,pruned_generated_ratio,0.003894078548328828
Greedy,time_millis,avg_branching_factor,0.16107882640566984
Greedy,time_millis,capacity_density,-0.054084253388277014
Greedy,time_millis,cells_allocated,0.2093217933968277
Greedy,time_millis,total_evaluations,0.4495598103948577
Greedy,time_millis,include_count,0.32527408296763305
Greedy,time_millis,exclude_count,0.5045110543762572
Greedy,time_millis,tie_count,0.3097985477352779
Greedy,time_millis,include_ratio,-0.2151685848987716
Greedy,time_millis,nonzero_value_states,0.2109444377012529
Greedy,time_millis,zero_value_states,-0.5084143790782226
Greedy,time_millis,fill_rate,0.23432264806192935
Greedy,time_millis,mean_cell_value,0.38747555703340175
Greedy,time_millis,cell_value_variance,0.43580002893416736
Greedy,time_millis,dp_sum_improvement_amount,0.2562763658885916
Greedy,time_millis,dp_mean_improvement_amount,-0.1278590388151184
Greedy,time_millis,updates_per_cell,0.4653477021803979
Greedy,time_millis,selected_count,0.45861508401809387
Greedy,time_millis,solution_density,-0.11547889085552109
Greedy,time_millis,residual_capacity,-0.15801288684874315
Greedy,time_millis,capacity_utilization,0.25451141408479216
Greedy,time_millis,last_selected_position,0.5897332997039585
Greedy,time_millis,first_skipped_position,0.4569894725761451
Greedy,time_millis,log_time_millis,0.7937967662740404
Greedy,time_millis,AlmostEqualRatios,-0.0412488568387657
Greedy,time_millis,InverseCorrelated,-0.05808122913726605
Greedy,time_millis,StronglyCorrelated,0.005099119586890516
Greedy,time_millis,WeaklyCorrelated,0.06646035936351072
Greedy,time_millis,log_n,0.6970013118104277
Greedy,memory_bytes,memory_mb,0.999995712593837
Greedy,memory_bytes,solution_value,-0.011309272139393227
Greedy,memory_bytes,optimality_gap,0.015072910536546063
Greedy,memory_bytes,nodes_generated,-0.011334184753045007
Greedy,memory_bytes,internal_nodes,-0.011145234523367634
Greedy,memory_bytes,max_depth,-0.005070165425663673
Greedy,memory_bytes,mean_depth,-0.0123775067836339
Greedy,memory_bytes,median_depth,-0.012904543811290735
Greedy,memory_bytes,mean_queue_size,-0.012857118845966888
Greedy,memory_bytes,final_queue_size,-0.0035911679174117496
Greedy,memory_bytes,mean_bound,-0.011299861651726724
Greedy,memory_bytes,bound_variance,0.02129931916664365
Greedy,memory_bytes,min_bound,-0.011333723730845494
Greedy,memory_bytes,max_bound,-0.011265022571374126
Greedy,memory_bytes,mean_bound_gap,0.004536570008423955
Greedy,memory_bytes,bound_gap_variance,-0.0026193311174148135
Greedy,memory_bytes,pruned_by_bound,-0.0038298751658291004
Greedy,memory_bytes,pruned_by_cap,-0.003586065073836549
Greedy,memory_bytes,left_branches,-0.013350331763439693
Greedy,memory_bytes,right_branches,-0.011473297408129786
Greedy,memory_bytes,explored_children,-0.011402086812597443
Greedy,memory_bytes,skipped_children,-0.010800136041002542
Greedy,memory_bytes,skipped_infeasible,-0.01291265574118021
Greedy,memory_bytes,skipped_by_bound,-0.00448402472177532
Greedy,memory_bytes,improvement_count,-0.013567561353308156
Greedy,memory_bytes,sum_improvement_amount,-0.006594939028048394
Greedy,memory_bytes,mean_improvement_amount,0.015429104139440352
Greedy,memory_bytes,last_improvement_node,-0.00412727560500223
Greedy,memory_bytes,pruned_generated_ratio,-0.0005364209768236778
Greedy,memory_bytes,avg_branching_factor,-0.006176443874140237
Greedy,memory_bytes,capacity_density,-0.009360199159095441
Greedy,memory_bytes,cells_allocated,-0.016417268810202182
Greedy,memory_bytes,total_evaluations,-0.017929480265355013
Greedy,memory_bytes,include_count,-0.016477008071601205
Greedy,memory_bytes,exclude_count,-0.01803754651399157
Greedy,memory_bytes,tie_count,-0.010314327463662648
Greedy,memory_bytes,include_ratio,-0.006139688849384592
Greedy,memory_bytes,nonzero_value_states,-0.016541844661604802
Greedy,memory_bytes,zero_value_states,0.007746474779544745
Greedy,memory_bytes,fill_rate,-0.017749002660034145
Greedy,memory_bytes,mean_cell_value,-0.010360251791279335
Greedy,memory_bytes,cell_value_variance,-0.010116637087993258
Greedy,memory_bytes,dp_sum_improvement_amount,-0.011556753309142917
Greedy,memory_bytes,dp_mean_improvement_amount,0.01228718988519021
Greedy,memory_bytes,updates_per_cell,-0.015392995573161386
Greedy,memory_bytes,selected_count,-0.013104375511793038
Greedy,memory_bytes,solution_density,-0.006731499748635217
Greedy,memory_bytes,residual_capacity,0.006996594862298697
Greedy,memory_bytes,capacity_utilization,-0.024601700578198323
Greedy,memory_bytes,last_selected_position,-0.012056105628674244
Greedy,memory_bytes,first_skipped_position,-0.013049001574001576
Greedy,memory_bytes,log_time_millis,-0.1302150762769735
Greedy,memory_bytes,AlmostEqualRatios,-0.008184297000119765
Greedy,memory_bytes,InverseCorrelated,0.013658997660072687
Greedy,memory_bytes,StronglyCorrelated,-0.020258166451061363
Greedy,memory_bytes,WeaklyCorrelated,0.011378574293789396
Greedy,memory_bytes,log_n,-0.013408386015279525
Greedy,memory_mb,solution_value,-0.011267583918242691
Greedy,memory_mb,optimality_gap,0.015080735077401852
Greedy,memory_mb,nodes_generated,-0.011191123667293761
Greedy,memory_mb,internal_nodes,-0.011012352230504835
Greedy,memory_mb,max_depth,-0.005082768639842829
Greedy,memory_mb,mean_depth,-0.01232899265053464
Greedy,memory_mb,median_depth,-0.012869702500300242
Greedy,memory_mb,mean_queue_size,-0.01268295649400135
Greedy,memory_mb,final_queue_size,-0.003379883047187281
Greedy,memory_mb,mean_bound,-0.011258120855076019
Greedy,memory_mb,bound_variance,0.021282901247267637
Greedy,memory_mb,min_bound,-0.011291717361558075
Greedy,memory_mb,max_bound,-0.011223287971020839
Greedy,memory_mb,mean_bound_gap,0.004440588741210172
Greedy,memory_mb,bound_gap_variance,-0.0027299648693867706
Greedy,memory_mb,pruned_by_bound,-0.003976838989231138
Greedy,memory_mb,pruned_by_cap,-0.003379921844272835
Greedy,memory_mb,left_branches,-0.013167478724676536
Greedy,memory_mb,right_branches,-0.011340573702441192
Greedy,memory_mb,explored_children,-0.01126018161711792
Greedy,memory_mb,skipped_children,-0.010710075340987566
Greedy,memory_mb,skipped_infeasible,-0.012835064761665188
Greedy,memory_mb,skipped_by_bound,-0.00469258659736537
Greedy,memory_mb,improvement_count,-0.013519539824686838
Greedy,memory_mb,sum_improvement_amount,-0.006591638387882792
Greedy,memory_mb,mean_improvement_amount,0.015438825441916118
Greedy,memory_mb,last_improvement_node,-0.004028468485925502
Greedy,memory_mb,pruned_generated_ratio,-0.00045329649892183685
Greedy,memory_mb,avg_branching_factor,-0.005938148421458635
Greedy,memory_mb,capacity_density,-0.009386145464188148
Greedy,memory_mb,cells_allocated,-0.01641877389388663
Greedy,memory_mb,total_evaluations,-0.01791978858968929
Greedy,memory_mb,include_count,-0.01647458013155943
Greedy,memory_mb,exclude_count,-0.018020701389062345
Greedy,memory_mb,tie_count,-0.010314280171420595
Greedy,memory_mb,include_ratio,-0.006176775586127842
Greedy,memory_mb,nonzero_value_states,-0.016543445109320386
Greedy,memory_mb,zero_value_states,0.00774267113121091
Greedy,memory_mb,fill_rate,-0.017759283220830313
Greedy,memory_mb,mean_cell_value,-0.010338890401809218
Greedy,memory_mb,cell_value_variance,-0.010070578727312277
Greedy,memory_mb,dp_sum_improvement_amount,-0.011556433577654493
Greedy,memory_mb,dp_mean_improvement_amount,0.012279739876828292
Greedy,memory_mb,updates_per_cell,-0.01538520640953483
Greedy,memory_mb,selected_count,-0.01304860281946629
Greedy,memory_mb,solution_density,-0.006767759517256209
Greedy,memory_mb,residual_capacity,0.0070800157906031015
Greedy,memory_mb,capacity_utilization,-0.024614913616032262
Greedy,memory_mb,last_selected_position,-0.012042556993880519
Greedy,memory_mb,first_skipped_position,-0.012994231470996412
Greedy,memory_mb,log_time_millis,-0.1302144572944993
Greedy,memory_mb,AlmostEqualRatios,-0.007943442181872068
Greedy,memory_mb,InverseCorrelated,0.013727925472857868
Greedy,memory_mb,StronglyCorrelated,-0.020346551971687082
Greedy,memory_mb,WeaklyCorrelated,0.011260933305873579
Greedy,memory_mb,log_n,-0.013378017774436583
Greedy,solution_value,optimality_gap,-0.19139904970339883
Greedy,solution_value,nodes_generated,0.5855382318392921
Greedy,solution_value,internal_nodes,0.5621746719239351
Greedy,solution_value,max_depth,0.6447792404240291
Greedy,solution_value,mean_depth,0.8058005975954302
Greedy,solution_value,median_depth,0.8292442838802687
Greedy,solution_value,mean_queue_size,0.6887569786482077
Greedy,solution_value,final_queue_size,0.48688245078940406
Greedy,solution_value,mean_bound,0.9999997152746751
Greedy,solution_value,bound_variance,-0.02237647714385384
Greedy,solution_value,min_bound,0.9999932741765692
Greedy,solution_value,max_bound,0.9999987507420088
Greedy,solution_value,mean_bound_gap,0.39908545468695183
Greedy,solution_value,bound_gap_variance,0.5238758257228971
Greedy,solution_value,pruned_by_bound,-0.11959532095212712
Greedy,solution_value,pruned_by_cap,0.4850294468817998
Greedy,solution_value,left_branches,0.6908100167570789
Greedy,solution_value,right_branches,0.5600117844588122
Greedy,solution_value,explored_children,0.5824847878308294
Greedy,solution_value,skipped_children,0.4977975865881431
Greedy,solution_value,skipped_infeasible,0.4426416955822426
Greedy,solution_value,skipped_by_bound,0.19261237265704412
Greedy,solution_value,improvement_count,0.9684828897401223
Greedy,solution_value,sum_improvement_amount,0.771496994052573
Greedy,solution_value,mean_improvement_amount,0.24491665454990127
Greedy,solution_value,last_improvement_node,0.22140443189522674
Greedy,solution_value,pruned_generated_ratio,0.19431229304182554
Greedy,solution_value,avg_branching_factor,0.326766724989531
Greedy,solution_value,capacity_density,0.4798721224050727
Greedy,solution_value,cells_allocated,0.7720623346060921
Greedy,solution_value,total_evaluations,0.8180402541488497
Greedy,solution_value,include_count,0.8170956881181758
Greedy,solution_value,exclude_count,0.8089417954024555
Greedy,solution_value,tie_count,0.3741308395462622
Greedy,solution_value,include_ratio,0.4300974146922642
Greedy,solution_value,nonzero_value_states,0.7716712370577554
Greedy,solution_value,zero_value_states,-0.3903467237256263
Greedy,solution_value,fill_rate,0.21708608460485765
Greedy,solution_value,mean_cell_value,0.9836623965000636
Greedy,solution_value,cell_value_variance,0.9638616018156219
Greedy,solution_value,dp_sum_improvement_amount,0.7979342232848173
Greedy,solution_value,dp_mean_improvement_amount,0.3073540190690329
Greedy,solution_value,updates_per_cell,0.8225286314042017
Greedy,solution_value,selected_count,0.9780114525332531
Greedy,solution_value,solution_density,0.4800923836925128
Greedy,solution_value,residual_capacity,0.167446085178588
Greedy,solution_value,capacity_utilization,0.2456145439040896
Greedy,solution_value,last_selected_position,0.7657635942787395
Greedy,solution_value,first_skipped_position,0.9783130551571628
Greedy,solution_value,log_time_millis,0.47251812154374884
Greedy,solution_value,AlmostEqualRatios,-0.06921035070543756
Greedy,solution_value,InverseCorrelated,0.13040157409980324
Greedy,solution_value,StronglyCorrelated,-0.07567653571246909
Greedy,solution_value,WeaklyCorrelated,-0.057060367555550544
Greedy,solution_value,log_n,0.5409416566911764
Greedy,optimality_gap,nodes_generated,-0.1523696172523231
Greedy,optimality_gap,internal_nodes,-0.14164906829999466
Greedy,optimality_gap,max_depth,-0.21412886781722215
Greedy,optimality_gap,mean_depth,-0.2007969422451097
Greedy,optimality_gap,median_depth,-0.1998532413672451
Greedy,optimality_gap,mean_queue_size,-0.1920083819742495
Greedy,optimality_gap,final_queue_size,-0.06616649154004296
Greedy,optimality_gap,mean_bound,-0.19104831096359032
Greedy,optimality_gap,bound_variance,-0.11826664321328377
Greedy,optimality_gap,min_bound,-0.19039690296578893
Greedy,optimality_gap,max_bound,-0.1912682427817382
Greedy,optimality_gap,mean_bound_gap,-0.23179768177149687
Greedy,optimality_gap,bound_gap_variance,-0.29965433980405404
Greedy,optimality_gap,pruned_by_bound,-0.11650522416632866
Greedy,optimality_gap,pruned_by_cap,-0.06616596710567735
Greedy,optimality_gap,left_branches,-0.17739685850482542
Greedy,optimality_gap,right_branches,-0.1405429358179414
Greedy,optimality_gap,explored_children,-0.15096351655460444
Greedy,optimality_gap,skipped_children,-0.1155535301362126
Greedy,optimality_gap,skipped_infeasible,-0.08772707772860878
Greedy,optimality_gap,skipped_by_bound,-0.06707045431659511
Greedy,optimality_gap,improvement_count,-0.18695479886372215
Greedy,optimality_gap,sum_improvement_amount,-0.3618528900763386
Greedy,optimality_gap,mean_improvement_amount,-0.33066644214974517
Greedy,optimality_gap,last_improvement_node,-0.04300849696267646
Greedy,optimality_gap,pruned_generated_ratio,-0.14077797253887958
Greedy,optimality_gap,avg_branching_factor,-0.046166915066762126
Greedy,optimality_gap,capacity_density,-0.20015250040939372
Greedy,optimality_gap,cells_allocated,-0.26132241243702975
Greedy,optimality_gap,total_evaluations,-0.3426040911292395
Greedy,optimality_gap,include_count,-0.3071670085621013
Greedy,optimality_gap,exclude_count,-0.35000500006500934
Greedy,optimality_gap,tie_count,-0.08895319103141268
Greedy,optimality_gap,include_ratio,-0.0793381747194959
Greedy,optimality_gap,nonzero_value_states,-0.26354260681657915
Greedy,optimality_gap,zero_value_states,0.24769873949612678
Greedy,optimality_gap,fill_rate,-0.30994588807774287
Greedy,optimality_gap,mean_cell_value,-0.17993485703207698
Greedy,optimality_gap,cell_value_variance,-0.13799606141021467
Greedy,optimality_gap,dp_sum_improvement_amount,-0.32605358308454363
Greedy,optimality_gap,dp_mean_improvement_amount,-0.22191372641107704
Greedy,optimality_gap,updates_per_cell,-0.34989026676347573
Greedy,optimality_gap,selected_count,-0.18954419874736753
Greedy,optimality_gap,solution_density,-0.153709943047079
Greedy,optimality_gap,residual_capacity,0.09958570256120997
Greedy,optimality_gap,capacity_utilization,-0.5326457000163631
Greedy,optimality_gap,last_selected_position,-0.18445490304446308
Greedy,optimality_gap,first_skipped_position,-0.1892522310195396
Greedy,optimality_gap,log_time_millis,-0.29948321775639375
Greedy,optimality_gap,AlmostEqualRatios,-0.03466322437488131
Greedy,optimality_gap,InverseCorrelated,-0.18365748054048406
Greedy,optimality_gap,StronglyCorrelated,0.25140471782998525
Greedy,optimality_gap,WeaklyCorrelated,0.03863870715844895
Greedy,optimality_gap,log_n,-0.3115414808633275
Greedy,nodes_generated,internal_nodes,0.9985223574928013
Greedy,nodes_generated,max_depth,0.6778113146666069
Greedy,nodes_generated,mean_depth,0.7336137234435229
Greedy,nodes_generated,median_depth,0.7062314544186531
Greedy,nodes_generated,mean_queue_size,0.9332036789509454
Greedy,nodes_generated,final_queue_size,0.622521254283729
Greedy,nodes_generated,mean_bound,0.585687676907042
Greedy,nodes_generated,bound_variance,-0.4149815389279509
Greedy,nodes_generated,min_bound,0.5864725310413849
Greedy,nodes_generated,max_bound,0.5859233135920164
Greedy,nodes_generated,mean_bound_gap,-0.27206969403836906
Greedy,nodes_generated,bound_gap_variance,-0.06548264693460905
Greedy,nodes_generated,pruned_by_bound,-0.25176354753483016
Greedy,nodes_generated,pruned_by_cap,0.6226130293358895
Greedy,nodes_generated,left_branches,0.9412857692377273
Greedy,nodes_generated,right_branches,0.9951111323260285
Greedy,nodes_generated,explored_children,0.9964662237371633
Greedy,nodes_generated,skipped_children,0.9786815403875407
Greedy,nodes_generated,skipped_infeasible,0.8834906124157472
Greedy,nodes_generated,skipped_by_bound,0.60273408504725
Greedy,nodes_generated,improvement_count,0.6336620705129034
Greedy,nodes_generated,sum_improvement_amount,0.5157737505675314
Greedy,nodes_generated,mean_improvement_amount,0.09201952425214295
Greedy,nodes_generated,last_improvement_node,0.40329551936501523
Greedy,nodes_generated,pruned_generated_ratio,-0.3357920560531059
Greedy,nodes_generated,avg_branching_factor,0.47562281205532975
Greedy,nodes_generated,capacity_density,0.20202484052740072
Greedy,nodes_generated,cells_allocated,0.4546876992662144
Greedy,nodes_generated,total_evaluations,0.5988787338805549
Greedy,nodes_generated,include_count,0.541099335084903
Greedy,nodes_generated,exclude_count,0.6154907852525315
Greedy,nodes_generated,tie_count,0.4535687173704553
Greedy,nodes_generated,include_ratio,0.09864647369828877
Greedy,nodes_generated,nonzero_value_states,0.45583992827340136
Greedy,nodes_generated,zero_value_states,-0.44197145937678367
Greedy,nodes_generated,fill_rate,0.26744229710318124
Greedy,nodes_generated,mean_cell_value,0.5774627876770532
Greedy,nodes_generated,cell_value_variance,0.5094334489675004
Greedy,nodes_generated,dp_sum_improvement_amount,0.49868304744578923
Greedy,nodes_generated,dp_mean_improvement_amount,0.0823356494459773
Greedy,nodes_generated,updates_per_cell,0.6243125235539769
Greedy,nodes_generated,selected_count,0.6184144354337472
Greedy,nodes_generated,solution_density,0.20732870561219216
Greedy,nodes_generated,residual_capacity,0.24735233991348618
Greedy,nodes_generated,capacity_utilization,0.1973495912718189
Greedy,nodes_generated,last_selected_position,0.4751474408024258
Greedy,nodes_generated,first_skipped_position,0.6199022360277742
Greedy,nodes_generated,log_time_millis,0.523960707618334
Greedy,nodes_generated,AlmostEqualRatios,-0.06938342755461428
Greedy,nodes_generated,InverseCorrelated,0.2742075799708149
Greedy,nodes_generated,StronglyCorrelated,0.2139143285979995
Greedy,nodes_generated,WeaklyCorrelated,-0.15687041653067046
Greedy,nodes_generated,log_n,0.5951362499358407
Greedy,internal_nodes,max_depth,0.6737302451311802
Greedy,internal_nodes,mean_depth,0.7246000611985786
Greedy,internal_nodes,median_depth,0.6954402975613024
Greedy,internal_nodes,mean_queue_size,0.9189439546222926
Greedy,internal_nodes,final_queue_size,0.6164714825091622
Greedy,internal_nodes,mean_bound,0.5623356003458126
Greedy,internal_nodes,bound_variance,-0.42630535819710325
Greedy,internal_nodes,min_bound,0.5631358751485489
Greedy,internal_nodes,max_bound,0.5625736384580586
Greedy,internal_nodes,mean_bound_gap,-0.3081303511155814
Greedy,internal_nodes,bound_gap_variance,-0.09971400754818914
Greedy,internal_nodes,pruned_by_bound,-0.26175552365756644
Greedy,internal_nodes,pruned_by_cap,0.6166875826697386
Greedy,internal_nodes,left_branches,0.9275236103945844
Greedy,internal_nodes,right_branches,0.9962182733145349
Greedy,internal_nodes,explored_children,0.9949271869989136
Greedy,internal_nodes,skipped_children,0.9876879723026125
Greedy,internal_nodes,skipped_infeasible,0.8952649967848777
Greedy,internal_nodes,skipped_by_bound,0.617480667384272
Greedy,internal_nodes,improvement_count,0.6109660007982624
Greedy,internal_nodes,sum_improvement_amount,0.48624166803892543
Greedy,internal_nodes,mean_improvement_amount,0.08028377860559152
Greedy,internal_nodes,last_improvement_node,0.4009538018682811
Greedy,internal_nodes,pruned_generated_ratio,-0.3859168807653749
Greedy,internal_nodes,avg_branching_factor,0.47009865806644785
Greedy,internal_nodes,capacity_density,0.17318842231266415
Greedy,internal_nodes,cells_allocated,0.42331363158479507
Greedy,internal_nodes,total_evaluations,0.5690605358646987
Greedy,internal_nodes,include_count,0.5097732654790048
Greedy,internal_nodes,exclude_count,0.5869983543600124
Greedy,internal_nodes,tie_count,0.44144450122154244
Greedy,internal_nodes,include_ratio,0.07550825483646004
Greedy,internal_nodes,nonzero_value_states,0.4244319806854444
Greedy,internal_nodes,zero_value_states,-0.43175084013098564
Greedy,internal_nodes,fill_rate,0.2536152079416074
Greedy,internal_nodes,mean_cell_value,0.5566689120999795
Greedy,internal_nodes,cell_value_variance,0.4891157835021816
Greedy,internal_nodes,dp_sum_improvement_amount,0.46729667939271474
Greedy,internal_nodes,dp_mean_improvement_amount,0.06731124202174828
Greedy,internal_nodes,updates_per_cell,0.5952746957082885
Greedy,internal_nodes,selected_count,0.5951430631496092
Greedy,internal_nodes,solution_density,0.18114937822268753
Greedy,internal_nodes,residual_capacity,0.24908745169130111
Greedy,internal_nodes,capacity_utilization,0.18206972435809332
Greedy,internal_nodes,last_selected_position,0.457857855733884
Greedy,internal_nodes,first_skipped_position,0.5967114042650216
Greedy,internal_nodes,log_time_millis,0.513199208480067
Greedy,internal_nodes,AlmostEqualRatios,-0.07480766029812175
Greedy,internal_nodes,InverseCorrelated,0.278865380376983
Greedy,internal_nodes,StronglyCorrelated,0.22118083455940865
Greedy,internal_nodes,WeaklyCorrelated,-0.15338701220883671
Greedy,internal_nodes,log_n,0.5832581636585057
Greedy,max_depth,mean_depth,0.9024294827779837
Greedy,max_depth,median_depth,0.8841074810303468
Greedy,max_depth,mean_queue_size,0.6046632805845205
Greedy,max_depth,final_queue_size,0.3425879269952052
Greedy,max_depth,mean_bound,0.6447616087361997
Greedy,max_depth,bound_variance,-0.24629483040264355
Greedy,max_depth,min_bound,0.645090261799321
Greedy,max_depth,max_bound,0.644853804648947
Greedy,max_depth,mean_bound_gap,-0.030603643495213974
Greedy,max_depth,bound_gap_variance,0.11839606758105006
Greedy,max_depth,pruned_by_bound,-0.05363848734691162
Greedy,max_depth,pruned_by_cap,0.34429597256460587
Greedy,max_depth,left_branches,0.581102558295656
Greedy,max_depth,right_branches,0.6766084680738047
Greedy,max_depth,explored_children,0.6748260135505413
Greedy,max_depth,skipped_children,0.6505872476497085
Greedy,max_depth,skipped_infeasible,0.5929040348524066
Greedy,max_depth,skipped_by_bound,0.31283706941048944
Greedy,max_depth,improvement_count,0.6732997844399606
Greedy,max_depth,sum_improvement_amount,0.45631824757483425
Greedy,max_depth,mean_improvement_amount,0.05001109978759605
Greedy,max_depth,last_improvement_node,0.2705538616703432
Greedy,max_depth,pruned_generated_ratio,-0.16348953007254946
Greedy,max_depth,avg_branching_factor,0.2613597121290097
Greedy,max_depth,capacity_density,0.033444715503494545
Greedy,max_depth,cells_allocated,0.35525274012112373
Greedy,max_depth,total_evaluations,0.6087541252410125
Greedy,max_depth,include_count,0.49208646176339027
Greedy,max_depth,exclude_count,0.6590507811086013
Greedy,max_depth,tie_count,0.3985369477624046
Greedy,max_depth,include_ratio,-0.12137117743632989
Greedy,max_depth,nonzero_value_states,0.35675717439490284
Greedy,max_depth,zero_value_states,-0.5787159902136736
Greedy,max_depth,fill_rate,0.2710660944462627
Greedy,max_depth,mean_cell_value,0.6141016917963787
Greedy,max_depth,cell_value_variance,0.6355846552431026
Greedy,max_depth,dp_sum_improvement_amount,0.41725320699356605
Greedy,max_depth,dp_mean_improvement_amount,-0.07295490680051095
Greedy,max_depth,updates_per_cell,0.6497126323758781
Greedy,max_depth,selected_count,0.6734104937050285
Greedy,max_depth,solution_density,-0.006821585248542696
Greedy,max_depth,residual_capacity,-0.07893781680100716
Greedy,max_depth,capacity_utilization,0.27743101928091507
Greedy,max_depth,last_selected_position,0.6805480116907293
Greedy,max_depth,first_skipped_position,0.6733520828082618
Greedy,max_depth,log_time_millis,0.7278661711988383
Greedy,max_depth,AlmostEqualRatios,-0.11507708293539844
Greedy,max_depth,InverseCorrelated,0.08517345994575903
Greedy,max_depth,StronglyCorrelated,0.09074727635671423
Greedy,max_depth,WeaklyCorrelated,-0.016983037372615518
Greedy,max_depth,log_n,0.8097977096641014
Greedy,mean_depth,median_depth,0.995231867426531
Greedy,mean_depth,mean_queue_size,0.7136772309838987
Greedy,mean_depth,final_queue_size,0.5107545745890248
Greedy,mean_depth,mean_bound,0.8058369290533915
Greedy,mean_depth,bound_variance,-0.33018502872612593
Greedy,mean_depth,min_bound,0.8064069692243375
Greedy,mean_depth,max_bound,0.8057028417481366
Greedy,mean_depth,mean_bound_gap,0.027324035981268615
Greedy,mean_depth,bound_gap_variance,0.21140753762429892
Greedy,mean_depth,pruned_by_bound,-0.1392102033201251
Greedy,mean_depth,pruned_by_cap,0.5117023131186261
Greedy,mean_depth,left_branches,0.6989472300064111
Greedy,mean_depth,right_branches,0.7251242463490093
Greedy,mean_depth,explored_children,0.7299818328576888
Greedy,mean_depth,skipped_children,0.6905989610702906
Greedy,mean_depth,skipped_infeasible,0.6228428523253879
Greedy,mean_depth,skipped_by_bound,0.2573929812627595
Greedy,mean_depth,improvement_count,0.8600416803428292
Greedy,mean_depth,sum_improvement_amount,0.5646787421182838
Greedy,mean_depth,mean_improvement_amount,0.0048071465212112625
Greedy,mean_depth,last_improvement_node,0.3731933346050328
Greedy,mean_depth,pruned_generated_ratio,-0.10605950430823195
Greedy,mean_depth,avg_branching_factor,0.3423565061376662
Greedy,mean_depth,capacity_density,0.23234672908770707
Greedy,mean_depth,cells_allocated,0.5592028750673738
Greedy,mean_depth,total_evaluations,0.7317690307242423
Greedy,mean_depth,include_count,0.6586150005573376
Greedy,mean_depth,exclude_count,0.7562562135961699
Greedy,mean_depth,tie_count,0.43118538233093945
Greedy,mean_depth,include_ratio,0.11512620250661769
Greedy,mean_depth,nonzero_value_states,0.5599035601118677
Greedy,mean_depth,zero_value_states,-0.5266267243897227
Greedy,mean_depth,fill_rate,0.2572475268267065
Greedy,mean_depth,mean_cell_value,0.7709818255167453
Greedy,mean_depth,cell_value_variance,0.7906989153191283
Greedy,mean_depth,dp_sum_improvement_amount,0.5776072082684445
Greedy,mean_depth,dp_mean_improvement_amount,-0.01956681269476134
Greedy,mean_depth,updates_per_cell,0.7517877606816559
Greedy,mean_depth,selected_count,0.8556395953702726
Greedy,mean_depth,solution_density,0.21479067231389068
Greedy,mean_depth,residual_capacity,0.055780059435250905
Greedy,mean_depth,capacity_utilization,0.2929227587328088
Greedy,mean_depth,last_selected_position,0.7635129518119571
Greedy,mean_depth,first_skipped_position,0.8558613086821368
Greedy,mean_depth,log_time_millis,0.6503569404244675
Greedy,mean_depth,AlmostEqualRatios,-0.08878122751640075
Greedy,mean_depth,InverseCorrelated,0.049344580067665726
Greedy,mean_depth,StronglyCorrelated,0.1543684235227425
Greedy,mean_depth,WeaklyCorrelated,-0.04397528585597385
Greedy,mean_depth,log_n,0.7287480961621183
Greedy,median_depth,mean_queue_size,0.700986677335534
Greedy,median_depth,final_queue_size,0.4923343978710487
Greedy,median_depth,mean_bound,0.8292728362749286
Greedy,median_depth,bound_variance,-0.3069588917676109
Greedy,median_depth,min_bound,0.8298172734747533
Greedy,median_depth,max_bound,0.8291209166587754
Greedy,median_depth,mean_bound_gap,0.07775768694179688
Greedy,median_depth,bound_gap_variance,0.2558139465626569
Greedy,median_depth,pruned_by_bound,-0.11993871816520614
Greedy,median_depth,pruned_by_cap,0.4931515026849808
Greedy,median_depth,left_branches,0.6867653478709238
Greedy,median_depth,right_branches,0.6958931802671734
Greedy,median_depth,explored_children,0.7027657478900436
Greedy,median_depth,skipped_children,0.6580060856008132
Greedy,median_depth,skipped_infeasible,0.5937074730746675
Greedy,median_depth,skipped_by_bound,0.24197728147968753
Greedy,median_depth,improvement_count,0.8802705085669014
Greedy,median_depth,sum_improvement_amount,0.5848218756039175
Greedy,median_depth,mean_improvement_amount,0.009023203205656017
Greedy,median_depth,last_improvement_node,0.3579684632455127
Greedy,median_depth,pruned_generated_ratio,-0.0637442805742174
Greedy,median_depth,avg_branching_factor,0.3330924031148967
Greedy,median_depth,capacity_density,0.26625638049181977
Greedy,median_depth,cells_allocated,0.5922090671159498
Greedy,median_depth,total_evaluations,0.7514610026012308
Greedy,median_depth,include_count,0.6857659330728719
Greedy,median_depth,exclude_count,0.7724202414841812
Greedy,median_depth,tie_count,0.4343791212749562
Greedy,median_depth,include_ratio,0.15275503710168173
Greedy,median_depth,nonzero_value_states,0.5927848001318513
Greedy,median_depth,zero_value_states,-0.5175795704147796
Greedy,median_depth,fill_rate,0.25555199215037827
Greedy,median_depth,mean_cell_value,0.7913034942799304
Greedy,median_depth,cell_value_variance,0.8143404031984894
Greedy,median_depth,dp_sum_improvement_amount,0.6049200997950126
Greedy,median_depth,dp_mean_improvement_amount,-0.006097609069381188
Greedy,median_depth,updates_per_cell,0.7687762363993359
Greedy,median_depth,selected_count,0.8768427572527876
Greedy,median_depth,solution_density,0.24795702311783357
Greedy,median_depth,residual_capacity,0.05447714180009985
Greedy,median_depth,capacity_utilization,0.29426772188086614
Greedy,median_depth,last_selected_position,0.7752297336781694
Greedy,median_depth,first_skipped_position,0.8769366664080666
Greedy,median_depth,log_time_millis,0.6368363737737628
Greedy,median_depth,AlmostEqualRatios,-0.08574281311654484
Greedy,median_depth,InverseCorrelated,0.03294666976793214
Greedy,median_depth,StronglyCorrelated,0.1492052948086225
Greedy,median_depth,WeaklyCorrelated,-0.04041586031450856
Greedy,median_depth,log_n,0.7147417739926799
Greedy,mean_queue_size,final_queue_size,0.6378114320200178
Greedy,mean_queue_size,mean_bound,0.6888817369982707
Greedy,mean_queue_size,bound_variance,-0.2709175526731619
Greedy,mean_queue_size,min_bound,0.6894070177440876
Greedy,mean_queue_size,max_bound,0.6890844315306563
Greedy,mean_queue_size,mean_bound_gap,-0.015545083980832996
Greedy,mean_queue_size,bound_gap_variance,0.18314682144102665
Greedy,mean_queue_size,pruned_by_bound,-0.1736387691835149
Greedy,mean_queue_size,pruned_by_cap,0.6366031167989135
Greedy,mean_queue_size,left_branches,0.9826575605562025
Greedy,mean_queue_size,right_branches,0.9211546539787135
Greedy,mean_queue_size,explored_children,0.9371045858821719
Greedy,mean_queue_size,skipped_children,0.8729226676656335
Greedy,mean_queue_size,skipped_infeasible,0.7858692112288767
Greedy,mean_queue_size,skipped_by_bound,0.5146919823153183
Greedy,mean_queue_size,improvement_count,0.7226983494352481
Greedy,mean_queue_size,sum_improvement_amount,0.6819851443463911
Greedy,mean_queue_size,mean_improvement_amount,0.17372126234266957
Greedy,mean_queue_size,last_improvement_node,0.38067338199074396
Greedy,mean_queue_size,pruned_generated_ratio,-0.08715717999185367
Greedy,mean_queue_size,avg_branching_factor,0.5246565341132419
Greedy,mean_queue_size,capacity_density,0.41171557492293587
Greedy,mean_queue_size,cells_allocated,0.6382481989056117
Greedy,mean_queue_size,total_evaluations,0.7271534741265734
Greedy,mean_queue_size,include_count,0.7044668783828003
Greedy,mean_queue_size,exclude_count,0.7235462124302443
Greedy,mean_queue_size,tie_count,0.45783298342868967
Greedy,mean_queue_size,include_ratio,0.3103830676358999
Greedy,mean_queue_size,nonzero_value_states,0.6393651603596705
Greedy,mean_queue_size,zero_value_states,-0.42255270749614676
Greedy,mean_queue_size,fill_rate,0.3244163528726158
Greedy,mean_queue_size,mean_cell_value,0.6732979429647543
Greedy,mean_queue_size,cell_value_variance,0.5927343195186604
Greedy,mean_queue_size,dp_sum_improvement_amount,0.6805014979887551
Greedy,mean_queue_size,dp_mean_improvement_amount,0.23463346430912005
Greedy,mean_queue_size,updates_per_cell,0.7476895817010408
Greedy,mean_queue_size,selected_count,0.7123882435095832
Greedy,mean_queue_size,solution_density,0.4173968583698344
Greedy,mean_queue_size,residual_capacity,0.30357400620122976
Greedy,mean_queue_size,capacity_utilization,0.23590159012234335
Greedy,mean_queue_size,last_selected_position,0.5254730108077226
Greedy,mean_queue_size,first_skipped_position,0.7137251501968166
Greedy,mean_queue_size,log_time_millis,0.48914313048399694
Greedy,mean_queue_size,AlmostEqualRatios,-0.09164620088751106
Greedy,mean_queue_size,InverseCorrelated,0.25518413151980385
Greedy,mean_queue_size,StronglyCorrelated,0.1414660223488294
Greedy,mean_queue_size,WeaklyCorrelated,-0.13614658038231595
Greedy,mean_queue_size,log_n,0.552103439119522
Greedy,final_queue_size,mean_bound,0.4870370224530994
Greedy,final_queue_size,bound_variance,-0.2408359410676775
Greedy,final_queue_size,min_bound,0.48777431728852777
Greedy,final_queue_size,max_bound,0.48706784276782056
Greedy,final_queue_size,mean_bound_gap,-0.13731628283750813
Greedy,final_queue_size,bound_gap_variance,-0.07082238410898826
Greedy,final_queue_size,pruned_by_bound,-0.7099547147951386
Greedy,final_queue_size,pruned_by_cap,0.9996539044388573
Greedy,final_queue_size,left_branches,0.6456223047802004
Greedy,final_queue_size,right_branches,0.6117335616215198
Greedy,final_queue_size,explored_children,0.6182806413535986
Greedy,final_queue_size,skipped_children,0.5988690969424599
Greedy,final_queue_size,skipped_infeasible,0.5224487844287146
Greedy,final_queue_size,skipped_by_bound,0.023843162904133127
Greedy,final_queue_size,improvement_count,0.506269652857841
Greedy,final_queue_size,sum_improvement_amount,0.31087532568228404
Greedy,final_queue_size,mean_improvement_amount,0.06670505821491211
Greedy,final_queue_size,last_improvement_node,0.525847037147036
Greedy,final_queue_size,pruned_generated_ratio,-0.1694940223147655
Greedy,final_queue_size,avg_branching_factor,0.5404981537673152
Greedy,final_queue_size,capacity_density,0.17154183125841208
Greedy,final_queue_size,cells_allocated,0.3066593720496454
Greedy,final_queue_size,total_evaluations,0.33381541823044586
Greedy,final_queue_size,include_count,0.3316162180125568
Greedy,final_queue_size,exclude_count,0.3258309055297612
Greedy,final_queue_size,tie_count,0.15503114044144373
Greedy,final_queue_size,include_ratio,0.18075212115497102
Greedy,final_queue_size,nonzero_value_states,0.3064045276079381
Greedy,final_queue_size,zero_value_states,-0.16892828244330435
Greedy,final_queue_size,fill_rate,0.07611204398650614
Greedy,final_queue_size,mean_cell_value,0.5132013069399818
Greedy,final_queue_size,cell_value_variance,0.4680098196890404
Greedy,final_queue_size,dp_sum_improvement_amount,0.32133963706035845
Greedy,final_queue_size,dp_mean_improvement_amount,0.11454625416360154
Greedy,final_queue_size,updates_per_cell,0.34321944900368717
Greedy,final_queue_size,selected_count,0.49969114738149106
Greedy,final_queue_size,solution_density,0.21247307554941222
Greedy,final_queue_size,residual_capacity,0.3484645623479634
Greedy,final_queue_size,capacity_utilization,0.08488306231217302
Greedy,final_queue_size,last_selected_position,0.33251477842984467
Greedy,final_queue_size,first_skipped_position,0.5015316457966025
Greedy,final_queue_size,log_time_millis,0.20727630585400975
Greedy,final_queue_size,AlmostEqualRatios,-0.06887476909290799
Greedy,final_queue_size,InverseCorrelated,0.19383881515423762
Greedy,final_queue_size,StronglyCorrelated,0.057766863431812344
Greedy,final_queue_size,WeaklyCorrelated,-0.09136545474657085
Greedy,final_queue_size,log_n,0.24002817574868743
Greedy,mean_bound,bound_variance,-0.022537689061108892
Greedy,mean_bound,min_bound,0.9999942584013753
Greedy,mean_bound,max_bound,0.9999990373532652
Greedy,mean_bound,mean_bound_gap,0.39891598654983856
Greedy,mean_bound,bound_gap_variance,0.5237435227066298
Greedy,mean_bound,pruned_by_bound,-0.11973289469325944
Greedy,mean_bound,pruned_by_cap,0.48518353981914547
Greedy,mean_bound,left_branches,0.6909499097470432
Greedy,mean_bound,right_branches,0.5601675752471702
Greedy,mean_bound,explored_children,0.5826338319669505
Greedy,mean_bound,skipped_children,0.4979852569077096
Greedy,mean_bound,skipped_infeasible,0.44284425476192596
Greedy,mean_bound,skipped_by_bound,0.1927417537532105
Greedy,mean_bound,improvement_count,0.9685090573705658
Greedy,mean_bound,sum_improvement_amount,0.7714709643655328
Greedy,mean_bound,mean_improvement_amount,0.24486520968207307
Greedy,mean_bound,last_improvement_node,0.2214845352015252
Greedy,mean_bound,pruned_generated_ratio,0.19405806530447658
Greedy,mean_bound,avg_branching_factor,0.3268676189453907
Greedy,mean_bound,capacity_density,0.4798593516674171
Greedy,mean_bound,cells_allocated,0.7720310493711592
Greedy,mean_bound,total_evaluations,0.8179718508880983
Greedy,mean_bound,include_count,0.8170497644878459
Greedy,mean_bound,exclude_count,0.8088649904612332
Greedy,mean_bound,tie_count,0.3741259328913473
Greedy,mean_bound,include_ratio,0.43012440484556974
Greedy,mean_bound,nonzero_value_states,0.7716391815336733
Greedy,mean_bound,zero_value_states,-0.39025773807715936
Greedy,mean_bound,fill_rate,0.21699758559505467
Greedy,mean_bound,mean_cell_value,0.9836628270049118
Greedy,mean_bound,cell_value_variance,0.963883020253184
Greedy,mean_bound,dp_sum_improvement_amount,0.7978997458783819
Greedy,mean_bound,dp_mean_improvement_amount,0.30737902154231594
Greedy,mean_bound,updates_per_cell,0.8224653686659575
Greedy,mean_bound,selected_count,0.9780285510105534
Greedy,mean_bound,solution_density,0.48009644146493796
Greedy,mean_bound,residual_capacity,0.16769631108294442
Greedy,mean_bound,capacity_utilization,0.24530030131251113
Greedy,mean_bound,last_selected_position,0.7657398424096112
Greedy,mean_bound,first_skipped_position,0.978330744504477
Greedy,mean_bound,log_time_millis,0.4724199383203787
Greedy,mean_bound,AlmostEqualRatios,-0.06928037002867812
Greedy,mean_bound,InverseCorrelated,0.13035457603133177
Greedy,mean_bound,StronglyCorrelated,-0.07549589333330438
Greedy,mean_bound,WeaklyCorrelated,-0.05704930623984926
Greedy,mean_bound,log_n,0.5408432102110069
Greedy,bound_variance,min_bound,-0.024971949865900258
Greedy,bound_variance,max_bound,-0.021889843113497332
Greedy,bound_variance,mean_bound_gap,0.5784138998622657
Greedy,bound_variance,bound_gap_variance,0.4722532501717643
Greedy,bound_variance,pruned_by_bound,0.1374328075047878
Greedy,bound_variance,pruned_by_cap,-0.24410288537054273
Greedy,bound_variance,left_branches,-0.2766509082672901
Greedy,bound_variance,right_branches,-0.42369797151518346
Greedy,bound_variance,explored_children,-0.4073680875302336
Greedy,bound_variance,skipped_children,-0.441495270974427
Greedy,bound_variance,skipped_infeasible,-0.3993132411523944
Greedy,bound_variance,skipped_by_bound,-0.12961750160434493
Greedy,bound_variance,improvement_count,-0.1659179115670463
Greedy,bound_variance,sum_improvement_amount,0.21591483924907945
Greedy,bound_variance,mean_improvement_amount,0.6321902986119599
Greedy,bound_variance,last_improvement_node,-0.34408552180790375
Greedy,bound_variance,pruned_generated_ratio,0.35090370393050646
Greedy,bound_variance,avg_branching_factor,-0.147142112695683
Greedy,bound_variance,capacity_density,0.0804892401568113
Greedy,bound_variance,cells_allocated,-0.024895490464784474
Greedy,bound_variance,total_evaluations,-0.1125243043453393
Greedy,bound_variance,include_count,-0.03949145211507902
Greedy,bound_variance,exclude_count,-0.13961916237576105
Greedy,bound_variance,tie_count,-0.431086174505834
Greedy,bound_variance,include_ratio,0.20811287509456627
Greedy,bound_variance,nonzero_value_states,-0.025295135742740955
Greedy,bound_variance,zero_value_states,0.1637011887111704
Greedy,bound_variance,fill_rate,-0.04899275166781119
Greedy,bound_variance,mean_cell_value,0.02357887223037911
Greedy,bound_variance,cell_value_variance,-0.06915028285760179
Greedy,bound_variance,dp_sum_improvement_amount,0.11772411318142971
Greedy,bound_variance,dp_mean_improvement_amount,0.6223564906499318
Greedy,bound_variance,updates_per_cell,-0.05722683874238636
Greedy,bound_variance,selected_count,-0.1367777537650834
Greedy,bound_variance,solution_density,0.12999852899161657
Greedy,bound_variance,residual_capacity,0.14822660302223228
Greedy,bound_variance,capacity_utilization,-0.1983828953126359
Greedy,bound_variance,last_selected_position,-0.1870381291957674
Greedy,bound_variance,first_skipped_position,-0.1346285031945931
Greedy,bound_variance,log_time_millis,-0.1906306123131978
Greedy,bound_variance,AlmostEqualRatios,-0.2838967406210686
Greedy,bound_variance,InverseCorrelated,0.3548865875287897
Greedy,bound_variance,StronglyCorrelated,-0.5906674974218196
Greedy,bound_variance,WeaklyCorrelated,0.03500989556317763
Greedy,bound_variance,log_n,-0.2311650962995132
Greedy,min_bound,max_bound,0.9999912228666967
Greedy,min_bound,mean_bound_gap,0.39751925121399406
Greedy,min_bound,bound_gap_variance,0.5223810265092876
Greedy,min_bound,pruned_by_bound,-0.12036381586760322
Greedy,min_bound,pruned_by_cap,0.48592024212348844
Greedy,min_bound,left_branches,0.6915192710962295
Greedy,min_bound,right_branches,0.5609757081894935
Greedy,min_bound,explored_children,0.5834114545114164
Greedy,min_bound,skipped_children,0.49877863381896603
Greedy,min_bound,skipped_infeasible,0.4435758310730124
Greedy,min_bound,skipped_by_bound,0.19264695801933968
Greedy,min_bound,improvement_count,0.9688482831418747
Greedy,min_bound,sum_improvement_amount,0.7705485788646895
Greedy,min_bound,mean_improvement_amount,0.24263905596545363
Greedy,min_bound,last_improvement_node,0.22193272343755974
Greedy,min_bound,pruned_generated_ratio,0.19344981866138233
Greedy,min_bound,avg_branching_factor,0.327377697572486
Greedy,min_bound,capacity_density,0.4797393525701773
Greedy,min_bound,cells_allocated,0.7721088185948414
Greedy,min_bound,total_evaluations,0.8181176544913902
Greedy,min_bound,include_count,0.8170574027102192
Greedy,min_bound,exclude_count,0.8090931095962216
Greedy,min_bound,tie_count,0.3754823005466876
Greedy,min_bound,include_ratio,0.4295642837571103
Greedy,min_bound,nonzero_value_states,0.7717143833439964
Greedy,min_bound,zero_value_states,-0.390293151138389
Greedy,min_bound,fill_rate,0.2167671952146864
Greedy,min_bound,mean_cell_value,0.9834777814079217
Greedy,min_bound,cell_value_variance,0.964129656129243
Greedy,min_bound,dp_sum_improvement_amount,0.7973808965326853
Greedy,min_bound,dp_mean_improvement_amount,0.30523607040941
Greedy,min_bound,updates_per_cell,0.8223737986436963
Greedy,min_bound,selected_count,0.978322034316632
Greedy,min_bound,solution_density,0.4796236403448672
Greedy,min_bound,residual_capacity,0.1669597140014414
Greedy,min_bound,capacity_utilization,0.245707589785997
Greedy,min_bound,last_selected_position,0.766394181673142
Greedy,min_bound,first_skipped_position,0.978610830086025
Greedy,min_bound,log_time_millis,0.4725814459193918
Greedy,min_bound,AlmostEqualRatios,-0.06806573118772395
Greedy,min_bound,InverseCorrelated,0.12880662436705512
Greedy,min_bound,StronglyCorrelated,-0.0741134600516502
Greedy,min_bound,WeaklyCorrelated,-0.05598414755966401
Greedy,min_bound,log_n,0.5410855701117904
Greedy,max_bound,mean_bound_gap,0.39901036285586156
Greedy,max_bound,bound_gap_variance,0.5237898419541913
Greedy,max_bound,pruned_by_bound,-0.11982519926238432
Greedy,max_bound,pruned_by_cap,0.4852141295381915
Greedy,max_bound,left_branches,0.6911580314647119
Greedy,max_bound,right_branches,0.5603996591087375
Greedy,max_bound,explored_children,0.5828684886634463
Greedy,max_bound,skipped_children,0.49822584297364314
Greedy,max_bound,skipped_infeasible,0.4430409087190692
Greedy,max_bound,skipped_by_bound,0.19316950598862634
Greedy,max_bound,improvement_count,0.9684035792298221
Greedy,max_bound,sum_improvement_amount,0.7717442010317251
Greedy,max_bound,mean_improvement_amount,0.24583120959200208
Greedy,max_bound,last_improvement_node,0.22139632649888852
Greedy,max_bound,pruned_generated_ratio,0.19393215093353972
Greedy,max_bound,avg_branching_factor,0.3268636694222302
Greedy,max_bound,capacity_density,0.47965305656680884
Greedy,max_bound,cells_allocated,0.7718249696821169
Greedy,max_bound,total_evaluations,0.817807080219999
Greedy,max_bound,include_count,0.8169047520097931
Greedy,max_bound,exclude_count,0.808698268232476
Greedy,max_bound,tie_count,0.37363452971021005
Greedy,max_bound,include_ratio,0.43008707217212994
Greedy,max_bound,nonzero_value_states,0.7714337681349273
Greedy,max_bound,zero_value_states,-0.39027366936253055
Greedy,max_bound,fill_rate,0.216994718546606
Greedy,max_bound,mean_cell_value,0.9837111243045654
Greedy,max_bound,cell_value_variance,0.96383393620038
Greedy,max_bound,dp_sum_improvement_amount,0.7979571081582849
Greedy,max_bound,dp_mean_improvement_amount,0.30813571642262777
Greedy,max_bound,updates_per_cell,0.8224165511533218
Greedy,max_bound,selected_count,0.9779352761061538
Greedy,max_bound,solution_density,0.47999945148522033
Greedy,max_bound,residual_capacity,0.16805381589923704
Greedy,max_bound,capacity_utilization,0.2447022362515021
Greedy,max_bound,last_selected_position,0.7655077650012254
Greedy,max_bound,first_skipped_position,0.9782428102104638
Greedy,max_bound,log_time_millis,0.47241178487334506
Greedy,max_bound,AlmostEqualRatios,-0.06967383483358719
Greedy,max_bound,InverseCorrelated,0.13131876584573085
Greedy,max_bound,StronglyCorrelated,-0.07590905618162835
Greedy,max_bound,WeaklyCorrelated,-0.0573758173172013
Greedy,max_bound,log_n,0.5408366421415951
Greedy,mean_bound_gap,bound_gap_variance,0.9460025676149476
Greedy,mean_bound_gap,pruned_by_bound,0.2977492762650424
Greedy,mean_bound_gap,pruned_by_cap,-0.13866478391486978
Greedy,mean_bound_gap,left_branches,-0.0265770791602868
Greedy,mean_bound_gap,right_branches,-0.3090114892378454
Greedy,mean_bound_gap,explored_children,-0.27092282493255365
Greedy,mean_bound_gap,skipped_children,-0.3852234521013398
Greedy,mean_bound_gap,skipped_infeasible,-0.3637065180513179
Greedy,mean_bound_gap,skipped_by_bound,-0.22590223607425924
Greedy,mean_bound_gap,improvement_count,0.3439142948314171
Greedy,mean_bound_gap,sum_improvement_amount,0.6559098089525585
Greedy,mean_bound_gap,mean_improvement_amount,0.5045392224387012
Greedy,mean_bound_gap,last_improvement_node,-0.13101246118129437
Greedy,mean_bound_gap,pruned_generated_ratio,0.745634420382119
Greedy,mean_bound_gap,avg_branching_factor,-0.08406993307537472
Greedy,mean_bound_gap,capacity_density,0.5945794571954729
Greedy,mean_bound_gap,cells_allocated,0.5991633899565098
Greedy,mean_bound_gap,total_evaluations,0.49483288419226934
Greedy,mean_bound_gap,include_count,0.5735825882070823
Greedy,mean_bound_gap,exclude_count,0.4512724107494101
Greedy,mean_bound_gap,tie_count,0.03818107907234774
Greedy,mean_bound_gap,include_ratio,0.57244962641843
Greedy,mean_bound_gap,nonzero_value_states,0.5989914922197761
Greedy,mean_bound_gap,zero_value_states,-0.052062268229100726
Greedy,mean_bound_gap,fill_rate,0.18160170587725993
Greedy,mean_bound_gap,mean_cell_value,0.357849190503438
Greedy,mean_bound_gap,cell_value_variance,0.3197283470225828
Greedy,mean_bound_gap,dp_sum_improvement_amount,0.6519021986807376
Greedy,mean_bound_gap,dp_mean_improvement_amount,0.5899152432513988
Greedy,mean_bound_gap,updates_per_cell,0.49693172782088557
Greedy,mean_bound_gap,selected_count,0.3621317365126751
Greedy,mean_bound_gap,solution_density,0.5639006778118537
Greedy,mean_bound_gap,residual_capacity,-0.009320659877668173
Greedy,mean_bound_gap,capacity_utilization,0.1524701906622671
Greedy,mean_bound_gap,last_selected_position,0.23717804179064864
Greedy,mean_bound_gap,first_skipped_position,0.36145524420094216
Greedy,mean_bound_gap,log_time_millis,0.059486871129900636
Greedy,mean_bound_gap,AlmostEqualRatios,-0.12514454867689154
Greedy,mean_bound_gap,InverseCorrelated,-0.009568235583037172
Greedy,mean_bound_gap,StronglyCorrelated,-0.3423015424689224
Greedy,mean_bound_gap,WeaklyCorrelated,0.06931357913558267
Greedy,mean_bound_gap,log_n,0.05189677970575552
Greedy,bound_gap_variance,pruned_by_bound,0.3318483145315148
Greedy,bound_gap_variance,pruned_by_cap,-0.07098289102010394
Greedy,bound_gap_variance,left_branches,0.17556717971454497
Greedy,bound_gap_variance,right_branches,-0.0930644625608018
Greedy,bound_gap_variance,explored_children,-0.055637473000715636
Greedy,bound_gap_variance,skipped_children,-0.17555798516884574
Greedy,bound_gap_variance,skipped_infeasible,-0.16053304257296672
Greedy,bound_gap_variance,skipped_by_bound,-0.05182442857688799
Greedy,bound_gap_variance,improvement_count,0.49390958076588337
Greedy,bound_gap_variance,sum_improvement_amount,0.806744647872374
Greedy,bound_gap_variance,mean_improvement_amount,0.5263399173347036
Greedy,bound_gap_variance,last_improvement_node,-0.04105665629299808
Greedy,bound_gap_variance,pruned_generated_ratio,0.6496664460980299
Greedy,bound_gap_variance,avg_branching_factor,0.01686752109315797
Greedy,bound_gap_variance,capacity_density,0.6901170527263397
Greedy,bound_gap_variance,cells_allocated,0.7412272189874446
Greedy,bound_gap_variance,total_evaluations,0.6590062252981186
Greedy,bound_gap_variance,include_count,0.7321062936858066
Greedy,bound_gap_variance,exclude_count,0.6141661347471387
Greedy,bound_gap_variance,tie_count,0.14962359321946897
Greedy,bound_gap_variance,include_ratio,0.6392857880989484
Greedy,bound_gap_variance,nonzero_value_states,0.7414528928990775
Greedy,bound_gap_variance,zero_value_states,-0.15034134448335995
Greedy,bound_gap_variance,fill_rate,0.2687677280911337
Greedy,bound_gap_variance,mean_cell_value,0.47395140113502876
Greedy,bound_gap_variance,cell_value_variance,0.42116820345073497
Greedy,bound_gap_variance,dp_sum_improvement_amount,0.8020599748975257
Greedy,bound_gap_variance,dp_mean_improvement_amount,0.6305923574469527
Greedy,bound_gap_variance,updates_per_cell,0.6673749185756525
Greedy,bound_gap_variance,selected_count,0.5055426368547156
Greedy,bound_gap_variance,solution_density,0.6599325042477602
Greedy,bound_gap_variance,residual_capacity,0.03235559335274329
Greedy,bound_gap_variance,capacity_utilization,0.22984967498091635
Greedy,bound_gap_variance,last_selected_position,0.3451854542610171
Greedy,bound_gap_variance,first_skipped_position,0.5053160313354318
Greedy,bound_gap_variance,log_time_millis,0.17404428520307297
Greedy,bound_gap_variance,AlmostEqualRatios,-0.16528044243312703
Greedy,bound_gap_variance,InverseCorrelated,0.03271598793421964
Greedy,bound_gap_variance,StronglyCorrelated,-0.25769405396023387
Greedy,bound_gap_variance,WeaklyCorrelated,0.034082402297933405
Greedy,bound_gap_variance,log_n,0.17863570830292783
Greedy,pruned_by_bound,pruned_by_cap,-0.7106275799419363
Greedy,pruned_by_bound,left_branches,-0.2088292941388927
Greedy,pruned_by_bound,right_branches,-0.25377577731789247
Greedy,pruned_by_bound,explored_children,-0.24526731602535318
Greedy,pruned_by_bound,skipped_children,-0.28298368538872676
Greedy,pruned_by_bound,skipped_infeasible,-0.24205042770957863
Greedy,pruned_by_bound,skipped_by_bound,0.08184590168256609
Greedy,pruned_by_bound,improvement_count,-0.11189818100355858
Greedy,pruned_by_bound,sum_improvement_amount,0.1058990860018053
Greedy,pruned_by_bound,mean_improvement_amount,0.0012787849257319729
Greedy,pruned_by_bound,last_improvement_node,-0.3384918416451537
Greedy,pruned_by_bound,pruned_generated_ratio,0.32334818103645074
Greedy,pruned_by_bound,avg_branching_factor,-0.2949058379159864
Greedy,pruned_by_bound,capacity_density,0.1382723952408658
Greedy,pruned_by_bound,cells_allocated,0.10507711917207216
Greedy,pruned_by_bound,total_evaluations,0.12674325876726955
Greedy,pruned_by_bound,include_count,0.1174814357168559
Greedy,pruned_by_bound,exclude_count,0.12887066141873174
Greedy,pruned_by_bound,tie_count,0.09841491540039653
Greedy,pruned_by_bound,include_ratio,0.04187116761323672
Greedy,pruned_by_bound,nonzero_value_states,0.10719608306104784
Greedy,pruned_by_bound,zero_value_states,-0.11174151553472546
Greedy,pruned_by_bound,fill_rate,0.24520132067585573
Greedy,pruned_by_bound,mean_cell_value,-0.16742927262512658
Greedy,pruned_by_bound,cell_value_variance,-0.150786716695006
Greedy,pruned_by_bound,dp_sum_improvement_amount,0.10588062135910868
Greedy,pruned_by_bound,dp_mean_improvement_amount,0.008125758634748223
Greedy,pruned_by_bound,updates_per_cell,0.12660468270793176
Greedy,pruned_by_bound,selected_count,-0.11050084021850759
Greedy,pruned_by_bound,solution_density,0.09150199597800444
Greedy,pruned_by_bound,residual_capacity,-0.25660259251371503
Greedy,pruned_by_bound,capacity_utilization,0.1412865599951272
Greedy,pruned_by_bound,last_selected_position,-0.012286924858550815
Greedy,pruned_by_bound,first_skipped_position,-0.11235844400844669
Greedy,pruned_by_bound,log_time_millis,0.10497144533921085
Greedy,pruned_by_bound,AlmostEqualRatios,-0.025365476517030763
Greedy,pruned_by_bound,InverseCorrelated,-0.15927688927371272
Greedy,pruned_by_bound,StronglyCorrelated,0.0302969434606361
Greedy,pruned_by_bound,WeaklyCorrelated,0.05833382094766022
Greedy,pruned_by_bound,log_n,0.08253106020624437
Greedy,pruned_by_cap,left_branches,0.6443227620466921
Greedy,pruned_by_cap,right_branches,0.6119474557453687
Greedy,pruned_by_cap,explored_children,0.6183718977954719
Greedy,pruned_by_cap,skipped_children,0.5993281130033643
Greedy,pruned_by_cap,skipped_infeasible,0.5228441603609252
Greedy,pruned_by_cap,skipped_by_bound,0.025711415037428548
Greedy,pruned_by_cap,improvement_count,0.5069549938703041
Greedy,pruned_by_cap,sum_improvement_amount,0.3105376438629
Greedy,pruned_by_cap,mean_improvement_amount,0.06550621726256474
Greedy,pruned_by_cap,last_improvement_node,0.5394252801772799
Greedy,pruned_by_cap,pruned_generated_ratio,-0.16959408221117495
Greedy,pruned_by_cap,avg_branching_factor,0.5267388383334538
Greedy,pruned_by_cap,capacity_density,0.1712498983771633
Greedy,pruned_by_cap,cells_allocated,0.3063997258014795
Greedy,pruned_by_cap,total_evaluations,0.33371398088080967
Greedy,pruned_by_cap,include_count,0.3314329191931721
Greedy,pruned_by_cap,exclude_count,0.32572610341780805
Greedy,pruned_by_cap,tie_count,0.15555223116896438
Greedy,pruned_by_cap,include_ratio,0.18025458577626238
Greedy,pruned_by_cap,nonzero_value_states,0.3061458637407961
Greedy,pruned_by_cap,zero_value_states,-0.1689586527185558
Greedy,pruned_by_cap,fill_rate,0.07612577040574366
Greedy,pruned_by_cap,mean_cell_value,0.5101230695006052
Greedy,pruned_by_cap,cell_value_variance,0.46653164532348895
Greedy,pruned_by_cap,dp_sum_improvement_amount,0.32091853686227834
Greedy,pruned_by_cap,dp_mean_improvement_amount,0.11349023466798255
Greedy,pruned_by_cap,updates_per_cell,0.34315655689990554
Greedy,pruned_by_cap,selected_count,0.49980156001799075
Greedy,pruned_by_cap,solution_density,0.2120701118809386
Greedy,pruned_by_cap,residual_capacity,0.343774229109088
Greedy,pruned_by_cap,capacity_utilization,0.08483471560771853
Greedy,pruned_by_cap,last_selected_position,0.33228253300988875
Greedy,pruned_by_cap,first_skipped_position,0.5016389669940899
Greedy,pruned_by_cap,log_time_millis,0.2076945019312318
Greedy,pruned_by_cap,AlmostEqualRatios,-0.07019673167022247
Greedy,pruned_by_cap,InverseCorrelated,0.19127431582624363
Greedy,pruned_by_cap,StronglyCorrelated,0.061716589589256195
Greedy,pruned_by_cap,WeaklyCorrelated,-0.09139708687263885
Greedy,pruned_by_cap,log_n,0.24026753674566828
Greedy,left_branches,right_branches,0.9280171306749808
Greedy,left_branches,explored_children,0.9454911681077522
Greedy,left_branches,skipped_children,0.8817346754898779
Greedy,left_branches,skipped_infeasible,0.7911811328512961
Greedy,left_branches,skipped_by_bound,0.5482183656662252
Greedy,left_branches,improvement_count,0.7224244890236962
Greedy,left_branches,sum_improvement_amount,0.6827343751337306
Greedy,left_branches,mean_improvement_amount,0.18589168107812964
Greedy,left_branches,last_improvement_node,0.3827473052360183
Greedy,left_branches,pruned_generated_ratio,-0.10094976207229525
Greedy,left_branches,avg_branching_factor,0.530552100872274
Greedy,left_branches,capacity_density,0.43716825118445635
Greedy,left_branches,cells_allocated,0.6497295009424678
Greedy,left_branches,total_evaluations,0.7212731623451917
Greedy,left_branches,include_count,0.7072517483467847
Greedy,left_branches,exclude_count,0.7130570234482934
Greedy,left_branches,tie_count,0.46104636610952554
Greedy,left_branches,include_ratio,0.3424429966131791
Greedy,left_branches,nonzero_value_states,0.6505627089397088
Greedy,left_branches,zero_value_states,-0.38887701438319466
Greedy,left_branches,fill_rate,0.2997249315769739
Greedy,left_branches,mean_cell_value,0.6767180551865372
Greedy,left_branches,cell_value_variance,0.5940602200800144
Greedy,left_branches,dp_sum_improvement_amount,0.6865831684914329
Greedy,left_branches,dp_mean_improvement_amount,0.24938873015082733
Greedy,left_branches,updates_per_cell,0.7380420876258529
Greedy,left_branches,selected_count,0.7122796428644149
Greedy,left_branches,solution_density,0.4431440422835999
Greedy,left_branches,residual_capacity,0.3320086930607324
Greedy,left_branches,capacity_utilization,0.22085037176860844
Greedy,left_branches,last_selected_position,0.5142069809596013
Greedy,left_branches,first_skipped_position,0.713729455851637
Greedy,left_branches,log_time_millis,0.45229630974687823
Greedy,left_branches,AlmostEqualRatios,-0.07617532867682568
Greedy,left_branches,InverseCorrelated,0.26112950687476255
Greedy,left_branches,StronglyCorrelated,0.1427442171155947
Greedy,left_branches,WeaklyCorrelated,-0.1421164185102186
Greedy,left_branches,log_n,0.5163015634435895
Greedy,right_branches,explored_children,0.9983685894740375
Greedy,right_branches,skipped_children,0.982564953130282
Greedy,right_branches,skipped_infeasible,0.896869199998677
Greedy,right_branches,skipped_by_bound,0.6041520900674603
Greedy,right_branches,improvement_count,0.6091677308829048
Greedy,right_branches,sum_improvement_amount,0.48138226106912446
Greedy,right_branches,mean_improvement_amount,0.07115357399960816
Greedy,right_branches,last_improvement_node,0.3979246048123857
Greedy,right_branches,pruned_generated_ratio,-0.378300599575102
Greedy,right_branches,avg_branching_factor,0.4979076901780695
Greedy,right_branches,capacity_density,0.16191280879554987
Greedy,right_branches,cells_allocated,0.4170918993889629
Greedy,right_branches,total_evaluations,0.567182783490689
Greedy,right_branches,include_count,0.5055554186249771
Greedy,right_branches,exclude_count,0.5867849584257454
Greedy,right_branches,tie_count,0.44274550756022957
Greedy,right_branches,include_ratio,0.06322490787536104
Greedy,right_branches,nonzero_value_states,0.4182305176772206
Greedy,right_branches,zero_value_states,-0.4391087355191421
Greedy,right_branches,fill_rate,0.2536114559739589
Greedy,right_branches,mean_cell_value,0.553925634492457
Greedy,right_branches,cell_value_variance,0.48788798885468415
Greedy,right_branches,dp_sum_improvement_amount,0.46142931377283675
Greedy,right_branches,dp_mean_improvement_amount,0.05859611682464693
Greedy,right_branches,updates_per_cell,0.5941751041303492
Greedy,right_branches,selected_count,0.5934303799235248
Greedy,right_branches,solution_density,0.1688477353529862
Greedy,right_branches,residual_capacity,0.2356816374762935
Greedy,right_branches,capacity_utilization,0.18535623459162165
Greedy,right_branches,last_selected_position,0.4602513265308776
Greedy,right_branches,first_skipped_position,0.5949239489900056
Greedy,right_branches,log_time_millis,0.5206261310949176
Greedy,right_branches,AlmostEqualRatios,-0.07381785571701302
Greedy,right_branches,InverseCorrelated,0.2727115597387959
Greedy,right_branches,StronglyCorrelated,0.22344941371737373
Greedy,right_branches,WeaklyCorrelated,-0.15186563991689758
Greedy,right_branches,log_n,0.5911560474286367
Greedy,explored_children,skipped_children,0.9747939454159673
Greedy,explored_children,skipped_infeasible,0.8861125658518927
Greedy,explored_children,skipped_by_bound,0.6006238930598709
Greedy,explored_children,improvement_count,0.630344329883365
Greedy,explored_children,sum_improvement_amount,0.5142024384075741
Greedy,explored_children,mean_improvement_amount,0.08829227578011005
Greedy,explored_children,last_improvement_node,0.40055933103916014
Greedy,explored_children,pruned_generated_ratio,-0.3331071862402651
Greedy,explored_children,avg_branching_factor,0.5045598506271113
Greedy,explored_children,capacity_density,0.20202322061226916
Greedy,explored_children,cells_allocated,0.45310367195636336
Greedy,explored_children,total_evaluations,0.5963495627279951
Greedy,explored_children,include_count,0.5391101210331282
Greedy,explored_children,exclude_count,0.6127760386637592
Greedy,explored_children,tie_count,0.4514197750931468
Greedy,explored_children,include_ratio,0.09929933856461032
Greedy,explored_children,nonzero_value_states,0.45425479306842786
Greedy,explored_children,zero_value_states,-0.44029961952010854
Greedy,explored_children,fill_rate,0.2667925027429119
Greedy,explored_children,mean_cell_value,0.5743783266436675
Greedy,explored_children,cell_value_variance,0.5065972305715366
Greedy,explored_children,dp_sum_improvement_amount,0.49707956507062856
Greedy,explored_children,dp_mean_improvement_amount,0.08296988310725063
Greedy,explored_children,updates_per_cell,0.6218942713252354
Greedy,explored_children,selected_count,0.615192421701788
Greedy,explored_children,solution_density,0.20746295933262338
Greedy,explored_children,residual_capacity,0.24606701021903424
Greedy,explored_children,capacity_utilization,0.19593772586404223
Greedy,explored_children,last_selected_position,0.4731856150157881
Greedy,explored_children,first_skipped_position,0.6166553275398192
Greedy,explored_children,log_time_millis,0.5216228442371685
Greedy,explored_children,AlmostEqualRatios,-0.07110662365728569
Greedy,explored_children,InverseCorrelated,0.27262514025863627
Greedy,explored_children,StronglyCorrelated,0.2134037059133782
Greedy,explored_children,WeaklyCorrelated,-0.15505524865110507
Greedy,explored_children,log_n,0.5919114364517933
Greedy,skipped_children,skipped_infeasible,0.9202307796952761
Greedy,skipped_children,skipped_by_bound,0.6473456870670334
Greedy,skipped_children,improvement_count,0.5462383718884559
Greedy,skipped_children,sum_improvement_amount,0.4123748914349115
Greedy,skipped_children,mean_improvement_amount,0.05729364782840198
Greedy,skipped_children,last_improvement_node,0.3914514288153981
Greedy,skipped_children,pruned_generated_ratio,-0.5040998944339813
Greedy,skipped_children,avg_branching_factor,0.4480439047884567
Greedy,skipped_children,capacity_density,0.11452053748828704
Greedy,skipped_children,cells_allocated,0.347270827017142
Greedy,skipped_children,total_evaluations,0.4887468840409558
Greedy,skipped_children,include_count,0.43002152117716996
Greedy,skipped_children,exclude_count,0.5072131974117428
Greedy,skipped_children,tie_count,0.39989280954899675
Greedy,skipped_children,include_ratio,0.03484867547426613
Greedy,skipped_children,nonzero_value_states,0.3482886654229134
Greedy,skipped_children,zero_value_states,-0.3912918603884171
Greedy,skipped_children,fill_rate,0.21821960427173298
Greedy,skipped_children,mean_cell_value,0.5005435497545238
Greedy,skipped_children,cell_value_variance,0.43191760949024754
Greedy,skipped_children,dp_sum_improvement_amount,0.390420456661029
Greedy,skipped_children,dp_mean_improvement_amount,0.0414109645840522
Greedy,skipped_children,updates_per_cell,0.515958495465976
Greedy,skipped_children,selected_count,0.5290987801311526
Greedy,skipped_children,solution_density,0.13134799711017386
Greedy,skipped_children,residual_capacity,0.25790674187749374
Greedy,skipped_children,capacity_utilization,0.14427274994120204
Greedy,skipped_children,last_selected_position,0.40657832458471516
Greedy,skipped_children,first_skipped_position,0.5309556441567473
Greedy,skipped_children,log_time_millis,0.4703755124639283
Greedy,skipped_children,AlmostEqualRatios,-0.09896977737841424
Greedy,skipped_children,InverseCorrelated,0.2876956307536209
Greedy,skipped_children,StronglyCorrelated,0.2341178062606152
Greedy,skipped_children,WeaklyCorrelated,-0.14120519134281387
Greedy,skipped_children,log_n,0.533840938510481
Greedy,skipped_infeasible,skipped_by_bound,0.5845058100079256
Greedy,skipped_infeasible,improvement_count,0.4865238747026033
Greedy,skipped_infeasible,sum_improvement_amount,0.3618091739979381
Greedy,skipped_infeasible,mean_improvement_amount,0.034242071219386175
Greedy,skipped_infeasible,last_improvement_node,0.34161533935490734
Greedy,skipped_infeasible,pruned_generated_ratio,-0.5103033829558454
Greedy,skipped_infeasible,avg_branching_factor,0.4523266610495671
Greedy,skipped_infeasible,capacity_density,0.1079457693256704
Greedy,skipped_infeasible,cells_allocated,0.31402580658658186
Greedy,skipped_infeasible,total_evaluations,0.4340306860027457
Greedy,skipped_infeasible,include_count,0.38429301709592534
Greedy,skipped_infeasible,exclude_count,0.4494074769560867
Greedy,skipped_infeasible,tie_count,0.3596194514092901
Greedy,skipped_infeasible,include_ratio,0.03941397781178076
Greedy,skipped_infeasible,nonzero_value_states,0.314872401573422
Greedy,skipped_infeasible,zero_value_states,-0.34353431058149686
Greedy,skipped_infeasible,fill_rate,0.18993772259878486
Greedy,skipped_infeasible,mean_cell_value,0.44374933812682565
Greedy,skipped_infeasible,cell_value_variance,0.38518316647377926
Greedy,skipped_infeasible,dp_sum_improvement_amount,0.3471762892678139
Greedy,skipped_infeasible,dp_mean_improvement_amount,0.029966773682788307
Greedy,skipped_infeasible,updates_per_cell,0.45590878005731156
Greedy,skipped_infeasible,selected_count,0.4713392773527137
Greedy,skipped_infeasible,solution_density,0.1220722943636741
Greedy,skipped_infeasible,residual_capacity,0.2286783550482607
Greedy,skipped_infeasible,capacity_utilization,0.11160944595604003
Greedy,skipped_infeasible,last_selected_position,0.37268057965762147
Greedy,skipped_infeasible,first_skipped_position,0.4726531825085124
Greedy,skipped_infeasible,log_time_millis,0.4095172247054853
Greedy,skipped_infeasible,AlmostEqualRatios,-0.08047046585654943
Greedy,skipped_infeasible,InverseCorrelated,0.24403974210005225
Greedy,skipped_infeasible,StronglyCorrelated,0.20980793167747047
Greedy,skipped_infeasible,WeaklyCorrelated,-0.12006284298293185
Greedy,skipped_infeasible,log_n,0.46445872385324644
Greedy,skipped_by_bound,improvement_count,0.19623622399884358
Greedy,skipped_by_bound,sum_improvement_amount,0.31479286886491825
Greedy,skipped_by_bound,mean_improvement_amount,0.17164036877606437
Greedy,skipped_by_bound,last_improvement_node,-0.0015073495059137315
Greedy,skipped_by_bound,pruned_generated_ratio,-0.43457552158809404
Greedy,skipped_by_bound,avg_branching_factor,0.09697314817159115
Greedy,skipped_by_bound,capacity_density,0.1825042768780129
Greedy,skipped_by_bound,cells_allocated,0.23769213271322304
Greedy,skipped_by_bound,total_evaluations,0.27568466219205745
Greedy,skipped_by_bound,include_count,0.271966340695061
Greedy,skipped_by_bound,exclude_count,0.26684330142477164
Greedy,skipped_by_bound,tie_count,0.24148774999153508
Greedy,skipped_by_bound,include_ratio,0.151495030764344
Greedy,skipped_by_bound,nonzero_value_states,0.23844050496951294
Greedy,skipped_by_bound,zero_value_states,-0.14819872604721737
Greedy,skipped_by_bound,fill_rate,0.15451070069345496
Greedy,skipped_by_bound,mean_cell_value,0.20834272950364274
Greedy,skipped_by_bound,cell_value_variance,0.09228911303794665
Greedy,skipped_by_bound,dp_sum_improvement_amount,0.2871525886091746
Greedy,skipped_by_bound,dp_mean_improvement_amount,0.19022057498621736
Greedy,skipped_by_bound,updates_per_cell,0.3009066929098096
Greedy,skipped_by_bound,selected_count,0.1832804533866094
Greedy,skipped_by_bound,solution_density,0.2121371827700585
Greedy,skipped_by_bound,residual_capacity,0.2506830119228163
Greedy,skipped_by_bound,capacity_utilization,0.017070643547224425
Greedy,skipped_by_bound,last_selected_position,0.08835568551973401
Greedy,skipped_by_bound,first_skipped_position,0.18537249039701834
Greedy,skipped_by_bound,log_time_millis,0.18636278955539406
Greedy,skipped_by_bound,AlmostEqualRatios,-0.1846835764182017
Greedy,skipped_by_bound,InverseCorrelated,0.31704374002347346
Greedy,skipped_by_bound,StronglyCorrelated,0.14652945823919464
Greedy,skipped_by_bound,WeaklyCorrelated,-0.09465413358960924
Greedy,skipped_by_bound,log_n,0.2082175255604832
Greedy,improvement_count,sum_improvement_amount,0.7618630542840287
Greedy,improvement_count,mean_improvement_amount,0.15533687165203686
Greedy,improvement_count,last_improvement_node,0.3709993563459253
Greedy,improvement_count,pruned_generated_ratio,0.169694554164273
Greedy,improvement_count,avg_branching_factor,0.3207116510768481
Greedy,improvement_count,capacity_density,0.4930316114736114
Greedy,improvement_count,cells_allocated,0.7956567733214868
Greedy,improvement_count,total_evaluations,0.8453117639765922
Greedy,improvement_count,include_count,0.8410163253082167
Greedy,improvement_count,exclude_count,0.836507943985217
Greedy,improvement_count,tie_count,0.420352854542076
Greedy,improvement_count,include_ratio,0.42711244038456087
Greedy,improvement_count,nonzero_value_states,0.7952833713788142
Greedy,improvement_count,zero_value_states,-0.40803765721961655
Greedy,improvement_count,fill_rate,0.22672558217159633
Greedy,improvement_count,mean_cell_value,0.9206278222139559
Greedy,improvement_count,cell_value_variance,0.9373343570278112
Greedy,improvement_count,dp_sum_improvement_amount,0.8010076134256
Greedy,improvement_count,dp_mean_improvement_amount,0.23364216299624868
Greedy,improvement_count,updates_per_cell,0.8452124542154116
Greedy,improvement_count,selected_count,0.9980394708128733
Greedy,improvement_count,solution_density,0.4853607524566727
Greedy,improvement_count,residual_capacity,0.119051240766227
Greedy,improvement_count,capacity_utilization,0.2653952987326616
Greedy,improvement_count,last_selected_position,0.7885099137265702
Greedy,improvement_count,first_skipped_position,0.9980416478765909
Greedy,improvement_count,log_time_millis,0.49647240689557454
Greedy,improvement_count,AlmostEqualRatios,-0.05837554108140205
Greedy,improvement_count,InverseCorrelated,0.044588592217289585
Greedy,improvement_count,StronglyCorrelated,0.05290789233470607
Greedy,improvement_count,WeaklyCorrelated,-0.04935880035328451
Greedy,improvement_count,log_n,0.5627038980710445
Greedy,sum_improvement_amount,mean_improvement_amount,0.5932481054149107
Greedy,sum_improvement_amount,last_improvement_node,0.19140922181072065
Greedy,sum_improvement_amount,pruned_generated_ratio,0.35150761809205916
Greedy,sum_improvement_amount,avg_branching_factor,0.25098834136119624
Greedy,sum_improvement_amount,capacity_density,0.7050547145034395
Greedy,sum_improvement_amount,cells_allocated,0.8760611917596828
Greedy,sum_improvement_amount,total_evaluations,0.8763495287283869
Greedy,sum_improvement_amount,include_count,0.9125975771862239
Greedy,sum_improvement_amount,exclude_count,0.844193260334749
Greedy,sum_improvement_amount,tie_count,0.3362105638042162
Greedy,sum_improvement_amount,include_ratio,0.6160147215581994
Greedy,sum_improvement_amount,nonzero_value_states,0.8768007371366733
Greedy,sum_improvement_amount,zero_value_states,-0.3492068121592294
Greedy,sum_improvement_amount,fill_rate,0.36550441848974985
Greedy,sum_improvement_amount,mean_cell_value,0.7317559831306094
Greedy,sum_improvement_amount,cell_value_variance,0.6354426770594568
Greedy,sum_improvement_amount,dp_sum_improvement_amount,0.9713844672570919
Greedy,sum_improvement_amount,dp_mean_improvement_amount,0.6702135603824492
Greedy,sum_improvement_amount,updates_per_cell,0.8993060462054896
Greedy,sum_improvement_amount,selected_count,0.7640056403485633
Greedy,sum_improvement_amount,solution_density,0.6878831332601905
Greedy,sum_improvement_amount,residual_capacity,0.2094454776086436
Greedy,sum_improvement_amount,capacity_utilization,0.28029948933108007
Greedy,sum_improvement_amount,last_selected_position,0.5286278550529726
Greedy,sum_improvement_amount,first_skipped_position,0.7650399655470808
Greedy,sum_improvement_amount,log_time_millis,0.4106511947558346
Greedy,sum_improvement_amount,AlmostEqualRatios,-0.16783556560869106
Greedy,sum_improvement_amount,InverseCorrelated,0.25520017558897395
Greedy,sum_improvement_amount,StronglyCorrelated,-0.1675292983171519
Greedy,sum_improvement_amount,WeaklyCorrelated,-0.09837014443236401
Greedy,sum_improvement_amount,log_n,0.4545674796397416
Greedy,mean_improvement_amount,last_improvement_node,-0.04331698277397503
Greedy,mean_improvement_amount,pruned_generated_ratio,0.18039393030790515
Greedy,mean_improvement_amount,avg_branching_factor,-0.0038193639835418704
Greedy,mean_improvement_amount,capacity_density,0.25019976371127706
Greedy,mean_improvement_amount,cells_allocated,0.23970599612054136
Greedy,mean_improvement_amount,total_evaluations,0.18965537623939607
Greedy,mean_improvement_amount,include_count,0.25171225221435917
Greedy,mean_improvement_amount,exclude_count,0.16117947076088615
Greedy,mean_improvement_amount,tie_count,-0.2752469103198538
Greedy,mean_improvement_amount,include_ratio,0.3261936189850496
Greedy,mean_improvement_amount,nonzero_value_states,0.2394805302744972
Greedy,mean_improvement_amount,zero_value_states,0.005313080647261974
Greedy,mean_improvement_amount,fill_rate,0.05714786657659142
Greedy,mean_improvement_amount,mean_cell_value,0.2592513356350113
Greedy,mean_improvement_amount,cell_value_variance,0.15702081547773178
Greedy,mean_improvement_amount,dp_sum_improvement_amount,0.44375282508882086
Greedy,mean_improvement_amount,dp_mean_improvement_amount,0.9017222289310601
Greedy,mean_improvement_amount,updates_per_cell,0.25075981160465277
Greedy,mean_improvement_amount,selected_count,0.1694924568698107
Greedy,mean_improvement_amount,solution_density,0.2787872600987197
Greedy,mean_improvement_amount,residual_capacity,0.23086732209531588
Greedy,mean_improvement_amount,capacity_utilization,-0.16497216496782727
Greedy,mean_improvement_amount,last_selected_position,-0.038262092756299
Greedy,mean_improvement_amount,first_skipped_position,0.17295940262664342
Greedy,mean_improvement_amount,log_time_millis,0.0019769645980622576
Greedy,mean_improvement_amount,AlmostEqualRatios,-0.2134167680272293
Greedy,mean_improvement_amount,InverseCorrelated,0.6263081434271239
Greedy,mean_improvement_amount,StronglyCorrelated,-0.49113650160080047
Greedy,mean_improvement_amount,WeaklyCorrelated,-0.23785348413177332
Greedy,mean_improvement_amount,log_n,0.001296351951088522
Greedy,last_improvement_node,pruned_generated_ratio,-0.09838566536611036
Greedy,last_improvement_node,avg_branching_factor,0.1203256279793184
Greedy,last_improvement_node,capacity_density,0.12121167962202169
Greedy,last_improvement_node,cells_allocated,0.21648336175722463
Greedy,last_improvement_node,total_evaluations,0.23387140314754676
Greedy,last_improvement_node,include_count,0.23048383681889467
Greedy,last_improvement_node,exclude_count,0.22914572272525124
Greedy,last_improvement_node,tie_count,0.13955230853745862
Greedy,last_improvement_node,include_ratio,0.10520557514779713
Greedy,last_improvement_node,nonzero_value_states,0.21627752183764246
Greedy,last_improvement_node,zero_value_states,-0.11502902152766623
Greedy,last_improvement_node,fill_rate,0.051079784181055014
Greedy,last_improvement_node,mean_cell_value,0.15631124580579392
Greedy,last_improvement_node,cell_value_variance,0.23321348673946102
Greedy,last_improvement_node,dp_sum_improvement_amount,0.20481348573406324
Greedy,last_improvement_node,dp_mean_improvement_amount,0.004073177480726953
Greedy,last_improvement_node,updates_per_cell,0.23384193570505812
Greedy,last_improvement_node,selected_count,0.3375596437805716
Greedy,last_improvement_node,solution_density,0.128358353676832
Greedy,last_improvement_node,residual_capacity,0.001854330455810985
Greedy,last_improvement_node,capacity_utilization,0.06376490827245097
Greedy,last_improvement_node,last_selected_position,0.23123086264740625
Greedy,last_improvement_node,first_skipped_position,0.33821294755776754
Greedy,last_improvement_node,log_time_millis,0.15161150057952513
Greedy,last_improvement_node,AlmostEqualRatios,-0.040533200247631435
Greedy,last_improvement_node,InverseCorrelated,-0.061068498522543216
Greedy,last_improvement_node,StronglyCorrelated,0.22365081129908015
Greedy,last_improvement_node,WeaklyCorrelated,-0.06099136645962811
Greedy,last_improvement_node,log_n,0.16566591851691603
Greedy,pruned_generated_ratio,avg_branching_factor,-0.15980662574370252
Greedy,pruned_generated_ratio,capacity_density,0.45795140159427755
Greedy,pruned_generated_ratio,cells_allocated,0.4054049109083836
Greedy,pruned_generated_ratio,total_evaluations,0.32324624812234365
Greedy,pruned_generated_ratio,include_count,0.37271964362645676
Greedy,pruned_generated_ratio,exclude_count,0.29186198353288306
Greedy,pruned_generated_ratio,tie_count,0.062219113936793136
Greedy,pruned_generated_ratio,include_ratio,0.39035311148521745
Greedy,pruned_generated_ratio,nonzero_value_states,0.40568982705843787
Greedy,pruned_generated_ratio,zero_value_states,-0.021584011397230943
Greedy,pruned_generated_ratio,fill_rate,0.1630544375881669
Greedy,pruned_generated_ratio,mean_cell_value,0.14906514355039463
Greedy,pruned_generated_ratio,cell_value_variance,0.16272597643267395
Greedy,pruned_generated_ratio,dp_sum_improvement_amount,0.39029290950674145
Greedy,pruned_generated_ratio,dp_mean_improvement_amount,0.24748468772762983
Greedy,pruned_generated_ratio,updates_per_cell,0.30031279417089396
Greedy,pruned_generated_ratio,selected_count,0.1835638316000873
Greedy,pruned_generated_ratio,solution_density,0.40836945882139525
Greedy,pruned_generated_ratio,residual_capacity,-0.13290237953078224
Greedy,pruned_generated_ratio,capacity_utilization,0.20836410082090043
Greedy,pruned_generated_ratio,last_selected_position,0.1306645214466774
Greedy,pruned_generated_ratio,first_skipped_position,0.18162513693692536
Greedy,pruned_generated_ratio,log_time_millis,0.0030635474972826016
Greedy,pruned_generated_ratio,AlmostEqualRatios,0.10136497321332129
Greedy,pruned_generated_ratio,InverseCorrelated,-0.18935366766606115
Greedy,pruned_generated_ratio,StronglyCorrelated,-0.19016383292219316
Greedy,pruned_generated_ratio,WeaklyCorrelated,0.0003052754747159254
Greedy,pruned_generated_ratio,log_n,-0.0055305918043400204
Greedy,avg_branching_factor,capacity_density,0.1273577276629541
Greedy,avg_branching_factor,cells_allocated,0.24560585667477064
Greedy,avg_branching_factor,total_evaluations,0.29880358991658285
Greedy,avg_branching_factor,include_count,0.2788422513521857
Greedy,avg_branching_factor,exclude_count,0.30542791513370726
Greedy,avg_branching_factor,tie_count,0.22355195697902294
Greedy,avg_branching_factor,include_ratio,0.07694947811670777
Greedy,avg_branching_factor,nonzero_value_states,0.24636470639280159
Greedy,avg_branching_factor,zero_value_states,-0.20768957253289613
Greedy,avg_branching_factor,fill_rate,0.15655067352832772
Greedy,avg_branching_factor,mean_cell_value,0.33287257947951415
Greedy,avg_branching_factor,cell_value_variance,0.3032321049134467
Greedy,avg_branching_factor,dp_sum_improvement_amount,0.25639522270664217
Greedy,avg_branching_factor,dp_mean_improvement_amount,0.040028900513129365
Greedy,avg_branching_factor,updates_per_cell,0.3058350770488451
Greedy,avg_branching_factor,selected_count,0.3236604679806252
Greedy,avg_branching_factor,solution_density,0.12710353883875516
Greedy,avg_branching_factor,residual_capacity,0.1796762674684128
Greedy,avg_branching_factor,capacity_utilization,0.10271495089643627
Greedy,avg_branching_factor,last_selected_position,0.2636849305228958
Greedy,avg_branching_factor,first_skipped_position,0.3239517809865229
Greedy,avg_branching_factor,log_time_millis,0.23258545119840396
Greedy,avg_branching_factor,AlmostEqualRatios,0.00657646106679212
Greedy,avg_branching_factor,InverseCorrelated,0.09272553853607707
Greedy,avg_branching_factor,StronglyCorrelated,0.031180117457988897
Greedy,avg_branching_factor,WeaklyCorrelated,-0.03742456194007755
Greedy,avg_branching_factor,log_n,0.2615723886564796
Greedy,capacity_density,cells_allocated,0.8788616755958313
Greedy,capacity_density,total_evaluations,0.6747678085705273
Greedy,capacity_density,include_count,0.7907254765830237
Greedy,capacity_density,exclude_count,0.5880022631978762
Greedy,capacity_density,tie_count,0.3067004133321865
Greedy,capacity_density,include_ratio,0.8999929454561028
Greedy,capacity_density,nonzero_value_states,0.878546293143252
Greedy,capacity_density,zero_value_states,0.058664848159148915
Greedy,capacity_density,fill_rate,0.25979395048704534
Greedy,capacity_density,mean_cell_value,0.445288370046982
Greedy,capacity_density,cell_value_variance,0.3720579859433343
Greedy,capacity_density,dp_sum_improvement_amount,0.8157106064949176
Greedy,capacity_density,dp_mean_improvement_amount,0.4749045555545775
Greedy,capacity_density,updates_per_cell,0.6106725883559428
Greedy,capacity_density,selected_count,0.48995087279930477
Greedy,capacity_density,solution_density,0.9574280801645956
Greedy,capacity_density,residual_capacity,0.32188397317863354
Greedy,capacity_density,capacity_utilization,0.2773469657218292
Greedy,capacity_density,last_selected_position,0.27632595759939654
Greedy,capacity_density,first_skipped_position,0.490011529911998
Greedy,capacity_density,log_time_millis,-0.0589144289173562
Greedy,capacity_density,AlmostEqualRatios,-0.0009777191557732716
Greedy,capacity_density,InverseCorrelated,0.001382743759415709
Greedy,capacity_density,StronglyCorrelated,0.0002246985108661494
Greedy,capacity_density,WeaklyCorrelated,0.0015529464760132693
Greedy,capacity_density,log_n,-0.0633973002345287
Greedy,cells_allocated,total_evaluations,0.9209585964042115
Greedy,cells_allocated,include_count,0.9791944356974112
Greedy,cells_allocated,exclude_count,0.8700561100178255
Greedy,cells_allocated,tie_count,0.47732165367460755
Greedy,cells_allocated,include_ratio,0.7597657201935668
Greedy,cells_allocated,nonzero_value_states,0.999953287447126
Greedy,cells_allocated,zero_value_states,-0.2433815873372131
Greedy,cells_allocated,fill_rate,0.3276047790916689
Greedy,cells_allocated,mean_cell_value,0.7183849909744402
Greedy,cells_allocated,cell_value_variance,0.6526695757731668
Greedy,cells_allocated,dp_sum_improvement_amount,0.964641480115618
Greedy,cells_allocated,dp_mean_improvement_amount,0.40261609625510647
Greedy,cells_allocated,updates_per_cell,0.8805078854878884
Greedy,cells_allocated,selected_count,0.7938167533993791
Greedy,cells_allocated,solution_density,0.8363243978230038
Greedy,cells_allocated,residual_capacity,0.21062177701899604
Greedy,cells_allocated,capacity_utilization,0.3658171613974634
Greedy,cells_allocated,last_selected_position,0.5786545629002962
Greedy,cells_allocated,first_skipped_position,0.7931323317555151
Greedy,cells_allocated,log_time_millis,0.2887538201501811
Greedy,cells_allocated,AlmostEqualRatios,-0.00024169475486600389
Greedy,cells_allocated,InverseCorrelated,0.00032955755132382125
Greedy,cells_allocated,StronglyCorrelated,7.308080162973148e-05
Greedy,cells_allocated,WeaklyCorrelated,0.0003782805474755264
Greedy,cells_allocated,log_n,0.3271086586621043
Greedy,total_evaluations,include_count,0.9754030631517999
Greedy,total_evaluations,exclude_count,0.9921970579075827
Greedy,total_evaluations,tie_count,0.5967082338345742
Greedy,total_evaluations,include_ratio,0.47328850510233067
Greedy,total_evaluations,nonzero_value_states,0.9223571565666917
Greedy,total_evaluations,zero_value_states,-0.5014413123310821
Greedy,total_evaluations,fill_rate,0.44739146580251793
Greedy,total_evaluations,mean_cell_value,0.7622715938751695
Greedy,total_evaluations,cell_value_variance,0.7020035918147867
Greedy,total_evaluations,dp_sum_improvement_amount,0.9238471168399531
Greedy,total_evaluations,dp_mean_improvement_amount,0.24996171273693613
Greedy,total_evaluations,updates_per_cell,0.9828539764391947
Greedy,total_evaluations,selected_count,0.8445335458012034
Greedy,total_evaluations,solution_density,0.6067873572952391
Greedy,total_evaluations,residual_capacity,0.08840065876390826
Greedy,total_evaluations,capacity_utilization,0.47837603675254936
Greedy,total_evaluations,last_selected_position,0.7183347425704039
Greedy,total_evaluations,first_skipped_position,0.8431472049734234
Greedy,total_evaluations,log_time_millis,0.6036383614504779
Greedy,total_evaluations,AlmostEqualRatios,-8.245338485661871e-06
Greedy,total_evaluations,InverseCorrelated,-1.8895647625360202e-06
Greedy,total_evaluations,StronglyCorrelated,1.1649355339601186e-05
Greedy,total_evaluations,WeaklyCorrelated,2.614902680373517e-05
Greedy,total_evaluations,log_n,0.667683652261369
Greedy,include_count,exclude_count,0.9431141526462987
Greedy,include_count,tie_count,0.5301769676305691
Greedy,include_count,include_ratio,0.6457940898935141
Greedy,include_count,nonzero_value_states,0.9799206449235337
Greedy,include_count,zero_value_states,-0.3798944235055007
Greedy,include_count,fill_rate,0.39848565464765145
Greedy,include_count,mean_cell_value,0.7630418958076186
Greedy,include_count,cell_value_variance,0.6941465362048606
Greedy,include_count,dp_sum_improvement_amount,0.9735556330078432
Greedy,include_count,dp_mean_improvement_amount,0.36394869951506514
Greedy,include_count,updates_per_cell,0.9583809156458825
Greedy,include_count,selected_count,0.8397452329062354
Greedy,include_count,solution_density,0.7449558668722719
Greedy,include_count,residual_capacity,0.16577508569214594
Greedy,include_count,capacity_utilization,0.4130062283567483
Greedy,include_count,last_selected_position,0.6456300088509742
Greedy,include_count,first_skipped_position,0.839117915278077
Greedy,include_count,log_time_millis,0.4475821058652349
Greedy,include_count,AlmostEqualRatios,-0.04345934891418024
Greedy,include_count,InverseCorrelated,0.027728141729710245
Greedy,include_count,StronglyCorrelated,0.007120914597846201
Greedy,include_count,WeaklyCorrelated,-0.008667399712904368
Greedy,include_count,log_n,0.498407998095592
Greedy,exclude_count,tie_count,0.6195432571036109
Greedy,exclude_count,include_ratio,0.36157967345125896
Greedy,exclude_count,nonzero_value_states,0.8717098458684146
Greedy,exclude_count,zero_value_states,-0.5573699405427731
Greedy,exclude_count,fill_rate,0.4564417312963285
Greedy,exclude_count,mean_cell_value,0.751117931142531
Greedy,exclude_count,cell_value_variance,0.6998450510690593
Greedy,exclude_count,dp_sum_improvement_amount,0.8801764477933346
Greedy,exclude_count,dp_mean_improvement_amount,0.18832408476709875
Greedy,exclude_count,updates_per_cell,0.9790413328914629
Greedy,exclude_count,selected_count,0.8366027672269045
Greedy,exclude_count,solution_density,0.5061342164778779
Greedy,exclude_count,residual_capacity,0.027957976846519104
Greedy,exclude_count,capacity_utilization,0.4994811195247637
Greedy,exclude_count,last_selected_position,0.7428133574352292
Greedy,exclude_count,first_skipped_position,0.8348179015221573
Greedy,exclude_count,log_time_millis,0.6783466654958717
Greedy,exclude_count,AlmostEqualRatios,0.021331899078189297
Greedy,exclude_count,InverseCorrelated,-0.019729272827240806
Greedy,exclude_count,StronglyCorrelated,-0.011319330599052898
Greedy,exclude_count,WeaklyCorrelated,0.016286058687659862
Greedy,exclude_count,log_n,0.7475104967534173
Greedy,tie_count,include_ratio,0.06512938922561075
Greedy,tie_count,nonzero_value_states,0.4793496901226071
Greedy,tie_count,zero_value_states,-0.3974974918459196
Greedy,tie_count,fill_rate,0.3635460201383475
Greedy,tie_count,mean_cell_value,0.33390881561792746
Greedy,tie_count,cell_value_variance,0.31590670664206705
Greedy,tie_count,dp_sum_improvement_amount,0.40608791115952947
Greedy,tie_count,dp_mean_improvement_amount,-0.2558070734288519
Greedy,tie_count,updates_per_cell,0.5669543138465537
Greedy,tie_count,selected_count,0.4139721765580138
Greedy,tie_count,solution_density,0.21081345332929358
Greedy,tie_count,residual_capacity,-0.1508173947792159
Greedy,tie_count,capacity_utilization,0.5271794491184043
Greedy,tie_count,last_selected_position,0.4095153781572098
Greedy,tie_count,first_skipped_position,0.4112505561940706
Greedy,tie_count,log_time_millis,0.4657893486502072
Greedy,tie_count,AlmostEqualRatios,0.20040030869676298
Greedy,tie_count,InverseCorrelated,-0.26600270197469844
Greedy,tie_count,StronglyCorrelated,0.2512212531711375
Greedy,tie_count,WeaklyCorrelated,0.0875406984927275
Greedy,tie_count,log_n,0.523920531048638
Greedy,include_ratio,nonzero_value_states,0.758195759600013
Greedy,include_ratio,zero_value_states,0.20607587452188478
Greedy,include_ratio,fill_rate,0.09258534738329903
Greedy,include_ratio,mean_cell_value,0.41752084923728766
Greedy,include_ratio,cell_value_variance,0.3329533695872623
Greedy,include_ratio,dp_sum_improvement_amount,0.7137911170283894
Greedy,include_ratio,dp_mean_improvement_amount,0.5818957031449132
Greedy,include_ratio,updates_per_cell,0.43966775705148775
Greedy,include_ratio,selected_count,0.4244836626742614
Greedy,include_ratio,solution_density,0.9588532404488552
Greedy,include_ratio,residual_capacity,0.43359913798854693
Greedy,include_ratio,capacity_utilization,0.027567476122855695
Greedy,include_ratio,last_selected_position,0.13402941220913345
Greedy,include_ratio,first_skipped_position,0.4264925225257415
Greedy,include_ratio,log_time_millis,-0.2929771277960328
Greedy,include_ratio,AlmostEqualRatios,-0.1396521407865115
Greedy,include_ratio,InverseCorrelated,0.1322531714796541
Greedy,include_ratio,StronglyCorrelated,0.010214511828179024
Greedy,include_ratio,WeaklyCorrelated,-0.06975274414707573
Greedy,include_ratio,log_n,-0.3076917687271925
Greedy,nonzero_value_states,zero_value_states,-0.2483431702504271
Greedy,nonzero_value_states,fill_rate,0.3367088170686042
Greedy,nonzero_value_states,mean_cell_value,0.7180336794904381
Greedy,nonzero_value_states,cell_value_variance,0.6520941328367429
Greedy,nonzero_value_states,dp_sum_improvement_amount,0.9650411085785996
Greedy,nonzero_value_states,dp_mean_improvement_amount,0.4016271868806281
Greedy,nonzero_value_states,updates_per_cell,0.882270031278699
Greedy,nonzero_value_states,selected_count,0.7934444863790511
Greedy,nonzero_value_states,solution_density,0.8358815391854534
Greedy,nonzero_value_states,residual_capacity,0.2100053182904469
Greedy,nonzero_value_states,capacity_utilization,0.3683502788085071
Greedy,nonzero_value_states,last_selected_position,0.5791392888926074
Greedy,nonzero_value_states,first_skipped_position,0.7927486965181533
Greedy,nonzero_value_states,log_time_millis,0.29207453005840284
Greedy,nonzero_value_states,AlmostEqualRatios,-0.0003421985873817162
Greedy,nonzero_value_states,InverseCorrelated,0.0006165716263238292
Greedy,nonzero_value_states,StronglyCorrelated,6.372475367375213e-06
Greedy,nonzero_value_states,WeaklyCorrelated,0.00025973122067894416
Greedy,nonzero_value_states,log_n,0.3301878365776085
Greedy,zero_value_states,fill_rate,-0.5810660873692788
Greedy,zero_value_states,mean_cell_value,-0.36576333834786645
Greedy,zero_value_states,cell_value_variance,-0.3434188558553856
Greedy,zero_value_states,dp_sum_improvement_amount,-0.3060232053087649
Greedy,zero_value_states,dp_mean_improvement_amount,0.12196090628271485
Greedy,zero_value_states,updates_per_cell,-0.545022467356412
Greedy,zero_value_states,selected_count,-0.40910747247333484
Greedy,zero_value_states,solution_density,0.08571329645384472
Greedy,zero_value_states,residual_capacity,0.13787029703545287
Greedy,zero_value_states,capacity_utilization,-0.3230574612931792
Greedy,zero_value_states,last_selected_position,-0.4793718976050782
Greedy,zero_value_states,first_skipped_position,-0.40705727046507834
Greedy,zero_value_states,log_time_millis,-0.6957376708292367
Greedy,zero_value_states,AlmostEqualRatios,0.0016703969328459457
Greedy,zero_value_states,InverseCorrelated,-0.021587624227787656
Greedy,zero_value_states,StronglyCorrelated,0.0026647749912625533
Greedy,zero_value_states,WeaklyCorrelated,0.015243804028566104
Greedy,zero_value_states,log_n,-0.750767861809148
Greedy,fill_rate,mean_cell_value,0.2032674826608814
Greedy,fill_rate,cell_value_variance,0.15861066112412386
Greedy,fill_rate,dp_sum_improvement_amount,0.36064568327112334
Greedy,fill_rate,dp_mean_improvement_amount,0.03371362169242575
Greedy,fill_rate,updates_per_cell,0.4699586589765699
Greedy,fill_rate,selected_count,0.2262215480947001
Greedy,fill_rate,solution_density,0.23178378040526665
Greedy,fill_rate,residual_capacity,0.007355551390069819
Greedy,fill_rate,capacity_utilization,0.3775056606615674
Greedy,fill_rate,last_selected_position,0.24180135815036993
Greedy,fill_rate,first_skipped_position,0.22484603130497055
Greedy,fill_rate,log_time_millis,0.43052765371145124
Greedy,fill_rate,AlmostEqualRatios,-0.010163988072011238
Greedy,fill_rate,InverseCorrelated,0.028116979502102207
Greedy,fill_rate,StronglyCorrelated,-0.006815576348665946
Greedy,fill_rate,WeaklyCorrelated,-0.010970310442162009
Greedy,fill_rate,log_n,0.4203887581735922
Greedy,mean_cell_value,cell_value_variance,0.942096191059821
Greedy,mean_cell_value,dp_sum_improvement_amount,0.7532107143923131
Greedy,mean_cell_value,dp_mean_improvement_amount,0.3198940107895771
Greedy,mean_cell_value,updates_per_cell,0.771777104442929
Greedy,mean_cell_value,selected_count,0.9335429282701879
Greedy,mean_cell_value,solution_density,0.466356596055261
Greedy,mean_cell_value,residual_capacity,0.2326022715915251
Greedy,mean_cell_value,capacity_utilization,0.22497962460210877
Greedy,mean_cell_value,last_selected_position,0.711037922984446
Greedy,mean_cell_value,first_skipped_position,0.9345350708311061
Greedy,mean_cell_value,log_time_millis,0.43690214589317156
Greedy,mean_cell_value,AlmostEqualRatios,-0.1001028950291454
Greedy,mean_cell_value,InverseCorrelated,0.19942501817187716
Greedy,mean_cell_value,StronglyCorrelated,-0.10631157655920023
Greedy,mean_cell_value,WeaklyCorrelated,-0.08571978919207966
Greedy,mean_cell_value,log_n,0.50601292622941
Greedy,cell_value_variance,dp_sum_improvement_amount,0.6644902770660206
Greedy,cell_value_variance,dp_mean_improvement_amount,0.20656226662710025
Greedy,cell_value_variance,updates_per_cell,0.7032919163016821
Greedy,cell_value_variance,selected_count,0.9477323212303226
Greedy,cell_value_variance,solution_density,0.36828982871177335
Greedy,cell_value_variance,residual_capacity,0.10874919165061404
Greedy,cell_value_variance,capacity_utilization,0.1945997651271792
Greedy,cell_value_variance,last_selected_position,0.7687655926890697
Greedy,cell_value_variance,first_skipped_position,0.9477000725839279
Greedy,cell_value_variance,log_time_millis,0.42577738771875984
Greedy,cell_value_variance,AlmostEqualRatios,-0.03904835389434862
Greedy,cell_value_variance,InverseCorrelated,0.06357259457648179
Greedy,cell_value_variance,StronglyCorrelated,-0.04907816422368039
Greedy,cell_value_variance,WeaklyCorrelated,-0.029610827481872184
Greedy,cell_value_variance,log_n,0.4902159189793864
Greedy,dp_sum_improvement_amount,dp_mean_improvement_amount,0.5671070308473005
Greedy,dp_sum_improvement_amount,updates_per_cell,0.9170812614798232
Greedy,dp_sum_improvement_amount,selected_count,0.8017764283484988
Greedy,dp_sum_improvement_amount,solution_density,0.7898766583645722
Greedy,dp_sum_improvement_amount,residual_capacity,0.23333331560707843
Greedy,dp_sum_improvement_amount,capacity_utilization,0.32568195434835223
Greedy,dp_sum_improvement_amount,last_selected_position,0.5676813391950102
Greedy,dp_sum_improvement_amount,first_skipped_position,0.8021071631576454
Greedy,dp_sum_improvement_amount,log_time_millis,0.3591332333031062
Greedy,dp_sum_improvement_amount,AlmostEqualRatios,-0.10037538199980056
Greedy,dp_sum_improvement_amount,InverseCorrelated,0.1518586642762849
Greedy,dp_sum_improvement_amount,StronglyCorrelated,-0.09825160163746705
Greedy,dp_sum_improvement_amount,WeaklyCorrelated,-0.057214216615278354
Greedy,dp_sum_improvement_amount,log_n,0.40086350758918265
Greedy,dp_mean_improvement_amount,updates_per_cell,0.28374741260533365
Greedy,dp_mean_improvement_amount,selected_count,0.2413594583346641
Greedy,dp_mean_improvement_amount,solution_density,0.5345921711796012
Greedy,dp_mean_improvement_amount,residual_capacity,0.3536502042825505
Greedy,dp_mean_improvement_amount,capacity_utilization,-0.16118966123217512
Greedy,dp_mean_improvement_amount,last_selected_position,-0.013220257465214673
Greedy,dp_mean_improvement_amount,first_skipped_position,0.24496960906262225
Greedy,dp_mean_improvement_amount,log_time_millis,-0.14946307223930708
Greedy,dp_mean_improvement_amount,AlmostEqualRatios,-0.2525562969138124
Greedy,dp_mean_improvement_amount,InverseCorrelated,0.519176596055469
Greedy,dp_mean_improvement_amount,StronglyCorrelated,-0.426257310117256
Greedy,dp_mean_improvement_amount,WeaklyCorrelated,-0.20202032418794064
Greedy,dp_mean_improvement_amount,log_n,-0.1625691185986387
Greedy,updates_per_cell,selected_count,0.8448318896711837
Greedy,updates_per_cell,solution_density,0.5636000557576396
Greedy,updates_per_cell,residual_capacity,0.09092877815403257
Greedy,updates_per_cell,capacity_utilization,0.4501180406367631
Greedy,updates_per_cell,last_selected_position,0.6940883626588852
Greedy,updates_per_cell,first_skipped_position,0.8443293819648325
Greedy,updates_per_cell,log_time_millis,0.6393071862375163
Greedy,updates_per_cell,AlmostEqualRatios,-0.10118109011298089
Greedy,updates_per_cell,InverseCorrelated,0.06430934445332412
Greedy,updates_per_cell,StronglyCorrelated,0.01653165425603494
Greedy,updates_per_cell,WeaklyCorrelated,-0.02077926378629323
Greedy,updates_per_cell,log_n,0.7040754468952775
Greedy,selected_count,solution_density,0.4812259349951284
Greedy,selected_count,residual_capacity,0.12156676573406247
Greedy,selected_count,capacity_utilization,0.26473228199900617
Greedy,selected_count,last_selected_position,0.7946216998183689
Greedy,selected_count,first_skipped_position,0.9999382856928846
Greedy,selected_count,log_time_millis,0.49777346775388587
Greedy,selected_count,AlmostEqualRatios,-0.05365305794070817
Greedy,selected_count,InverseCorrelated,0.055564443265031876
Greedy,selected_count,StronglyCorrelated,0.022449656035016544
Greedy,selected_count,WeaklyCorrelated,-0.04231560948477271
Greedy,selected_count,log_n,0.5645102487418633
Greedy,solution_density,residual_capacity,0.43152970681128205
Greedy,solution_density,capacity_utilization,0.1830052733924048
Greedy,solution_density,last_selected_position,0.21983602358076446
Greedy,solution_density,first_skipped_position,0.48267296333110515
Greedy,solution_density,log_time_millis,-0.13944787573219258
Greedy,solution_density,AlmostEqualRatios,-0.12192389306795236
Greedy,solution_density,InverseCorrelated,0.1154060381652837
Greedy,solution_density,StronglyCorrelated,0.049149279967498676
Greedy,solution_density,WeaklyCorrelated,-0.08384057958426021
Greedy,solution_density,log_n,-0.14435298116893303
Greedy,residual_capacity,capacity_utilization,-0.3246391387647602
Greedy,residual_capacity,last_selected_position,-0.04072761778807941
Greedy,residual_capacity,first_skipped_position,0.12560202808845763
Greedy,residual_capacity,log_time_millis,-0.20229632416768753
Greedy,residual_capacity,AlmostEqualRatios,-0.21403573780296126
Greedy,residual_capacity,InverseCorrelated,0.5393327824354089
Greedy,residual_capacity,StronglyCorrelated,-0.019361262638259404
Greedy,residual_capacity,WeaklyCorrelated,-0.21177024055666022
Greedy,residual_capacity,log_n,-0.19424873011771063
Greedy,capacity_utilization,last_selected_position,0.30730865635970506
Greedy,capacity_utilization,first_skipped_position,0.26188886204123335
Greedy,capacity_utilization,log_time_millis,0.415492972732527
Greedy,capacity_utilization,AlmostEqualRatios,0.16092355473523018
Greedy,capacity_utilization,InverseCorrelated,-0.3046340883381556
Greedy,capacity_utilization,StronglyCorrelated,-0.01766922688407468
Greedy,capacity_utilization,WeaklyCorrelated,0.1351628213136125
Greedy,capacity_utilization,log_n,0.4334827078009343
Greedy,last_selected_position,first_skipped_position,0.791544029266366
Greedy,last_selected_position,log_time_millis,0.6017778337996321
Greedy,last_selected_position,AlmostEqualRatios,0.028034926960333453
Greedy,last_selected_position,InverseCorrelated,-0.0831359651375251
Greedy,last_selected_position,StronglyCorrelated,-0.09529081604893097
Greedy,last_selected_position,WeaklyCorrelated,0.20739087103350712
Greedy,last_selected_position,log_n,0.6591700160230923
Greedy,first_skipped_position,log_time_millis,0.49589080704790217
Greedy,first_skipped_position,AlmostEqualRatios,-0.059394777269406125
Greedy,first_skipped_position,InverseCorrelated,0.060258070618171365
Greedy,first_skipped_position,StronglyCorrelated,0.024790939811104855
Greedy,first_skipped_position,WeaklyCorrelated,-0.045117795561973505
Greedy,first_skipped_position,log_n,0.5624759882331936
Greedy,log_time_millis,AlmostEqualRatios,-0.0688465557251683
Greedy,log_time_millis,InverseCorrelated,-0.03108541438164327
Greedy,log_time_millis,StronglyCorrelated,-0.0027061774457924005
Greedy,log_time_millis,WeaklyCorrelated,0.05907202598327676
Greedy,log_time_millis,log_n,0.9138451318390604
Greedy,AlmostEqualRatios,InverseCorrelated,-0.24999999999999994
Greedy,AlmostEqualRatios,StronglyCorrelated,-0.24999999999999972
Greedy,AlmostEqualRatios,WeaklyCorrelated,-0.24999999999999944
Greedy,AlmostEqualRatios,log_n,-1.6074927539095008e-16
Greedy,InverseCorrelated,StronglyCorrelated,-0.2500000000000006
Greedy,InverseCorrelated,WeaklyCorrelated,-0.2500000000000004
Greedy,InverseCorrelated,log_n,-4.853512286695524e-16
Greedy,StronglyCorrelated,WeaklyCorrelated,-0.25000000000000067
Greedy,StronglyCorrelated,log_n,4.315298606509122e-16
Greedy,WeaklyCorrelated,log_n,4.940163468766355e-16
