instance_id,n,family,capacity_mode,capacity,seed,capacity_density,cells_allocated,total_evaluations,include_count,exclude_count,tie_count,include_ratio,nonzero_value_states,zero_value_states,fill_rate,optimal_value,mean_cell_value,cell_value_variance,sum_improvement_amount,mean_improvement_amount,updates_per_cell
0,20,Uncorrelated,fixed,1000,42,50.0000,1001,8083,3550,4533,0,0.439193,996,5,0.995005,2339,1331.8531,645311.6558,1333185,375.5451,3.546454
1,20,Uncorrelated,fixed,1000,42,50.0000,1001,9851,4946,4905,0,0.502081,961,40,0.960040,3417,2206.5604,774585.7908,2208767,446.5764,4.941059
2,20,Uncorrelated,fixed,1000,42,50.0000,1001,9509,3759,5750,0,0.395310,934,67,0.933067,2658,1228.4256,625429.6670,1229654,327.1226,3.755245
3,20,Uncorrelated,fixed,1000,42,50.0000,1001,9125,4037,5088,0,0.442411,998,3,0.997003,2443,1473.1708,337194.2156,1474644,365.2821,4.032967
4,20,Uncorrelated,fixed,1000,42,50.0000,1001,11392,6194,5198,0,0.543715,970,31,0.969031,3111,1955.2258,765178.8361,1957181,315.9801,6.187812
5,20,Uncorrelated,fixed,1000,42,50.0000,1001,9502,6649,2853,0,0.699747,997,4,0.996004,3213,2240.6034,540432.3832,2242844,337.3205,6.642358
6,20,Uncorrelated,fixed,1000,42,50.0000,1001,8693,5087,3606,0,0.585183,936,65,0.935065,3354,2159.6134,905463.1103,2161773,424.9603,5.081918
7,20,Uncorrelated,fixed,1000,42,50.0000,1001,8302,2378,5924,0,0.286437,844,157,0.843157,2178,1043.6503,434702.8927,1044694,439.3162,2.375624
8,20,Uncorrelated,fixed,1000,42,50.0000,1001,9842,5467,4375,0,0.555477,975,26,0.974026,2585,1552.2438,529988.2263,1553796,284.2136,5.461538
9,20,Uncorrelated,fixed,1000,42,50.0000,1001,7779,3661,4118,0,0.470626,888,113,0.887113,2237,1205.5724,466120.0170,1206778,329.6307,3.657343
10,20,Uncorrelated,fixed,1000,42,50.0000,1001,11347,5276,6071,0,0.464969,950,51,0.949051,3837,2207.6963,1401837.2085,2209904,418.8597,5.270729
11,20,Uncorrelated,fixed,1000,42,50.0000,1001,10084,4021,6063,0,0.398750,932,69,0.931069,3381,2031.4575,1019383.9505,2033489,505.7172,4.016983
12,20,Uncorrelated,fixed,1000,42,50.0000,1001,9321,4225,5096,0,0.453278,943,58,0.942058,3178,1618.5844,785696.2988,1620203,383.4800,4.220779
13,20,Uncorrelated,fixed,1000,42,50.0000,1001,9935,5523,4412,0,0.555913,928,73,0.927073,3053,1654.7892,787608.0744,1656444,299.9174,5.517483
14,20,Uncorrelated,fixed,1000,42,50.0000,1001,11273,6012,5261,0,0.533310,971,30,0.970030,4520,3237.0579,1181490.4482,3240295,538.9712,6.005994
15,20,Uncorrelated,fixed,1000,42,50.0000,1001,9121,4205,4916,0,0.461024,949,52,0.948052,2146,1344.9321,329538.4309,1346277,320.1610,4.200799
16,20,Uncorrelated,fixed,1000,42,50.0000,1001,9295,4385,4910,0,0.471759,962,39,0.961039,3109,1690.6044,842553.8235,1692295,385.9282,4.380619
17,20,Uncorrelated,fixed,1000,42,50.0000,1001,9656,5285,4371,0,0.547328,964,37,0.963037,4331,2784.5005,1399937.8364,2787285,527.3955,5.279720
18,20,Uncorrelated,fixed,1000,42,50.0000,1001,9710,6974,2736,0,0.718229,983,18,0.982018,4648,3184.1818,1275672.5584,3187366,457.0356,6.967033
19,20,Uncorrelated,fixed,1000,42,50.0000,1001,8552,2657,5895,0,0.310688,860,141,0.859141,2340,1304.2008,523576.1305,1305505,491.3455,2.654346
20,20,Uncorrelated,fixed,1000,42,50.0000,1001,9860,6211,3649,0,0.629919,961,40,0.960040,3402,2110.0709,812067.8861,2112181,340.0710,6.204795
21,20,Uncorrelated,fixed,1000,42,50.0000,1001,11250,6075,5175,0,0.540000,997,4,0.996004,2612,1795.5524,268394.6049,1797348,295.8598,6.068931
22,20,Uncorrelated,fixed,1000,42,50.0000,1001,12461,6322,6139,0,0.507343,940,61,0.939061,4394,2675.4795,1540680.6732,2678155,423.6246,6.315684
23,20,Uncorrelated,fixed,1000,42,50.0000,1001,8916,4239,4677,0,0.475437,993,8,0.992008,4186,2704.7892,890818.0725,2707494,638.7105,4.234765
24,20,Uncorrelated,fixed,1000,42,50.0000,1001,14166,7527,6639,0,0.531343,995,6,0.994006,2944,1897.9520,578914.5452,1899850,252.4047,7.519481
25,20,Uncorrelated,fixed,1000,42,50.0000,1001,11123,6644,4479,0,0.597321,984,17,0.983017,4627,3254.2997,963026.0660,3257554,490.3001,6.637363
26,20,Uncorrelated,fixed,1000,42,50.0000,1001,10533,5935,4598,0,0.563467,960,41,0.959041,2835,1919.5395,492023.3853,1921459,323.7505,5.929071
27,20,Uncorrelated,fixed,1000,42,50.0000,1001,8879,4848,4031,0,0.546007,971,30,0.970030,2756,1823.9221,585977.4824,1825746,376.5978,4.843157
28,20,Uncorrelated,fixed,1000,42,50.0000,1001,10079,5736,4343,0,0.569104,995,6,0.994006,3538,2349.7882,509700.9781,2352138,410.0659,5.730270
29,20,Uncorrelated,fixed,1000,42,50.0000,1001,11114,5382,5419,313,0.484254,993,8,0.992008,3694,2215.6034,964680.7088,2217819,412.0808,5.376623
30,20,Uncorrelated,fixed,1000,42,50.0000,1001,10564,6164,4400,0,0.583491,990,11,0.989011,3503,2058.7243,855499.3965,2060783,334.3256,6.157842
31,20,Uncorrelated,fixed,1000,42,50.0000,1001,7572,2756,4816,0,0.363973,904,97,0.903097,2425,1387.2408,589883.3456,1388628,503.8563,2.753247
32,20,Uncorrelated,fixed,1000,42,50.0000,1001,9324,6265,3059,0,0.671922,976,25,0.975025,3364,1938.3137,877237.1444,1940252,309.6970,6.258741
33,20,Uncorrelated,fixed,1000,42,50.0000,1001,12241,7600,4641,0,0.620864,1000,1,0.999001,4849,3527.1748,1112992.3121,3530702,464.5661,7.592408
34,20,Uncorrelated,fixed,1000,42,50.0000,1001,9983,3799,6184,0,0.380547,980,21,0.979021,2912,1830.5385,473876.6441,1832369,482.3293,3.795205
35,20,Uncorrelated,fixed,1000,42,50.0000,1001,12381,6754,5627,0,0.545513,980,21,0.979021,5533,3923.5065,1710786.9513,3927430,581.4969,6.747253
36,20,Uncorrelated,fixed,1000,42,50.0000,1001,11586,4967,6400,219,0.428707,962,39,0.961039,3514,2317.6334,887637.8346,2319951,467.0729,4.962038
37,20,Uncorrelated,fixed,1000,42,50.0000,1001,8848,5054,3794,0,0.571203,864,137,0.863137,2580,1272.8611,655371.8359,1274134,252.1041,5.048951
38,20,Uncorrelated,fixed,1000,42,50.0000,1001,10317,5177,5140,0,0.501793,974,27,0.973027,2746,1539.8621,562448.0609,1541402,297.7404,5.171828
39,20,Uncorrelated,fixed,1000,42,50.0000,1001,11395,5061,6334,0,0.444142,931,70,0.930070,3362,2075.2448,818002.4706,2077320,410.4564,5.055944
40,20,Uncorrelated,fixed,1000,42,50.0000,1001,10892,5880,5012,0,0.539846,983,18,0.982018,3776,2761.8052,803901.9231,2764567,470.1645,5.874126
41,20,Uncorrelated,fixed,1000,42,50.0000,1001,9322,6079,3243,0,0.652113,994,7,0.993007,3956,2932.5504,879869.1565,2935483,482.8891,6.072927
42,20,Uncorrelated,fixed,1000,42,50.0000,1001,10245,4914,5331,0,0.479649,996,5,0.995005,3217,2174.4965,514937.8064,2176671,442.9530,4.909091
43,20,Uncorrelated,fixed,1000,42,50.0000,1001,11247,6757,4490,0,0.600782,959,42,0.958042,3737,2262.0060,1235482.4855,2264268,335.0996,6.750250
44,20,Uncorrelated,fixed,1000,42,50.0000,1001,9442,4505,4937,0,0.477123,909,92,0.908092,2369,1164.2637,508300.8315,1165428,258.6966,4.500500
45,20,Uncorrelated,fixed,1000,42,50.0000,1001,10222,4493,5729,0,0.439542,959,42,0.958042,3972,2234.9740,1241854.4848,2237209,497.9321,4.488511
46,20,Uncorrelated,fixed,1000,42,50.0000,1001,7960,3107,4853,0,0.390327,843,158,0.842158,2131,1065.7572,443961.9281,1066823,343.3611,3.103896
47,20,Uncorrelated,fixed,1000,42,50.0000,1001,10429,3662,6767,0,0.351136,919,82,0.918082,2546,1388.1688,569637.2772,1389557,379.4530,3.658342
48,20,Uncorrelated,fixed,1000,42,50.0000,1001,8904,3635,5198,71,0.408243,946,55,0.945055,2644,1550.0709,693621.2128,1551621,426.8558,3.631369
49,20,Uncorrelated,fixed,1000,42,50.0000,1001,9413,5554,3859,0,0.590035,968,33,0.967033,2295,1453.5534,302676.8226,1455007,261.9746,5.548452
50,20,Uncorrelated,fixed,1000,42,50.0000,1001,9436,2248,7188,0,0.238237,723,278,0.722278,2103,939.5674,439258.3234,940507,418.3750,2.245754
51,20,Uncorrelated,fixed,1000,42,50.0000,1001,7266,3601,3665,0,0.495596,786,215,0.785215,2161,892.9670,425535.4904,893860,248.2255,3.597403
52,20,Uncorrelated,fixed,1000,42,50.0000,1001,8373,4258,4115,0,0.508539,980,21,0.979021,2331,1420.8362,387348.8143,1422257,334.0200,4.253746
53,20,Uncorrelated,fixed,1000,42,50.0000,1001,8231,3302,4879,50,0.401166,951,50,0.950050,2612,1268.8242,598844.2029,1270093,384.6435,3.298701
54,20,Uncorrelated,fixed,1000,42,50.0000,1001,9759,6645,3114,0,0.680910,973,28,0.972028,4256,2877.0160,1132986.9328,2879893,433.3925,6.638362
55,20,Uncorrelated,fixed,1000,42,50.0000,1001,9884,3812,5889,183,0.385674,957,44,0.956044,3217,1995.7872,844037.3623,1997783,524.0774,3.808192
56,20,Uncorrelated,fixed,1000,42,50.0000,1001,8847,5736,3111,0,0.648355,976,25,0.975025,3767,2609.3526,871202.7598,2611962,455.3630,5.730270
57,20,Uncorrelated,fixed,1000,42,50.0000,1001,12114,5359,6755,0,0.442381,959,42,0.958042,3620,2085.5385,1084532.7300,2087624,389.5548,5.353646
58,20,Uncorrelated,fixed,1000,42,50.0000,1001,10198,5758,4440,0,0.564621,978,23,0.977023,3686,2657.3666,839518.2722,2660024,461.9701,5.752248
59,20,Uncorrelated,fixed,1000,42,50.0000,1001,10960,5996,4964,0,0.547080,981,20,0.980020,4225,3090.2737,956355.9131,3093364,515.9046,5.990010
60,20,Uncorrelated,fixed,1000,42,50.0000,1001,10627,5573,5054,0,0.524419,989,12,0.988012,4071,2705.7313,729437.5731,2708437,485.9926,5.567433
61,20,Uncorrelated,fixed,1000,42,50.0000,1001,8519,3843,4676,0,0.451109,965,36,0.964036,2525,1657.1708,540826.1117,1658828,431.6492,3.839161
62,20,Uncorrelated,fixed,1000,42,50.0000,1001,11655,6411,5244,0,0.550064,999,2,0.998002,4447,2896.5055,1135704.1021,2899402,452.2543,6.404595
63,20,Uncorrelated,fixed,1000,42,50.0000,1001,9014,4064,4950,0,0.450854,985,16,0.984016,2634,1453.3986,542711.0769,1454852,357.9852,4.059940
64,20,Uncorrelated,fixed,1000,42,50.0000,1001,9715,5348,4367,0,0.550489,941,60,0.940060,3010,1915.8621,659819.3816,1917778,358.5972,5.342657
65,20,Uncorrelated,fixed,1000,42,50.0000,1001,8834,3920,4914,0,0.443740,968,33,0.967033,2120,1219.4376,404703.2651,1220657,311.3921,3.916084
66,20,Uncorrelated,fixed,1000,42,50.0000,1001,10561,5588,4973,0,0.529117,981,20,0.980020,3294,1948.5824,844020.0794,1950531,349.0571,5.582418
67,20,Uncorrelated,fixed,1000,42,50.0000,1001,11555,6001,5554,0,0.519342,978,23,0.977023,3757,2338.0939,819313.3298,2340432,390.0070,5.995005
68,20,Uncorrelated,fixed,1000,42,50.0000,1001,8781,2954,5827,0,0.336408,937,64,0.936064,2669,1453.8511,555223.6592,1455305,492.6557,2.951049
69,20,Uncorrelated,fixed,1000,42,50.0000,1001,8868,5740,3128,0,0.647271,966,35,0.965035,3444,2555.0370,618146.5751,2557592,445.5735,5.734266
70,20,Uncorrelated,fixed,1000,42,50.0000,1001,10457,4733,5724,0,0.452615,996,5,0.995005,4024,3051.9241,689980.5717,3054976,645.4629,4.728272
71,20,Uncorrelated,fixed,1000,42,50.0000,1001,10484,7196,3288,0,0.686379,991,10,0.990010,2577,1692.3297,397094.3049,1694022,235.4116,7.188811
72,20,Uncorrelated,fixed,1000,42,50.0000,1001,10831,5771,4888,172,0.532822,965,36,0.964036,2921,1983.8442,673491.2884,1985828,344.1047,5.765235
73,20,Uncorrelated,fixed,1000,42,50.0000,1001,11934,8193,3741,0,0.686526,994,7,0.993007,4259,2990.4575,1134246.6838,2993448,365.3665,8.184815
74,20,Uncorrelated,fixed,1000,42,50.0000,1001,12921,5416,7505,0,0.419163,941,60,0.940060,4485,2682.7433,1638411.5155,2685426,495.8320,5.410589
75,20,Uncorrelated,fixed,1000,42,50.0000,1001,10866,4478,6388,0,0.412111,934,67,0.933067,3363,1971.7932,951617.8164,1973765,440.7693,4.473526
76,20,Uncorrelated,fixed,1000,42,50.0000,1001,10627,4307,6320,0,0.405288,906,95,0.905095,2130,1127.4006,362741.7266,1128528,262.0218,4.302697
77,20,Uncorrelated,fixed,1000,42,50.0000,1001,9832,4028,5804,0,0.409683,851,150,0.850150,2394,1365.6983,680626.8820,1367064,339.3903,4.023976
78,20,Uncorrelated,fixed,1000,42,50.0000,1001,6723,3438,3285,0,0.511379,925,76,0.924076,1968,1134.2358,410376.8355,1135370,330.2414,3.434565
79,20,Uncorrelated,fixed,1000,42,50.0000,1001,9902,4220,5682,0,0.426177,959,42,0.958042,3518,2138.3846,653855.1857,2140523,507.2329,4.215784
80,20,Uncorrelated,fixed,1000,42,50.0000,1001,10464,5436,5028,0,0.519495,988,13,0.987013,3578,2476.3397,792695.6069,2478816,456.0000,5.430569
81,20,Uncorrelated,fixed,1000,42,50.0000,1001,8799,4797,4002,0,0.545176,956,45,0.955045,3057,2092.9750,602123.7946,2095068,436.7455,4.792208
82,20,Uncorrelated,fixed,1000,42,50.0000,1001,8536,3950,4586,0,0.462746,937,64,0.936064,2540,1523.5744,561397.4073,1525098,386.1008,3.946054
83,20,Uncorrelated,fixed,1000,42,50.0000,1001,9199,4546,4653,0,0.494184,934,67,0.933067,3207,1759.2977,805765.3559,1761057,387.3861,4.541459
84,20,Uncorrelated,fixed,1000,42,50.0000,1001,7900,4764,3136,0,0.603038,963,38,0.962038,2521,1692.5644,422713.2069,1694257,355.6375,4.759241
85,20,Uncorrelated,fixed,1000,42,50.0000,1001,11311,4101,7210,0,0.362567,958,43,0.957043,3570,2062.0889,937269.4297,2064151,503.3287,4.096903
86,20,Uncorrelated,fixed,1000,42,50.0000,1001,12469,6329,6140,0,0.507579,991,10,0.990010,5322,3588.7373,1221599.9400,3592326,567.5977,6.322677
87,20,Uncorrelated,fixed,1000,42,50.0000,1001,10424,6162,4262,0,0.591136,925,76,0.924076,3187,2000.1688,900142.1483,2002169,324.9219,6.155844
88,20,Uncorrelated,fixed,1000,42,50.0000,1001,10445,6053,4392,0,0.579512,974,27,0.973027,3513,2381.5764,849922.8016,2383958,393.8473,6.046953
89,20,Uncorrelated,fixed,1000,42,50.0000,1001,10801,4653,6148,0,0.430793,975,26,0.974026,3800,2400.0759,995603.4548,2402476,516.3284,4.648352
90,20,Uncorrelated,fixed,1000,42,50.0000,1001,10858,4819,6039,0,0.443820,988,13,0.987013,3175,2125.8102,650826.2417,2127936,441.5721,4.814186
91,20,Uncorrelated,fixed,1000,42,50.0000,1001,10165,4999,5166,0,0.491786,902,99,0.901099,3573,2035.2478,1227247.7808,2037283,407.5381,4.994006
92,20,Uncorrelated,fixed,1000,42,50.0000,1001,8380,4725,3655,0,0.563842,967,34,0.966034,3670,2434.0240,757814.5109,2436458,515.6525,4.720280
93,20,Uncorrelated,fixed,1000,42,50.0000,1001,9875,5078,4797,0,0.514228,986,15,0.985015,3098,1715.1399,860977.5249,1716855,338.0967,5.072927
94,20,Uncorrelated,fixed,1000,42,50.0000,1001,11750,6250,5500,0,0.531915,958,43,0.957043,4470,2940.0939,1820789.0941,2943034,470.8854,6.243756
95,20,Uncorrelated,fixed,1000,42,50.0000,1001,12547,5742,6805,0,0.457639,961,40,0.960040,4332,2730.7502,1268059.2143,2733481,476.0503,5.736264
96,20,Uncorrelated,fixed,1000,42,50.0000,1001,12792,5822,6970,0,0.455128,962,39,0.961039,3076,1760.0569,791757.0627,1761817,302.6137,5.816184
97,20,Uncorrelated,fixed,1000,42,50.0000,1001,8201,4151,4050,0,0.506158,981,20,0.980020,3253,2156.7073,581420.4428,2158864,520.0829,4.146853
98,20,Uncorrelated,fixed,1000,42,50.0000,1001,10470,4867,5603,0,0.464852,914,87,0.913087,3303,1785.6903,831569.1229,1787476,367.2644,4.862138
99,20,Uncorrelated,fixed,1000,42,50.0000,1001,8641,4377,4264,0,0.506539,879,122,0.878122,2405,1366.4346,544065.9860,1367801,312.4974,4.372627
100,20,WeaklyCorrelated,fixed,1000,42,50.0000,1001,8544,4029,4515,0,0.471559,951,50,0.950050,1267,665.7243,136377.8660,666390,165.3984,4.024975
101,20,WeaklyCorrelated,fixed,1000,42,50.0000,1001,10321,4572,5731,18,0.442980,962,39,0.961039,1189,612.2927,120836.4048,612905,134.0562,4.567433
102,20,WeaklyCorrelated,fixed,1000,42,50.0000,1001,10279,4623,5656,0,0.449752,976,25,0.975025,1156,577.4815,140498.9869,578059,125.0398,4.618382
103,20,WeaklyCorrelated,fixed,1000,42,50.0000,1001,10352,4716,5582,54,0.455564,987,14,0.986014,1169,544.5974,121232.5982,545142,115.5941,4.711289
104,20,WeaklyCorrelated,fixed,1000,42,50.0000,1001,11625,5517,6003,105,0.474581,990,11,0.989011,1250,634.6753,121698.8047,635310,115.1550,5.511489
105,20,WeaklyCorrelated,fixed,1000,42,50.0000,1001,12984,4948,7956,80,0.381084,944,57,0.943057,1252,632.7682,145380.0841,633401,128.0115,4.943057
106,20,WeaklyCorrelated,fixed,1000,42,50.0000,1001,11304,4479,6630,195,0.396231,989,12,0.988012,1026,496.1379,107976.8621,496634,110.8806,4.474525
107,20,WeaklyCorrelated,fixed,1000,42,50.0000,1001,9511,4164,5347,0,0.437809,956,45,0.955045,1220,592.4466,127115.3420,593039,142.4205,4.159840
108,20,WeaklyCorrelated,fixed,1000,42,50.0000,1001,10773,4106,6667,0,0.381138,972,29,0.971029,1125,528.1309,123263.2766,528659,128.7528,4.101898
109,20,WeaklyCorrelated,fixed,1000,42,50.0000,1001,9152,4282,4807,63,0.467876,985,16,0.984016,1084,545.2218,101351.5053,545767,127.4561,4.277722
110,20,WeaklyCorrelated,fixed,1000,42,50.0000,1001,9579,3819,5760,0,0.398685,925,76,0.924076,1274,644.9441,142900.6123,645589,169.0466,3.815185
111,20,WeaklyCorrelated,fixed,1000,42,50.0000,1001,8231,4231,3917,83,0.514032,967,34,0.966034,1062,481.7772,117968.4529,482259,113.9823,4.226773
112,20,WeaklyCorrelated,fixed,1000,42,50.0000,1001,8144,3139,5005,0,0.385437,894,107,0.893107,1083,506.7123,118808.2649,507219,161.5862,3.135864
113,20,WeaklyCorrelated,fixed,1000,42,50.0000,1001,8775,4242,4480,53,0.483419,964,37,0.963037,1244,645.6294,124394.5070,646275,152.3515,4.237762
114,20,WeaklyCorrelated,fixed,1000,42,50.0000,1001,8566,2892,5643,31,0.337614,891,110,0.890110,1217,607.0250,136153.6587,607632,210.1079,2.889111
115,20,WeaklyCorrelated,fixed,1000,42,50.0000,1001,11719,4331,7374,14,0.369571,977,24,0.976024,1061,527.1489,101159.7830,527676,121.8370,4.326673
116,20,WeaklyCorrelated,fixed,1000,42,50.0000,1001,11259,5367,5892,0,0.476685,954,47,0.953047,1066,545.1908,105667.2313,545736,101.6836,5.361638
117,20,WeaklyCorrelated,fixed,1000,42,50.0000,1001,10838,5847,4991,0,0.539491,980,21,0.979021,1253,700.3007,119746.1004,701001,119.8907,5.841159
118,20,WeaklyCorrelated,fixed,1000,42,50.0000,1001,9251,3858,5393,0,0.417036,943,58,0.942058,1213,624.3387,126943.2829,624963,161.9914,3.854146
119,20,WeaklyCorrelated,fixed,1000,42,50.0000,1001,9448,4510,4938,0,0.477350,869,132,0.868132,1123,560.6304,118656.9263,561191,124.4326,4.505495
120,20,WeaklyCorrelated,fixed,1000,42,50.0000,1001,8787,4147,4640,0,0.471947,993,8,0.992008,1078,487.4366,118473.5387,487924,117.6571,4.142857
121,20,WeaklyCorrelated,fixed,1000,42,50.0000,1001,8722,4159,4563,0,0.476840,982,19,0.981019,1208,580.2168,144715.5964,580797,139.6482,4.154845
122,20,WeaklyCorrelated,fixed,1000,42,50.0000,1001,9861,4045,5634,182,0.410202,925,76,0.924076,986,473.9790,108422.3562,474453,117.2937,4.040959
123,20,WeaklyCorrelated,fixed,1000,42,50.0000,1001,8308,4249,4059,0,0.511435,967,34,0.966034,1260,655.4615,117986.4603,656117,154.4168,4.244755
124,20,WeaklyCorrelated,fixed,1000,42,50.0000,1001,10927,5338,5589,0,0.488515,984,17,0.983017,1284,685.4176,145203.6098,686103,128.5318,5.332667
125,20,WeaklyCorrelated,fixed,1000,42,50.0000,1001,10656,4147,6382,127,0.389170,959,42,0.958042,1199,601.6623,126536.8950,602264,145.2288,4.142857
126,20,WeaklyCorrelated,fixed,1000,42,50.0000,1001,11009,5219,5771,19,0.474067,965,36,0.964036,1266,646.6743,132377.1307,647321,124.0316,5.213786
127,20,WeaklyCorrelated,fixed,1000,42,50.0000,1001,9962,3664,6226,72,0.367798,990,11,0.989011,1167,565.6304,140033.5817,566196,154.5295,3.660340
128,20,WeaklyCorrelated,fixed,1000,42,50.0000,1001,10234,4109,6099,26,0.401505,920,81,0.919081,1140,557.7762,119475.3965,558334,135.8807,4.104895
129,20,WeaklyCorrelated,fixed,1000,42,50.0000,1001,9876,3637,6138,101,0.368267,946,55,0.945055,1132,568.7902,116970.7272,569359,156.5463,3.633367
130,20,WeaklyCorrelated,fixed,1000,42,50.0000,1001,9155,3268,5887,0,0.356963,964,37,0.963037,1092,486.5455,104969.4447,487032,149.0306,3.264735
131,20,WeaklyCorrelated,fixed,1000,42,50.0000,1001,11313,6835,4434,44,0.604172,981,20,0.980020,1373,763.3147,145018.7172,764078,111.7890,6.828172
132,20,WeaklyCorrelated,fixed,1000,42,50.0000,1001,12050,6175,5817,58,0.512448,984,17,0.983017,1264,663.6943,125056.6998,664358,107.5883,6.168831
133,20,WeaklyCorrelated,fixed,1000,42,50.0000,1001,8754,3936,4814,4,0.449623,975,26,0.974026,1104,529.7802,119926.3013,530310,134.7332,3.932068
134,20,WeaklyCorrelated,fixed,1000,42,50.0000,1001,9286,3455,5831,0,0.372065,929,72,0.928072,1135,538.6304,116545.3459,539169,156.0547,3.451548
135,20,WeaklyCorrelated,fixed,1000,42,50.0000,1001,9984,4592,5392,0,0.459936,969,32,0.968032,1154,560.6344,120939.9822,561195,122.2115,4.587413
136,20,WeaklyCorrelated,fixed,1000,42,50.0000,1001,8364,4216,4057,91,0.504065,993,8,0.992008,1203,591.2318,112769.5727,591823,140.3755,4.211788
137,20,WeaklyCorrelated,fixed,1000,42,50.0000,1001,11226,4325,6899,2,0.385266,924,77,0.923077,1208,599.8142,127075.6138,600414,138.8240,4.320679
138,20,WeaklyCorrelated,fixed,1000,42,50.0000,1001,11522,6564,4889,69,0.569693,983,18,0.982018,1343,753.3337,130812.1284,754087,114.8822,6.557443
139,20,WeaklyCorrelated,fixed,1000,42,50.0000,1001,10364,5514,4814,36,0.532034,988,13,0.987013,1162,546.8222,129154.7756,547369,99.2690,5.508492
140,20,WeaklyCorrelated,fixed,1000,42,50.0000,1001,9831,5129,4702,0,0.521717,969,32,0.968032,1269,684.8092,126287.0155,685494,133.6506,5.123876
141,20,WeaklyCorrelated,fixed,1000,42,50.0000,1001,8794,3921,4873,0,0.445872,931,70,0.930070,1133,558.3367,125838.0535,558895,142.5389,3.917083
142,20,WeaklyCorrelated,fixed,1000,42,50.0000,1001,11069,4548,6346,175,0.410877,979,22,0.978022,1151,549.1239,120908.7599,549673,120.8604,4.543457
143,20,WeaklyCorrelated,fixed,1000,42,50.0000,1001,9303,4711,4591,1,0.506396,992,9,0.991009,1204,614.2008,115134.4921,614815,130.5063,4.706294
144,20,WeaklyCorrelated,fixed,1000,42,50.0000,1001,10840,3924,6702,214,0.361993,975,26,0.974026,1142,601.5874,123629.4691,602189,153.4630,3.920080
145,20,WeaklyCorrelated,fixed,1000,42,50.0000,1001,9983,3346,6637,0,0.335170,961,40,0.960040,1158,534.6354,129070.6353,535170,159.9432,3.342657
146,20,WeaklyCorrelated,fixed,1000,42,50.0000,1001,11917,6738,5081,98,0.565411,991,10,0.990010,1330,736.5664,140506.9729,737303,109.4246,6.731269
147,20,WeaklyCorrelated,fixed,1000,42,50.0000,1001,9719,6947,2685,87,0.714785,994,7,0.993007,1107,566.9431,100486.8209,567510,81.6914,6.940060
148,20,WeaklyCorrelated,fixed,1000,42,50.0000,1001,11578,5631,5869,78,0.486353,992,9,0.991009,1060,510.8761,116118.6999,511387,90.8164,5.625375
149,20,WeaklyCorrelated,fixed,1000,42,50.0000,1001,9101,4222,4879,0,0.463905,952,49,0.951049,1213,605.9710,139892.5696,606577,143.6705,4.217782
150,20,WeaklyCorrelated,fixed,1000,42,50.0000,1001,9826,4095,5731,0,0.416751,974,27,0.973027,1185,591.1628,130745.1473,591754,144.5065,4.090909
151,20,WeaklyCorrelated,fixed,1000,42,50.0000,1001,12101,6042,6043,16,0.499298,959,42,0.958042,1216,641.6593,126256.0168,642301,106.3060,6.035964
152,20,WeaklyCorrelated,fixed,1000,42,50.0000,1001,9593,3652,5892,49,0.380694,937,64,0.936064,1069,537.8781,101355.0980,538416,147.4304,3.648352
153,20,WeaklyCorrelated,fixed,1000,42,50.0000,1001,9075,3679,5389,7,0.405399,994,7,0.993007,1222,581.8901,143284.7212,582472,158.3235,3.675325
154,20,WeaklyCorrelated,fixed,1000,42,50.0000,1001,14501,6481,8005,15,0.446935,985,16,0.984016,1346,713.9530,150545.0817,714667,110.2711,6.474525
155,20,WeaklyCorrelated,fixed,1000,42,50.0000,1001,9152,3309,5777,66,0.361560,848,153,0.847153,1096,534.9431,122904.1896,535478,161.8247,3.305694
156,20,WeaklyCorrelated,fixed,1000,42,50.0000,1001,8838,3292,5546,0,0.372482,864,137,0.863137,1190,581.2937,131155.4722,581875,176.7543,3.288711
157,20,WeaklyCorrelated,fixed,1000,42,50.0000,1001,8309,3332,4977,0,0.401011,977,24,0.976024,1180,581.9241,133122.1781,582506,174.8217,3.328671
158,20,WeaklyCorrelated,fixed,1000,42,50.0000,1001,8528,4123,4405,0,0.483466,997,4,0.996004,1112,504.4446,133447.9732,504949,122.4713,4.118881
159,20,WeaklyCorrelated,fixed,1000,42,50.0000,1001,11700,5686,6014,0,0.485983,914,87,0.913087,1329,693.0060,159859.7043,693699,122.0012,5.680320
160,20,WeaklyCorrelated,fixed,1000,42,50.0000,1001,12216,5420,6771,25,0.443680,948,53,0.947053,1190,599.9990,123396.1269,600599,110.8116,5.414585
161,20,WeaklyCorrelated,fixed,1000,42,50.0000,1001,9266,3443,5823,0,0.371573,982,19,0.981019,1116,540.9291,117997.2147,541470,157.2669,3.439560
162,20,WeaklyCorrelated,fixed,1000,42,50.0000,1001,11468,4934,6511,23,0.430241,951,50,0.950050,1250,625.8681,137185.0775,626494,126.9749,4.929071
163,20,WeaklyCorrelated,fixed,1000,42,50.0000,1001,7803,2847,4956,0,0.364860,899,102,0.898102,1116,585.0809,118879.1713,585666,205.7134,2.844156
164,20,WeaklyCorrelated,fixed,1000,42,50.0000,1001,9212,4879,4333,0,0.529635,990,11,0.989011,1320,645.1718,137443.2991,645817,132.3667,4.874126
165,20,WeaklyCorrelated,fixed,1000,42,50.0000,1001,10182,5196,4710,276,0.510312,985,16,0.984016,1103,522.1409,118899.9192,522663,100.5895,5.190809
166,20,WeaklyCorrelated,fixed,1000,42,50.0000,1001,11404,4370,7034,0,0.383199,975,26,0.974026,1187,617.9630,128064.2314,618581,141.5517,4.365634
167,20,WeaklyCorrelated,fixed,1000,42,50.0000,1001,9515,5325,4178,12,0.559643,989,12,0.988012,1111,601.4595,109009.4711,602061,113.0631,5.319680
168,20,WeaklyCorrelated,fixed,1000,42,50.0000,1001,6989,3244,3745,0,0.464158,944,57,0.943057,1228,605.6753,127792.7527,606281,186.8930,3.240759
169,20,WeaklyCorrelated,fixed,1000,42,50.0000,1001,11451,5267,6184,0,0.459960,951,50,0.950050,1232,638.4555,129114.3259,639094,121.3393,5.261738
170,20,WeaklyCorrelated,fixed,1000,42,50.0000,1001,9198,3074,6124,0,0.334203,871,130,0.870130,1066,505.6404,117064.3542,506146,164.6539,3.070929
171,20,WeaklyCorrelated,fixed,1000,42,50.0000,1001,7891,2957,4934,0,0.374731,820,181,0.819181,1160,536.2757,133319.7561,536812,181.5394,2.954046
172,20,WeaklyCorrelated,fixed,1000,42,50.0000,1001,8377,4997,3316,64,0.596514,995,6,0.994006,1241,619.2128,126649.6041,619832,124.0408,4.992008
173,20,WeaklyCorrelated,fixed,1000,42,50.0000,1001,7638,2358,5201,79,0.308720,653,348,0.652348,1077,450.5674,141176.5132,451018,191.2714,2.355644
174,20,WeaklyCorrelated,fixed,1000,42,50.0000,1001,9310,4323,4987,0,0.464339,945,56,0.944056,1203,587.2308,126447.9597,587818,135.9746,4.318681
175,20,WeaklyCorrelated,fixed,1000,42,50.0000,1001,9186,3282,5904,0,0.357283,834,167,0.833167,1049,506.9401,118516.8895,507447,154.6152,3.278721
176,20,WeaklyCorrelated,fixed,1000,42,50.0000,1001,8825,5261,3537,27,0.596147,980,21,0.979021,1371,764.5814,130084.7129,765346,145.4754,5.255744
177,20,WeaklyCorrelated,fixed,1000,42,50.0000,1001,11049,5246,5792,11,0.474794,999,2,0.998002,1289,664.8801,128291.3563,665545,126.8671,5.240759
178,20,WeaklyCorrelated,fixed,1000,42,50.0000,1001,9267,4674,4593,0,0.504370,930,71,0.929071,1205,635.0220,130844.0175,635657,135.9985,4.669331
179,20,WeaklyCorrelated,fixed,1000,42,50.0000,1001,9575,3774,5801,0,0.394151,973,28,0.972028,1072,549.6873,102635.5116,550237,145.7968,3.770230
180,20,WeaklyCorrelated,fixed,1000,42,50.0000,1001,9481,2533,6948,0,0.267166,938,63,0.937063,1056,501.7932,109556.6495,502295,198.3004,2.530470
181,20,WeaklyCorrelated,fixed,1000,42,50.0000,1001,9883,5257,4612,14,0.531924,1000,1,0.999001,1197,639.6573,114092.7367,640297,121.7989,5.251748
182,20,WeaklyCorrelated,fixed,1000,42,50.0000,1001,8129,3899,4230,0,0.479641,997,4,0.996004,1086,510.4895,144111.0711,511000,131.0592,3.895105
183,20,WeaklyCorrelated,fixed,1000,42,50.0000,1001,11310,5340,5844,126,0.472149,985,16,0.984016,1334,645.7033,154741.2716,646349,121.0391,5.334665
184,20,WeaklyCorrelated,fixed,1000,42,50.0000,1001,10957,3352,7605,0,0.305923,920,81,0.919081,1159,567.8202,120704.9067,568388,169.5668,3.348651
185,20,WeaklyCorrelated,fixed,1000,42,50.0000,1001,10953,5079,5874,0,0.463709,995,6,0.994006,1107,581.8751,106918.5309,582457,114.6795,5.073926
186,20,WeaklyCorrelated,fixed,1000,42,50.0000,1001,8858,3784,5074,0,0.427184,993,8,0.992008,1158,559.5195,126977.9599,560079,148.0124,3.780220
187,20,WeaklyCorrelated,fixed,1000,42,50.0000,1001,8949,3553,5389,7,0.397028,884,117,0.883117,1147,551.2328,124415.7950,551784,155.3009,3.549451
188,20,WeaklyCorrelated,fixed,1000,42,50.0000,1001,8867,2842,6025,0,0.320514,851,150,0.850150,1087,484.6324,119897.3034,485117,170.6956,2.839161
189,20,WeaklyCorrelated,fixed,1000,42,50.0000,1001,10089,4861,5223,5,0.481812,977,24,0.976024,1201,605.3447,134453.7983,605950,124.6554,4.856144
190,20,WeaklyCorrelated,fixed,1000,42,50.0000,1001,10211,4526,5683,2,0.443247,992,9,0.991009,1178,571.1249,134496.4929,571696,126.3137,4.521479
191,20,WeaklyCorrelated,fixed,1000,42,50.0000,1001,8281,2819,5462,0,0.340418,950,51,0.949051,1204,554.6304,126887.1201,555185,196.9440,2.816184
192,20,WeaklyCorrelated,fixed,1000,42,50.0000,1001,11865,4415,7287,163,0.372103,990,11,0.989011,1222,639.8232,129355.5861,640463,145.0652,4.410589
193,20,WeaklyCorrelated,fixed,1000,42,50.0000,1001,9919,5140,4686,93,0.518197,932,69,0.931069,1226,591.9251,137945.7416,592517,115.2757,5.134865
194,20,WeaklyCorrelated,fixed,1000,42,50.0000,1001,9849,3623,6136,90,0.367855,876,125,0.875125,1238,548.3087,142491.3842,548857,151.4924,3.619381
195,20,WeaklyCorrelated,fixed,1000,42,50.0000,1001,9974,4483,5491,0,0.449469,942,59,0.941059,1277,640.3317,137815.5024,640972,142.9784,4.478521
196,20,WeaklyCorrelated,fixed,1000,42,50.0000,1001,10831,5088,5701,42,0.469763,947,54,0.946054,1117,549.4775,107953.0307,550027,108.1028,5.082917
197,20,WeaklyCorrelated,fixed,1000,42,50.0000,1001,11400,4777,6339,284,0.419035,959,42,0.958042,1309,682.0719,135940.5163,682754,142.9253,4.772228
198,20,WeaklyCorrelated,fixed,1000,42,50.0000,1001,10062,5696,4366,0,0.566090,987,14,0.986014,1238,636.4675,130744.5466,637104,111.8511,5.690310
199,20,WeaklyCorrelated,fixed,1000,42,50.0000,1001,8601,3265,5336,0,0.379607,847,154,0.846154,1172,569.8731,130418.8900,570443,174.7145,3.261738
200,20,StronglyCorrelated,fixed,1000,42,50.0000,1001,10934,4789,6060,85,0.437992,1000,1,0.999001,1039,515.2777,93358.2426,515793,107.7037,4.784216
201,20,StronglyCorrelated,fixed,1000,42,50.0000,1001,10661,6177,4386,98,0.579402,1000,1,0.999001,1029,511.0340,93941.0738,511545,82.8145,6.170829
202,20,StronglyCorrelated,fixed,1000,42,50.0000,1001,11004,4945,5900,159,0.449382,964,37,0.963037,1034,510.7263,93128.2827,511237,103.3846,4.940060
203,20,StronglyCorrelated,fixed,1000,42,50.0000,1001,9582,4915,4597,70,0.512941,976,25,0.975025,1026,510.8172,91588.2373,511328,104.0342,4.910090
204,20,StronglyCorrelated,fixed,1000,42,50.0000,1001,9595,4912,4510,173,0.511933,977,24,0.976024,1025,511.0480,88999.6700,511559,104.1447,4.907093
205,20,StronglyCorrelated,fixed,1000,42,50.0000,1001,8125,3368,4693,64,0.414523,919,82,0.918082,1020,487.6284,94819.1306,488116,144.9276,3.364635
206,20,StronglyCorrelated,fixed,1000,42,50.0000,1001,8934,4414,4438,82,0.494068,995,6,0.994006,1026,507.3786,92853.5679,507886,115.0625,4.409590
207,20,StronglyCorrelated,fixed,1000,42,50.0000,1001,10835,4570,6201,64,0.421781,983,18,0.982018,1025,511.4006,92683.6008,511912,112.0158,4.565435
208,20,StronglyCorrelated,fixed,1000,42,50.0000,1001,10262,5040,5042,180,0.491132,963,38,0.962038,1038,515.6224,90925.3719,516138,102.4083,5.034965
209,20,StronglyCorrelated,fixed,1000,42,50.0000,1001,11038,4294,6591,153,0.389020,959,42,0.958042,1024,509.7173,90908.8481,510227,118.8232,4.289710
210,20,StronglyCorrelated,fixed,1000,42,50.0000,1001,9806,3818,5873,115,0.389353,945,56,0.944056,1039,509.9560,92285.1329,510466,133.6998,3.814186
211,20,StronglyCorrelated,fixed,1000,42,50.0000,1001,9958,4438,5436,84,0.445672,972,29,0.971029,1023,510.6833,90052.9357,511194,115.1857,4.433566
212,20,StronglyCorrelated,fixed,1000,42,50.0000,1001,9256,3717,5519,20,0.401577,943,58,0.942058,1025,502.2158,94394.4230,502718,135.2483,3.713287
213,20,StronglyCorrelated,fixed,1000,42,50.0000,1001,9300,4171,5055,74,0.448495,984,17,0.983017,1021,505.5854,94253.2037,506091,121.3357,4.166833
214,20,StronglyCorrelated,fixed,1000,42,50.0000,1001,9624,4235,5320,69,0.440046,942,59,0.941059,1035,510.3337,93338.3362,510844,120.6243,4.230769
215,20,StronglyCorrelated,fixed,1000,42,50.0000,1001,11234,4173,6991,70,0.371462,876,125,0.875125,1024,495.6993,98322.0005,496195,118.9061,4.168831
216,20,StronglyCorrelated,fixed,1000,42,50.0000,1001,8838,4417,4371,50,0.499774,993,8,0.992008,1022,502.6294,92564.4990,503132,113.9081,4.412587
217,20,StronglyCorrelated,fixed,1000,42,50.0000,1001,11639,4787,6680,172,0.411290,979,22,0.978022,1023,510.1019,89674.1175,510612,106.6664,4.782218
218,20,StronglyCorrelated,fixed,1000,42,50.0000,1001,9915,4565,5292,58,0.460414,975,26,0.974026,1029,496.0370,99810.0356,496533,108.7696,4.560440
219,20,StronglyCorrelated,fixed,1000,42,50.0000,1001,10061,5690,4130,241,0.565550,927,74,0.926074,1026,511.8611,92753.3923,512373,90.0480,5.684316
220,20,StronglyCorrelated,fixed,1000,42,50.0000,1001,6384,2756,3624,4,0.431704,768,233,0.767233,1013,462.4745,108969.6060,462937,167.9742,2.753247
221,20,StronglyCorrelated,fixed,1000,42,50.0000,1001,9343,5302,3935,106,0.567484,985,16,0.984016,1034,515.5315,92870.2150,516047,97.3306,5.296703
222,20,StronglyCorrelated,fixed,1000,42,50.0000,1001,10727,5457,5092,178,0.508716,969,32,0.968032,1014,503.2827,89474.3247,503786,92.3192,5.451548
223,20,StronglyCorrelated,fixed,1000,42,50.0000,1001,8743,4420,4300,23,0.505547,980,21,0.979021,1034,512.2787,91872.6266,512791,116.0161,4.415584
224,20,StronglyCorrelated,fixed,1000,42,50.0000,1001,11168,5816,5279,73,0.520774,1000,1,0.999001,1036,516.3556,93070.6208,516872,88.8707,5.810190
225,20,StronglyCorrelated,fixed,1000,42,50.0000,1001,10889,5803,4990,96,0.532923,950,51,0.949051,1037,518.0240,91966.0793,518542,89.3576,5.797203
226,20,StronglyCorrelated,fixed,1000,42,50.0000,1001,9189,3447,5670,72,0.375122,984,17,0.983017,1024,488.5215,99859.2845,489010,141.8654,3.443556
227,20,StronglyCorrelated,fixed,1000,42,50.0000,1001,8611,3494,5076,41,0.405760,903,98,0.902098,1018,497.0949,94060.6433,497592,142.4133,3.490509
228,20,StronglyCorrelated,fixed,1000,42,50.0000,1001,9981,4961,4905,115,0.497044,966,35,0.965035,1030,515.2478,90753.1454,515763,103.9635,4.956044
229,20,StronglyCorrelated,fixed,1000,42,50.0000,1001,11780,5584,6013,183,0.474024,965,36,0.964036,1030,515.2268,89771.6619,515742,92.3607,5.578422
230,20,StronglyCorrelated,fixed,1000,42,50.0000,1001,10214,5469,4652,93,0.535442,980,21,0.979021,1022,510.6833,89923.6410,511194,93.4712,5.463536
231,20,StronglyCorrelated,fixed,1000,42,50.0000,1001,13194,5819,6982,393,0.441034,984,17,0.983017,1034,516.4386,91408.2602,516955,88.8391,5.813187
232,20,StronglyCorrelated,fixed,1000,42,50.0000,1001,11769,5303,6260,206,0.450591,942,59,0.941059,1029,511.0200,92507.3443,511531,96.4607,5.297702
233,20,StronglyCorrelated,fixed,1000,42,50.0000,1001,11486,5182,6242,62,0.451158,966,35,0.965035,1046,522.5614,92433.4011,523084,100.9425,5.176823
234,20,StronglyCorrelated,fixed,1000,42,50.0000,1001,11744,6195,5287,262,0.527503,996,5,0.995005,1042,523.5554,90686.0251,524079,84.5971,6.188811
235,20,StronglyCorrelated,fixed,1000,42,50.0000,1001,9504,4618,4864,22,0.485901,984,17,0.983017,1026,512.0829,92664.2059,512595,110.9994,4.613387
236,20,StronglyCorrelated,fixed,1000,42,50.0000,1001,11797,6104,5306,387,0.517420,974,27,0.973027,1047,524.0200,92018.1355,524544,85.9345,6.097902
237,20,StronglyCorrelated,fixed,1000,42,50.0000,1001,10037,4283,5585,169,0.426721,999,2,0.998002,1028,502.0899,97112.8071,502592,117.3458,4.278721
238,20,StronglyCorrelated,fixed,1000,42,50.0000,1001,11878,5845,5830,203,0.492086,952,49,0.951049,1045,523.5115,93588.5995,524035,89.6553,5.839161
239,20,StronglyCorrelated,fixed,1000,42,50.0000,1001,11090,5609,5270,211,0.505771,994,7,0.993007,1038,517.9261,92452.4581,518444,92.4307,5.603397
240,20,StronglyCorrelated,fixed,1000,42,50.0000,1001,10948,5070,5664,214,0.463098,959,42,0.958042,1033,514.7762,91602.0638,515291,101.6353,5.064935
241,20,StronglyCorrelated,fixed,1000,42,50.0000,1001,9480,3723,5683,74,0.392722,871,130,0.870130,1032,502.2028,98743.2646,502705,135.0269,3.719281
242,20,StronglyCorrelated,fixed,1000,42,50.0000,1001,10540,4374,6043,123,0.414991,996,5,0.995005,1018,502.3347,91384.9020,502837,114.9604,4.369630
243,20,StronglyCorrelated,fixed,1000,42,50.0000,1001,8840,4283,4453,104,0.484502,904,97,0.903097,1016,500.7922,93105.5452,501293,117.0425,4.278721
244,20,StronglyCorrelated,fixed,1000,42,50.0000,1001,11097,5845,5169,83,0.526719,986,15,0.985015,1022,503.5924,91804.5332,504096,86.2440,5.839161
245,20,StronglyCorrelated,fixed,1000,42,50.0000,1001,9617,4651,4812,154,0.483623,949,52,0.948052,1019,503.9890,92365.0019,504493,108.4698,4.646354
246,20,StronglyCorrelated,fixed,1000,42,50.0000,1001,9641,5048,4465,128,0.523597,942,59,0.941059,1029,510.1968,90987.3109,510707,101.1702,5.042957
247,20,StronglyCorrelated,fixed,1000,42,50.0000,1001,11987,5557,6378,52,0.463586,999,2,0.998002,1043,518.6244,94148.2785,519143,93.4215,5.551449
248,20,StronglyCorrelated,fixed,1000,42,50.0000,1001,8948,4362,4548,38,0.487483,913,88,0.912088,1024,506.6733,93164.5776,507180,116.2724,4.357642
249,20,StronglyCorrelated,fixed,1000,42,50.0000,1001,9557,4905,4454,198,0.513236,926,75,0.925075,1028,511.5005,94204.1501,512012,104.3857,4.900100
250,20,StronglyCorrelated,fixed,1000,42,50.0000,1001,9325,4275,5015,35,0.458445,956,45,0.955045,1026,508.5584,92723.9449,509067,119.0800,4.270729
251,20,StronglyCorrelated,fixed,1000,42,50.0000,1001,10914,5619,5173,122,0.514843,992,9,0.991009,1036,511.6883,94529.2715,512200,91.1550,5.613387
252,20,StronglyCorrelated,fixed,1000,42,50.0000,1001,10717,5019,5614,84,0.468321,976,25,0.975025,1044,520.8591,91746.9022,521380,103.8813,5.013986
253,20,StronglyCorrelated,fixed,1000,42,50.0000,1001,10091,4583,5392,116,0.454167,969,32,0.968032,1039,515.3437,92081.9338,515859,112.5592,4.578422
254,20,StronglyCorrelated,fixed,1000,42,50.0000,1001,11141,5422,5302,417,0.486671,961,40,0.960040,1028,511.0500,90698.7967,511561,94.3491,5.416583
255,20,StronglyCorrelated,fixed,1000,42,50.0000,1001,9204,4078,4976,150,0.443068,955,46,0.954046,1031,510.5524,91764.8606,511063,125.3220,4.073926
256,20,StronglyCorrelated,fixed,1000,42,50.0000,1001,9821,5723,4050,48,0.582731,938,63,0.937063,1021,511.4695,92151.9254,511981,89.4602,5.717283
257,20,StronglyCorrelated,fixed,1000,42,50.0000,1001,8868,4027,4761,80,0.454105,927,74,0.926074,1030,510.2318,92988.4318,510742,126.8294,4.022977
258,20,StronglyCorrelated,fixed,1000,42,50.0000,1001,10371,4344,5974,53,0.418860,971,30,0.970030,1031,507.1259,93792.9112,507633,116.8584,4.339660
259,20,StronglyCorrelated,fixed,1000,42,50.0000,1001,5692,2139,3535,18,0.375791,935,66,0.934066,1007,434.6873,118450.8503,435122,203.4231,2.136863
260,20,StronglyCorrelated,fixed,1000,42,50.0000,1001,8264,3816,4318,130,0.461762,889,112,0.888112,1023,496.9890,96190.8960,497486,130.3684,3.812188
261,20,StronglyCorrelated,fixed,1000,42,50.0000,1001,8605,3753,4739,113,0.436142,962,39,0.961039,1033,511.6124,90415.8238,512124,136.4572,3.749251
262,20,StronglyCorrelated,fixed,1000,42,50.0000,1001,9458,3907,5494,57,0.413089,899,102,0.898102,1018,498.8272,94242.9721,499326,127.8029,3.903097
263,20,StronglyCorrelated,fixed,1000,42,50.0000,1001,10618,4572,5934,112,0.430590,988,13,0.987013,1026,505.8501,95104.1873,506356,110.7515,4.567433
264,20,StronglyCorrelated,fixed,1000,42,50.0000,1001,7380,3487,3808,85,0.472493,995,6,0.994006,1015,485.0769,100356.7283,485562,139.2492,3.483516
265,20,StronglyCorrelated,fixed,1000,42,50.0000,1001,9586,3446,6073,67,0.359483,919,82,0.918082,1022,493.9231,97495.4137,494417,143.4756,3.442557
266,20,StronglyCorrelated,fixed,1000,42,50.0000,1001,7539,3041,4481,17,0.403369,870,131,0.869131,1012,481.5914,98251.7302,482073,158.5245,3.037962
267,20,StronglyCorrelated,fixed,1000,42,50.0000,1001,11098,4970,5795,333,0.447828,871,130,0.870130,1026,503.3836,98009.1735,503887,101.3857,4.965035
268,20,StronglyCorrelated,fixed,1000,42,50.0000,1001,9268,5151,3973,144,0.555783,968,33,0.967033,1031,515.2278,90412.3617,515743,100.1248,5.145854
269,20,StronglyCorrelated,fixed,1000,42,50.0000,1001,9645,4154,5448,43,0.430689,997,4,0.996004,1018,493.3776,98056.8005,493871,118.8905,4.149850
270,20,StronglyCorrelated,fixed,1000,42,50.0000,1001,9521,3485,6015,21,0.366033,901,100,0.900100,1021,495.6294,96149.5919,496125,142.3601,3.481518
271,20,StronglyCorrelated,fixed,1000,42,50.0000,1001,8801,3631,5130,40,0.412567,964,37,0.963037,1020,497.2817,93131.8487,497779,137.0914,3.627373
272,20,StronglyCorrelated,fixed,1000,42,50.0000,1001,11731,4683,6849,199,0.399199,959,42,0.958042,1031,509.9401,93408.6358,510450,109.0006,4.678322
273,20,StronglyCorrelated,fixed,1000,42,50.0000,1001,9095,2340,6720,35,0.257284,760,241,0.759241,1006,466.0779,110865.4125,466544,199.3778,2.337662
274,20,StronglyCorrelated,fixed,1000,42,50.0000,1001,8996,4563,4280,153,0.507225,994,7,0.993007,1026,504.7762,93052.9309,505281,110.7344,4.558442
275,20,StronglyCorrelated,fixed,1000,42,50.0000,1001,7899,3751,4044,104,0.474870,975,26,0.974026,1032,504.2977,93621.6936,504802,134.5780,3.747253
276,20,StronglyCorrelated,fixed,1000,42,50.0000,1001,8802,4295,4455,52,0.487957,928,73,0.927073,1043,508.8182,92962.0908,509327,118.5860,4.290709
277,20,StronglyCorrelated,fixed,1000,42,50.0000,1001,10846,5412,5240,194,0.498986,974,27,0.973027,1040,521.7323,94106.3559,522254,96.4993,5.406593
278,20,StronglyCorrelated,fixed,1000,42,50.0000,1001,11621,5449,5976,196,0.468893,981,20,0.980020,1028,510.0000,92600.6214,510510,93.6888,5.443556
279,20,StronglyCorrelated,fixed,1000,42,50.0000,1001,11266,5020,6105,141,0.445588,967,34,0.966034,1037,514.6034,92420.4731,515118,102.6131,5.014985
280,20,StronglyCorrelated,fixed,1000,42,50.0000,1001,10219,3712,6353,154,0.363245,927,74,0.926074,1025,503.6234,94251.3976,504127,135.8101,3.708292
281,20,StronglyCorrelated,fixed,1000,42,50.0000,1001,10132,5368,4704,60,0.529807,988,13,0.987013,1038,522.1449,89285.4126,522667,97.3672,5.362637
282,20,StronglyCorrelated,fixed,1000,42,50.0000,1001,9413,3679,5611,123,0.390842,977,24,0.976024,1016,500.0549,93671.2827,500555,136.0574,3.675325
283,20,StronglyCorrelated,fixed,1000,42,50.0000,1001,9943,4699,4964,280,0.472594,954,47,0.953047,1038,517.9550,90742.7602,518473,110.3369,4.694306
284,20,StronglyCorrelated,fixed,1000,42,50.0000,1001,8691,3727,4797,167,0.428834,904,97,0.903097,1023,498.2897,93987.2447,498788,133.8310,3.723277
285,20,StronglyCorrelated,fixed,1000,42,50.0000,1001,10929,5319,5566,44,0.486687,942,59,0.941059,1037,514.3047,93604.7713,514819,96.7887,5.313686
286,20,StronglyCorrelated,fixed,1000,42,50.0000,1001,9745,5126,4445,174,0.526013,985,16,0.984016,1027,515.4955,88112.3818,516011,100.6654,5.120879
287,20,StronglyCorrelated,fixed,1000,42,50.0000,1001,10130,5625,4322,183,0.555281,955,46,0.954046,1039,523.7313,91372.3524,524255,93.2009,5.619381
288,20,StronglyCorrelated,fixed,1000,42,50.0000,1001,7664,2497,5108,59,0.325809,964,37,0.963037,1011,499.0010,90942.6284,499500,200.0400,2.494505
289,20,StronglyCorrelated,fixed,1000,42,50.0000,1001,7624,2752,4856,16,0.360965,875,126,0.874126,1015,473.8901,103164.1538,474364,172.3706,2.749251
290,20,StronglyCorrelated,fixed,1000,42,50.0000,1001,9861,4157,5620,84,0.421560,969,32,0.968032,1022,501.7982,98454.6426,502300,120.8323,4.152847
291,20,StronglyCorrelated,fixed,1000,42,50.0000,1001,10082,5051,4853,178,0.500992,992,9,0.991009,1035,516.2208,91467.6046,516737,102.3039,5.045954
292,20,StronglyCorrelated,fixed,1000,42,50.0000,1001,8733,3495,5105,133,0.400206,949,52,0.948052,1021,497.0809,97192.9055,497578,142.3685,3.491508
293,20,StronglyCorrelated,fixed,1000,42,50.0000,1001,10554,4423,5779,352,0.419083,948,53,0.947053,1030,510.3297,92737.7495,510840,115.4963,4.418581
294,20,StronglyCorrelated,fixed,1000,42,50.0000,1001,6853,3138,3698,17,0.457902,914,87,0.913087,1025,491.2118,94626.7044,491703,156.6931,3.134865
295,20,StronglyCorrelated,fixed,1000,42,50.0000,1001,12614,4623,7881,110,0.366498,999,2,0.998002,1037,503.3357,99365.7954,503839,108.9853,4.618382
296,20,StronglyCorrelated,fixed,1000,42,50.0000,1001,9197,3230,5907,60,0.351201,855,146,0.854146,1022,489.1628,100397.1753,489652,151.5950,3.226773
297,20,StronglyCorrelated,fixed,1000,42,50.0000,1001,10540,4562,5765,213,0.432827,993,8,0.992008,1037,511.1239,95134.9936,511635,112.1515,4.557443
298,20,StronglyCorrelated,fixed,1000,42,50.0000,1001,10052,4548,5429,75,0.452447,988,13,0.987013,1024,510.3267,92671.2150,510837,112.3212,4.543457
299,20,StronglyCorrelated,fixed,1000,42,50.0000,1001,9380,4088,5246,46,0.435821,949,52,0.948052,1030,507.0370,94252.5311,507544,124.1546,4.083916
300,20,InverseCorrelated,fixed,1000,42,50.0000,1001,8352,3644,4708,0,0.436303,983,18,0.982018,3298,2428.0609,632105.1881,2430489,666.9838,3.640360
301,20,InverseCorrelated,fixed,1000,42,50.0000,1001,9350,5495,3855,0,0.587701,976,25,0.975025,4327,3274.5864,1264564.1346,3277861,596.5170,5.489510
302,20,InverseCorrelated,fixed,1000,42,50.0000,1001,11298,5531,5767,0,0.489556,996,5,0.995005,6052,4158.5025,1699729.6346,4162661,752.6055,5.525475
303,20,InverseCorrelated,fixed,1000,42,50.0000,1001,11313,5710,5603,0,0.504729,971,30,0.970030,6085,3839.7103,2530876.5315,3843550,673.1261,5.704296
304,20,InverseCorrelated,fixed,1000,42,50.0000,1001,6938,4025,2913,0,0.580138,963,38,0.962038,4027,2457.0639,966415.4225,2459521,611.0611,4.020979
305,20,InverseCorrelated,fixed,1000,42,50.0000,1001,8451,4466,3985,0,0.528458,971,30,0.970030,4243,2817.2937,1386492.8388,2820111,631.4624,4.461538
306,20,InverseCorrelated,fixed,1000,42,50.0000,1001,9449,4102,5347,0,0.434120,952,49,0.951049,4012,2150.9570,971453.3678,2153108,524.8922,4.097902
307,20,InverseCorrelated,fixed,1000,42,50.0000,1001,8089,3695,4394,0,0.456793,954,47,0.953047,3289,2246.3816,854872.6276,2248628,608.5597,3.691309
308,20,InverseCorrelated,fixed,1000,42,50.0000,1001,10309,5571,4738,0,0.540402,999,2,0.998002,5266,4041.1528,1307680.8288,4045194,726.1163,5.565435
309,20,InverseCorrelated,fixed,1000,42,50.0000,1001,9436,5288,4148,0,0.560407,1000,1,0.999001,5040,3525.9970,1045318.2408,3529523,667.4590,5.282717
310,20,InverseCorrelated,fixed,1000,42,50.0000,1001,8895,4499,4396,0,0.505790,964,37,0.963037,5061,3304.8302,1446754.2169,3308135,735.3045,4.494505
311,20,InverseCorrelated,fixed,1000,42,50.0000,1001,10874,6225,4551,98,0.572466,1000,1,0.999001,7020,4363.9510,3292715.8468,4368315,701.7373,6.218781
312,20,InverseCorrelated,fixed,1000,42,50.0000,1001,10236,6730,3250,256,0.657483,969,32,0.968032,5064,3071.5524,1626806.5070,3074624,456.8535,6.723277
313,20,InverseCorrelated,fixed,1000,42,50.0000,1001,9337,4917,4420,0,0.526615,960,41,0.959041,5150,3302.6394,2195611.9648,3305942,672.3494,4.912088
314,20,InverseCorrelated,fixed,1000,42,50.0000,1001,10241,6891,3350,0,0.672884,943,58,0.942058,6160,4119.8272,3341312.3168,4123947,598.4541,6.884116
315,20,InverseCorrelated,fixed,1000,42,50.0000,1001,11204,5825,5379,0,0.519904,986,15,0.985015,5206,3816.0280,1346823.1641,3819844,655.7672,5.819181
316,20,InverseCorrelated,fixed,1000,42,50.0000,1001,9487,5250,4237,0,0.553389,962,39,0.961039,5074,3200.2268,1617364.2653,3203427,610.1766,5.244755
317,20,InverseCorrelated,fixed,1000,42,50.0000,1001,10256,4586,5670,0,0.447153,983,18,0.982018,5063,3335.2817,1121625.2973,3338617,728.0020,4.581419
318,20,InverseCorrelated,fixed,1000,42,50.0000,1001,10803,6225,4578,0,0.576229,993,8,0.992008,5294,4062.0150,1433844.3264,4066077,653.1851,6.218781
319,20,InverseCorrelated,fixed,1000,42,50.0000,1001,11431,5177,6254,0,0.452891,932,69,0.931069,4208,2550.3487,1658618.5568,2552899,493.1232,5.171828
320,20,InverseCorrelated,fixed,1000,42,50.0000,1001,9778,4885,4893,0,0.499591,985,16,0.984016,5081,3086.2697,1458704.7125,3089356,632.4168,4.880120
321,20,InverseCorrelated,fixed,1000,42,50.0000,1001,10844,5258,5586,0,0.484876,998,3,0.997003,4239,2961.5385,1099091.3095,2964500,563.8075,5.252747
322,20,InverseCorrelated,fixed,1000,42,50.0000,1001,9352,5622,3730,0,0.601155,964,37,0.963037,5100,3303.6014,1762145.6763,3306905,588.2079,5.616384
323,20,InverseCorrelated,fixed,1000,42,50.0000,1001,7028,3693,3335,0,0.525470,976,25,0.975025,3333,2664.9031,637479.7918,2667568,722.3309,3.689311
324,20,InverseCorrelated,fixed,1000,42,50.0000,1001,8855,4392,4463,0,0.495991,947,54,0.946054,3302,2364.8312,788816.8476,2367196,538.9791,4.387612
325,20,InverseCorrelated,fixed,1000,42,50.0000,1001,11625,4875,6750,0,0.419355,988,13,0.987013,5111,3107.0190,1771127.4732,3110126,637.9746,4.870130
326,20,InverseCorrelated,fixed,1000,42,50.0000,1001,10530,5959,4571,0,0.565907,982,19,0.981019,5184,3741.5764,1419395.7467,3745318,628.5145,5.953047
327,20,InverseCorrelated,fixed,1000,42,50.0000,1001,8700,4581,4119,0,0.526552,921,80,0.920080,4062,2489.6064,1220324.8161,2492096,544.0070,4.576424
328,20,InverseCorrelated,fixed,1000,42,50.0000,1001,8726,4528,4198,0,0.518909,954,47,0.953047,4115,2567.7572,1200071.9880,2570325,567.6513,4.523477
329,20,InverseCorrelated,fixed,1000,42,50.0000,1001,9811,5360,4451,0,0.546326,941,60,0.940060,5152,3322.8362,2145622.1730,3326159,620.5521,5.354645
330,20,InverseCorrelated,fixed,1000,42,50.0000,1001,11180,6876,4304,0,0.615027,974,27,0.973027,6143,4429.3726,2242579.8422,4433802,644.8229,6.869131
331,20,InverseCorrelated,fixed,1000,42,50.0000,1001,10323,7451,2872,0,0.721786,1000,1,0.999001,6259,4694.4545,1920327.7524,4699149,630.6736,7.443556
332,20,InverseCorrelated,fixed,1000,42,50.0000,1001,9133,5494,3639,0,0.601555,962,39,0.961039,5187,3327.8771,2021156.1917,3331205,606.3351,5.488511
333,20,InverseCorrelated,fixed,1000,42,50.0000,1001,12238,4484,7754,0,0.366400,924,77,0.923077,5139,3192.1499,2358254.8007,3195342,712.6097,4.479520
334,20,InverseCorrelated,fixed,1000,42,50.0000,1001,7910,3822,4088,0,0.483186,952,49,0.951049,4008,2690.1608,804042.4946,2692851,704.5659,3.818182
335,20,InverseCorrelated,fixed,1000,42,50.0000,1001,10621,7813,2808,0,0.735618,988,13,0.987013,6306,5003.9800,2072049.6839,5008984,641.1089,7.805195
336,20,InverseCorrelated,fixed,1000,42,50.0000,1001,11399,6340,4834,225,0.556189,920,81,0.919081,4229,2653.4346,1707095.2927,2656088,418.9413,6.333666
337,20,InverseCorrelated,fixed,1000,42,50.0000,1001,10137,7018,3119,0,0.692315,1000,1,0.999001,6245,4864.8032,1591784.7195,4869668,693.8826,7.010989
338,20,InverseCorrelated,fixed,1000,42,50.0000,1001,9510,5469,4041,0,0.575079,995,6,0.994006,5139,3540.4505,1390916.9429,3543991,648.0144,5.463536
339,20,InverseCorrelated,fixed,1000,42,50.0000,1001,9627,5618,4009,0,0.583567,971,30,0.970030,5146,3651.0080,1533113.4045,3654659,650.5267,5.612388
340,20,InverseCorrelated,fixed,1000,42,50.0000,1001,11329,6668,4661,0,0.588578,965,36,0.964036,6194,4237.3427,2723420.6708,4241580,636.1098,6.661339
341,20,InverseCorrelated,fixed,1000,42,50.0000,1001,8837,4814,4023,0,0.544755,978,23,0.977023,4140,3070.5664,720703.9858,3073637,638.4788,4.809191
342,20,InverseCorrelated,fixed,1000,42,50.0000,1001,10569,5709,4860,0,0.540165,992,9,0.991009,5308,4047.4066,1541950.7628,4051454,709.6609,5.703297
343,20,InverseCorrelated,fixed,1000,42,50.0000,1001,11773,5629,6144,0,0.478128,979,22,0.978022,6048,3577.2198,2312178.5091,3580797,636.1338,5.623377
344,20,InverseCorrelated,fixed,1000,42,50.0000,1001,7276,3887,3389,0,0.534222,982,19,0.981019,3321,2553.2547,496920.5795,2555808,657.5271,3.883117
345,20,InverseCorrelated,fixed,1000,42,50.0000,1001,6890,3590,3300,0,0.521045,955,46,0.954046,3226,2152.8472,805617.5860,2155000,600.2786,3.586414
346,20,InverseCorrelated,fixed,1000,42,50.0000,1001,9441,4654,4787,0,0.492956,987,14,0.986014,5104,3383.3067,1562152.5523,3386690,727.6945,4.649351
347,20,InverseCorrelated,fixed,1000,42,50.0000,1001,8948,5144,3804,0,0.574877,987,14,0.986014,4047,2524.6024,867355.3264,2527127,491.2766,5.138861
348,20,InverseCorrelated,fixed,1000,42,50.0000,1001,9611,5300,4311,0,0.551451,974,27,0.973027,5144,3672.0000,1442496.8152,3675672,693.5230,5.294705
349,20,InverseCorrelated,fixed,1000,42,50.0000,1001,10107,5434,4673,0,0.537647,908,93,0.907093,5194,3120.6903,2761892.6414,3123811,574.8640,5.428571
350,20,InverseCorrelated,fixed,1000,42,50.0000,1001,8398,4480,3918,0,0.533460,999,2,0.998002,4169,2822.7942,975563.4681,2825617,630.7181,4.475524
351,20,InverseCorrelated,fixed,1000,42,50.0000,1001,9608,4369,5239,0,0.454725,882,119,0.881119,4137,2355.2657,1701145.7915,2357621,539.6249,4.364635
352,20,InverseCorrelated,fixed,1000,42,50.0000,1001,11146,4319,6827,0,0.387493,959,42,0.958042,4176,2722.9970,1160478.9440,2725720,631.0998,4.314685
353,20,InverseCorrelated,fixed,1000,42,50.0000,1001,10647,5104,5543,0,0.479384,883,118,0.882118,3232,1896.0460,1123611.5443,1897942,371.8538,5.098901
354,20,InverseCorrelated,fixed,1000,42,50.0000,1001,10542,5559,4983,0,0.527319,983,18,0.982018,5062,3346.6563,1188816.8729,3350003,602.6269,5.553447
355,20,InverseCorrelated,fixed,1000,42,50.0000,1001,9866,3909,5957,0,0.396209,866,135,0.865135,4026,2045.4765,1465483.6041,2047522,523.7969,3.905095
356,20,InverseCorrelated,fixed,1000,42,50.0000,1001,9155,4424,4731,0,0.483233,979,22,0.978022,4205,3131.1998,926883.5825,3134331,708.4835,4.419580
357,20,InverseCorrelated,fixed,1000,42,50.0000,1001,9290,5224,4066,0,0.562325,967,34,0.966034,5077,3428.0010,1579888.0829,3431429,656.8585,5.218781
358,20,InverseCorrelated,fixed,1000,42,50.0000,1001,11248,6071,5177,0,0.539740,979,22,0.978022,6206,4320.2687,2652399.8628,4324589,712.3355,6.064935
359,20,InverseCorrelated,fixed,1000,42,50.0000,1001,8256,3657,4599,0,0.442951,946,55,0.945055,2288,1507.7403,404777.2352,1509248,412.7011,3.653347
360,20,InverseCorrelated,fixed,1000,42,50.0000,1001,8141,3588,4553,0,0.440732,897,104,0.896104,3114,1806.6833,850328.0685,1808490,504.0385,3.584416
361,20,InverseCorrelated,fixed,1000,42,50.0000,1001,9149,4321,4828,0,0.472292,959,42,0.958042,4263,2888.5125,1429695.5126,2891401,669.1509,4.316683
362,20,InverseCorrelated,fixed,1000,42,50.0000,1001,10008,4618,5390,0,0.461431,861,140,0.860140,4099,2066.9061,1619275.1800,2068973,448.0236,4.613387
363,20,InverseCorrelated,fixed,1000,42,50.0000,1001,12950,6757,6193,0,0.521776,989,12,0.988012,6007,3485.3696,1891156.1970,3488855,516.3320,6.750250
364,20,InverseCorrelated,fixed,1000,42,50.0000,1001,12175,7495,4680,0,0.615606,982,19,0.981019,8060,5571.7383,3781337.1922,5577310,744.1374,7.487512
365,20,InverseCorrelated,fixed,1000,42,50.0000,1001,9176,5439,3737,0,0.592742,977,24,0.976024,5149,3556.8032,1496877.2570,3560360,654.5983,5.433566
366,20,InverseCorrelated,fixed,1000,42,50.0000,1001,9034,3693,5341,0,0.408789,943,58,0.942058,3040,1615.6064,525605.3616,1617222,437.9155,3.689311
367,20,InverseCorrelated,fixed,1000,42,50.0000,1001,11414,5730,5684,0,0.502015,941,60,0.940060,5118,3066.8831,2054912.2551,3069950,535.7679,5.724276
368,20,InverseCorrelated,fixed,1000,42,50.0000,1001,11689,6048,5641,0,0.517410,986,15,0.985015,6254,4417.9790,2862919.1254,4422397,731.2164,6.041958
369,20,InverseCorrelated,fixed,1000,42,50.0000,1001,9525,6402,3123,0,0.672126,996,5,0.995005,6166,4446.7353,1907390.2326,4451182,695.2799,6.395604
370,20,InverseCorrelated,fixed,1000,42,50.0000,1001,10832,4496,6336,0,0.415066,869,132,0.868132,4101,2191.8681,1633123.6370,2194060,488.0027,4.491508
371,20,InverseCorrelated,fixed,1000,42,50.0000,1001,10215,4799,5416,0,0.469799,954,47,0.953047,5080,3195.5385,1840026.5722,3198734,666.5418,4.794206
372,20,InverseCorrelated,fixed,1000,42,50.0000,1001,9084,4751,4333,0,0.523007,995,6,0.994006,5034,2919.6863,1511825.0944,2922606,615.1560,4.746254
373,20,InverseCorrelated,fixed,1000,42,50.0000,1001,9823,4876,4947,0,0.496386,926,75,0.925075,4137,2564.9261,1326310.4081,2567491,526.5568,4.871129
374,20,InverseCorrelated,fixed,1000,42,50.0000,1001,11859,5891,5968,0,0.496754,998,3,0.997003,5244,3822.5295,1473201.4759,3826352,649.5250,5.885115
375,20,InverseCorrelated,fixed,1000,42,50.0000,1001,10297,5430,4867,0,0.527338,957,44,0.956044,5021,3255.3477,1545728.5864,3258603,600.1110,5.424575
376,20,InverseCorrelated,fixed,1000,42,50.0000,1001,8949,3882,4943,124,0.433791,952,49,0.951049,3322,2356.0579,829158.2544,2358414,607.5255,3.878122
377,20,InverseCorrelated,fixed,1000,42,50.0000,1001,10117,5848,4269,0,0.578037,989,12,0.988012,5229,3604.5724,2021023.9291,3608177,616.9933,5.842158
378,20,InverseCorrelated,fixed,1000,42,50.0000,1001,9539,3726,5813,0,0.390607,894,107,0.893107,3211,1916.9411,1024510.8707,1918858,514.9914,3.722278
379,20,InverseCorrelated,fixed,1000,42,50.0000,1001,11869,8547,3322,0,0.720111,989,12,0.988012,8230,6436.8422,3370637.7133,6443279,753.8644,8.538462
380,20,InverseCorrelated,fixed,1000,42,50.0000,1001,8566,4916,3650,0,0.573897,912,89,0.911089,4130,2508.4356,1487034.9591,2510944,510.7697,4.911089
381,20,InverseCorrelated,fixed,1000,42,50.0000,1001,11295,5657,5638,0,0.500841,955,46,0.954046,5080,3302.1818,1844275.1418,3305484,584.3175,5.651349
382,20,InverseCorrelated,fixed,1000,42,50.0000,1001,11621,5492,6129,0,0.472593,978,23,0.977023,5196,3471.8541,1839360.9997,3475326,632.7979,5.486513
383,20,InverseCorrelated,fixed,1000,42,50.0000,1001,9101,6843,2258,0,0.751895,993,8,0.992008,7022,5364.5405,2018993.6470,5369905,784.7297,6.836164
384,20,InverseCorrelated,fixed,1000,42,50.0000,1001,10827,5408,5419,0,0.499492,941,60,0.940060,5112,3182.3077,1955641.5457,3185490,589.0329,5.402597
385,20,InverseCorrelated,fixed,1000,42,50.0000,1001,8838,3914,4924,0,0.442860,981,20,0.980020,4183,2783.2817,1065981.8167,2786065,711.8204,3.910090
386,20,InverseCorrelated,fixed,1000,42,50.0000,1001,11800,6955,4845,0,0.589407,961,40,0.960040,7161,4681.0909,4270222.2765,4685772,673.7271,6.948052
387,20,InverseCorrelated,fixed,1000,42,50.0000,1001,8908,4294,4614,0,0.482039,994,7,0.993007,4220,2735.7572,1258090.5654,2738493,637.7487,4.289710
388,20,InverseCorrelated,fixed,1000,42,50.0000,1001,13694,8694,4944,56,0.634877,994,7,0.993007,8157,5994.1409,3644136.7824,6000135,690.1467,8.685315
389,20,InverseCorrelated,fixed,1000,42,50.0000,1001,9933,5165,4768,0,0.519984,949,52,0.948052,5056,3021.6953,1766037.9801,3024717,585.6180,5.159840
390,20,InverseCorrelated,fixed,1000,42,50.0000,1001,7237,4712,2525,0,0.651099,997,4,0.996004,4278,3641.0100,393484.3695,3644651,773.4828,4.707293
391,20,InverseCorrelated,fixed,1000,42,50.0000,1001,8105,3260,4845,0,0.402221,951,50,0.950050,3230,2181.9870,778110.0708,2184169,669.9905,3.256743
392,20,InverseCorrelated,fixed,1000,42,50.0000,1001,9959,4350,5609,0,0.436791,868,133,0.867133,4182,2354.8092,1986567.7009,2357164,541.8768,4.345654
393,20,InverseCorrelated,fixed,1000,42,50.0000,1001,11967,6897,4710,360,0.576335,936,65,0.935065,6060,3395.3676,3255510.8618,3398763,492.7886,6.890110
394,20,InverseCorrelated,fixed,1000,42,50.0000,1001,9488,5841,3647,0,0.615620,945,56,0.944056,4193,2884.9421,1252516.1405,2887827,494.4063,5.835165
395,20,InverseCorrelated,fixed,1000,42,50.0000,1001,10092,4893,5199,0,0.484839,986,15,0.985015,5045,3593.5245,1236952.3033,3597118,735.1559,4.888112
396,20,InverseCorrelated,fixed,1000,42,50.0000,1001,7935,3690,4245,0,0.465028,996,5,0.995005,3257,2284.9620,587638.5420,2287247,619.8501,3.686314
397,20,InverseCorrelated,fixed,1000,42,50.0000,1001,9162,4286,4876,0,0.467802,911,90,0.910090,3104,1682.3087,748872.1355,1683991,392.9050,4.281718
398,20,InverseCorrelated,fixed,1000,42,50.0000,1001,7775,4393,3382,0,0.565016,970,31,0.969031,3195,1991.8142,736992.2951,1993806,453.8598,4.388611
399,20,InverseCorrelated,fixed,1000,42,50.0000,1001,10755,6585,4170,0,0.612273,972,29,0.971029,6036,3807.0919,1996929.1784,3810899,578.7242,6.578422
400,20,AlmostEqualRatios,fixed,1000,42,50.0000,1001,9535,3617,5905,13,0.379339,873,128,0.872128,1056,496.9461,100778.5745,497443,137.5292,3.613387
401,20,AlmostEqualRatios,fixed,1000,42,50.0000,1001,9826,3376,6381,69,0.343578,982,19,0.981019,1069,519.7632,96884.8420,520283,154.1123,3.372627
402,20,AlmostEqualRatios,fixed,1000,42,50.0000,1001,6310,2595,3715,0,0.411252,984,17,0.983017,1032,470.4166,103870.2311,470887,181.4593,2.592408
403,20,AlmostEqualRatios,fixed,1000,42,50.0000,1001,8185,3493,4573,119,0.426756,914,87,0.913087,1056,514.3666,102151.9465,514881,147.4037,3.489510
404,20,AlmostEqualRatios,fixed,1000,42,50.0000,1001,9009,4233,4746,30,0.469863,942,59,0.941059,1058,506.9560,105622.1739,507463,119.8826,4.228771
405,20,AlmostEqualRatios,fixed,1000,42,50.0000,1001,9218,3936,5158,124,0.426991,984,17,0.983017,1056,515.3986,98622.0799,515914,131.0757,3.932068
406,20,AlmostEqualRatios,fixed,1000,42,50.0000,1001,13161,5625,7419,117,0.427399,969,32,0.968032,1064,527.8911,97763.1460,528419,93.9412,5.619381
407,20,AlmostEqualRatios,fixed,1000,42,50.0000,1001,9926,4220,5646,60,0.425146,958,43,0.957043,1050,509.7782,98583.0837,510288,120.9213,4.215784
408,20,AlmostEqualRatios,fixed,1000,42,50.0000,1001,9582,3384,6166,32,0.353162,951,50,0.950050,1089,512.8312,100104.0904,513344,151.6974,3.380619
409,20,AlmostEqualRatios,fixed,1000,42,50.0000,1001,11107,3434,7668,5,0.309174,929,72,0.928072,1089,504.3646,97691.6543,504869,147.0207,3.430569
410,20,AlmostEqualRatios,fixed,1000,42,50.0000,1001,9183,4791,4341,51,0.521725,987,14,0.986014,1079,510.4226,101413.0412,510933,106.6443,4.786214
411,20,AlmostEqualRatios,fixed,1000,42,50.0000,1001,9351,3826,5483,42,0.409154,960,41,0.959041,1049,520.7902,100379.2127,521311,136.2548,3.822178
412,20,AlmostEqualRatios,fixed,1000,42,50.0000,1001,8935,3585,5165,185,0.401231,922,79,0.921079,1018,495.3956,93819.2341,495891,138.3238,3.581419
413,20,AlmostEqualRatios,fixed,1000,42,50.0000,1001,12267,5180,7004,83,0.422271,991,10,0.990010,1072,530.5924,100539.1026,531123,102.5334,5.174825
414,20,AlmostEqualRatios,fixed,1000,42,50.0000,1001,11337,5689,5603,45,0.501808,998,3,0.997003,1079,520.5025,102088.6156,521023,91.5843,5.683317
415,20,AlmostEqualRatios,fixed,1000,42,50.0000,1001,13979,7601,6323,55,0.543744,979,22,0.978022,1052,518.5734,90891.9409,519092,68.2926,7.593407
416,20,AlmostEqualRatios,fixed,1000,42,50.0000,1001,10769,4914,5555,300,0.456310,993,8,0.992008,1052,516.0539,102050.0830,516570,105.1221,4.909091
417,20,AlmostEqualRatios,fixed,1000,42,50.0000,1001,9029,4120,4906,3,0.456307,972,29,0.971029,1039,505.9540,102570.2936,506460,122.9272,4.115884
418,20,AlmostEqualRatios,fixed,1000,42,50.0000,1001,12144,6157,5873,114,0.506999,992,9,0.991009,1087,537.3526,100077.4890,537890,87.3624,6.150849
419,20,AlmostEqualRatios,fixed,1000,42,50.0000,1001,13033,7485,5360,188,0.574311,996,5,0.995005,1054,522.4975,98376.9353,523020,69.8758,7.477522
420,20,AlmostEqualRatios,fixed,1000,42,50.0000,1001,8612,2994,5618,0,0.347654,885,116,0.884116,1064,501.8641,103501.6219,502366,167.7909,2.991009
421,20,AlmostEqualRatios,fixed,1000,42,50.0000,1001,11513,4818,6602,93,0.418483,998,3,0.997003,1059,517.6813,101244.4809,518199,107.5548,4.813187
422,20,AlmostEqualRatios,fixed,1000,42,50.0000,1001,10096,4170,5904,22,0.413035,994,7,0.993007,1072,504.1938,105245.3790,504698,121.0307,4.165834
423,20,AlmostEqualRatios,fixed,1000,42,50.0000,1001,11924,4580,7319,25,0.384099,965,36,0.964036,1057,513.1429,98330.1324,513656,112.1520,4.575425
424,20,AlmostEqualRatios,fixed,1000,42,50.0000,1001,9296,3752,5544,0,0.403614,989,12,0.988012,1068,495.6084,118036.9136,496104,132.2239,3.748252
425,20,AlmostEqualRatios,fixed,1000,42,50.0000,1001,10123,4418,5669,36,0.436432,949,52,0.948052,1058,514.6903,96495.1748,515205,116.6150,4.413586
426,20,AlmostEqualRatios,fixed,1000,42,50.0000,1001,9362,3106,6221,35,0.331767,767,234,0.766234,1086,479.7233,115938.1742,480203,154.6050,3.102897
427,20,AlmostEqualRatios,fixed,1000,42,50.0000,1001,9130,3528,5572,30,0.386418,963,38,0.962038,1032,506.8202,98746.8188,507327,143.8002,3.524476
428,20,AlmostEqualRatios,fixed,1000,42,50.0000,1001,10090,5539,4512,39,0.548959,994,7,0.993007,1061,525.7592,94537.7332,526285,95.0144,5.533467
429,20,AlmostEqualRatios,fixed,1000,42,50.0000,1001,9874,3662,6067,145,0.370873,858,143,0.857143,1052,503.0420,105917.7365,503545,137.5055,3.658342
430,20,AlmostEqualRatios,fixed,1000,42,50.0000,1001,9159,4531,4619,9,0.494705,991,10,0.990010,1050,508.9071,109662.3780,509416,112.4290,4.526474
431,20,AlmostEqualRatios,fixed,1000,42,50.0000,1001,10791,4552,6094,145,0.421833,961,40,0.960040,1063,528.4236,100280.9395,528952,116.2021,4.547453
432,20,AlmostEqualRatios,fixed,1000,42,50.0000,1001,9099,5119,3962,18,0.562589,997,4,0.996004,1043,502.5455,96989.6066,503048,98.2708,5.113886
433,20,AlmostEqualRatios,fixed,1000,42,50.0000,1001,8297,3059,5225,13,0.368687,937,64,0.936064,1079,512.1459,107573.9967,512658,167.5901,3.055944
434,20,AlmostEqualRatios,fixed,1000,42,50.0000,1001,11571,5381,6061,129,0.465042,991,10,0.990010,1085,532.3277,99998.4541,532860,99.0262,5.375624
435,20,AlmostEqualRatios,fixed,1000,42,50.0000,1001,7793,3850,3907,36,0.494033,961,40,0.960040,1052,499.6064,102072.0649,500106,129.8977,3.846154
436,20,AlmostEqualRatios,fixed,1000,42,50.0000,1001,11925,4104,7737,84,0.344151,925,76,0.924076,1045,508.8501,101494.7668,509359,124.1128,4.099900
437,20,AlmostEqualRatios,fixed,1000,42,50.0000,1001,10665,5466,5175,24,0.512518,974,27,0.973027,1070,526.5065,100376.7515,527033,96.4202,5.460539
438,20,AlmostEqualRatios,fixed,1000,42,50.0000,1001,11591,5035,6464,92,0.434389,993,8,0.992008,1057,519.8691,99200.3195,520389,103.3543,5.029970
439,20,AlmostEqualRatios,fixed,1000,42,50.0000,1001,9835,3438,6397,0,0.349568,947,54,0.946054,1062,499.2597,101671.5649,499759,145.3633,3.434565
440,20,AlmostEqualRatios,fixed,1000,42,50.0000,1001,7236,2840,4396,0,0.392482,961,40,0.960040,1043,485.3826,111342.7197,485868,171.0803,2.837163
441,20,AlmostEqualRatios,fixed,1000,42,50.0000,1001,10448,4671,5750,27,0.447071,970,31,0.969031,1082,528.3956,100669.9913,528924,113.2357,4.666334
442,20,AlmostEqualRatios,fixed,1000,42,50.0000,1001,7497,2957,4540,0,0.394424,847,154,0.846154,1063,477.8831,101553.1002,478361,161.7724,2.954046
443,20,AlmostEqualRatios,fixed,1000,42,50.0000,1001,10886,4773,6008,105,0.438453,990,11,0.989011,1067,526.1748,99330.3421,526701,110.3501,4.768232
444,20,AlmostEqualRatios,fixed,1000,42,50.0000,1001,10986,5688,5279,19,0.517750,1000,1,0.999001,1043,513.5445,97430.6656,514058,90.3759,5.682318
445,20,AlmostEqualRatios,fixed,1000,42,50.0000,1001,9187,3841,5315,31,0.418091,946,55,0.945055,1054,505.2498,95774.3392,505755,131.6727,3.837163
446,20,AlmostEqualRatios,fixed,1000,42,50.0000,1001,9053,3236,5779,38,0.357451,935,66,0.934066,1043,514.0729,99200.3054,514587,159.0195,3.232767
447,20,AlmostEqualRatios,fixed,1000,42,50.0000,1001,9738,3831,5898,9,0.393407,925,76,0.924076,1063,511.3596,99661.3312,511871,133.6129,3.827173
448,20,AlmostEqualRatios,fixed,1000,42,50.0000,1001,12051,6455,5578,18,0.535640,998,3,0.997003,1074,531.4456,100822.1272,531977,82.4132,6.448551
449,20,AlmostEqualRatios,fixed,1000,42,50.0000,1001,10251,4015,6062,174,0.391669,971,30,0.970030,1085,521.2717,104263.2868,521793,129.9609,4.010989
450,20,AlmostEqualRatios,fixed,1000,42,50.0000,1001,9068,3372,5539,157,0.371857,954,47,0.953047,1034,503.6823,96057.9690,504186,149.5214,3.368631
451,20,AlmostEqualRatios,fixed,1000,42,50.0000,1001,11477,5399,5992,86,0.470419,997,4,0.996004,1059,516.9071,101376.0743,517424,95.8370,5.393606
452,20,AlmostEqualRatios,fixed,1000,42,50.0000,1001,11027,4808,6149,70,0.436021,978,23,0.977023,1096,537.7602,102186.8436,538298,111.9588,4.803197
453,20,AlmostEqualRatios,fixed,1000,42,50.0000,1001,9359,3640,5719,0,0.388930,888,113,0.887113,1068,507.6304,104946.8264,508138,139.5984,3.636364
454,20,AlmostEqualRatios,fixed,1000,42,50.0000,1001,9081,4003,5078,0,0.440810,811,190,0.810190,1021,485.3137,103903.4421,485799,121.3587,3.999001
455,20,AlmostEqualRatios,fixed,1000,42,50.0000,1001,12333,4782,7441,110,0.387740,973,28,0.972028,1070,520.0739,100016.9875,520594,108.8653,4.777223
456,20,AlmostEqualRatios,fixed,1000,42,50.0000,1001,8247,2805,5426,16,0.340124,934,67,0.933067,1037,484.3806,106815.9221,484865,172.8574,2.802198
457,20,AlmostEqualRatios,fixed,1000,42,50.0000,1001,10018,4072,5847,99,0.406468,913,88,0.912088,1087,510.1009,100153.8290,510611,125.3956,4.067932
458,20,AlmostEqualRatios,fixed,1000,42,50.0000,1001,9546,2602,6934,10,0.272575,884,117,0.883117,1067,498.4665,104352.9282,498965,191.7621,2.599401
459,20,AlmostEqualRatios,fixed,1000,42,50.0000,1001,12766,5053,7645,68,0.395817,986,15,0.985015,1064,527.2318,97738.7715,527759,104.4447,5.047952
460,20,AlmostEqualRatios,fixed,1000,42,50.0000,1001,9504,4404,5089,11,0.463384,1000,1,0.999001,1080,505.1978,100037.6592,505703,114.8281,4.399600
461,20,AlmostEqualRatios,fixed,1000,42,50.0000,1001,9984,3810,6090,84,0.381611,923,78,0.922078,1092,526.8571,103780.0106,527384,138.4210,3.806194
462,20,AlmostEqualRatios,fixed,1000,42,50.0000,1001,10017,4449,5524,44,0.444145,999,2,0.998002,1080,523.9451,100034.1658,524469,117.8847,4.444555
463,20,AlmostEqualRatios,fixed,1000,42,50.0000,1001,11237,5301,5931,5,0.471745,950,51,0.949051,1067,531.3257,100003.4843,531857,100.3314,5.295704
464,20,AlmostEqualRatios,fixed,1000,42,50.0000,1001,8640,3339,5285,16,0.386458,943,58,0.942058,1046,497.9061,99232.0711,498404,149.2674,3.335664
465,20,AlmostEqualRatios,fixed,1000,42,50.0000,1001,9305,3656,5603,46,0.392907,999,2,0.998002,1000,479.7772,97638.5148,480257,131.3613,3.652348
466,20,AlmostEqualRatios,fixed,1000,42,50.0000,1001,8178,2926,5233,19,0.357789,863,138,0.862138,1048,504.2128,106305.4842,504717,172.4938,2.923077
467,20,AlmostEqualRatios,fixed,1000,42,50.0000,1001,8546,2982,5561,3,0.348935,866,135,0.865135,1043,482.3037,106347.5621,482786,161.9001,2.979021
468,20,AlmostEqualRatios,fixed,1000,42,50.0000,1001,12417,5676,6679,62,0.457115,1000,1,0.999001,1071,531.0130,99259.7071,531544,93.6476,5.670330
469,20,AlmostEqualRatios,fixed,1000,42,50.0000,1001,8118,3005,5032,81,0.370165,978,23,0.977023,1075,503.6873,103950.3088,504191,167.7840,3.001998
470,20,AlmostEqualRatios,fixed,1000,42,50.0000,1001,9518,2977,6540,1,0.312776,967,34,0.966034,1057,513.9570,100196.2769,514471,172.8153,2.974026
471,20,AlmostEqualRatios,fixed,1000,42,50.0000,1001,10089,4390,5699,0,0.435127,996,5,0.995005,1084,517.8511,107416.3225,518369,118.0795,4.385614
472,20,AlmostEqualRatios,fixed,1000,42,50.0000,1001,10428,4535,5872,21,0.434887,985,16,0.984016,1086,520.6633,101527.4661,521184,114.9248,4.530470
473,20,AlmostEqualRatios,fixed,1000,42,50.0000,1001,8552,2756,5765,31,0.322264,864,137,0.863137,1094,497.6144,106757.8313,498112,180.7373,2.753247
474,20,AlmostEqualRatios,fixed,1000,42,50.0000,1001,10584,4710,5838,36,0.445011,952,49,0.951049,1056,507.6563,101097.4323,508164,107.8904,4.705295
475,20,AlmostEqualRatios,fixed,1000,42,50.0000,1001,10795,4961,5826,8,0.459565,919,82,0.918082,1077,516.7792,102538.5776,517296,104.2725,4.956044
476,20,AlmostEqualRatios,fixed,1000,42,50.0000,1001,7669,3207,4378,84,0.418177,889,112,0.888112,1050,498.1349,103604.0068,498633,155.4827,3.203796
477,20,AlmostEqualRatios,fixed,1000,42,50.0000,1001,11344,5383,5876,85,0.474524,996,5,0.995005,1064,519.1978,96243.2016,519717,96.5478,5.377622
478,20,AlmostEqualRatios,fixed,1000,42,50.0000,1001,10970,5588,5313,69,0.509389,974,27,0.973027,1024,510.3117,90603.8449,510822,91.4141,5.582418
479,20,AlmostEqualRatios,fixed,1000,42,50.0000,1001,10918,4334,6584,0,0.396959,987,14,0.986014,1088,527.1349,100451.7650,527662,121.7494,4.329670
480,20,AlmostEqualRatios,fixed,1000,42,50.0000,1001,11349,4808,6376,165,0.423650,931,70,0.930070,1084,513.8432,102934.2042,514357,106.9794,4.803197
481,20,AlmostEqualRatios,fixed,1000,42,50.0000,1001,10104,3938,5716,450,0.389747,893,108,0.892108,1035,500.5804,99067.5482,501081,127.2425,3.934066
482,20,AlmostEqualRatios,fixed,1000,42,50.0000,1001,9997,4353,5624,20,0.435431,982,19,0.981019,1087,511.2408,100541.4535,511752,117.5631,4.348651
483,20,AlmostEqualRatios,fixed,1000,42,50.0000,1001,12331,6117,6097,117,0.496067,983,18,0.982018,1065,527.9161,98804.2567,528444,86.3894,6.110889
484,20,AlmostEqualRatios,fixed,1000,42,50.0000,1001,10597,4673,5896,28,0.440974,967,34,0.966034,1069,520.7323,100773.8744,521253,111.5457,4.668332
485,20,AlmostEqualRatios,fixed,1000,42,50.0000,1001,8250,3434,4766,50,0.416242,903,98,0.902098,1081,485.9231,93673.6095,486409,141.6450,3.430569
486,20,AlmostEqualRatios,fixed,1000,42,50.0000,1001,8920,3807,5103,10,0.426794,978,23,0.977023,1068,512.4935,98658.8094,513006,134.7533,3.803197
487,20,AlmostEqualRatios,fixed,1000,42,50.0000,1001,12127,6471,5336,320,0.533603,997,4,0.996004,1062,523.1329,98689.9933,523656,80.9235,6.464535
488,20,AlmostEqualRatios,fixed,1000,42,50.0000,1001,11642,3503,7878,261,0.300893,928,73,0.927073,1047,512.4096,97100.7074,512922,146.4236,3.499500
489,20,AlmostEqualRatios,fixed,1000,42,50.0000,1001,11098,5470,5233,395,0.492882,990,11,0.989011,1072,518.5674,99825.6101,519086,94.8969,5.464535
490,20,AlmostEqualRatios,fixed,1000,42,50.0000,1001,7350,3217,4133,0,0.437687,983,18,0.982018,1048,479.1129,106934.8934,479592,149.0805,3.213786
491,20,AlmostEqualRatios,fixed,1000,42,50.0000,1001,10832,3823,6948,61,0.352936,985,16,0.984016,1062,520.9610,100992.9146,521482,136.4065,3.819181
492,20,AlmostEqualRatios,fixed,1000,42,50.0000,1001,8511,3783,4728,0,0.444484,981,20,0.980020,1050,514.3477,99181.6733,514862,136.0989,3.779221
493,20,AlmostEqualRatios,fixed,1000,42,50.0000,1001,9629,3455,6116,58,0.358812,971,30,0.970030,1041,505.9491,100902.2002,506455,146.5861,3.451548
494,20,AlmostEqualRatios,fixed,1000,42,50.0000,1001,8657,4420,4231,6,0.510569,977,24,0.976024,1071,529.9201,99665.2623,530450,120.0113,4.415584
495,20,AlmostEqualRatios,fixed,1000,42,50.0000,1001,10894,4216,6611,67,0.387002,999,2,0.998002,1035,504.3467,97633.3394,504851,119.7464,4.211788
496,20,AlmostEqualRatios,fixed,1000,42,50.0000,1001,9585,4768,4744,73,0.497444,981,20,0.980020,1078,526.8492,99651.1930,527376,110.6074,4.763237
497,20,AlmostEqualRatios,fixed,1000,42,50.0000,1001,10868,3707,7136,25,0.341093,963,38,0.962038,1080,524.2238,100212.1457,524748,141.5560,3.703297
498,20,AlmostEqualRatios,fixed,1000,42,50.0000,1001,9708,2681,6797,230,0.276164,868,133,0.867133,1038,498.9301,102977.3378,499429,186.2846,2.678322
499,20,AlmostEqualRatios,fixed,1000,42,50.0000,1001,10318,4857,5178,283,0.470731,960,41,0.959041,1069,514.6693,97873.5880,515184,106.0704,4.852148
500,50,Uncorrelated,fixed,1000,42,20.0000,1001,23941,8229,15696,16,0.343720,986,15,0.985015,4320,2655.9231,1136385.9831,2658579,323.0744,8.220779
501,50,Uncorrelated,fixed,1000,42,20.0000,1001,25938,6267,19671,0,0.241615,961,40,0.960040,4174,2214.9640,1429565.4912,2217179,353.7863,6.260739
502,50,Uncorrelated,fixed,1000,42,20.0000,1001,25447,8800,16638,9,0.345817,993,8,0.992008,6216,4123.4565,2627102.5458,4127580,469.0432,8.791209
503,50,Uncorrelated,fixed,1000,42,20.0000,1001,25897,8152,17745,0,0.314785,991,10,0.990010,6107,3980.6803,2033680.4333,3984661,488.7955,8.143856
504,50,Uncorrelated,fixed,1000,42,20.0000,1001,23057,7674,15373,10,0.332827,944,57,0.943057,4231,2526.6004,1385117.2669,2529127,329.5709,7.666334
505,50,Uncorrelated,fixed,1000,42,20.0000,1001,23326,6994,16332,0,0.299837,996,5,0.995005,4223,2607.3646,994237.4844,2609972,373.1730,6.987013
506,50,Uncorrelated,fixed,1000,42,20.0000,1001,24786,9032,15754,0,0.364399,986,15,0.985015,6709,4535.0070,2376429.3156,4539542,502.6065,9.022977
507,50,Uncorrelated,fixed,1000,42,20.0000,1001,22648,7954,14682,12,0.351201,971,30,0.970030,5476,3084.6184,2422558.6895,3087703,388.1950,7.946054
508,50,Uncorrelated,fixed,1000,42,20.0000,1001,23890,8355,15535,0,0.349728,958,43,0.957043,3991,2349.0210,1299038.5980,2351370,281.4327,8.346653
509,50,Uncorrelated,fixed,1000,42,20.0000,1001,29507,10420,19048,39,0.353137,995,6,0.994006,6932,4847.3836,2495683.2075,4852231,465.6652,10.409590
510,50,Uncorrelated,fixed,1000,42,20.0000,1001,22885,9310,13575,0,0.406817,976,25,0.975025,7142,4474.4056,2977019.0523,4478880,481.0827,9.300699
511,50,Uncorrelated,fixed,1000,42,20.0000,1001,31318,12259,19059,0,0.391436,985,16,0.984016,7495,5183.0999,3748653.5984,5188283,423.2224,12.246753
512,50,Uncorrelated,fixed,1000,42,20.0000,1001,26586,10211,16375,0,0.384074,950,51,0.949051,5776,3258.8042,2758255.2943,3262063,319.4656,10.200799
513,50,Uncorrelated,fixed,1000,42,20.0000,1001,26998,11616,15382,0,0.430254,994,7,0.993007,7252,4326.2078,4000450.0527,4330534,372.8077,11.604396
514,50,Uncorrelated,fixed,1000,42,20.0000,1001,21346,6329,15017,0,0.296496,995,6,0.994006,3721,2243.7972,1072006.0158,2246041,354.8809,6.322677
515,50,Uncorrelated,fixed,1000,42,20.0000,1001,22452,6866,15584,2,0.305808,990,11,0.989011,3691,2158.2787,980111.1441,2160437,314.6573,6.859141
516,50,Uncorrelated,fixed,1000,42,20.0000,1001,23950,7470,16478,2,0.311900,992,9,0.991009,5096,3411.6893,1606557.2631,3415101,457.1755,7.462537
517,50,Uncorrelated,fixed,1000,42,20.0000,1001,26079,11852,14227,0,0.454465,981,20,0.980020,7505,4857.0120,3686556.0218,4861869,410.2151,11.840160
518,50,Uncorrelated,fixed,1000,42,20.0000,1001,27919,8650,19269,0,0.309825,969,32,0.968032,5657,3727.6424,1978545.3586,3731370,431.3723,8.641359
519,50,Uncorrelated,fixed,1000,42,20.0000,1001,22889,6919,15970,0,0.302285,969,32,0.968032,4321,2574.5295,1512644.9724,2577104,372.4677,6.912088
520,50,Uncorrelated,fixed,1000,42,20.0000,1001,26106,8298,17808,0,0.317858,988,13,0.987013,3918,2247.3956,1151860.2671,2249643,271.1067,8.289710
521,50,Uncorrelated,fixed,1000,42,20.0000,1001,26733,8296,18406,31,0.310328,946,55,0.945055,5104,3214.0050,2328056.5384,3217219,387.8036,8.287712
522,50,Uncorrelated,fixed,1000,42,20.0000,1001,29136,12245,16891,0,0.420270,997,4,0.996004,6966,4563.6054,3226576.8383,4568169,373.0640,12.232767
523,50,Uncorrelated,fixed,1000,42,20.0000,1001,22811,6392,16419,0,0.280216,987,14,0.986014,4000,2422.7872,1421408.7170,2425210,379.4133,6.385614
524,50,Uncorrelated,fixed,1000,42,20.0000,1001,26685,8796,17737,152,0.329623,982,19,0.981019,6012,3974.3596,2076648.4621,3978334,452.2890,8.787213
525,50,Uncorrelated,fixed,1000,42,20.0000,1001,26096,8644,17437,15,0.331239,991,10,0.990010,4078,2939.0070,775585.6813,2941946,340.3454,8.635365
526,50,Uncorrelated,fixed,1000,42,20.0000,1001,24539,7521,17018,0,0.306492,996,5,0.995005,5083,3416.4765,1581676.9667,3419893,454.7125,7.513487
527,50,Uncorrelated,fixed,1000,42,20.0000,1001,27298,10791,16433,74,0.395304,999,2,0.998002,7292,5383.6993,2430387.2293,5389083,499.4053,10.780220
528,50,Uncorrelated,fixed,1000,42,20.0000,1001,25763,10506,15257,0,0.407794,970,31,0.969031,6810,4069.0000,3511129.1469,4073069,387.6898,10.495504
529,50,Uncorrelated,fixed,1000,42,20.0000,1001,26167,11590,14577,0,0.442924,997,4,0.996004,6655,4327.5345,3176968.6025,4331862,373.7586,11.578422
530,50,Uncorrelated,fixed,1000,42,20.0000,1001,25055,7761,17294,0,0.309759,991,10,0.990010,4621,2918.1429,1046813.6689,2921061,376.3769,7.753247
531,50,Uncorrelated,fixed,1000,42,20.0000,1001,25493,8585,16908,0,0.336759,982,19,0.981019,5669,3828.2008,2099584.3483,3832029,446.3633,8.576424
532,50,Uncorrelated,fixed,1000,42,20.0000,1001,24309,7472,16837,0,0.307376,1000,1,0.999001,5600,3564.5954,1602076.8503,3568160,477.5375,7.464535
533,50,Uncorrelated,fixed,1000,42,20.0000,1001,29917,8303,21614,0,0.277535,1000,1,0.999001,6875,4787.8941,2575992.8639,4792682,577.2229,8.294705
534,50,Uncorrelated,fixed,1000,42,20.0000,1001,25390,10141,15174,75,0.399409,984,17,0.983017,5397,3692.6244,1705051.1456,3696317,364.4924,10.130869
535,50,Uncorrelated,fixed,1000,42,20.0000,1001,23787,9070,14717,0,0.381301,989,12,0.988012,6146,4299.1708,2072389.4084,4303470,474.4730,9.060939
536,50,Uncorrelated,fixed,1000,42,20.0000,1001,27141,10769,16349,23,0.396780,983,18,0.982018,7657,5173.0569,3293601.2965,5178230,480.8459,10.758242
537,50,Uncorrelated,fixed,1000,42,20.0000,1001,24893,11582,13305,6,0.465271,997,4,0.996004,7266,5104.6623,2610696.9369,5109767,441.1817,11.570430
538,50,Uncorrelated,fixed,1000,42,20.0000,1001,23727,6461,17240,26,0.272306,988,13,0.987013,3721,2109.0989,1318165.4597,2111208,326.7618,6.454545
539,50,Uncorrelated,fixed,1000,42,20.0000,1001,22686,8738,13886,62,0.385171,939,62,0.938062,5007,3065.1299,1966020.3488,3068195,351.1324,8.729271
540,50,Uncorrelated,fixed,1000,42,20.0000,1001,28497,11737,16682,78,0.411868,1000,1,0.999001,7410,5235.9680,2441047.3776,5241204,446.5540,11.725275
541,50,Uncorrelated,fixed,1000,42,20.0000,1001,25471,10390,15081,0,0.407915,977,24,0.976024,6471,4287.9481,2619920.2890,4292236,413.1122,10.379620
542,50,Uncorrelated,fixed,1000,42,20.0000,1001,24944,9304,15634,6,0.372996,990,11,0.989011,5083,3019.4486,1950748.2034,3022468,324.8568,9.294705
543,50,Uncorrelated,fixed,1000,42,20.0000,1001,26048,8397,17651,0,0.322366,966,35,0.965035,5090,3068.4476,1666950.8746,3071516,365.7873,8.388611
544,50,Uncorrelated,fixed,1000,42,20.0000,1001,21363,7765,13598,0,0.363479,977,24,0.976024,3564,2047.3606,1028085.7990,2049408,263.9289,7.757243
545,50,Uncorrelated,fixed,1000,42,20.0000,1001,27119,10887,16226,6,0.401453,1000,1,0.999001,5428,3992.6673,1055576.4338,3996660,367.1039,10.876124
546,50,Uncorrelated,fixed,1000,42,20.0000,1001,20343,5782,14561,0,0.284226,934,67,0.933067,2856,1638.9960,700071.6583,1640635,283.7487,5.776224
547,50,Uncorrelated,fixed,1000,42,20.0000,1001,23371,8490,14881,0,0.363271,956,45,0.955045,5491,3354.8122,2271964.4522,3358167,395.5438,8.481518
548,50,Uncorrelated,fixed,1000,42,20.0000,1001,25218,11229,13989,0,0.445277,987,14,0.986014,7856,5528.4775,3138561.4303,5534006,492.8316,11.217782
549,50,Uncorrelated,fixed,1000,42,20.0000,1001,23945,9190,14755,0,0.383796,992,9,0.991009,6359,3960.7802,2925356.1295,3964741,431.4190,9.180819
550,50,Uncorrelated,fixed,1000,42,20.0000,1001,23822,9361,14461,0,0.392956,995,6,0.994006,6503,4424.0719,2476127.9848,4428496,473.0794,9.351648
551,50,Uncorrelated,fixed,1000,42,20.0000,1001,25905,9071,16834,0,0.350164,954,47,0.953047,6582,3975.9830,3347230.4423,3979959,438.7564,9.061938
552,50,Uncorrelated,fixed,1000,42,20.0000,1001,27967,10299,17668,0,0.368255,968,33,0.967033,7617,4749.7143,4412201.4069,4754464,461.6433,10.288711
553,50,Uncorrelated,fixed,1000,42,20.0000,1001,27619,10877,16742,0,0.393823,992,9,0.991009,7548,5009.0539,3495292.5405,5014063,460.9785,10.866134
554,50,Uncorrelated,fixed,1000,42,20.0000,1001,26014,7685,18325,4,0.295418,979,22,0.978022,5571,3563.3916,2136759.6369,3566955,464.1451,7.677323
555,50,Uncorrelated,fixed,1000,42,20.0000,1001,28701,10030,18671,0,0.349465,988,13,0.987013,7119,4417.8521,3234087.9841,4422270,440.9043,10.019980
556,50,Uncorrelated,fixed,1000,42,20.0000,1001,25630,9885,15680,65,0.385681,997,4,0.996004,3515,2236.4056,632722.8025,2238642,226.4686,9.875125
557,50,Uncorrelated,fixed,1000,42,20.0000,1001,23264,6191,17073,0,0.266119,981,20,0.980020,3717,2229.5934,1089097.2762,2231823,360.4948,6.184815
558,50,Uncorrelated,fixed,1000,42,20.0000,1001,26624,9376,17245,3,0.352163,968,33,0.967033,6387,3731.6394,2910195.5253,3735371,398.3971,9.366633
559,50,Uncorrelated,fixed,1000,42,20.0000,1001,23461,7069,16392,0,0.301309,980,21,0.979021,3955,2289.0609,981678.4808,2291350,324.1406,7.061938
560,50,Uncorrelated,fixed,1000,42,20.0000,1001,23259,10024,13235,0,0.430973,991,10,0.990010,6994,5248.7383,2763682.6807,5253987,524.1408,10.013986
561,50,Uncorrelated,fixed,1000,42,20.0000,1001,27788,8426,19362,0,0.303224,982,19,0.981019,5074,3250.3127,1805017.0601,3253563,386.1338,8.417582
562,50,Uncorrelated,fixed,1000,42,20.0000,1001,25383,8255,17128,0,0.325218,985,16,0.984016,5846,3551.8192,2405580.9873,3555371,430.6930,8.246753
563,50,Uncorrelated,fixed,1000,42,20.0000,1001,25658,8494,17159,5,0.331047,993,8,0.992008,5443,3724.3726,1350456.9770,3728097,438.9095,8.485514
564,50,Uncorrelated,fixed,1000,42,20.0000,1001,26529,10647,15882,0,0.401334,991,10,0.990010,7517,4980.1139,3600394.0689,4985094,468.2158,10.636364
565,50,Uncorrelated,fixed,1000,42,20.0000,1001,24920,10808,14112,0,0.433708,978,23,0.977023,4670,3196.3756,1184936.4044,3199572,296.0374,10.797203
566,50,Uncorrelated,fixed,1000,42,20.0000,1001,24476,7300,17176,0,0.298251,985,16,0.984016,4931,3201.7253,1561826.1853,3204927,439.0311,7.292707
567,50,Uncorrelated,fixed,1000,42,20.0000,1001,25085,9927,15158,0,0.395735,995,6,0.994006,5576,3681.6354,1970750.0119,3685317,371.2418,9.917083
568,50,Uncorrelated,fixed,1000,42,20.0000,1001,25652,7220,18432,0,0.281460,992,9,0.991009,4919,3253.3247,1376594.1214,3256578,451.0496,7.212787
569,50,Uncorrelated,fixed,1000,42,20.0000,1001,25527,9309,16203,15,0.364673,989,12,0.988012,4463,2857.2298,1588114.9942,2860087,307.2389,9.299700
570,50,Uncorrelated,fixed,1000,42,20.0000,1001,28145,8880,19133,132,0.315509,983,18,0.982018,6434,4123.1269,2535197.0339,4127250,464.7804,8.871129
571,50,Uncorrelated,fixed,1000,42,20.0000,1001,26054,9306,16748,0,0.357181,987,14,0.986014,6391,4270.4456,2263364.8145,4274716,459.3505,9.296703
572,50,Uncorrelated,fixed,1000,42,20.0000,1001,28008,8126,19882,0,0.290131,973,28,0.972028,5921,3693.0150,2591140.1966,3696708,454.9235,8.117882
573,50,Uncorrelated,fixed,1000,42,20.0000,1001,32959,11812,21147,0,0.358385,990,11,0.989011,7723,5000.0000,3504248.6294,5005000,423.7216,11.800200
574,50,Uncorrelated,fixed,1000,42,20.0000,1001,23909,8821,15088,0,0.368941,978,23,0.977023,4402,2655.2198,1622478.7549,2657875,301.3122,8.812188
575,50,Uncorrelated,fixed,1000,42,20.0000,1001,24198,7871,16327,0,0.325275,982,19,0.981019,5652,3939.7792,1884822.5337,3943719,501.0442,7.863137
576,50,Uncorrelated,fixed,1000,42,20.0000,1001,24144,6941,17193,10,0.287483,991,10,0.990010,3631,2022.5415,879237.0215,2024564,291.6819,6.934066
577,50,Uncorrelated,fixed,1000,42,20.0000,1001,27962,11748,16214,0,0.420142,997,4,0.996004,5926,4126.4046,1396951.4837,4130531,351.5944,11.736264
578,50,Uncorrelated,fixed,1000,42,20.0000,1001,23903,10115,13770,18,0.423169,965,36,0.964036,5323,3260.2118,2771505.6834,3263472,322.6369,10.104895
579,50,Uncorrelated,fixed,1000,42,20.0000,1001,23896,7659,16198,39,0.320514,980,21,0.979021,5668,3731.9151,1901950.1416,3735647,487.7461,7.651349
580,50,Uncorrelated,fixed,1000,42,20.0000,1001,25678,10007,15671,0,0.389711,989,12,0.988012,5257,3148.9131,1930915.5719,3152062,314.9857,9.997003
581,50,Uncorrelated,fixed,1000,42,20.0000,1001,25697,8130,17567,0,0.316379,998,3,0.997003,6110,4158.9530,2081267.3874,4163112,512.0679,8.121878
582,50,Uncorrelated,fixed,1000,42,20.0000,1001,23472,7069,16403,0,0.301167,965,36,0.964036,4410,2806.3327,1317973.8024,2809139,397.3885,7.061938
583,50,Uncorrelated,fixed,1000,42,20.0000,1001,23035,7268,15767,0,0.315520,997,4,0.996004,4499,3162.1708,909627.9538,3165333,435.5164,7.260739
584,50,Uncorrelated,fixed,1000,42,20.0000,1001,24003,7662,16341,0,0.319210,987,14,0.986014,3776,2410.2008,853071.8088,2412611,314.8801,7.654346
585,50,Uncorrelated,fixed,1000,42,20.0000,1001,21632,8556,13076,0,0.395525,985,16,0.984016,5083,3117.6034,1567711.5620,3120721,364.7406,8.547453
586,50,Uncorrelated,fixed,1000,42,20.0000,1001,25865,8387,17284,194,0.324261,965,36,0.964036,5497,3363.4026,2297920.0627,3366766,401.4267,8.378621
587,50,Uncorrelated,fixed,1000,42,20.0000,1001,19285,6629,12656,0,0.343739,1000,1,0.999001,4176,2280.9121,1395847.0252,2283193,344.4250,6.622378
588,50,Uncorrelated,fixed,1000,42,20.0000,1001,27014,8680,18334,0,0.321315,971,30,0.970030,4809,2802.2298,1730568.3768,2805032,323.1604,8.671329
589,50,Uncorrelated,fixed,1000,42,20.0000,1001,18267,6177,12090,0,0.338151,941,60,0.940060,2661,1549.5195,646187.7321,1551069,251.1039,6.170829
590,50,Uncorrelated,fixed,1000,42,20.0000,1001,25945,8914,17031,0,0.343573,988,13,0.987013,4270,2796.3856,1274572.9802,2799182,314.0209,8.905095
591,50,Uncorrelated,fixed,1000,42,20.0000,1001,25392,10473,14919,0,0.412453,998,3,0.997003,5813,4140.5974,1607887.2695,4144738,395.7546,10.462537
592,50,Uncorrelated,fixed,1000,42,20.0000,1001,26065,9392,16673,0,0.360330,986,15,0.985015,5246,3377.7483,2036902.0245,3381126,360.0006,9.382617
593,50,Uncorrelated,fixed,1000,42,20.0000,1001,24858,9543,15315,0,0.383901,992,9,0.991009,4934,3220.4505,1407397.7960,3223671,337.8048,9.533467
594,50,Uncorrelated,fixed,1000,42,20.0000,1001,26529,9131,17398,0,0.344189,997,4,0.996004,4505,2788.9251,1459533.0363,2791714,305.7402,9.121878
595,50,Uncorrelated,fixed,1000,42,20.0000,1001,25889,8926,16957,6,0.344780,962,39,0.961039,6129,3370.7253,3105483.9315,3374096,378.0076,8.917083
596,50,Uncorrelated,fixed,1000,42,20.0000,1001,22413,7342,15071,0,0.327578,984,17,0.983017,5432,3878.6124,1426481.7958,3882491,528.8056,7.334665
597,50,Uncorrelated,fixed,1000,42,20.0000,1001,27822,12224,15598,0,0.439365,995,6,0.994006,6660,4359.6613,2285702.0721,4364021,357.0043,12.211788
598,50,Uncorrelated,fixed,1000,42,20.0000,1001,23833,7321,16512,0,0.307179,966,35,0.965035,5662,3503.3616,2292221.4556,3506865,479.0145,7.313686
599,50,Uncorrelated,fixed,1000,42,20.0000,1001,23487,7894,15593,0,0.336101,987,14,0.986014,4717,3205.2468,1539330.4616,3208452,406.4419,7.886114
600,50,WeaklyCorrelated,fixed,1000,42,20.0000,1001,27281,8044,18929,308,0.294857,990,11,0.989011,1363,708.7253,137788.5389,709434,88.1942,8.035964
601,50,WeaklyCorrelated,fixed,1000,42,20.0000,1001,23895,6564,17037,294,0.274702,970,31,0.969031,1368,726.1908,152814.5660,726917,110.7430,6.557443
602,50,WeaklyCorrelated,fixed,1000,42,20.0000,1001,28320,7460,20820,40,0.263418,970,31,0.969031,1357,697.7962,161809.3970,698494,93.6319,7.452547
603,50,WeaklyCorrelated,fixed,1000,42,20.0000,1001,25951,8082,17826,43,0.311433,1000,1,0.999001,1309,654.2068,149369.9622,654861,81.0271,8.073926
604,50,WeaklyCorrelated,fixed,1000,42,20.0000,1001,26692,5891,20688,113,0.220703,987,14,0.986014,1310,679.7962,135262.4600,680476,115.5111,5.885115
605,50,WeaklyCorrelated,fixed,1000,42,20.0000,1001,22893,6591,16276,26,0.287905,958,43,0.957043,1278,651.6234,138856.8701,652275,98.9645,6.584416
606,50,WeaklyCorrelated,fixed,1000,42,20.0000,1001,24515,6772,17502,241,0.276239,961,40,0.960040,1381,733.5305,154120.0932,734264,108.4265,6.765235
607,50,WeaklyCorrelated,fixed,1000,42,20.0000,1001,24176,5923,18236,17,0.244995,996,5,0.995005,1179,566.0959,130748.7840,566662,95.6715,5.917083
608,50,WeaklyCorrelated,fixed,1000,42,20.0000,1001,26730,6992,19696,42,0.261579,964,37,0.963037,1390,743.8671,151945.2621,744611,106.4947,6.985015
609,50,WeaklyCorrelated,fixed,1000,42,20.0000,1001,23917,6264,17653,0,0.261906,973,28,0.972028,1365,697.6324,149045.8828,698330,111.4831,6.257742
610,50,WeaklyCorrelated,fixed,1000,42,20.0000,1001,23307,7656,15526,125,0.328485,984,17,0.983017,1351,685.1568,168738.2042,685842,89.5823,7.648352
611,50,WeaklyCorrelated,fixed,1000,42,20.0000,1001,22757,6686,16024,47,0.293800,982,19,0.981019,1328,706.2178,144247.1394,706924,105.7320,6.679321
612,50,WeaklyCorrelated,fixed,1000,42,20.0000,1001,25662,9227,16409,26,0.359559,993,8,0.992008,1379,743.0500,144289.9296,743793,80.6105,9.217782
613,50,WeaklyCorrelated,fixed,1000,42,20.0000,1001,23912,7084,16754,74,0.296253,958,43,0.957043,1377,726.8761,158225.8548,727603,102.7108,7.076923
614,50,WeaklyCorrelated,fixed,1000,42,20.0000,1001,22852,5971,16851,30,0.261290,996,5,0.995005,1250,605.8262,146601.3344,606432,101.5629,5.965035
615,50,WeaklyCorrelated,fixed,1000,42,20.0000,1001,23920,6710,17089,121,0.280518,970,31,0.969031,1246,659.2627,123325.6123,659922,98.3490,6.703297
616,50,WeaklyCorrelated,fixed,1000,42,20.0000,1001,28844,7201,21573,70,0.249653,984,17,0.983017,1458,779.2627,184031.0249,780042,108.3241,7.193806
617,50,WeaklyCorrelated,fixed,1000,42,20.0000,1001,22385,5982,16403,0,0.267233,979,22,0.978022,1388,721.6533,181146.9498,722375,120.7581,5.976024
618,50,WeaklyCorrelated,fixed,1000,42,20.0000,1001,24087,9038,15026,23,0.375223,992,9,0.991009,1572,897.5375,187877.5833,898435,99.4064,9.028971
619,50,WeaklyCorrelated,fixed,1000,42,20.0000,1001,25153,7658,17360,135,0.304457,999,2,0.998002,1311,687.8801,131799.7738,688568,89.9149,7.650350
620,50,WeaklyCorrelated,fixed,1000,42,20.0000,1001,27113,6022,21045,46,0.222107,968,33,0.967033,1315,692.6454,137493.0461,693338,115.1342,6.015984
621,50,WeaklyCorrelated,fixed,1000,42,20.0000,1001,26770,7490,18791,489,0.279791,1000,1,0.999001,1367,728.9411,160339.7658,729670,97.4192,7.482517
622,50,WeaklyCorrelated,fixed,1000,42,20.0000,1001,24314,9746,14486,82,0.400839,996,5,0.995005,1384,739.3846,145785.0639,740124,75.9413,9.736264
623,50,WeaklyCorrelated,fixed,1000,42,20.0000,1001,26663,8076,18477,110,0.302892,977,24,0.976024,1482,798.7652,165958.3675,799564,99.0050,8.067932
624,50,WeaklyCorrelated,fixed,1000,42,20.0000,1001,22613,6450,16068,95,0.285234,997,4,0.996004,1266,655.5614,126979.2532,656217,101.7391,6.443556
625,50,WeaklyCorrelated,fixed,1000,42,20.0000,1001,25161,7329,17824,8,0.291284,978,23,0.977023,1395,754.9001,156112.1778,755655,103.1048,7.321678
626,50,WeaklyCorrelated,fixed,1000,42,20.0000,1001,23694,7852,15487,355,0.331392,1000,1,0.999001,1247,670.2937,121418.7349,670964,85.4513,7.844156
627,50,WeaklyCorrelated,fixed,1000,42,20.0000,1001,23258,7422,15748,88,0.319116,973,28,0.972028,1225,625.6903,126912.0719,626316,84.3864,7.414585
628,50,WeaklyCorrelated,fixed,1000,42,20.0000,1001,23065,5431,17620,14,0.235465,963,38,0.962038,1287,636.7123,153372.7164,637349,117.3539,5.425574
629,50,WeaklyCorrelated,fixed,1000,42,20.0000,1001,27833,8624,19043,166,0.309848,997,4,0.996004,1406,753.2368,165789.3296,753990,87.4293,8.615385
630,50,WeaklyCorrelated,fixed,1000,42,20.0000,1001,24068,7291,16735,42,0.302933,993,8,0.992008,1337,695.0889,134092.5346,695784,95.4305,7.283716
631,50,WeaklyCorrelated,fixed,1000,42,20.0000,1001,23205,6821,16359,25,0.293945,958,43,0.957043,1508,791.7732,176646.7008,792565,116.1948,6.814186
632,50,WeaklyCorrelated,fixed,1000,42,20.0000,1001,26542,7511,18951,80,0.282985,997,4,0.996004,1296,671.4595,142130.3982,672131,89.4862,7.503497
633,50,WeaklyCorrelated,fixed,1000,42,20.0000,1001,22103,6317,15764,22,0.285798,993,8,0.992008,1295,704.7373,127789.6502,705442,111.6736,6.310689
634,50,WeaklyCorrelated,fixed,1000,42,20.0000,1001,24637,7360,17085,192,0.298738,977,24,0.976024,1364,698.5804,171868.8709,699279,95.0107,7.352647
635,50,WeaklyCorrelated,fixed,1000,42,20.0000,1001,26245,7084,18898,263,0.269918,975,26,0.974026,1338,691.1009,149832.1447,691792,97.6556,7.076923
636,50,WeaklyCorrelated,fixed,1000,42,20.0000,1001,26082,6878,19043,161,0.263707,971,30,0.970030,1364,711.4006,157716.4499,712112,103.5347,6.871129
637,50,WeaklyCorrelated,fixed,1000,42,20.0000,1001,23346,5489,17856,1,0.235115,989,12,0.988012,1223,628.4386,129364.2462,629067,114.6050,5.483516
638,50,WeaklyCorrelated,fixed,1000,42,20.0000,1001,22140,6370,15594,176,0.287715,931,70,0.930070,1315,653.9910,148475.5514,654645,102.7700,6.363636
639,50,WeaklyCorrelated,fixed,1000,42,20.0000,1001,29150,8723,20386,41,0.299245,994,7,0.993007,1493,786.8382,189950.4513,787625,90.2929,8.714286
640,50,WeaklyCorrelated,fixed,1000,42,20.0000,1001,28510,11486,17003,21,0.402876,993,8,0.992008,1581,911.8981,177727.7878,912810,79.4715,11.474525
641,50,WeaklyCorrelated,fixed,1000,42,20.0000,1001,22451,5524,16833,94,0.246047,980,21,0.979021,1140,539.6384,117136.2448,540178,97.7875,5.518482
642,50,WeaklyCorrelated,fixed,1000,42,20.0000,1001,25443,9276,16166,1,0.364580,1000,1,0.999001,1510,859.6733,180491.1650,860533,92.7698,9.266733
643,50,WeaklyCorrelated,fixed,1000,42,20.0000,1001,25556,7368,18137,51,0.288308,991,10,0.990010,1411,732.3267,179787.9702,733059,99.4923,7.360639
644,50,WeaklyCorrelated,fixed,1000,42,20.0000,1001,26285,6988,19149,148,0.265855,976,25,0.975025,1283,653.9351,143950.0407,654589,93.6733,6.981019
645,50,WeaklyCorrelated,fixed,1000,42,20.0000,1001,28861,11129,17393,339,0.385607,998,3,0.997003,1467,814.3037,158221.5281,815118,73.2427,11.117882
646,50,WeaklyCorrelated,fixed,1000,42,20.0000,1001,25538,8085,17429,24,0.316587,989,12,0.988012,1303,652.7443,138118.3662,653397,80.8160,8.076923
647,50,WeaklyCorrelated,fixed,1000,42,20.0000,1001,25366,5830,19465,71,0.229835,997,4,0.996004,1248,657.4256,128537.7330,658083,112.8787,5.824176
648,50,WeaklyCorrelated,fixed,1000,42,20.0000,1001,24361,5666,18585,110,0.232585,977,24,0.976024,1326,684.2627,146686.8131,684947,120.8872,5.660340
649,50,WeaklyCorrelated,fixed,1000,42,20.0000,1001,21840,5511,16307,22,0.252335,979,22,0.978022,1360,716.3187,166182.4429,717035,130.1098,5.505495
650,50,WeaklyCorrelated,fixed,1000,42,20.0000,1001,24754,9053,15653,48,0.365719,996,5,0.995005,1439,812.9850,144887.3354,813798,89.8926,9.043956
651,50,WeaklyCorrelated,fixed,1000,42,20.0000,1001,22029,6078,15944,7,0.275909,951,50,0.950050,1241,624.5504,133474.8668,625175,102.8587,6.071928
652,50,WeaklyCorrelated,fixed,1000,42,20.0000,1001,26223,7626,18561,36,0.290813,1000,1,0.999001,1377,726.7992,156787.6610,727526,95.4007,7.618382
653,50,WeaklyCorrelated,fixed,1000,42,20.0000,1001,26727,6387,20235,105,0.238972,972,29,0.971029,1418,713.4705,171930.8286,714184,111.8184,6.380619
654,50,WeaklyCorrelated,fixed,1000,42,20.0000,1001,24631,8477,15844,310,0.344160,999,2,0.998002,1348,726.6494,139758.6732,727376,85.8058,8.468531
655,50,WeaklyCorrelated,fixed,1000,42,20.0000,1001,22134,7646,14454,34,0.345441,975,26,0.974026,1332,668.0240,153715.8975,668692,87.4564,7.638362
656,50,WeaklyCorrelated,fixed,1000,42,20.0000,1001,22024,8583,13405,36,0.389711,982,19,0.981019,1543,870.7353,150604.4904,871606,101.5503,8.574426
657,50,WeaklyCorrelated,fixed,1000,42,20.0000,1001,27231,8601,18416,214,0.315853,993,8,0.992008,1420,717.0170,166518.6800,717734,83.4477,8.592408
658,50,WeaklyCorrelated,fixed,1000,42,20.0000,1001,29375,7032,22240,103,0.239387,973,28,0.972028,1446,759.3447,170862.1240,760104,108.0922,7.024975
659,50,WeaklyCorrelated,fixed,1000,42,20.0000,1001,25513,8924,16445,144,0.349782,965,36,0.964036,1590,851.4246,197425.8087,852276,95.5038,8.915085
660,50,WeaklyCorrelated,fixed,1000,42,20.0000,1001,26766,6986,19510,270,0.261003,971,30,0.970030,1345,684.5125,144762.3757,685197,98.0814,6.979021
661,50,WeaklyCorrelated,fixed,1000,42,20.0000,1001,27424,8840,18276,308,0.322345,979,22,0.978022,1437,790.4316,157299.9756,791222,89.5048,8.831169
662,50,WeaklyCorrelated,fixed,1000,42,20.0000,1001,22679,5621,17023,35,0.247850,1000,1,0.999001,1351,710.6633,152079.6519,711374,126.5565,5.615385
663,50,WeaklyCorrelated,fixed,1000,42,20.0000,1001,23072,5452,17448,172,0.236304,901,100,0.900100,1284,631.3836,144506.7899,632015,115.9235,5.446553
664,50,WeaklyCorrelated,fixed,1000,42,20.0000,1001,24304,6544,17607,153,0.269256,989,12,0.988012,1394,757.9391,147497.1941,758697,115.9378,6.537463
665,50,WeaklyCorrelated,fixed,1000,42,20.0000,1001,24877,5632,18808,437,0.226394,994,7,0.993007,1253,601.7812,140647.4456,602383,106.9572,5.626374
666,50,WeaklyCorrelated,fixed,1000,42,20.0000,1001,24889,9222,15617,50,0.370525,994,7,0.993007,1483,823.6813,173590.6687,824505,89.4063,9.212787
667,50,WeaklyCorrelated,fixed,1000,42,20.0000,1001,24426,4675,19745,6,0.191394,945,56,0.944056,1205,601.9740,134176.1072,602576,128.8933,4.670330
668,50,WeaklyCorrelated,fixed,1000,42,20.0000,1001,21636,8107,13293,236,0.374700,1000,1,0.999001,1215,607.2527,127149.5895,607860,74.9796,8.098901
669,50,WeaklyCorrelated,fixed,1000,42,20.0000,1001,25503,7305,18169,29,0.286437,991,10,0.990010,1382,753.8641,147152.6788,754618,103.3016,7.297702
670,50,WeaklyCorrelated,fixed,1000,42,20.0000,1001,24515,7401,16834,280,0.301897,987,14,0.986014,1424,797.4925,147419.3708,798290,107.8625,7.393606
671,50,WeaklyCorrelated,fixed,1000,42,20.0000,1001,23673,7007,16646,20,0.295991,980,21,0.979021,1515,804.7772,179413.4399,805582,114.9682,7.000000
672,50,WeaklyCorrelated,fixed,1000,42,20.0000,1001,26777,5884,20808,85,0.219741,998,3,0.997003,1227,594.9341,129127.5501,595529,101.2116,5.878122
673,50,WeaklyCorrelated,fixed,1000,42,20.0000,1001,24769,7950,16704,115,0.320966,993,8,0.992008,1502,860.8492,158994.3399,861710,108.3912,7.942058
674,50,WeaklyCorrelated,fixed,1000,42,20.0000,1001,25662,8397,17132,133,0.327215,998,3,0.997003,1504,839.1738,158633.7580,840013,100.0373,8.388611
675,50,WeaklyCorrelated,fixed,1000,42,20.0000,1001,22179,6757,15319,103,0.304658,993,8,0.992008,1204,614.6903,132178.8851,615305,91.0619,6.750250
676,50,WeaklyCorrelated,fixed,1000,42,20.0000,1001,24194,8520,15430,244,0.352153,990,11,0.989011,1446,735.1738,167354.2555,735909,86.3743,8.511489
677,50,WeaklyCorrelated,fixed,1000,42,20.0000,1001,30389,9391,20840,158,0.309026,997,4,0.996004,1342,698.3836,147071.9747,699082,74.4417,9.381618
678,50,WeaklyCorrelated,fixed,1000,42,20.0000,1001,25830,7193,18584,53,0.278475,976,25,0.975025,1446,782.5914,165762.4494,783374,108.9078,7.185814
679,50,WeaklyCorrelated,fixed,1000,42,20.0000,1001,25568,6855,18652,61,0.268109,995,6,0.994006,1473,747.6673,170509.6346,748415,109.1780,6.848152
680,50,WeaklyCorrelated,fixed,1000,42,20.0000,1001,24636,6572,17859,205,0.266764,982,19,0.981019,1244,649.3377,123970.5094,649987,98.9025,6.565435
681,50,WeaklyCorrelated,fixed,1000,42,20.0000,1001,26642,6481,20155,6,0.243263,972,29,0.971029,1277,654.1059,142124.2965,654760,101.0276,6.474525
682,50,WeaklyCorrelated,fixed,1000,42,20.0000,1001,25229,5733,19414,82,0.227238,895,106,0.894106,1248,611.8242,145441.9231,612436,106.8264,5.727273
683,50,WeaklyCorrelated,fixed,1000,42,20.0000,1001,23012,8000,14944,68,0.347645,991,10,0.990010,1177,599.2008,116150.0366,599800,74.9750,7.992008
684,50,WeaklyCorrelated,fixed,1000,42,20.0000,1001,27600,8745,18810,45,0.316848,971,30,0.970030,1477,831.5944,182124.3789,832426,95.1888,8.736264
685,50,WeaklyCorrelated,fixed,1000,42,20.0000,1001,25775,7223,18481,71,0.280233,993,8,0.992008,1298,685.4825,138950.6952,686168,94.9976,7.215784
686,50,WeaklyCorrelated,fixed,1000,42,20.0000,1001,21732,5943,15592,197,0.273468,979,22,0.978022,1286,673.2537,130619.1044,673927,113.3985,5.937063
687,50,WeaklyCorrelated,fixed,1000,42,20.0000,1001,24656,8338,16312,6,0.338173,993,8,0.992008,1434,759.0659,166131.7399,759825,91.1280,8.329670
688,50,WeaklyCorrelated,fixed,1000,42,20.0000,1001,24573,7329,17208,36,0.298254,992,9,0.991009,1348,706.2687,157238.4842,706975,96.4627,7.321678
689,50,WeaklyCorrelated,fixed,1000,42,20.0000,1001,28579,10140,18329,110,0.354806,995,6,0.994006,1489,827.6354,164193.7801,828463,81.7025,10.129870
690,50,WeaklyCorrelated,fixed,1000,42,20.0000,1001,25639,6463,19153,23,0.252077,964,37,0.963037,1309,693.3167,138888.2404,694010,107.3820,6.456543
691,50,WeaklyCorrelated,fixed,1000,42,20.0000,1001,24821,6851,17818,152,0.276016,991,10,0.990010,1440,752.4905,173098.5216,753243,109.9464,6.844156
692,50,WeaklyCorrelated,fixed,1000,42,20.0000,1001,24126,7046,17026,54,0.292050,970,31,0.969031,1273,683.1668,133699.1460,683850,97.0551,7.038961
693,50,WeaklyCorrelated,fixed,1000,42,20.0000,1001,23473,5979,17368,126,0.254718,949,52,0.948052,1233,616.2877,131487.1400,616904,103.1785,5.973027
694,50,WeaklyCorrelated,fixed,1000,42,20.0000,1001,23750,5755,17992,3,0.242316,931,70,0.930070,1146,564.5135,129202.9451,565078,98.1891,5.749251
695,50,WeaklyCorrelated,fixed,1000,42,20.0000,1001,26666,7512,18944,210,0.281707,975,26,0.974026,1271,618.0230,135891.9445,618641,82.3537,7.504496
696,50,WeaklyCorrelated,fixed,1000,42,20.0000,1001,22542,8028,14429,85,0.356135,961,40,0.960040,1389,749.3177,142993.8691,750067,93.4314,8.019980
697,50,WeaklyCorrelated,fixed,1000,42,20.0000,1001,25799,6960,18770,69,0.269778,958,43,0.957043,1353,728.3726,153109.8422,729101,104.7559,6.953047
698,50,WeaklyCorrelated,fixed,1000,42,20.0000,1001,24880,8124,16594,162,0.326527,997,4,0.996004,1379,736.6374,146665.0203,737374,90.7649,8.115884
699,50,WeaklyCorrelated,fixed,1000,42,20.0000,1001,23180,7021,16159,0,0.302890,966,35,0.965035,1410,744.2577,162322.5789,745002,106.1105,7.013986
700,50,StronglyCorrelated,fixed,1000,42,20.0000,1001,27129,10731,15590,808,0.395555,989,12,0.988012,1080,550.2258,96255.4515,550776,51.3257,10.720280
701,50,StronglyCorrelated,fixed,1000,42,20.0000,1001,22174,7017,14541,616,0.316452,984,17,0.983017,1041,520.1499,91853.7238,520670,74.2012,7.009990
702,50,StronglyCorrelated,fixed,1000,42,20.0000,1001,25953,8969,16350,634,0.345586,994,7,0.993007,1053,534.0569,90534.6851,534591,59.6043,8.960040
703,50,StronglyCorrelated,fixed,1000,42,20.0000,1001,26935,5887,20211,837,0.218563,972,29,0.971029,1054,528.6444,93288.3890,529173,89.8884,5.881119
704,50,StronglyCorrelated,fixed,1000,42,20.0000,1001,25559,8411,16331,817,0.329082,964,37,0.963037,1057,528.4945,94461.9203,529023,62.8966,8.402597
705,50,StronglyCorrelated,fixed,1000,42,20.0000,1001,22295,6115,15729,451,0.274277,972,29,0.971029,1045,524.9031,92428.9367,525428,85.9244,6.108891
706,50,StronglyCorrelated,fixed,1000,42,20.0000,1001,28008,8970,18148,890,0.320266,998,3,0.997003,1057,535.7962,91972.6897,536332,59.7918,8.961039
707,50,StronglyCorrelated,fixed,1000,42,20.0000,1001,21521,6615,14668,238,0.307374,974,27,0.973027,1044,525.8302,90892.2449,526356,79.5701,6.608392
708,50,StronglyCorrelated,fixed,1000,42,20.0000,1001,24186,7396,15884,906,0.305797,992,9,0.991009,1049,527.5445,92780.5118,528072,71.3997,7.388611
709,50,StronglyCorrelated,fixed,1000,42,20.0000,1001,23783,6787,16498,498,0.285372,984,17,0.983017,1040,523.5145,90653.5825,524038,77.2120,6.780220
710,50,StronglyCorrelated,fixed,1000,42,20.0000,1001,23966,6721,16852,393,0.280439,999,2,0.998002,1044,522.1129,91825.4028,522635,77.7615,6.714286
711,50,StronglyCorrelated,fixed,1000,42,20.0000,1001,22282,6887,15035,360,0.309084,985,16,0.984016,1048,529.4206,91613.7442,529950,76.9493,6.880120
712,50,StronglyCorrelated,fixed,1000,42,20.0000,1001,26510,7356,18530,624,0.277480,976,25,0.975025,1048,525.9471,93063.9303,526473,71.5706,7.348651
713,50,StronglyCorrelated,fixed,1000,42,20.0000,1001,26778,7551,18741,486,0.281985,971,30,0.970030,1057,532.5874,94118.9596,533120,70.6026,7.543457
714,50,StronglyCorrelated,fixed,1000,42,20.0000,1001,28687,9079,18655,953,0.316485,957,44,0.956044,1065,538.4915,95742.0441,539030,59.3711,9.069930
715,50,StronglyCorrelated,fixed,1000,42,20.0000,1001,26943,8836,17218,889,0.327952,983,18,0.982018,1054,535.4046,92347.5316,535940,60.6541,8.827173
716,50,StronglyCorrelated,fixed,1000,42,20.0000,1001,24290,7352,16547,391,0.302676,993,8,0.992008,1049,531.7443,91553.5909,532276,72.3988,7.344655
717,50,StronglyCorrelated,fixed,1000,42,20.0000,1001,22851,8478,13873,500,0.371012,975,26,0.974026,1059,539.2108,94053.3252,539750,63.6648,8.469530
718,50,StronglyCorrelated,fixed,1000,42,20.0000,1001,27002,7568,18970,464,0.280276,997,4,0.996004,1045,526.2298,91097.8373,526756,69.6031,7.560440
719,50,StronglyCorrelated,fixed,1000,42,20.0000,1001,25242,7237,17277,728,0.286705,944,57,0.943057,1048,521.5824,94384.8886,522104,72.1437,7.229770
720,50,StronglyCorrelated,fixed,1000,42,20.0000,1001,23458,7195,15961,302,0.306718,993,8,0.992008,1048,526.9740,92877.3620,527501,73.3149,7.187812
721,50,StronglyCorrelated,fixed,1000,42,20.0000,1001,23427,5529,17625,273,0.236010,924,77,0.923077,1038,515.6943,94382.9335,516210,93.3641,5.523477
722,50,StronglyCorrelated,fixed,1000,42,20.0000,1001,30254,10154,19304,796,0.335625,990,11,0.989011,1084,556.0050,96763.2597,556561,54.8120,10.143856
723,50,StronglyCorrelated,fixed,1000,42,20.0000,1001,26247,7081,18604,562,0.269783,993,8,0.992008,1044,521.2967,95088.9000,521818,73.6927,7.073926
724,50,StronglyCorrelated,fixed,1000,42,20.0000,1001,27611,9298,17840,473,0.336750,989,12,0.988012,1061,536.6593,93696.9759,537196,57.7754,9.288711
725,50,StronglyCorrelated,fixed,1000,42,20.0000,1001,24676,7471,16635,570,0.302764,984,17,0.983017,1048,528.2647,91875.3175,528793,70.7794,7.463536
726,50,StronglyCorrelated,fixed,1000,42,20.0000,1001,25120,5266,19512,342,0.209634,944,57,0.943057,1031,509.3167,93624.1824,509826,96.8147,5.260739
727,50,StronglyCorrelated,fixed,1000,42,20.0000,1001,25753,10286,14454,1013,0.399410,995,6,0.994006,1072,550.5415,93735.6848,551092,53.5769,10.275724
728,50,StronglyCorrelated,fixed,1000,42,20.0000,1001,22679,8780,13516,383,0.387142,1000,1,0.999001,1057,537.6573,92526.5749,538195,61.2978,8.771229
729,50,StronglyCorrelated,fixed,1000,42,20.0000,1001,27181,8005,18285,891,0.294507,996,5,0.995005,1041,521.8492,91810.8694,522371,65.2556,7.997003
730,50,StronglyCorrelated,fixed,1000,42,20.0000,1001,25025,6292,18396,337,0.251429,1000,1,0.999001,1044,522.3057,91919.9205,522828,83.0941,6.285714
731,50,StronglyCorrelated,fixed,1000,42,20.0000,1001,26170,6847,18588,735,0.261635,947,54,0.946054,1046,523.5265,93983.5720,524050,76.5372,6.840160
732,50,StronglyCorrelated,fixed,1000,42,20.0000,1001,25821,8104,17138,579,0.313853,973,28,0.972028,1061,537.4436,94177.8632,537981,66.3846,8.095904
733,50,StronglyCorrelated,fixed,1000,42,20.0000,1001,23858,9268,14272,318,0.388465,992,9,0.991009,1062,538.5544,93157.2360,539093,58.1671,9.258741
734,50,StronglyCorrelated,fixed,1000,42,20.0000,1001,19822,5403,13902,517,0.272576,952,49,0.951049,1039,519.9820,94446.1575,520502,96.3357,5.397602
735,50,StronglyCorrelated,fixed,1000,42,20.0000,1001,24883,7977,16403,503,0.320580,954,47,0.953047,1049,526.1768,94730.2994,526703,66.0277,7.969031
736,50,StronglyCorrelated,fixed,1000,42,20.0000,1001,22852,7675,14514,663,0.335857,994,7,0.993007,1039,521.6064,92056.6403,522128,68.0297,7.667333
737,50,StronglyCorrelated,fixed,1000,42,20.0000,1001,27293,7532,19097,664,0.275968,993,8,0.992008,1046,524.0320,92199.0260,524556,69.6437,7.524476
738,50,StronglyCorrelated,fixed,1000,42,20.0000,1001,27272,7189,19633,450,0.263604,921,80,0.920080,1060,526.9141,98794.6300,527441,73.3678,7.181818
739,50,StronglyCorrelated,fixed,1000,42,20.0000,1001,27788,8127,18471,1190,0.292464,989,12,0.988012,1059,540.3387,92588.3558,540879,66.5533,8.118881
740,50,StronglyCorrelated,fixed,1000,42,20.0000,1001,24985,6763,17764,458,0.270682,997,4,0.996004,1041,523.0330,92831.3625,523556,77.4148,6.756244
741,50,StronglyCorrelated,fixed,1000,42,20.0000,1001,24117,6179,17315,623,0.256209,990,11,0.989011,1044,525.4116,92028.8276,525937,85.1168,6.172827
742,50,StronglyCorrelated,fixed,1000,42,20.0000,1001,25951,8476,16854,621,0.326616,1000,1,0.999001,1058,534.8901,93233.5783,535425,63.1695,8.467532
743,50,StronglyCorrelated,fixed,1000,42,20.0000,1001,25589,7626,17385,578,0.298019,910,91,0.909091,1061,525.4246,99406.9596,525950,68.9680,7.618382
744,50,StronglyCorrelated,fixed,1000,42,20.0000,1001,24429,9111,14656,662,0.372958,987,14,0.986014,1073,546.2867,95620.6680,546833,60.0190,9.101898
745,50,StronglyCorrelated,fixed,1000,42,20.0000,1001,22395,6991,14953,451,0.312168,957,44,0.956044,1048,523.1898,94346.5834,523713,74.9125,6.984016
746,50,StronglyCorrelated,fixed,1000,42,20.0000,1001,24769,7372,16707,690,0.297630,948,53,0.947053,1046,523.7542,94007.2063,524278,71.1175,7.364635
747,50,StronglyCorrelated,fixed,1000,42,20.0000,1001,25890,8684,16539,667,0.335419,971,30,0.970030,1064,536.5125,94602.6814,537049,61.8435,8.675325
748,50,StronglyCorrelated,fixed,1000,42,20.0000,1001,26320,7903,17588,829,0.300266,978,23,0.977023,1050,526.2527,92138.5905,526779,66.6556,7.895105
749,50,StronglyCorrelated,fixed,1000,42,20.0000,1001,27991,7631,19831,529,0.272623,991,10,0.990010,1059,533.8911,94438.8503,534425,70.0334,7.623377
750,50,StronglyCorrelated,fixed,1000,42,20.0000,1001,23333,8148,14805,380,0.349205,996,5,0.995005,1053,533.9221,91998.4794,534456,65.5935,8.139860
751,50,StronglyCorrelated,fixed,1000,42,20.0000,1001,23410,6181,16657,572,0.264032,995,6,0.994006,1056,526.2108,94456.0385,526737,85.2187,6.174825
752,50,StronglyCorrelated,fixed,1000,42,20.0000,1001,29433,10173,18491,769,0.345632,985,16,0.984016,1082,551.8102,96324.4055,552362,54.2969,10.162837
753,50,StronglyCorrelated,fixed,1000,42,20.0000,1001,23846,7928,15122,796,0.332467,992,9,0.991009,1040,524.6344,90063.4487,525159,66.2410,7.920080
754,50,StronglyCorrelated,fixed,1000,42,20.0000,1001,24727,6831,17527,369,0.276257,988,13,0.987013,1049,527.7453,92246.2698,528273,77.3347,6.824176
755,50,StronglyCorrelated,fixed,1000,42,20.0000,1001,25659,7318,17732,609,0.285202,962,39,0.961039,1052,529.3047,93662.4956,529834,72.4015,7.310689
756,50,StronglyCorrelated,fixed,1000,42,20.0000,1001,26012,8268,17148,596,0.317853,983,18,0.982018,1050,529.4505,92336.9209,529980,64.1001,8.259740
757,50,StronglyCorrelated,fixed,1000,42,20.0000,1001,25327,7947,16842,538,0.313776,999,2,0.998002,1066,543.9071,92522.9674,544451,68.5103,7.939061
758,50,StronglyCorrelated,fixed,1000,42,20.0000,1001,26504,6735,19375,394,0.254113,976,25,0.975025,1055,530.2148,94168.3864,530745,78.8040,6.728272
759,50,StronglyCorrelated,fixed,1000,42,20.0000,1001,25213,8535,16156,522,0.338516,1000,1,0.999001,1060,537.8132,92390.4356,538351,63.0757,8.526474
760,50,StronglyCorrelated,fixed,1000,42,20.0000,1001,27789,8165,18908,716,0.293821,989,12,0.988012,1062,536.8601,94460.3740,537397,65.8171,8.156843
761,50,StronglyCorrelated,fixed,1000,42,20.0000,1001,28164,9671,17619,874,0.343382,1000,1,0.999001,1070,540.7892,94712.3002,541330,55.9746,9.661339
762,50,StronglyCorrelated,fixed,1000,42,20.0000,1001,20725,6411,14089,225,0.309337,943,58,0.942058,1034,515.2577,92349.2982,515773,80.4513,6.404595
763,50,StronglyCorrelated,fixed,1000,42,20.0000,1001,29027,6640,21899,488,0.228753,956,45,0.955045,1049,525.2498,94372.7908,525775,79.1830,6.633367
764,50,StronglyCorrelated,fixed,1000,42,20.0000,1001,26089,8724,16871,494,0.334394,979,22,0.978022,1064,536.3516,96896.7215,536888,61.5415,8.715285
765,50,StronglyCorrelated,fixed,1000,42,20.0000,1001,24986,8421,16033,532,0.337029,979,22,0.978022,1056,530.3337,94583.6030,530864,63.0405,8.412587
766,50,StronglyCorrelated,fixed,1000,42,20.0000,1001,25350,8727,15970,653,0.344260,998,3,0.997003,1071,544.1009,92873.4014,544645,62.4092,8.718282
767,50,StronglyCorrelated,fixed,1000,42,20.0000,1001,27958,11172,15707,1079,0.399599,995,6,0.994006,1072,542.4655,94968.6364,543008,48.6044,11.160839
768,50,StronglyCorrelated,fixed,1000,42,20.0000,1001,25402,7220,17611,571,0.284230,985,16,0.984016,1051,531.7143,91361.5028,532246,73.7183,7.212787
769,50,StronglyCorrelated,fixed,1000,42,20.0000,1001,25576,9251,15646,679,0.361706,1000,1,0.999001,1058,533.3027,93638.0033,533836,57.7058,9.241758
770,50,StronglyCorrelated,fixed,1000,42,20.0000,1001,26206,6722,18887,597,0.256506,964,37,0.963037,1044,524.6933,92511.1757,525218,78.1342,6.715285
771,50,StronglyCorrelated,fixed,1000,42,20.0000,1001,24147,8729,15062,356,0.361494,998,3,0.997003,1068,539.5964,94455.5794,540136,61.8783,8.720280
772,50,StronglyCorrelated,fixed,1000,42,20.0000,1001,23515,8956,14061,498,0.380863,994,7,0.993007,1072,550.2298,93150.7224,550780,61.4984,8.947053
773,50,StronglyCorrelated,fixed,1000,42,20.0000,1001,23691,6041,17186,464,0.254991,959,42,0.958042,1041,521.3247,92761.6299,521846,86.3840,6.034965
774,50,StronglyCorrelated,fixed,1000,42,20.0000,1001,25662,6532,18873,257,0.254540,969,32,0.968032,1059,528.6154,94880.2946,529144,81.0080,6.525475
775,50,StronglyCorrelated,fixed,1000,42,20.0000,1001,25746,7379,17490,877,0.286608,952,49,0.951049,1039,518.3067,93445.1237,518825,70.3110,7.371628
776,50,StronglyCorrelated,fixed,1000,42,20.0000,1001,22795,5873,16435,487,0.257644,985,16,0.984016,1037,518.2058,93584.2713,518724,88.3235,5.867133
777,50,StronglyCorrelated,fixed,1000,42,20.0000,1001,27139,10972,15581,586,0.404289,995,6,0.994006,1062,540.7183,92521.6789,541259,49.3309,10.961039
778,50,StronglyCorrelated,fixed,1000,42,20.0000,1001,24925,6172,18187,566,0.247623,932,69,0.931069,1045,520.4705,95774.2192,520991,84.4120,6.165834
779,50,StronglyCorrelated,fixed,1000,42,20.0000,1001,22550,8611,13546,393,0.381863,994,7,0.993007,1054,534.5245,92081.2284,535059,62.1367,8.602398
780,50,StronglyCorrelated,fixed,1000,42,20.0000,1001,23521,6185,16939,397,0.262957,974,27,0.973027,1048,524.6004,93292.7294,525125,84.9030,6.178821
781,50,StronglyCorrelated,fixed,1000,42,20.0000,1001,25259,7271,17448,540,0.287858,985,16,0.984016,1047,524.2527,92658.7723,524777,72.1740,7.263736
782,50,StronglyCorrelated,fixed,1000,42,20.0000,1001,27245,8396,18303,546,0.308167,999,2,0.998002,1071,547.1928,94349.5163,547740,65.2382,8.387612
783,50,StronglyCorrelated,fixed,1000,42,20.0000,1001,23852,6559,16812,481,0.274987,976,25,0.975025,1042,523.7932,92195.9423,524317,79.9386,6.552448
784,50,StronglyCorrelated,fixed,1000,42,20.0000,1001,24517,7998,15979,540,0.326223,949,52,0.948052,1048,522.9261,94299.5290,523449,65.4475,7.990010
785,50,StronglyCorrelated,fixed,1000,42,20.0000,1001,21279,5124,15472,683,0.240801,943,58,0.942058,1030,510.9580,93208.5277,511469,99.8183,5.118881
786,50,StronglyCorrelated,fixed,1000,42,20.0000,1001,28521,8840,19058,623,0.309947,991,10,0.990010,1070,542.9910,94704.5564,543534,61.4857,8.831169
787,50,StronglyCorrelated,fixed,1000,42,20.0000,1001,22425,7736,14094,595,0.344972,996,5,0.995005,1048,530.1658,91085.4550,530696,68.6008,7.728272
788,50,StronglyCorrelated,fixed,1000,42,20.0000,1001,25987,10111,14876,1000,0.389079,978,23,0.977023,1057,533.8961,92803.0262,534430,52.8563,10.100899
789,50,StronglyCorrelated,fixed,1000,42,20.0000,1001,22587,7160,15109,318,0.316997,964,37,0.963037,1061,535.3556,95086.3650,535891,74.8451,7.152847
790,50,StronglyCorrelated,fixed,1000,42,20.0000,1001,25408,7289,17183,936,0.286878,989,12,0.988012,1042,521.8392,91742.0131,522361,71.6643,7.281718
791,50,StronglyCorrelated,fixed,1000,42,20.0000,1001,21227,8482,12341,404,0.399585,970,31,0.969031,1064,537.8931,94171.3262,538431,63.4793,8.473526
792,50,StronglyCorrelated,fixed,1000,42,20.0000,1001,27376,8590,18299,487,0.313778,980,21,0.979021,1061,539.0060,93118.8651,539545,62.8108,8.581419
793,50,StronglyCorrelated,fixed,1000,42,20.0000,1001,26889,7952,18460,477,0.295734,1000,1,0.999001,1053,532.8392,92416.6744,533372,67.0739,7.944056
794,50,StronglyCorrelated,fixed,1000,42,20.0000,1001,26285,11196,14332,757,0.425946,999,2,0.998002,1080,557.3656,93014.8913,557923,49.8324,11.184815
795,50,StronglyCorrelated,fixed,1000,42,20.0000,1001,25616,8931,16293,392,0.348649,994,7,0.993007,1080,553.8931,94375.3262,554447,62.0812,8.922078
796,50,StronglyCorrelated,fixed,1000,42,20.0000,1001,27756,10121,16697,938,0.364642,982,19,0.981019,1078,548.7682,95292.8574,549317,54.2750,10.110889
797,50,StronglyCorrelated,fixed,1000,42,20.0000,1001,22887,7569,14709,609,0.330712,983,18,0.982018,1043,523.5275,91326.3372,524051,69.2365,7.561439
798,50,StronglyCorrelated,fixed,1000,42,20.0000,1001,23169,5676,16856,637,0.244983,990,11,0.989011,1052,530.4446,92520.9702,530975,93.5474,5.670330
799,50,StronglyCorrelated,fixed,1000,42,20.0000,1001,22520,6103,16099,318,0.271004,979,22,0.978022,1055,528.3107,94194.6257,528839,86.6523,6.096903
800,50,InverseCorrelated,fixed,1000,42,20.0000,1001,25028,10453,14575,0,0.417652,992,9,0.991009,8165,5914.2478,3331921.7208,5920162,566.3601,10.442557
801,50,InverseCorrelated,fixed,1000,42,20.0000,1001,24489,9902,14587,0,0.404345,1000,1,0.999001,9204,6585.0649,5590402.9978,6591650,665.6887,9.892108
802,50,InverseCorrelated,fixed,1000,42,20.0000,1001,22025,7939,14086,0,0.360454,1000,1,0.999001,6083,3999.6773,1922007.3754,4003677,504.3050,7.931069
803,50,InverseCorrelated,fixed,1000,42,20.0000,1001,23322,9531,13791,0,0.408670,994,7,0.993007,9066,6131.9970,4272988.7802,6138129,644.0173,9.521479
804,50,InverseCorrelated,fixed,1000,42,20.0000,1001,21725,8653,13072,0,0.398297,985,16,0.984016,7164,5084.2288,2691535.0076,5089313,588.1559,8.644356
805,50,InverseCorrelated,fixed,1000,42,20.0000,1001,27106,11729,15377,0,0.432709,993,8,0.992008,11059,7152.3516,8104756.3099,7159504,610.4104,11.717283
806,50,InverseCorrelated,fixed,1000,42,20.0000,1001,19557,4820,14737,0,0.246459,941,60,0.940060,4117,2723.5934,1149594.3172,2726317,565.6259,4.815185
807,50,InverseCorrelated,fixed,1000,42,20.0000,1001,25588,8483,17105,0,0.331523,979,22,0.978022,7078,4535.8112,3261304.2431,4540347,535.2289,8.474525
808,50,InverseCorrelated,fixed,1000,42,20.0000,1001,25656,11259,14397,0,0.438845,998,3,0.997003,9190,6516.6224,5049325.3219,6523139,579.3711,11.247752
809,50,InverseCorrelated,fixed,1000,42,20.0000,1001,26574,9286,17288,0,0.349439,988,13,0.987013,8133,5250.8102,4660886.8930,5256061,566.0199,9.276723
810,50,InverseCorrelated,fixed,1000,42,20.0000,1001,21421,7860,13561,0,0.366930,998,3,0.997003,8116,5869.2747,2507016.1633,5875144,747.4738,7.852148
811,50,InverseCorrelated,fixed,1000,42,20.0000,1001,24832,8943,15889,0,0.360140,976,25,0.975025,7090,4373.5245,3578008.0056,4377898,489.5335,8.934066
812,50,InverseCorrelated,fixed,1000,42,20.0000,1001,23726,8934,14792,0,0.376549,991,10,0.990010,8070,5314.9500,3448969.7757,5320265,595.5076,8.925075
813,50,InverseCorrelated,fixed,1000,42,20.0000,1001,22787,10268,12519,0,0.450608,971,30,0.970030,8173,5556.9011,5041212.5746,5562458,541.7275,10.257742
814,50,InverseCorrelated,fixed,1000,42,20.0000,1001,27644,11424,16220,0,0.413254,991,10,0.990010,11122,7572.5285,8055466.2712,7580101,663.5242,11.412587
815,50,InverseCorrelated,fixed,1000,42,20.0000,1001,27102,10625,16315,162,0.392037,977,24,0.976024,9063,5964.5824,5130042.4410,5970547,561.9338,10.614386
816,50,InverseCorrelated,fixed,1000,42,20.0000,1001,26525,8166,18359,0,0.307861,973,28,0.972028,7120,4613.0839,3532800.0629,4617697,565.4784,8.157842
817,50,InverseCorrelated,fixed,1000,42,20.0000,1001,26106,9869,16237,0,0.378036,988,13,0.987013,8187,5836.5764,4078946.5798,5842413,591.9965,9.859141
818,50,InverseCorrelated,fixed,1000,42,20.0000,1001,26020,9456,16564,0,0.363413,998,3,0.997003,7069,4408.6653,2680666.7262,4413074,466.6956,9.446553
819,50,InverseCorrelated,fixed,1000,42,20.0000,1001,26346,11687,14659,0,0.443597,998,3,0.997003,10123,7364.7822,4846603.7028,7372147,630.7989,11.675325
820,50,InverseCorrelated,fixed,1000,42,20.0000,1001,26317,10247,16070,0,0.389368,998,3,0.997003,10127,6790.9351,6700704.8679,6797726,663.3869,10.236763
821,50,InverseCorrelated,fixed,1000,42,20.0000,1001,24942,10731,14209,2,0.430238,999,2,0.998002,10058,7168.9421,4413247.5331,7176111,668.7271,10.720280
822,50,InverseCorrelated,fixed,1000,42,20.0000,1001,24788,10705,13891,192,0.431862,979,22,0.978022,10039,6552.5095,5832483.9382,6559062,612.7101,10.694306
823,50,InverseCorrelated,fixed,1000,42,20.0000,1001,24129,8417,15712,0,0.348833,973,28,0.972028,8049,4919.9331,4341830.8237,4924853,585.1079,8.408591
824,50,InverseCorrelated,fixed,1000,42,20.0000,1001,25701,10860,14841,0,0.422552,997,4,0.996004,9101,6346.7512,3963241.6714,6353098,584.9998,10.849151
825,50,InverseCorrelated,fixed,1000,42,20.0000,1001,26427,9920,16507,0,0.375374,997,4,0.996004,7187,4971.1998,2893434.7333,4976171,501.6301,9.910090
826,50,InverseCorrelated,fixed,1000,42,20.0000,1001,27733,12974,14739,20,0.467818,983,18,0.982018,11178,7945.1728,8029260.5346,7953118,613.0043,12.961039
827,50,InverseCorrelated,fixed,1000,42,20.0000,1001,23680,7319,16361,0,0.309079,968,33,0.967033,7132,4371.8821,3858656.8153,4376254,597.9306,7.311688
828,50,InverseCorrelated,fixed,1000,42,20.0000,1001,22343,8381,13962,0,0.375106,974,27,0.973027,6133,4119.2707,2414030.8488,4123390,491.9926,8.372627
829,50,InverseCorrelated,fixed,1000,42,20.0000,1001,29540,12112,17385,43,0.410020,1000,1,0.999001,11014,7626.3187,4890560.3010,7633945,630.2795,12.099900
830,50,InverseCorrelated,fixed,1000,42,20.0000,1001,25802,11371,14368,63,0.440702,968,33,0.967033,10063,6381.3636,7862792.6969,6387745,561.7575,11.359640
831,50,InverseCorrelated,fixed,1000,42,20.0000,1001,27839,11217,16590,32,0.402924,969,32,0.968032,11022,6955.8282,8219333.6788,6962784,620.7350,11.205794
832,50,InverseCorrelated,fixed,1000,42,20.0000,1001,21094,10022,11072,0,0.475111,992,9,0.991009,8053,5321.9221,3447771.6083,5327244,531.5550,10.011988
833,50,InverseCorrelated,fixed,1000,42,20.0000,1001,21798,8017,13781,0,0.367786,987,14,0.986014,8041,5468.8921,3431574.4919,5474361,682.8441,8.008991
834,50,InverseCorrelated,fixed,1000,42,20.0000,1001,26044,9767,16277,0,0.375019,998,3,0.997003,7072,4686.3646,2254107.7082,4691051,480.2960,9.757243
835,50,InverseCorrelated,fixed,1000,42,20.0000,1001,27343,9288,18055,0,0.339685,983,18,0.982018,8225,5877.5475,4953569.5904,5883425,633.4437,9.278721
836,50,InverseCorrelated,fixed,1000,42,20.0000,1001,25497,11495,14002,0,0.450837,981,20,0.980020,9161,6343.9910,5350274.0689,6350335,552.4432,11.483516
837,50,InverseCorrelated,fixed,1000,42,20.0000,1001,22471,8786,13685,0,0.390993,980,21,0.979021,7146,4510.2458,3970138.2553,4514756,513.8580,8.777223
838,50,InverseCorrelated,fixed,1000,42,20.0000,1001,24565,9837,14728,0,0.400448,970,31,0.969031,7155,4366.3626,4204751.5258,4370729,444.3152,9.827173
839,50,InverseCorrelated,fixed,1000,42,20.0000,1001,24652,10014,14638,0,0.406215,996,5,0.995005,9200,6925.7782,4143918.2285,6932704,692.3012,10.003996
840,50,InverseCorrelated,fixed,1000,42,20.0000,1001,25565,8501,17064,0,0.332525,989,12,0.988012,7061,4089.0719,3601735.8090,4093161,481.4917,8.492507
841,50,InverseCorrelated,fixed,1000,42,20.0000,1001,23977,8898,15079,0,0.371106,991,10,0.990010,8114,5047.9191,4746698.5559,5052967,567.8767,8.889111
842,50,InverseCorrelated,fixed,1000,42,20.0000,1001,23873,7007,16866,0,0.293511,988,13,0.987013,6105,3688.4825,2478844.0259,3692171,526.9261,7.000000
843,50,InverseCorrelated,fixed,1000,42,20.0000,1001,26997,8552,18445,0,0.316776,953,48,0.952048,7115,4378.8052,4143683.4316,4383184,512.5332,8.543457
844,50,InverseCorrelated,fixed,1000,42,20.0000,1001,19648,7027,12621,0,0.357645,994,7,0.993007,6072,4367.7622,1338465.0564,4372130,622.1901,7.019980
845,50,InverseCorrelated,fixed,1000,42,20.0000,1001,25521,10561,14841,119,0.413816,987,14,0.986014,9229,6744.9251,5815608.7147,6751670,639.3021,10.550450
846,50,InverseCorrelated,fixed,1000,42,20.0000,1001,26130,10679,15451,0,0.408687,1000,1,0.999001,8161,5826.9710,2955330.5676,5832798,546.1933,10.668332
847,50,InverseCorrelated,fixed,1000,42,20.0000,1001,21775,7789,13834,152,0.357704,967,34,0.966034,6158,3961.5954,2887238.4906,3965557,509.1227,7.781219
848,50,InverseCorrelated,fixed,1000,42,20.0000,1001,27910,13241,14669,0,0.474418,997,4,0.996004,12193,8916.9770,8287132.8197,8925894,674.1103,13.227772
849,50,InverseCorrelated,fixed,1000,42,20.0000,1001,25386,8965,16421,0,0.353147,967,34,0.966034,7135,4716.3207,3945604.7633,4721037,526.6076,8.956044
850,50,InverseCorrelated,fixed,1000,42,20.0000,1001,19521,7238,12232,51,0.370780,972,29,0.971029,7080,4572.7193,3308625.8223,4577292,632.3973,7.230769
851,50,InverseCorrelated,fixed,1000,42,20.0000,1001,24912,10477,14388,47,0.420560,988,13,0.987013,7211,5192.3956,3144352.1911,5197588,496.0951,10.466533
852,50,InverseCorrelated,fixed,1000,42,20.0000,1001,25916,9271,16645,0,0.357733,975,26,0.974026,6199,4250.3726,2625724.5595,4254623,458.9174,9.261738
853,50,InverseCorrelated,fixed,1000,42,20.0000,1001,26794,11569,15138,87,0.431776,999,2,0.998002,12047,8030.2767,9158587.0473,8038307,694.8143,11.557443
854,50,InverseCorrelated,fixed,1000,42,20.0000,1001,22970,6418,16552,0,0.279408,944,57,0.943057,6099,3698.1419,2945833.7641,3701840,576.7903,6.411588
855,50,InverseCorrelated,fixed,1000,42,20.0000,1001,26589,11011,15578,0,0.414119,991,10,0.990010,10087,6524.8761,6469188.5541,6531401,593.1706,11.000000
856,50,InverseCorrelated,fixed,1000,42,20.0000,1001,24163,9285,14844,34,0.384265,967,34,0.966034,9019,5556.9191,4889762.0884,5562476,599.0820,9.275724
857,50,InverseCorrelated,fixed,1000,42,20.0000,1001,24552,9384,15168,0,0.382209,998,3,0.997003,8062,5156.6923,3806639.7615,5161849,550.0692,9.374625
858,50,InverseCorrelated,fixed,1000,42,20.0000,1001,28537,9498,19039,0,0.332831,1000,1,0.999001,10042,7119.5924,3698162.9188,7126712,750.3382,9.488511
859,50,InverseCorrelated,fixed,1000,42,20.0000,1001,21625,9425,12107,93,0.435838,987,14,0.986014,7132,4813.3856,2981518.4907,4818199,511.2147,9.415584
860,50,InverseCorrelated,fixed,1000,42,20.0000,1001,25389,9313,16076,0,0.366812,993,8,0.992008,8124,5321.6973,4100467.4818,5327019,571.9982,9.303696
861,50,InverseCorrelated,fixed,1000,42,20.0000,1001,27562,11463,16099,0,0.415899,987,14,0.986014,10103,6537.6523,7122848.9241,6544190,570.8968,11.451548
862,50,InverseCorrelated,fixed,1000,42,20.0000,1001,29470,10167,19303,0,0.344995,980,21,0.979021,10115,6598.0280,8137538.7465,6604626,649.6140,10.156843
863,50,InverseCorrelated,fixed,1000,42,20.0000,1001,25804,10428,15283,93,0.404123,976,25,0.975025,8183,5550.2018,4903873.2879,5555752,532.7725,10.417582
864,50,InverseCorrelated,fixed,1000,42,20.0000,1001,29326,12107,17103,116,0.412842,993,8,0.992008,11107,7588.5944,6482049.1582,7596183,627.4207,12.094905
865,50,InverseCorrelated,fixed,1000,42,20.0000,1001,20863,7899,12964,0,0.378613,994,7,0.993007,6213,4416.4086,2190367.0888,4420825,559.6689,7.891109
866,50,InverseCorrelated,fixed,1000,42,20.0000,1001,24162,7253,16909,0,0.300182,966,35,0.965035,7080,4276.5345,3729141.0280,4280811,590.2125,7.245754
867,50,InverseCorrelated,fixed,1000,42,20.0000,1001,25306,11219,14087,0,0.443334,980,21,0.979021,10057,6099.4056,7005601.6197,6105505,544.2112,11.207792
868,50,InverseCorrelated,fixed,1000,42,20.0000,1001,23841,8257,15584,0,0.346336,997,4,0.996004,8106,5634.5315,3016200.4348,5640166,683.0769,8.248751
869,50,InverseCorrelated,fixed,1000,42,20.0000,1001,23020,9934,13086,0,0.431538,977,24,0.976024,7096,4259.4865,3860223.0850,4263746,429.2074,9.924076
870,50,InverseCorrelated,fixed,1000,42,20.0000,1001,26579,11834,14732,13,0.445239,1000,1,0.999001,10157,7772.2278,4335132.2718,7780000,657.4278,11.822178
871,50,InverseCorrelated,fixed,1000,42,20.0000,1001,27852,12789,15047,16,0.459177,998,3,0.997003,12106,8043.3946,8340321.1839,8051438,629.5596,12.776224
872,50,InverseCorrelated,fixed,1000,42,20.0000,1001,24610,10796,13814,0,0.438683,1000,1,0.999001,10099,7025.7223,5640861.9688,7032748,651.4216,10.785215
873,50,InverseCorrelated,fixed,1000,42,20.0000,1001,26081,12010,14071,0,0.460488,997,4,0.996004,11119,7736.7003,7024612.2778,7744437,644.8324,11.998002
874,50,InverseCorrelated,fixed,1000,42,20.0000,1001,25459,10057,15402,0,0.395027,972,29,0.971029,8154,5224.3596,4960025.8627,5229584,519.9944,10.046953
875,50,InverseCorrelated,fixed,1000,42,20.0000,1001,24284,9084,15200,0,0.374073,954,47,0.953047,8096,4825.6074,5491804.4343,4830433,531.7518,9.074925
876,50,InverseCorrelated,fixed,1000,42,20.0000,1001,23845,9312,14533,0,0.390522,999,2,0.998002,8052,5632.4046,2712722.9162,5638037,605.4593,9.302697
877,50,InverseCorrelated,fixed,1000,42,20.0000,1001,26550,11121,15429,0,0.418870,999,2,0.998002,11055,7750.2018,5171345.0462,7757952,697.5948,11.109890
878,50,InverseCorrelated,fixed,1000,42,20.0000,1001,25150,9659,15444,47,0.384056,962,39,0.961039,7114,4313.6014,3838592.7852,4317915,447.0354,9.649351
879,50,InverseCorrelated,fixed,1000,42,20.0000,1001,25520,10399,15121,0,0.407484,996,5,0.995005,9196,6976.3976,3860244.8889,6983374,671.5428,10.388611
880,50,InverseCorrelated,fixed,1000,42,20.0000,1001,24332,8781,15551,0,0.360883,967,34,0.966034,9032,5864.3606,5949363.8450,5870225,668.5144,8.772228
881,50,InverseCorrelated,fixed,1000,42,20.0000,1001,23256,8156,15100,0,0.350705,991,10,0.990010,8080,5609.1508,3532279.5487,5614760,688.4208,8.147852
882,50,InverseCorrelated,fixed,1000,42,20.0000,1001,23694,8385,15309,0,0.353887,991,10,0.990010,8191,5790.4006,4178287.1812,5796191,691.2571,8.376623
883,50,InverseCorrelated,fixed,1000,42,20.0000,1001,26995,8412,18583,0,0.311613,975,26,0.974026,8093,4503.3037,5299284.8268,4507807,535.8782,8.403596
884,50,InverseCorrelated,fixed,1000,42,20.0000,1001,23237,9816,13421,0,0.422430,943,58,0.942058,7058,4105.1928,3996898.5472,4109298,418.6326,9.806194
885,50,InverseCorrelated,fixed,1000,42,20.0000,1001,22210,7642,14568,0,0.344079,963,38,0.962038,6204,4177.0859,3086594.0106,4181263,547.1425,7.634366
886,50,InverseCorrelated,fixed,1000,42,20.0000,1001,25337,9875,15447,15,0.389746,986,15,0.985015,8106,5449.9770,3726526.4620,5455427,552.4483,9.865135
887,50,InverseCorrelated,fixed,1000,42,20.0000,1001,23372,9708,13664,0,0.415369,982,19,0.981019,8146,5741.2927,3827952.4528,5747034,591.9895,9.698302
888,50,InverseCorrelated,fixed,1000,42,20.0000,1001,25495,8534,16690,271,0.334732,993,8,0.992008,8086,5359.0450,3214504.2647,5364404,628.5920,8.525475
889,50,InverseCorrelated,fixed,1000,42,20.0000,1001,24084,10572,13512,0,0.438964,977,24,0.976024,10032,6362.1099,6256516.7791,6368472,602.3905,10.561439
890,50,InverseCorrelated,fixed,1000,42,20.0000,1001,21882,9497,12385,0,0.434010,999,2,0.998002,9140,6636.1538,4175912.0463,6642790,699.4619,9.487512
891,50,InverseCorrelated,fixed,1000,42,20.0000,1001,25299,7670,17629,0,0.303174,958,43,0.957043,8010,4733.2847,4451649.3305,4738018,617.7338,7.662338
892,50,InverseCorrelated,fixed,1000,42,20.0000,1001,24005,7595,16410,0,0.316392,987,14,0.986014,7163,4820.6933,3284472.9179,4825514,635.3540,7.587413
893,50,InverseCorrelated,fixed,1000,42,20.0000,1001,26136,10993,15143,0,0.420608,997,4,0.996004,10276,7714.5215,6363221.9438,7722236,702.4685,10.982018
894,50,InverseCorrelated,fixed,1000,42,20.0000,1001,23218,8799,14419,0,0.378973,975,26,0.974026,8035,4558.2767,4152040.1942,4562835,518.5629,8.790210
895,50,InverseCorrelated,fixed,1000,42,20.0000,1001,27288,10606,16682,0,0.388669,991,10,0.990010,10088,6682.9890,6207516.8081,6689672,630.7441,10.595405
896,50,InverseCorrelated,fixed,1000,42,20.0000,1001,25752,10414,15221,117,0.404396,996,5,0.995005,10061,6360.2587,5526298.0999,6366619,611.3519,10.403596
897,50,InverseCorrelated,fixed,1000,42,20.0000,1001,24429,10568,13860,1,0.432601,1000,1,0.999001,10104,7736.4446,3328138.2349,7744181,732.7953,10.557443
898,50,InverseCorrelated,fixed,1000,42,20.0000,1001,26064,10089,15975,0,0.387086,993,8,0.992008,9107,5921.0220,5270791.6698,5926943,587.4659,10.078921
899,50,InverseCorrelated,fixed,1000,42,20.0000,1001,25861,9584,16277,0,0.370597,999,2,0.998002,8095,5199.8072,3713625.0947,5205007,543.0934,9.574426
900,50,AlmostEqualRatios,fixed,1000,42,20.0000,1001,30889,10053,20362,474,0.325456,999,2,0.998002,1074,535.1469,96680.7107,535682,53.2858,10.042957
901,50,AlmostEqualRatios,fixed,1000,42,20.0000,1001,26943,5843,20789,311,0.216865,988,13,0.987013,1071,532.0110,98849.5074,532543,91.1421,5.837163
902,50,AlmostEqualRatios,fixed,1000,42,20.0000,1001,25758,6779,18734,245,0.263180,967,34,0.966034,1083,536.1588,99507.2725,536695,79.1702,6.772228
903,50,AlmostEqualRatios,fixed,1000,42,20.0000,1001,26447,7183,18387,877,0.271600,993,8,0.992008,1094,543.5065,101435.1391,544050,75.7413,7.175824
904,50,AlmostEqualRatios,fixed,1000,42,20.0000,1001,24355,7789,16255,311,0.319811,990,11,0.989011,1080,529.7463,96994.8567,530276,68.0801,7.781219
905,50,AlmostEqualRatios,fixed,1000,42,20.0000,1001,23106,5784,17001,321,0.250325,971,30,0.970030,1071,525.5804,99174.4673,526106,90.9589,5.778222
906,50,AlmostEqualRatios,fixed,1000,42,20.0000,1001,26110,7290,18498,322,0.279203,985,16,0.984016,1080,537.7093,99713.5848,538247,73.8336,7.282717
907,50,AlmostEqualRatios,fixed,1000,42,20.0000,1001,25471,6081,19148,242,0.238742,998,3,0.997003,1089,540.0959,100360.2585,540636,88.9058,6.074925
908,50,AlmostEqualRatios,fixed,1000,42,20.0000,1001,28508,6128,22207,173,0.214957,950,51,0.949051,1080,534.4755,100496.2334,535010,87.3058,6.121878
909,50,AlmostEqualRatios,fixed,1000,42,20.0000,1001,24079,7082,16675,322,0.294115,976,25,0.975025,1089,537.4635,99907.5114,538001,75.9674,7.074925
910,50,AlmostEqualRatios,fixed,1000,42,20.0000,1001,28244,8319,19723,202,0.294540,994,7,0.993007,1083,539.2517,99319.0155,539791,64.8865,8.310689
911,50,AlmostEqualRatios,fixed,1000,42,20.0000,1001,27675,7107,19998,570,0.256802,993,8,0.992008,1079,535.7892,98422.1524,536325,75.4643,7.099900
912,50,AlmostEqualRatios,fixed,1000,42,20.0000,1001,26600,6897,19374,329,0.259286,984,17,0.983017,1079,536.5604,99647.7488,537097,77.8740,6.890110
913,50,AlmostEqualRatios,fixed,1000,42,20.0000,1001,25337,4955,20235,147,0.195564,964,37,0.963037,1073,527.7363,98525.9604,528264,106.6123,4.950050
914,50,AlmostEqualRatios,fixed,1000,42,20.0000,1001,25171,4938,19802,431,0.196178,948,53,0.947053,1084,531.2527,103034.0970,531784,107.6922,4.933067
915,50,AlmostEqualRatios,fixed,1000,42,20.0000,1001,23747,4334,19300,113,0.182507,921,80,0.920080,1082,523.6563,106201.1466,524180,120.9460,4.329670
916,50,AlmostEqualRatios,fixed,1000,42,20.0000,1001,23752,5308,18399,45,0.223476,950,51,0.949051,1075,524.6653,99970.7481,525190,98.9431,5.302697
917,50,AlmostEqualRatios,fixed,1000,42,20.0000,1001,25794,7762,17851,181,0.300923,997,4,0.996004,1078,529.9840,98785.1906,530514,68.3476,7.754246
918,50,AlmostEqualRatios,fixed,1000,42,20.0000,1001,24904,6988,17662,254,0.280597,962,39,0.961039,1096,533.3137,101429.5180,533847,76.3948,6.981019
919,50,AlmostEqualRatios,fixed,1000,42,20.0000,1001,25986,6674,19098,214,0.256831,986,15,0.985015,1089,538.3846,100604.6902,538923,80.7496,6.667333
920,50,AlmostEqualRatios,fixed,1000,42,20.0000,1001,24841,7201,17300,340,0.289884,992,9,0.991009,1080,536.5764,99673.0833,537113,74.5887,7.193806
921,50,AlmostEqualRatios,fixed,1000,42,20.0000,1001,24716,5236,19287,193,0.211847,889,112,0.888112,1085,520.6533,103914.5162,521174,99.5367,5.230769
922,50,AlmostEqualRatios,fixed,1000,42,20.0000,1001,24640,5507,18916,217,0.223498,985,16,0.984016,1090,535.6893,101431.8345,536225,97.3715,5.501499
923,50,AlmostEqualRatios,fixed,1000,42,20.0000,1001,23537,7151,16136,250,0.303820,997,4,0.996004,1082,531.5195,100446.9309,532051,74.4023,7.143856
924,50,AlmostEqualRatios,fixed,1000,42,20.0000,1001,27755,6255,21181,319,0.225365,977,24,0.976024,1076,531.9141,98623.6370,532446,85.1233,6.248751
925,50,AlmostEqualRatios,fixed,1000,42,20.0000,1001,25209,5783,19170,256,0.229402,996,5,0.995005,1081,533.1798,98915.4502,533713,92.2900,5.777223
926,50,AlmostEqualRatios,fixed,1000,42,20.0000,1001,23243,6546,16558,139,0.281633,997,4,0.996004,1076,535.6414,99061.8864,536177,81.9091,6.539461
927,50,AlmostEqualRatios,fixed,1000,42,20.0000,1001,24981,7221,17356,404,0.289060,993,8,0.992008,1083,534.1489,101723.7711,534683,74.0456,7.213786
928,50,AlmostEqualRatios,fixed,1000,42,20.0000,1001,24161,5758,18195,208,0.238318,978,23,0.977023,1075,534.4625,99534.0728,534997,92.9137,5.752248
929,50,AlmostEqualRatios,fixed,1000,42,20.0000,1001,26948,6900,19807,241,0.256049,976,25,0.975025,1081,534.9011,100188.8723,535436,77.5994,6.893107
930,50,AlmostEqualRatios,fixed,1000,42,20.0000,1001,27551,8108,18863,580,0.294291,988,13,0.987013,1073,533.0829,99827.0830,533616,65.8135,8.099900
931,50,AlmostEqualRatios,fixed,1000,42,20.0000,1001,27648,7768,19417,463,0.280961,977,24,0.976024,1085,539.2338,101148.0652,539773,69.4867,7.760240
932,50,AlmostEqualRatios,fixed,1000,42,20.0000,1001,22583,5404,16983,196,0.239295,942,59,0.941059,1079,528.2857,102097.3869,528814,97.8560,5.398601
933,50,AlmostEqualRatios,fixed,1000,42,20.0000,1001,27283,5851,21193,239,0.214456,985,16,0.984016,1093,539.1009,101381.1057,539640,92.2304,5.845155
934,50,AlmostEqualRatios,fixed,1000,42,20.0000,1001,28340,6874,21294,172,0.242555,998,3,0.997003,1086,536.0030,101209.7452,536539,78.0534,6.867133
935,50,AlmostEqualRatios,fixed,1000,42,20.0000,1001,24996,8298,15960,738,0.331973,992,9,0.991009,1088,534.7962,100461.7806,535331,64.5133,8.289710
936,50,AlmostEqualRatios,fixed,1000,42,20.0000,1001,23841,6727,17010,104,0.282161,994,7,0.993007,1071,524.4276,97609.1439,524952,78.0366,6.720280
937,50,AlmostEqualRatios,fixed,1000,42,20.0000,1001,22243,6129,15853,261,0.275547,986,15,0.985015,1082,532.6434,101456.8169,533176,86.9923,6.122877
938,50,AlmostEqualRatios,fixed,1000,42,20.0000,1001,21508,5745,15562,201,0.267110,978,23,0.977023,1092,536.4346,101777.3226,536971,93.4675,5.739261
939,50,AlmostEqualRatios,fixed,1000,42,20.0000,1001,25421,4533,20616,272,0.178317,962,39,0.961039,1074,530.3666,100837.7587,530897,117.1182,4.528472
940,50,AlmostEqualRatios,fixed,1000,42,20.0000,1001,22391,4894,17261,236,0.218570,911,90,0.910090,1086,524.3666,102332.7157,524891,107.2519,4.889111
941,50,AlmostEqualRatios,fixed,1000,42,20.0000,1001,23878,7315,16260,303,0.306349,950,51,0.949051,1086,534.3247,101221.1943,534859,73.1181,7.307692
942,50,AlmostEqualRatios,fixed,1000,42,20.0000,1001,22859,5655,16995,209,0.247386,966,35,0.965035,1084,530.7742,102092.9540,531305,93.9531,5.649351
943,50,AlmostEqualRatios,fixed,1000,42,20.0000,1001,24503,7647,16654,202,0.312084,999,2,0.998002,1079,533.6683,100932.9849,534202,69.8577,7.639361
944,50,AlmostEqualRatios,fixed,1000,42,20.0000,1001,24876,5977,18656,243,0.240272,955,46,0.954046,1090,528.2168,99149.6823,528745,88.4633,5.971029
945,50,AlmostEqualRatios,fixed,1000,42,20.0000,1001,24718,6157,18459,102,0.249090,995,6,0.994006,1086,533.0869,103081.9115,533620,86.6688,6.150849
946,50,AlmostEqualRatios,fixed,1000,42,20.0000,1001,20145,4674,15440,31,0.232018,994,7,0.993007,1070,523.3317,102126.0359,523855,112.0785,4.669331
947,50,AlmostEqualRatios,fixed,1000,42,20.0000,1001,21956,6158,15579,219,0.280470,973,28,0.972028,1074,525.4166,100251.8035,525942,85.4079,6.151848
948,50,AlmostEqualRatios,fixed,1000,42,20.0000,1001,24726,4809,19826,91,0.194492,953,48,0.952048,1081,530.1169,102632.7086,530647,110.3446,4.804196
949,50,AlmostEqualRatios,fixed,1000,42,20.0000,1001,24420,5834,18352,234,0.238903,953,48,0.952048,1076,533.2917,99852.4104,533825,91.5024,5.828172
950,50,AlmostEqualRatios,fixed,1000,42,20.0000,1001,22723,5861,16691,171,0.257932,972,29,0.971029,1092,535.1758,101555.1839,535711,91.4027,5.855145
951,50,AlmostEqualRatios,fixed,1000,42,20.0000,1001,26380,7844,18273,263,0.297346,974,27,0.973027,1084,538.0140,100783.8679,538552,68.6578,7.836164
952,50,AlmostEqualRatios,fixed,1000,42,20.0000,1001,26291,6552,19581,158,0.249211,939,62,0.938062,1081,533.3217,102122.2462,533855,81.4797,6.545455
953,50,AlmostEqualRatios,fixed,1000,42,20.0000,1001,25148,6624,17998,526,0.263401,993,8,0.992008,1090,541.0609,100849.5857,541602,81.7636,6.617383
954,50,AlmostEqualRatios,fixed,1000,42,20.0000,1001,25029,7148,17265,616,0.285589,998,3,0.997003,1088,534.8861,100123.6733,535421,74.9050,7.140859
955,50,AlmostEqualRatios,fixed,1000,42,20.0000,1001,24672,6331,18138,203,0.256607,955,46,0.954046,1084,534.4705,100267.1922,535005,84.5056,6.324675
956,50,AlmostEqualRatios,fixed,1000,42,20.0000,1001,25966,7959,17562,445,0.306516,984,17,0.983017,1081,537.4935,100447.0831,538031,67.6003,7.951049
957,50,AlmostEqualRatios,fixed,1000,42,20.0000,1001,27540,7083,20328,129,0.257190,969,32,0.968032,1088,532.8841,99508.6779,533417,75.3095,7.075924
958,50,AlmostEqualRatios,fixed,1000,42,20.0000,1001,27422,6611,20620,191,0.241084,956,45,0.955045,1082,535.3417,101109.0881,535877,81.0584,6.604396
959,50,AlmostEqualRatios,fixed,1000,42,20.0000,1001,27464,7531,19517,416,0.274214,991,10,0.990010,1090,539.2238,100941.7321,539763,71.6722,7.523477
960,50,AlmostEqualRatios,fixed,1000,42,20.0000,1001,31428,8377,22694,357,0.266546,997,4,0.996004,1066,529.5824,97902.7427,530112,63.2818,8.368631
961,50,AlmostEqualRatios,fixed,1000,42,20.0000,1001,21967,4612,17191,164,0.209951,986,15,0.985015,1089,527.3536,104693.2835,527881,114.4582,4.607393
962,50,AlmostEqualRatios,fixed,1000,42,20.0000,1001,24359,8135,15952,272,0.333963,1000,1,0.999001,1082,534.7253,99596.2772,535260,65.7972,8.126873
963,50,AlmostEqualRatios,fixed,1000,42,20.0000,1001,24314,6419,17623,272,0.264004,996,5,0.995005,1065,526.5335,98114.2609,527060,82.1094,6.412587
964,50,AlmostEqualRatios,fixed,1000,42,20.0000,1001,23590,6844,16488,258,0.290123,930,71,0.929071,1089,530.8691,104150.0338,531400,77.6447,6.837163
965,50,AlmostEqualRatios,fixed,1000,42,20.0000,1001,25600,6416,18738,446,0.250625,993,8,0.992008,1088,533.9481,98515.9693,534482,83.3046,6.409590
966,50,AlmostEqualRatios,fixed,1000,42,20.0000,1001,25281,4798,20346,137,0.189787,974,27,0.973027,1080,533.5554,100900.8483,534089,111.3149,4.793207
967,50,AlmostEqualRatios,fixed,1000,42,20.0000,1001,24369,7154,16469,746,0.293570,992,9,0.991009,1085,537.7363,101078.2901,538274,75.2410,7.146853
968,50,AlmostEqualRatios,fixed,1000,42,20.0000,1001,22957,4922,17841,194,0.214401,920,81,0.919081,1069,522.3217,101424.5579,522844,106.2259,4.917083
969,50,AlmostEqualRatios,fixed,1000,42,20.0000,1001,23652,7299,15917,436,0.308600,974,27,0.973027,1092,528.5644,100536.8452,529093,72.4884,7.291708
970,50,AlmostEqualRatios,fixed,1000,42,20.0000,1001,24970,7150,17215,605,0.286344,998,3,0.997003,1092,541.1359,100273.7058,541677,75.7590,7.142857
971,50,AlmostEqualRatios,fixed,1000,42,20.0000,1001,24755,5931,18639,185,0.239588,995,6,0.994006,1089,532.0120,100063.6642,532544,89.7899,5.925075
972,50,AlmostEqualRatios,fixed,1000,42,20.0000,1001,26230,6769,18993,468,0.258063,977,24,0.976024,1093,541.2907,102504.9694,541832,80.0461,6.762238
973,50,AlmostEqualRatios,fixed,1000,42,20.0000,1001,23671,6440,16793,438,0.272063,983,18,0.982018,1089,535.0260,101478.6667,535561,83.1616,6.433566
974,50,AlmostEqualRatios,fixed,1000,42,20.0000,1001,25286,7943,16922,421,0.314126,995,6,0.994006,1093,544.4196,101229.9318,544964,68.6093,7.935065
975,50,AlmostEqualRatios,fixed,1000,42,20.0000,1001,25546,6221,19092,233,0.243521,998,3,0.997003,1094,536.2078,100679.2895,536744,86.2794,6.214785
976,50,AlmostEqualRatios,fixed,1000,42,20.0000,1001,21252,6090,15049,113,0.286561,992,9,0.991009,1082,528.6184,101889.3689,529147,86.8878,6.083916
977,50,AlmostEqualRatios,fixed,1000,42,20.0000,1001,22977,5961,16804,212,0.259433,987,14,0.986014,1077,530.2877,100385.6914,530818,89.0485,5.955045
978,50,AlmostEqualRatios,fixed,1000,42,20.0000,1001,24455,5785,18396,274,0.236557,987,14,0.986014,1092,538.0789,101523.6971,538617,93.1058,5.779221
979,50,AlmostEqualRatios,fixed,1000,42,20.0000,1001,27412,4998,21989,425,0.182329,977,24,0.976024,1076,529.7033,99931.0558,530233,106.0890,4.993007
980,50,AlmostEqualRatios,fixed,1000,42,20.0000,1001,26258,7887,17979,392,0.300366,1000,1,0.999001,1086,538.9031,100605.5121,539442,68.3963,7.879121
981,50,AlmostEqualRatios,fixed,1000,42,20.0000,1001,27078,7303,19552,223,0.269702,991,10,0.990010,1084,538.7483,100371.4032,539287,73.8446,7.295704
982,50,AlmostEqualRatios,fixed,1000,42,20.0000,1001,22448,5128,17190,130,0.228439,974,27,0.973027,1077,531.1648,102568.2975,531696,103.6849,5.122877
983,50,AlmostEqualRatios,fixed,1000,42,20.0000,1001,26520,5308,20748,464,0.200151,973,28,0.972028,1086,539.0609,101223.2221,539600,101.6579,5.302697
984,50,AlmostEqualRatios,fixed,1000,42,20.0000,1001,25552,6765,18503,284,0.264754,998,3,0.997003,1079,534.4126,100561.2673,534947,79.0757,6.758242
985,50,AlmostEqualRatios,fixed,1000,42,20.0000,1001,24587,7582,16653,352,0.308374,997,4,0.996004,1081,537.5265,100163.9476,538064,70.9660,7.574426
986,50,AlmostEqualRatios,fixed,1000,42,20.0000,1001,23843,6515,17130,198,0.273246,998,3,0.997003,1092,538.1219,101356.4587,538660,82.6800,6.508492
987,50,AlmostEqualRatios,fixed,1000,42,20.0000,1001,25276,6084,18993,199,0.240703,971,30,0.970030,1082,532.1718,100028.6598,532704,87.5582,6.077922
988,50,AlmostEqualRatios,fixed,1000,42,20.0000,1001,23446,6681,16505,260,0.284953,997,4,0.996004,1083,537.8711,101113.0453,538409,80.5881,6.674326
989,50,AlmostEqualRatios,fixed,1000,42,20.0000,1001,26802,6435,20189,178,0.240094,988,13,0.987013,1078,531.4855,103706.2158,532017,82.6755,6.428571
990,50,AlmostEqualRatios,fixed,1000,42,20.0000,1001,25539,6009,19332,198,0.235287,944,57,0.943057,1064,523.6384,99566.6245,524162,87.2295,6.002997
991,50,AlmostEqualRatios,fixed,1000,42,20.0000,1001,24268,6254,17730,284,0.257706,971,30,0.970030,1072,527.5804,100142.8549,528108,84.4432,6.247752
992,50,AlmostEqualRatios,fixed,1000,42,20.0000,1001,27721,9022,18256,443,0.325457,993,8,0.992008,1088,542.0460,100185.1447,542588,60.1405,9.012987
993,50,AlmostEqualRatios,fixed,1000,42,20.0000,1001,26256,7375,18292,589,0.280888,990,11,0.989011,1090,538.0849,101074.8589,538623,73.0336,7.367632
994,50,AlmostEqualRatios,fixed,1000,42,20.0000,1001,24896,6233,18167,496,0.250362,994,7,0.993007,1084,536.0689,100784.8834,536605,86.0910,6.226773
995,50,AlmostEqualRatios,fixed,1000,42,20.0000,1001,24590,6840,17653,97,0.278162,1000,1,0.999001,1085,535.2637,102949.2072,535799,78.3332,6.833167
996,50,AlmostEqualRatios,fixed,1000,42,20.0000,1001,28610,6356,21962,292,0.222160,974,27,0.973027,1083,533.4615,101334.3125,533995,84.0143,6.349650
997,50,AlmostEqualRatios,fixed,1000,42,20.0000,1001,26916,6754,19527,635,0.250929,990,11,0.989011,1083,534.4316,100960.7288,534966,79.2073,6.747253
998,50,AlmostEqualRatios,fixed,1000,42,20.0000,1001,25851,6589,19007,255,0.254884,1000,1,0.999001,1074,533.7033,99359.0199,534237,81.0801,6.582418
999,50,AlmostEqualRatios,fixed,1000,42,20.0000,1001,24432,5699,18580,153,0.233260,951,50,0.950050,1072,529.3437,101418.4034,529873,92.9765,5.693307
1000,100,Uncorrelated,fixed,1000,42,10.0000,1001,48848,13081,35767,0,0.267790,1000,1,0.999001,7462,4486.6883,3965916.2485,4491175,343.3358,13.067932
1001,100,Uncorrelated,fixed,1000,42,10.0000,1001,53062,13745,39317,0,0.259037,997,4,0.996004,7624,5051.1359,3608754.6848,5056187,367.8565,13.731269
1002,100,Uncorrelated,fixed,1000,42,10.0000,1001,46488,15325,31133,30,0.329655,997,4,0.996004,7731,5056.5105,3134465.0611,5061567,330.2817,15.309690
1003,100,Uncorrelated,fixed,1000,42,10.0000,1001,52874,12023,40851,0,0.227390,994,7,0.993007,6831,3997.0230,3427388.7297,4001020,332.7805,12.010989
1004,100,Uncorrelated,fixed,1000,42,10.0000,1001,51158,13959,37199,0,0.272861,993,8,0.992008,9136,5946.6913,5134210.3992,5952638,426.4373,13.945055
1005,100,Uncorrelated,fixed,1000,42,10.0000,1001,50591,11978,38583,30,0.236761,992,9,0.991009,6238,3957.8482,2390660.9000,3961806,330.7569,11.966034
1006,100,Uncorrelated,fixed,1000,42,10.0000,1001,50411,12477,37934,0,0.247506,992,9,0.991009,8086,5157.6364,4702958.7729,5162794,413.7849,12.464535
1007,100,Uncorrelated,fixed,1000,42,10.0000,1001,48199,16223,31976,0,0.336584,991,10,0.990010,7538,5103.3227,2888063.9628,5108426,314.8879,16.206793
1008,100,Uncorrelated,fixed,1000,42,10.0000,1001,51999,12355,39617,27,0.237601,980,21,0.979021,9867,6363.9231,7251152.4986,6370287,515.6040,12.342657
1009,100,Uncorrelated,fixed,1000,42,10.0000,1001,48411,10483,37928,0,0.216542,965,36,0.964036,7461,4582.7093,4413995.6248,4587292,437.5934,10.472527
1010,100,Uncorrelated,fixed,1000,42,10.0000,1001,50654,16857,33764,33,0.332787,997,4,0.996004,8260,5579.8402,3315413.8286,5585420,331.3413,16.840160
1011,100,Uncorrelated,fixed,1000,42,10.0000,1001,50776,12313,38419,44,0.242496,994,7,0.993007,7611,4575.4226,3952015.2830,4579998,371.9644,12.300699
1012,100,Uncorrelated,fixed,1000,42,10.0000,1001,51836,15526,36302,8,0.299522,984,17,0.983017,9293,6037.5644,5878021.5745,6043602,389.2569,15.510490
1013,100,Uncorrelated,fixed,1000,42,10.0000,1001,50647,16061,34586,0,0.317117,999,2,0.998002,9249,6499.4805,4273032.7371,6505980,405.0794,16.044955
1014,100,Uncorrelated,fixed,1000,42,10.0000,1001,49269,11361,37908,0,0.230591,994,7,0.993007,6482,4128.4635,2588767.6013,4132592,363.7525,11.349650
1015,100,Uncorrelated,fixed,1000,42,10.0000,1001,54432,15943,38489,0,0.292898,989,12,0.988012,10000,6583.8571,6278559.0535,6590441,413.3752,15.927073
1016,100,Uncorrelated,fixed,1000,42,10.0000,1001,52645,14020,38625,0,0.266312,992,9,0.991009,8464,5642.0509,4357956.5179,5647693,402.8312,14.005994
1017,100,Uncorrelated,fixed,1000,42,10.0000,1001,57022,16018,41004,0,0.280909,1000,1,0.999001,10708,6797.8162,7059786.1540,6804614,424.8105,16.001998
1018,100,Uncorrelated,fixed,1000,42,10.0000,1001,48162,12198,35953,11,0.253270,983,18,0.982018,7415,4490.8891,4215097.9587,4495380,368.5342,12.185814
1019,100,Uncorrelated,fixed,1000,42,10.0000,1001,50554,15451,35103,0,0.305634,994,7,0.993007,10226,6567.5814,6951168.4272,6574149,425.4837,15.435564
1020,100,Uncorrelated,fixed,1000,42,10.0000,1001,46049,10692,35357,0,0.232187,997,4,0.996004,5394,3557.1269,1592550.5683,3560684,333.0232,10.681319
1021,100,Uncorrelated,fixed,1000,42,10.0000,1001,52905,13146,39754,5,0.248483,993,8,0.992008,6214,3887.8432,2243340.4319,3891731,296.0392,13.132867
1022,100,Uncorrelated,fixed,1000,42,10.0000,1001,49438,12791,36645,2,0.258728,993,8,0.992008,7527,4874.5365,3461256.7801,4879411,381.4722,12.778222
1023,100,Uncorrelated,fixed,1000,42,10.0000,1001,55569,15159,40403,7,0.272796,995,6,0.994006,8044,5401.7473,3920026.9721,5407149,356.6956,15.143856
1024,100,Uncorrelated,fixed,1000,42,10.0000,1001,49818,13635,36183,0,0.273696,993,8,0.992008,8590,5591.8182,5245792.2587,5597410,410.5178,13.621379
1025,100,Uncorrelated,fixed,1000,42,10.0000,1001,50279,12869,37410,0,0.255952,999,2,0.998002,7030,4643.2627,2550984.9809,4647906,361.1707,12.856144
1026,100,Uncorrelated,fixed,1000,42,10.0000,1001,46530,14043,32444,43,0.301805,1000,1,0.999001,7267,4953.3706,2676849.5679,4958324,353.0815,14.028971
1027,100,Uncorrelated,fixed,1000,42,10.0000,1001,49385,11677,37708,0,0.236448,968,33,0.967033,7481,4691.2887,4199972.9606,4695980,402.1564,11.665335
1028,100,Uncorrelated,fixed,1000,42,10.0000,1001,50998,14964,35923,111,0.293423,999,2,0.998002,8456,5713.5514,4165454.6490,5719265,382.2016,14.949051
1029,100,Uncorrelated,fixed,1000,42,10.0000,1001,51772,12327,39445,0,0.238102,989,12,0.988012,7742,4923.3676,3796450.9697,4928291,399.7965,12.314685
1030,100,Uncorrelated,fixed,1000,42,10.0000,1001,55713,14984,40651,78,0.268950,994,7,0.993007,9272,6203.4426,5405252.6503,6209646,414.4184,14.969031
1031,100,Uncorrelated,fixed,1000,42,10.0000,1001,51333,15288,36033,12,0.297820,994,7,0.993007,8153,5784.4675,3376656.1490,5790252,378.7449,15.272727
1032,100,Uncorrelated,fixed,1000,42,10.0000,1001,53545,11747,41798,0,0.219386,990,11,0.989011,8282,5256.8901,4402619.8840,5262147,447.9567,11.735265
1033,100,Uncorrelated,fixed,1000,42,10.0000,1001,51605,18128,33447,30,0.351284,992,9,0.991009,11396,7166.3536,9074802.0528,7173520,395.7149,18.109890
1034,100,Uncorrelated,fixed,1000,42,10.0000,1001,52874,14308,38538,28,0.270606,992,9,0.991009,7686,5252.0040,2862332.7492,5257256,367.4347,14.293706
1035,100,Uncorrelated,fixed,1000,42,10.0000,1001,53447,13435,40012,0,0.251371,987,14,0.986014,7537,4681.7682,4264854.1041,4686450,348.8240,13.421578
1036,100,Uncorrelated,fixed,1000,42,10.0000,1001,51560,15223,36335,2,0.295248,992,9,0.991009,7104,4300.4496,3696099.8578,4304750,282.7793,15.207792
1037,100,Uncorrelated,fixed,1000,42,10.0000,1001,48901,12134,36766,1,0.248134,984,17,0.983017,8330,5144.4755,5056798.5211,5149620,424.3959,12.121878
1038,100,Uncorrelated,fixed,1000,42,10.0000,1001,52165,15748,36392,25,0.301888,979,22,0.978022,9011,5736.7473,6215598.6224,5742484,364.6485,15.732268
1039,100,Uncorrelated,fixed,1000,42,10.0000,1001,47887,9354,38533,0,0.195335,985,16,0.984016,6993,4028.8681,3909006.4581,4032897,431.1414,9.344655
1040,100,Uncorrelated,fixed,1000,42,10.0000,1001,50807,12682,38101,24,0.249611,1000,1,0.999001,7387,4850.0450,3228380.1748,4854895,382.8178,12.669331
1041,100,Uncorrelated,fixed,1000,42,10.0000,1001,52626,12448,40162,16,0.236537,987,14,0.986014,8750,5227.8192,5367280.7355,5233047,420.3926,12.435564
1042,100,Uncorrelated,fixed,1000,42,10.0000,1001,46209,10295,35914,0,0.222792,997,4,0.996004,7559,5048.9091,3111299.9608,5053958,490.9138,10.284715
1043,100,Uncorrelated,fixed,1000,42,10.0000,1001,50973,12720,38196,57,0.249544,992,9,0.991009,7182,4539.6803,3537694.0876,4544220,357.2500,12.707293
1044,100,Uncorrelated,fixed,1000,42,10.0000,1001,51280,16006,35261,13,0.312129,980,21,0.979021,7390,4908.4056,3295134.6287,4913314,306.9670,15.990010
1045,100,Uncorrelated,fixed,1000,42,10.0000,1001,54879,16111,38768,0,0.293573,997,4,0.996004,9421,6340.0500,5832055.4021,6346390,393.9166,16.094905
1046,100,Uncorrelated,fixed,1000,42,10.0000,1001,54158,12422,41699,37,0.229366,998,3,0.997003,8133,5280.2587,3910161.7762,5285539,425.4982,12.409590
1047,100,Uncorrelated,fixed,1000,42,10.0000,1001,52762,14892,37870,0,0.282249,997,4,0.996004,10161,6665.9321,5613720.1932,6672598,448.0659,14.877123
1048,100,Uncorrelated,fixed,1000,42,10.0000,1001,49422,12617,36798,7,0.255291,967,34,0.966034,7717,4649.1828,4344618.5750,4653832,368.8541,12.604396
1049,100,Uncorrelated,fixed,1000,42,10.0000,1001,45769,10579,35190,0,0.231139,992,9,0.991009,5446,3178.5285,2004005.6378,3181707,300.7569,10.568432
1050,100,Uncorrelated,fixed,1000,42,10.0000,1001,48713,12453,36260,0,0.255640,994,7,0.993007,7666,4839.8781,3813436.7823,4844718,389.0402,12.440559
1051,100,Uncorrelated,fixed,1000,42,10.0000,1001,52164,13144,39008,12,0.251975,992,9,0.991009,7654,5125.0609,3569833.8155,5130186,390.3063,13.130869
1052,100,Uncorrelated,fixed,1000,42,10.0000,1001,53023,12444,40579,0,0.234691,991,10,0.990010,7688,4962.4156,3934119.1699,4967378,399.1786,12.431568
1053,100,Uncorrelated,fixed,1000,42,10.0000,1001,53829,14710,39119,0,0.273273,994,7,0.993007,9526,6217.2547,5655028.3477,6223472,423.0776,14.695305
1054,100,Uncorrelated,fixed,1000,42,10.0000,1001,48141,11680,36461,0,0.242621,969,32,0.968032,6595,4075.1199,3238852.0256,4079195,349.2461,11.668332
1055,100,Uncorrelated,fixed,1000,42,10.0000,1001,52856,15118,37737,1,0.286022,988,13,0.987013,9626,6205.9461,6340845.5655,6212152,410.9110,15.102897
1056,100,Uncorrelated,fixed,1000,42,10.0000,1001,49459,14245,35206,8,0.288016,992,9,0.991009,7379,4774.0719,2873964.3005,4778846,335.4753,14.230769
1057,100,Uncorrelated,fixed,1000,42,10.0000,1001,47510,15801,31709,0,0.332583,999,2,0.998002,10460,7655.0809,4400390.6238,7662736,484.9526,15.785215
1058,100,Uncorrelated,fixed,1000,42,10.0000,1001,53192,12862,40330,0,0.241803,972,29,0.971029,8682,5422.7692,5903435.0826,5428192,422.0333,12.849151
1059,100,Uncorrelated,fixed,1000,42,10.0000,1001,47367,11588,35779,0,0.244643,992,9,0.991009,6159,3729.4306,2960324.9884,3733160,322.1574,11.576424
1060,100,Uncorrelated,fixed,1000,42,10.0000,1001,52593,14723,37870,0,0.279942,992,9,0.991009,7783,5213.9291,3624344.8052,5219143,354.4891,14.708292
1061,100,Uncorrelated,fixed,1000,42,10.0000,1001,55130,15817,39313,0,0.286904,989,12,0.988012,9156,5634.5874,5307405.3193,5640222,356.5924,15.801199
1062,100,Uncorrelated,fixed,1000,42,10.0000,1001,56792,15149,41643,0,0.266745,980,21,0.979021,9474,5864.4755,6147014.0356,5870340,387.5068,15.133866
1063,100,Uncorrelated,fixed,1000,42,10.0000,1001,49696,14968,34728,0,0.301191,999,2,0.998002,7859,5220.6713,3519915.2077,5225892,349.1376,14.953047
1064,100,Uncorrelated,fixed,1000,42,10.0000,1001,50730,13217,37491,22,0.260536,998,3,0.997003,7442,4533.4965,3613564.2400,4538030,343.3480,13.203796
1065,100,Uncorrelated,fixed,1000,42,10.0000,1001,47610,12282,35257,71,0.257971,989,12,0.988012,9241,5987.3217,5865458.9934,5993309,487.9750,12.269730
1066,100,Uncorrelated,fixed,1000,42,10.0000,1001,51110,16790,34302,18,0.328507,995,6,0.994006,8647,5918.9391,3775224.0812,5924858,352.8802,16.773227
1067,100,Uncorrelated,fixed,1000,42,10.0000,1001,45749,9223,36526,0,0.201600,966,35,0.965035,5780,3447.5554,2694458.9502,3451003,374.1736,9.213786
1068,100,Uncorrelated,fixed,1000,42,10.0000,1001,50838,16686,34088,64,0.328219,998,3,0.997003,11065,7591.1618,6286944.8549,7598753,455.3969,16.669331
1069,100,Uncorrelated,fixed,1000,42,10.0000,1001,44281,14148,30133,0,0.319505,996,5,0.995005,8029,5198.0240,4002333.2442,5203222,367.7709,14.133866
1070,100,Uncorrelated,fixed,1000,42,10.0000,1001,45822,12226,33579,17,0.266815,1000,1,0.999001,6515,3928.8252,2807064.1662,3932754,321.6714,12.213786
1071,100,Uncorrelated,fixed,1000,42,10.0000,1001,51783,12608,39175,0,0.243478,998,3,0.997003,8008,4981.3816,4175504.9073,4986363,395.4920,12.595405
1072,100,Uncorrelated,fixed,1000,42,10.0000,1001,52059,10666,41393,0,0.204883,972,29,0.971029,7547,4534.6993,4134119.5889,4539234,425.5798,10.655345
1073,100,Uncorrelated,fixed,1000,42,10.0000,1001,49910,10650,39260,0,0.213384,987,14,0.986014,7159,3993.4036,4000662.8001,3997397,375.3424,10.639361
1074,100,Uncorrelated,fixed,1000,42,10.0000,1001,50318,15218,35093,7,0.302437,995,6,0.994006,9001,5572.0529,5587818.4497,5577625,366.5150,15.202797
1075,100,Uncorrelated,fixed,1000,42,10.0000,1001,51782,13300,38482,0,0.256846,1000,1,0.999001,9139,5847.2587,4839388.3097,5853106,440.0832,13.286713
1076,100,Uncorrelated,fixed,1000,42,10.0000,1001,49729,11488,38241,0,0.231012,991,10,0.990010,8395,5390.6064,4788149.0579,5395997,469.7073,11.476523
1077,100,Uncorrelated,fixed,1000,42,10.0000,1001,43019,8690,34329,0,0.202004,998,3,0.997003,5502,3716.7642,1555455.0933,3720481,428.1336,8.681319
1078,100,Uncorrelated,fixed,1000,42,10.0000,1001,53888,13686,40197,5,0.253971,1000,1,0.999001,9394,6179.6593,4832690.0388,6185839,451.9830,13.672328
1079,100,Uncorrelated,fixed,1000,42,10.0000,1001,49466,13063,36403,0,0.264080,990,11,0.989011,7629,4788.6304,3967025.1041,4793419,366.9463,13.049950
1080,100,Uncorrelated,fixed,1000,42,10.0000,1001,51145,15447,35698,0,0.302024,991,10,0.990010,7687,5273.2677,3901464.0702,5278541,341.7195,15.431568
1081,100,Uncorrelated,fixed,1000,42,10.0000,1001,50496,15856,34601,39,0.314005,1000,1,0.999001,8870,6394.4965,3827152.8174,6400891,403.6889,15.840160
1082,100,Uncorrelated,fixed,1000,42,10.0000,1001,50927,14840,36087,0,0.291397,996,5,0.995005,9763,6527.9780,5580743.4661,6534506,440.3306,14.825175
1083,100,Uncorrelated,fixed,1000,42,10.0000,1001,47410,7535,39875,0,0.158933,976,25,0.975025,4523,2732.1249,1698499.3041,2734857,362.9538,7.527473
1084,100,Uncorrelated,fixed,1000,42,10.0000,1001,49995,12364,37631,0,0.247305,965,36,0.964036,5612,3081.4735,2684484.0835,3084555,249.4787,12.351648
1085,100,Uncorrelated,fixed,1000,42,10.0000,1001,49331,12697,36634,0,0.257384,997,4,0.996004,7868,5408.2627,3202860.2696,5413671,426.3740,12.684316
1086,100,Uncorrelated,fixed,1000,42,10.0000,1001,51244,12695,38549,0,0.247736,965,36,0.964036,9087,5400.5005,6971988.3939,5405901,425.8291,12.682318
1087,100,Uncorrelated,fixed,1000,42,10.0000,1001,51776,11512,40264,0,0.222342,982,19,0.981019,7540,4330.5944,4262395.6637,4334925,376.5571,11.500500
1088,100,Uncorrelated,fixed,1000,42,10.0000,1001,54067,14526,39482,59,0.268667,987,14,0.986014,7849,5058.0529,4035361.7524,5063111,348.5551,14.511489
1089,100,Uncorrelated,fixed,1000,42,10.0000,1001,49404,13952,35437,15,0.282406,1000,1,0.999001,9206,6507.4456,3790365.1821,6513953,466.8831,13.938062
1090,100,Uncorrelated,fixed,1000,42,10.0000,1001,49243,9700,39516,27,0.196982,995,6,0.994006,5470,3132.3427,1980964.9066,3135475,323.2448,9.690310
1091,100,Uncorrelated,fixed,1000,42,10.0000,1001,48886,13054,35781,51,0.267029,997,4,0.996004,5874,3544.2737,2341104.4765,3547818,271.7801,13.040959
1092,100,Uncorrelated,fixed,1000,42,10.0000,1001,43633,9756,33856,21,0.223592,991,10,0.990010,6416,4299.0020,2586794.4795,4303301,441.0928,9.746254
1093,100,Uncorrelated,fixed,1000,42,10.0000,1001,52384,12623,39761,0,0.240971,990,11,0.989011,8783,5388.3267,4966704.1500,5393715,427.2926,12.610390
1094,100,Uncorrelated,fixed,1000,42,10.0000,1001,48912,13992,34920,0,0.286065,992,9,0.991009,10222,6882.1059,6319125.4853,6888988,492.3519,13.978022
1095,100,Uncorrelated,fixed,1000,42,10.0000,1001,50835,14772,36045,18,0.290587,990,11,0.989011,7261,4937.0929,3027852.9095,4942030,334.5539,14.757243
1096,100,Uncorrelated,fixed,1000,42,10.0000,1001,53383,14559,38824,0,0.272727,999,2,0.998002,8902,6158.2048,4254657.2218,6164363,423.4057,14.544456
1097,100,Uncorrelated,fixed,1000,42,10.0000,1001,42798,11493,31305,0,0.268541,999,2,0.998002,8260,5280.0220,3884411.4201,5285302,459.8714,11.481518
1098,100,Uncorrelated,fixed,1000,42,10.0000,1001,49808,13909,35899,0,0.279252,996,5,0.995005,7425,4892.8402,3263478.1143,4897733,352.1269,13.895105
1099,100,Uncorrelated,fixed,1000,42,10.0000,1001,50993,12418,38575,0,0.243524,994,7,0.993007,7435,5068.3746,3278195.4551,5073443,408.5556,12.405594
1100,100,WeaklyCorrelated,fixed,1000,42,10.0000,1001,51706,8669,42954,83,0.167659,988,13,0.987013,1471,764.7383,174028.5049,765503,88.3035,8.660340
1101,100,WeaklyCorrelated,fixed,1000,42,10.0000,1001,48250,14537,33512,201,0.301285,995,6,0.994006,1722,957.8681,229776.4761,958826,65.9576,14.522478
1102,100,WeaklyCorrelated,fixed,1000,42,10.0000,1001,47439,12801,34391,247,0.269841,997,4,0.996004,1744,991.5924,219109.3204,992584,77.5396,12.788212
1103,100,WeaklyCorrelated,fixed,1000,42,10.0000,1001,46759,7107,39644,8,0.151992,988,13,0.987013,1450,776.0000,165802.0619,776776,109.2973,7.099900
1104,100,WeaklyCorrelated,fixed,1000,42,10.0000,1001,50544,9672,40718,154,0.191358,995,6,0.994006,1473,797.8342,174450.7977,798632,82.5715,9.662338
1105,100,WeaklyCorrelated,fixed,1000,42,10.0000,1001,48102,10110,37668,324,0.210178,1000,1,0.999001,1422,753.7453,175904.7613,754499,74.6290,10.099900
1106,100,WeaklyCorrelated,fixed,1000,42,10.0000,1001,50962,11655,38873,434,0.228700,985,16,0.984016,1488,777.6164,182736.9497,778394,66.7863,11.643357
1107,100,WeaklyCorrelated,fixed,1000,42,10.0000,1001,53525,10976,42472,77,0.205063,995,6,0.994006,1587,886.9031,183644.3832,887790,80.8847,10.965035
1108,100,WeaklyCorrelated,fixed,1000,42,10.0000,1001,47799,9135,38633,31,0.191113,987,14,0.986014,1532,851.5904,173252.4716,852442,93.3160,9.125874
1109,100,WeaklyCorrelated,fixed,1000,42,10.0000,1001,46821,11055,35465,301,0.236112,995,6,0.994006,1616,904.7373,199646.8710,905642,81.9215,11.043956
1110,100,WeaklyCorrelated,fixed,1000,42,10.0000,1001,55867,12139,43416,312,0.217284,998,3,0.997003,1717,961.2208,221838.7974,962182,79.2637,12.126873
1111,100,WeaklyCorrelated,fixed,1000,42,10.0000,1001,50953,7481,43352,120,0.146822,999,2,0.998002,1382,685.5495,153189.8500,686235,91.7304,7.473526
1112,100,WeaklyCorrelated,fixed,1000,42,10.0000,1001,51176,9931,41117,128,0.194056,975,26,0.974026,1431,749.8322,167002.0697,750582,75.5797,9.921079
1113,100,WeaklyCorrelated,fixed,1000,42,10.0000,1001,47722,9157,38441,124,0.191882,991,10,0.990010,1490,767.8681,188238.6020,768636,83.9397,9.147852
1114,100,WeaklyCorrelated,fixed,1000,42,10.0000,1001,48113,9512,38409,192,0.197701,973,28,0.972028,1589,852.6793,204082.5555,853532,89.7321,9.502498
1115,100,WeaklyCorrelated,fixed,1000,42,10.0000,1001,54768,12984,41545,239,0.237073,993,8,0.992008,1535,840.7782,181700.9538,841619,64.8197,12.971029
1116,100,WeaklyCorrelated,fixed,1000,42,10.0000,1001,49029,8420,40498,111,0.171735,982,19,0.981019,1472,803.8741,175937.9602,804678,95.5675,8.411588
1117,100,WeaklyCorrelated,fixed,1000,42,10.0000,1001,53337,15681,37409,247,0.293999,992,9,0.991009,1705,959.6823,202233.0260,960642,61.2615,15.665335
1118,100,WeaklyCorrelated,fixed,1000,42,10.0000,1001,53394,14723,38243,428,0.275743,998,3,0.997003,1782,1027.2817,202902.6099,1028309,69.8437,14.708292
1119,100,WeaklyCorrelated,fixed,1000,42,10.0000,1001,50788,8967,41056,765,0.176557,990,11,0.989011,1496,794.5934,190623.7797,795388,88.7017,8.958042
1120,100,WeaklyCorrelated,fixed,1000,42,10.0000,1001,51483,12719,38653,111,0.247052,989,12,0.988012,1696,927.1469,238834.4949,928074,72.9675,12.706294
1121,100,WeaklyCorrelated,fixed,1000,42,10.0000,1001,48400,9859,38506,35,0.203698,992,9,0.991009,1457,798.9710,167283.9982,799770,81.1208,9.849151
1122,100,WeaklyCorrelated,fixed,1000,42,10.0000,1001,47213,8441,38685,87,0.178786,999,2,0.998002,1392,723.2068,149297.8583,723930,85.7635,8.432567
1123,100,WeaklyCorrelated,fixed,1000,42,10.0000,1001,50820,10763,39726,331,0.211787,971,30,0.970030,1520,794.4725,189143.7537,795267,73.8890,10.752248
1124,100,WeaklyCorrelated,fixed,1000,42,10.0000,1001,48302,9919,38327,56,0.205354,966,35,0.965035,1651,871.9231,218888.9301,872795,87.9922,9.909091
1125,100,WeaklyCorrelated,fixed,1000,42,10.0000,1001,46045,10615,35116,314,0.230535,997,4,0.996004,1409,728.6404,165097.6089,729369,68.7112,10.604396
1126,100,WeaklyCorrelated,fixed,1000,42,10.0000,1001,55699,15820,39412,467,0.284027,993,8,0.992008,1740,1005.7742,206324.6403,1006780,63.6397,15.804196
1127,100,WeaklyCorrelated,fixed,1000,42,10.0000,1001,51113,13250,37343,520,0.259230,1000,1,0.999001,1633,878.4366,213822.8574,879315,66.3634,13.236763
1128,100,WeaklyCorrelated,fixed,1000,42,10.0000,1001,52522,10881,41606,35,0.207170,998,3,0.997003,1552,840.1049,205528.5734,840945,77.2856,10.870130
1129,100,WeaklyCorrelated,fixed,1000,42,10.0000,1001,48655,12997,35317,341,0.267126,991,10,0.990010,1758,1030.5684,221834.3992,1031599,79.3721,12.984016
1130,100,WeaklyCorrelated,fixed,1000,42,10.0000,1001,48503,11484,36763,256,0.236769,997,4,0.996004,1530,815.3327,187536.2020,816148,71.0683,11.472527
1131,100,WeaklyCorrelated,fixed,1000,42,10.0000,1001,46797,6635,40113,49,0.141783,980,21,0.979021,1342,720.6753,144556.0814,721396,108.7258,6.628372
1132,100,WeaklyCorrelated,fixed,1000,42,10.0000,1001,49203,7074,42096,33,0.143772,958,43,0.957043,1335,683.5315,158091.6396,684215,96.7225,7.066933
1133,100,WeaklyCorrelated,fixed,1000,42,10.0000,1001,52556,10825,41611,120,0.205971,1000,1,0.999001,1556,842.5914,187557.6802,843434,77.9154,10.814186
1134,100,WeaklyCorrelated,fixed,1000,42,10.0000,1001,46031,9144,36859,28,0.198649,991,10,0.990010,1355,677.2957,156417.6568,677973,74.1440,9.134865
1135,100,WeaklyCorrelated,fixed,1000,42,10.0000,1001,48350,10608,37661,81,0.219400,990,11,0.989011,1645,934.1199,195675.5920,935054,88.1461,10.597403
1136,100,WeaklyCorrelated,fixed,1000,42,10.0000,1001,46278,10311,35567,400,0.222806,996,5,0.995005,1642,927.0539,192011.2239,927981,89.9991,10.300699
1137,100,WeaklyCorrelated,fixed,1000,42,10.0000,1001,53108,10997,41796,315,0.207069,1000,1,0.999001,1421,764.2937,160657.6880,765058,69.5697,10.986014
1138,100,WeaklyCorrelated,fixed,1000,42,10.0000,1001,44466,8864,35516,86,0.199343,968,33,0.967033,1331,690.0959,147687.0078,690786,77.9316,8.855145
1139,100,WeaklyCorrelated,fixed,1000,42,10.0000,1001,53467,13775,39605,87,0.257636,998,3,0.997003,1527,826.9051,171445.2767,827732,60.0894,13.761239
1140,100,WeaklyCorrelated,fixed,1000,42,10.0000,1001,47052,9738,37188,126,0.206963,992,9,0.991009,1376,727.7483,149661.4291,728476,74.8076,9.728272
1141,100,WeaklyCorrelated,fixed,1000,42,10.0000,1001,47115,8488,38503,124,0.180155,985,16,0.984016,1470,757.9730,182061.8005,758731,89.3887,8.479520
1142,100,WeaklyCorrelated,fixed,1000,42,10.0000,1001,56292,11346,44812,134,0.201556,994,7,0.993007,1631,945.3926,172893.8489,946338,83.4072,11.334665
1143,100,WeaklyCorrelated,fixed,1000,42,10.0000,1001,51263,13447,37685,131,0.262314,1000,1,0.999001,1733,1032.5544,192187.5278,1033587,76.8638,13.433566
1144,100,WeaklyCorrelated,fixed,1000,42,10.0000,1001,51662,12990,38419,253,0.251442,993,8,0.992008,1687,887.8971,223726.5219,888785,68.4207,12.977023
1145,100,WeaklyCorrelated,fixed,1000,42,10.0000,1001,46537,8157,38299,81,0.175280,999,2,0.998002,1492,822.8981,157855.4222,823721,100.9833,8.148851
1146,100,WeaklyCorrelated,fixed,1000,42,10.0000,1001,52989,12883,39882,224,0.243126,992,9,0.991009,1676,906.6893,225590.2661,907596,70.4491,12.870130
1147,100,WeaklyCorrelated,fixed,1000,42,10.0000,1001,50308,11153,39040,115,0.221694,1000,1,0.999001,1720,1007.9241,185177.7785,1008932,90.4628,11.141858
1148,100,WeaklyCorrelated,fixed,1000,42,10.0000,1001,54187,11168,42771,248,0.206101,988,13,0.987013,1480,787.8372,179526.3501,788625,70.6147,11.156843
1149,100,WeaklyCorrelated,fixed,1000,42,10.0000,1001,50259,10468,39563,228,0.208281,998,3,0.997003,1572,842.9151,197594.9848,843758,80.6036,10.457542
1150,100,WeaklyCorrelated,fixed,1000,42,10.0000,1001,49369,9040,40164,165,0.183111,965,36,0.964036,1449,762.6593,181624.4204,763422,84.4493,9.030969
1151,100,WeaklyCorrelated,fixed,1000,42,10.0000,1001,53299,13003,40080,216,0.243963,991,10,0.990010,1633,912.4446,199195.0122,913357,70.2420,12.990010
1152,100,WeaklyCorrelated,fixed,1000,42,10.0000,1001,53541,12910,39925,706,0.241124,996,5,0.995005,1681,973.9650,197107.4443,974939,75.5181,12.897103
1153,100,WeaklyCorrelated,fixed,1000,42,10.0000,1001,44327,6488,37799,40,0.146367,974,27,0.973027,1328,682.1678,153534.9608,682850,105.2482,6.481518
1154,100,WeaklyCorrelated,fixed,1000,42,10.0000,1001,50068,12939,37022,107,0.258429,994,7,0.993007,1716,998.0909,206589.8129,999089,77.2153,12.926074
1155,100,WeaklyCorrelated,fixed,1000,42,10.0000,1001,52652,14989,37070,593,0.284681,999,2,0.998002,1716,1017.5275,198508.0494,1018545,67.9528,14.974026
1156,100,WeaklyCorrelated,fixed,1000,42,10.0000,1001,54501,13499,40867,135,0.247684,991,10,0.990010,1780,1001.1329,239556.9584,1002134,74.2376,13.485514
1157,100,WeaklyCorrelated,fixed,1000,42,10.0000,1001,46769,8685,38023,61,0.185700,996,5,0.995005,1477,766.2827,170249.2737,767049,88.3188,8.676324
1158,100,WeaklyCorrelated,fixed,1000,42,10.0000,1001,50631,12523,37882,226,0.247339,998,3,0.997003,1504,779.1339,191983.4666,779913,62.2784,12.510490
1159,100,WeaklyCorrelated,fixed,1000,42,10.0000,1001,51749,10486,41171,92,0.202632,989,12,0.988012,1696,888.3866,237015.7656,889275,84.8059,10.475524
1160,100,WeaklyCorrelated,fixed,1000,42,10.0000,1001,52007,13219,38473,315,0.254177,1000,1,0.999001,1528,844.3187,162151.6697,845163,63.9355,13.205794
1161,100,WeaklyCorrelated,fixed,1000,42,10.0000,1001,46243,9961,36163,119,0.215406,991,10,0.990010,1435,759.3207,156194.3177,760080,76.3056,9.951049
1162,100,WeaklyCorrelated,fixed,1000,42,10.0000,1001,50820,13453,36667,700,0.264719,1000,1,0.999001,1546,836.1109,194547.0297,836947,62.2127,13.439560
1163,100,WeaklyCorrelated,fixed,1000,42,10.0000,1001,48933,10766,37920,247,0.220015,983,18,0.982018,1489,826.2398,170803.1733,827066,76.8220,10.755245
1164,100,WeaklyCorrelated,fixed,1000,42,10.0000,1001,48036,11125,36669,242,0.231597,992,9,0.991009,1555,843.8961,182144.4507,844740,75.9317,11.113886
1165,100,WeaklyCorrelated,fixed,1000,42,10.0000,1001,46929,8154,38546,229,0.173752,984,17,0.983017,1469,787.8531,176582.8526,788641,96.7183,8.145854
1166,100,WeaklyCorrelated,fixed,1000,42,10.0000,1001,48648,12461,35891,296,0.256146,999,2,0.998002,1521,852.3497,161792.7129,853202,68.4698,12.448551
1167,100,WeaklyCorrelated,fixed,1000,42,10.0000,1001,46685,11606,34755,324,0.248602,992,9,0.991009,1514,864.2378,162489.5419,865102,74.5392,11.594406
1168,100,WeaklyCorrelated,fixed,1000,42,10.0000,1001,50237,13236,36735,266,0.263471,988,13,0.987013,1775,1088.6563,210380.2635,1089745,82.3319,13.222777
1169,100,WeaklyCorrelated,fixed,1000,42,10.0000,1001,50574,12900,37465,209,0.255072,998,3,0.997003,1659,954.9580,182229.0712,955913,74.1018,12.887113
1170,100,WeaklyCorrelated,fixed,1000,42,10.0000,1001,55174,15080,39836,258,0.273317,993,8,0.992008,1726,1027.1049,188323.1648,1028132,68.1785,15.064935
1171,100,WeaklyCorrelated,fixed,1000,42,10.0000,1001,55303,11094,43644,565,0.200604,998,3,0.997003,1764,1062.5065,193952.9213,1063569,95.8688,11.082917
1172,100,WeaklyCorrelated,fixed,1000,42,10.0000,1001,52379,10243,41579,557,0.195555,985,16,0.984016,1490,804.7542,181701.8817,805559,78.6448,10.232767
1173,100,WeaklyCorrelated,fixed,1000,42,10.0000,1001,57705,12964,44406,335,0.224660,977,24,0.976024,1698,954.0769,218411.3637,955031,73.6679,12.951049
1174,100,WeaklyCorrelated,fixed,1000,42,10.0000,1001,49315,10535,38748,32,0.213627,999,2,0.998002,1582,874.7842,181678.2392,875659,83.1190,10.524476
1175,100,WeaklyCorrelated,fixed,1000,42,10.0000,1001,43511,9117,33963,431,0.209533,998,3,0.997003,1368,718.1518,151252.5684,718870,78.8494,9.107892
1176,100,WeaklyCorrelated,fixed,1000,42,10.0000,1001,42740,9725,32680,335,0.227539,996,5,0.995005,1437,790.9870,155622.1767,791778,81.4168,9.715285
1177,100,WeaklyCorrelated,fixed,1000,42,10.0000,1001,49383,11043,38187,153,0.223619,998,3,0.997003,1375,711.3666,149588.8336,712078,64.4823,11.031968
1178,100,WeaklyCorrelated,fixed,1000,42,10.0000,1001,48290,9763,38057,470,0.202174,987,14,0.986014,1479,774.2577,180034.3432,775032,79.3846,9.753247
1179,100,WeaklyCorrelated,fixed,1000,42,10.0000,1001,51205,11666,39034,505,0.227829,999,2,0.998002,1395,721.2368,164947.1737,721958,61.8857,11.654346
1180,100,WeaklyCorrelated,fixed,1000,42,10.0000,1001,54709,13073,41521,115,0.238955,992,9,0.991009,1665,947.5105,200985.6845,948458,72.5509,13.059940
1181,100,WeaklyCorrelated,fixed,1000,42,10.0000,1001,52982,12639,40178,165,0.238553,995,6,0.994006,1523,812.1009,183204.4424,812913,64.3178,12.626374
1182,100,WeaklyCorrelated,fixed,1000,42,10.0000,1001,51198,12305,38719,174,0.240341,1000,1,0.999001,1495,831.1429,163703.0435,831974,67.6127,12.292707
1183,100,WeaklyCorrelated,fixed,1000,42,10.0000,1001,49317,7512,41781,24,0.152321,976,25,0.975025,1480,768.2877,184202.1610,769056,102.3770,7.504496
1184,100,WeaklyCorrelated,fixed,1000,42,10.0000,1001,50302,12116,38097,89,0.240865,996,5,0.995005,1630,923.0809,187840.0924,924004,76.2631,12.103896
1185,100,WeaklyCorrelated,fixed,1000,42,10.0000,1001,47027,12029,34945,53,0.255789,989,12,0.988012,1594,893.3956,206150.4529,894289,74.3444,12.016983
1186,100,WeaklyCorrelated,fixed,1000,42,10.0000,1001,48870,11493,37107,270,0.235175,999,2,0.998002,1560,873.2727,181297.8487,874146,76.0590,11.481518
1187,100,WeaklyCorrelated,fixed,1000,42,10.0000,1001,50807,13168,37348,291,0.259177,997,4,0.996004,1518,841.0270,172734.2640,841868,63.9329,13.154845
1188,100,WeaklyCorrelated,fixed,1000,42,10.0000,1001,51251,11390,39489,372,0.222240,992,9,0.991009,1549,852.9880,177544.6452,853841,74.9641,11.378621
1189,100,WeaklyCorrelated,fixed,1000,42,10.0000,1001,47173,10491,36642,40,0.222394,998,3,0.997003,1599,907.3357,190603.1661,908243,86.5735,10.480519
1190,100,WeaklyCorrelated,fixed,1000,42,10.0000,1001,51242,9974,41072,196,0.194645,998,3,0.997003,1499,769.5005,177704.9973,770270,77.2278,9.964036
1191,100,WeaklyCorrelated,fixed,1000,42,10.0000,1001,49031,9562,38959,510,0.195019,991,10,0.990010,1439,744.9231,173554.7184,745668,77.9824,9.552448
1192,100,WeaklyCorrelated,fixed,1000,42,10.0000,1001,49401,9056,40158,187,0.183316,994,7,0.993007,1478,818.6284,154806.2195,819447,90.4866,9.046953
1193,100,WeaklyCorrelated,fixed,1000,42,10.0000,1001,51106,10700,40301,105,0.209369,983,18,0.982018,1536,817.0320,190877.1898,817849,76.4345,10.689311
1194,100,WeaklyCorrelated,fixed,1000,42,10.0000,1001,53328,11447,41806,75,0.214653,994,7,0.993007,1696,949.4446,202203.7614,950394,83.0256,11.435564
1195,100,WeaklyCorrelated,fixed,1000,42,10.0000,1001,56431,12277,43975,179,0.217558,1000,1,0.999001,1490,814.5065,166498.1161,815321,66.4104,12.264735
1196,100,WeaklyCorrelated,fixed,1000,42,10.0000,1001,47500,9869,37343,288,0.207768,982,19,0.981019,1372,710.0999,161626.0839,710810,72.0245,9.859141
1197,100,WeaklyCorrelated,fixed,1000,42,10.0000,1001,44942,6979,37923,40,0.155289,950,51,0.949051,1388,717.3906,169507.1471,718108,102.8955,6.972028
1198,100,WeaklyCorrelated,fixed,1000,42,10.0000,1001,54103,11894,41998,211,0.219840,997,4,0.996004,1730,968.3956,215896.4729,969364,81.5003,11.882118
1199,100,WeaklyCorrelated,fixed,1000,42,10.0000,1001,47145,12804,34251,90,0.271588,1000,1,0.999001,1624,932.8751,198669.5598,933808,72.9310,12.791209
1200,100,StronglyCorrelated,fixed,1000,42,10.0000,1001,50453,12541,36744,1168,0.248568,997,4,0.996004,1088,558.0110,95397.4694,558569,44.5394,12.528472
1201,100,StronglyCorrelated,fixed,1000,42,10.0000,1001,48777,12171,35461,1145,0.249523,985,16,0.984016,1078,550.8641,96314.8407,551415,45.3056,12.158841
1202,100,StronglyCorrelated,fixed,1000,42,10.0000,1001,53554,12047,40289,1218,0.224951,976,25,0.975025,1081,545.6773,98407.7270,546223,45.3410,12.034965
1203,100,StronglyCorrelated,fixed,1000,42,10.0000,1001,46186,12919,32017,1250,0.279717,1000,1,0.999001,1088,559.6194,95569.3027,560179,43.3609,12.906094
1204,100,StronglyCorrelated,fixed,1000,42,10.0000,1001,48158,11318,35667,1173,0.235018,998,3,0.997003,1073,545.0210,94847.7388,545566,48.2034,11.306693
1205,100,StronglyCorrelated,fixed,1000,42,10.0000,1001,51512,12547,38051,914,0.243574,994,7,0.993007,1091,554.2068,99278.6955,554761,44.2146,12.534466
1206,100,StronglyCorrelated,fixed,1000,42,10.0000,1001,51277,12378,37476,1423,0.241395,1000,1,0.999001,1075,550.6693,93916.6949,551220,44.5322,12.365634
1207,100,StronglyCorrelated,fixed,1000,42,10.0000,1001,52172,13854,37221,1097,0.265545,998,3,0.997003,1101,569.8122,99512.3563,570382,41.1709,13.840160
1208,100,StronglyCorrelated,fixed,1000,42,10.0000,1001,47604,10996,35655,953,0.230989,998,3,0.997003,1076,544.8002,96246.9531,545345,49.5949,10.985015
1209,100,StronglyCorrelated,fixed,1000,42,10.0000,1001,53411,12461,40099,851,0.233304,993,8,0.992008,1088,556.5924,96617.3204,557149,44.7114,12.448551
1210,100,StronglyCorrelated,fixed,1000,42,10.0000,1001,55079,15696,38041,1342,0.284972,996,5,0.995005,1086,552.2627,97608.3076,552815,35.2201,15.680320
1211,100,StronglyCorrelated,fixed,1000,42,10.0000,1001,51219,11576,38627,1016,0.226010,998,3,0.997003,1088,548.0739,99098.9875,548622,47.3931,11.564436
1212,100,StronglyCorrelated,fixed,1000,42,10.0000,1001,48833,12820,35147,866,0.262527,997,4,0.996004,1096,565.2358,97106.8595,565801,44.1342,12.807193
1213,100,StronglyCorrelated,fixed,1000,42,10.0000,1001,49684,13733,34254,1697,0.276407,997,4,0.996004,1075,544.8402,96099.2132,545385,39.7135,13.719281
1214,100,StronglyCorrelated,fixed,1000,42,10.0000,1001,59661,18030,40071,1560,0.302207,995,6,0.994006,1118,580.3267,100653.7784,580907,32.2189,18.011988
1215,100,StronglyCorrelated,fixed,1000,42,10.0000,1001,52927,12314,39388,1225,0.232660,989,12,0.988012,1079,551.3976,95380.3274,551949,44.8229,12.301698
1216,100,StronglyCorrelated,fixed,1000,42,10.0000,1001,49351,15194,32875,1282,0.307876,994,7,0.993007,1096,568.1988,95743.6858,568767,37.4337,15.178821
1217,100,StronglyCorrelated,fixed,1000,42,10.0000,1001,49232,12044,35872,1316,0.244638,990,11,0.989011,1073,547.1139,94919.9211,547661,45.4717,12.031968
1218,100,StronglyCorrelated,fixed,1000,42,10.0000,1001,51383,12207,37866,1310,0.237569,993,8,0.992008,1077,550.0490,95575.1634,550599,45.1052,12.194805
1219,100,StronglyCorrelated,fixed,1000,42,10.0000,1001,47765,9504,37360,901,0.198974,992,9,0.991009,1068,543.9041,93300.6861,544448,57.2862,9.494505
1220,100,StronglyCorrelated,fixed,1000,42,10.0000,1001,54469,13860,39110,1499,0.254457,990,11,0.989011,1105,568.3856,98781.9992,568954,41.0501,13.846154
1221,100,StronglyCorrelated,fixed,1000,42,10.0000,1001,53872,12363,40135,1374,0.229488,982,19,0.981019,1075,544.3506,95873.1508,544895,44.0747,12.350649
1222,100,StronglyCorrelated,fixed,1000,42,10.0000,1001,51200,12229,38118,853,0.238848,997,4,0.996004,1090,559.0500,96117.3362,559609,45.7608,12.216783
1223,100,StronglyCorrelated,fixed,1000,42,10.0000,1001,51013,14807,34600,1606,0.290259,992,9,0.991009,1085,553.2048,96151.1339,553758,37.3984,14.792208
1224,100,StronglyCorrelated,fixed,1000,42,10.0000,1001,44591,8714,34670,1207,0.195421,976,25,0.975025,1055,530.0979,94143.0254,530628,60.8937,8.705295
1225,100,StronglyCorrelated,fixed,1000,42,10.0000,1001,48814,11788,35973,1053,0.241488,980,21,0.979021,1072,541.8781,96442.6745,542420,46.0146,11.776224
1226,100,StronglyCorrelated,fixed,1000,42,10.0000,1001,48395,10953,36570,872,0.226325,1000,1,0.999001,1072,548.6533,93459.8728,549202,50.1417,10.942058
1227,100,StronglyCorrelated,fixed,1000,42,10.0000,1001,42275,8783,32641,851,0.207759,994,7,0.993007,1047,527.9021,91973.2252,528430,60.1651,8.774226
1228,100,StronglyCorrelated,fixed,1000,42,10.0000,1001,53503,11071,41058,1374,0.206923,989,12,0.988012,1079,543.7203,97502.9707,544264,49.1612,11.059940
1229,100,StronglyCorrelated,fixed,1000,42,10.0000,1001,52292,13532,37560,1200,0.258778,1000,1,0.999001,1092,560.8432,95334.4240,561404,41.4871,13.518482
1230,100,StronglyCorrelated,fixed,1000,42,10.0000,1001,47403,12424,33668,1311,0.262093,998,3,0.997003,1078,551.0270,94860.6117,551578,44.3962,12.411588
1231,100,StronglyCorrelated,fixed,1000,42,10.0000,1001,50327,14184,35122,1021,0.281837,997,4,0.996004,1103,564.7782,98053.0557,565343,39.8578,14.169830
1232,100,StronglyCorrelated,fixed,1000,42,10.0000,1001,49983,11995,36608,1380,0.239982,993,8,0.992008,1072,542.3776,95017.9993,542920,45.2622,11.983017
1233,100,StronglyCorrelated,fixed,1000,42,10.0000,1001,49453,13857,34392,1204,0.280205,997,4,0.996004,1092,562.9471,97116.4577,563510,40.6661,13.843157
1234,100,StronglyCorrelated,fixed,1000,42,10.0000,1001,46549,11740,33787,1022,0.252207,994,7,0.993007,1080,553.1189,94451.5433,553672,47.1612,11.728272
1235,100,StronglyCorrelated,fixed,1000,42,10.0000,1001,51401,11381,38781,1239,0.221416,983,18,0.982018,1103,559.5854,100854.9760,560145,49.2176,11.369630
1236,100,StronglyCorrelated,fixed,1000,42,10.0000,1001,47127,12725,33507,895,0.270015,988,13,0.987013,1092,557.4336,98110.4554,557991,43.8500,12.712288
1237,100,StronglyCorrelated,fixed,1000,42,10.0000,1001,48214,13608,33384,1222,0.282242,993,8,0.992008,1088,563.7962,95085.9525,564360,41.4727,13.594406
1238,100,StronglyCorrelated,fixed,1000,42,10.0000,1001,45162,9082,34986,1094,0.201098,990,11,0.989011,1054,533.5594,92310.4463,534093,58.8079,9.072927
1239,100,StronglyCorrelated,fixed,1000,42,10.0000,1001,50707,11860,37402,1445,0.233893,996,5,0.995005,1074,550.3546,93387.0940,550905,46.4507,11.848152
1240,100,StronglyCorrelated,fixed,1000,42,10.0000,1001,53540,12828,39213,1499,0.239597,1000,1,0.999001,1082,553.8531,95461.3421,554407,43.2185,12.815185
1241,100,StronglyCorrelated,fixed,1000,42,10.0000,1001,46949,11083,35007,859,0.236065,984,17,0.983017,1087,551.8452,98497.7532,552397,49.8418,11.071928
1242,100,StronglyCorrelated,fixed,1000,42,10.0000,1001,52301,11238,39655,1408,0.214872,1000,1,0.999001,1076,549.0000,94113.6663,549549,48.9010,11.226773
1243,100,StronglyCorrelated,fixed,1000,42,10.0000,1001,49514,12462,35693,1359,0.251686,979,22,0.978022,1084,546.4206,98491.5224,546967,43.8908,12.449550
1244,100,StronglyCorrelated,fixed,1000,42,10.0000,1001,51728,15592,34865,1271,0.301423,991,10,0.990010,1106,566.0260,100214.8445,566592,36.3386,15.576424
1245,100,StronglyCorrelated,fixed,1000,42,10.0000,1001,50980,14990,34732,1258,0.294037,996,5,0.995005,1093,561.4745,97764.4132,562036,37.4941,14.975025
1246,100,StronglyCorrelated,fixed,1000,42,10.0000,1001,53255,13224,39016,1015,0.248315,972,29,0.971029,1097,557.5794,100616.4855,558137,42.2064,13.210789
1247,100,StronglyCorrelated,fixed,1000,42,10.0000,1001,46260,9347,35677,1236,0.202054,961,40,0.960040,1072,544.6593,97078.8480,545204,58.3293,9.337662
1248,100,StronglyCorrelated,fixed,1000,42,10.0000,1001,49629,13235,34681,1713,0.266679,995,6,0.994006,1077,548.9491,94398.0284,549498,41.5185,13.221778
1249,100,StronglyCorrelated,fixed,1000,42,10.0000,1001,43712,11899,30806,1007,0.272214,999,2,0.998002,1075,549.6094,94395.9583,550159,46.2357,11.887113
1250,100,StronglyCorrelated,fixed,1000,42,10.0000,1001,51732,11112,39010,1610,0.214799,992,9,0.991009,1064,536.9261,94462.0465,537463,48.3678,11.100899
1251,100,StronglyCorrelated,fixed,1000,42,10.0000,1001,51911,13143,36971,1797,0.253183,980,21,0.979021,1081,545.1379,97764.4285,545683,41.5189,13.129870
1252,100,StronglyCorrelated,fixed,1000,42,10.0000,1001,49913,12413,35829,1671,0.248693,980,21,0.979021,1065,537.7792,94350.2120,538317,43.3672,12.400599
1253,100,StronglyCorrelated,fixed,1000,42,10.0000,1001,51677,15999,34784,894,0.309596,998,3,0.997003,1098,566.6184,97717.2170,567185,35.4513,15.983017
1254,100,StronglyCorrelated,fixed,1000,42,10.0000,1001,48956,12669,34802,1485,0.258783,998,3,0.997003,1085,553.9890,97285.3895,554543,43.7716,12.656344
1255,100,StronglyCorrelated,fixed,1000,42,10.0000,1001,49601,12308,36115,1178,0.248140,997,4,0.996004,1080,552.9740,94344.3390,553527,44.9729,12.295704
1256,100,StronglyCorrelated,fixed,1000,42,10.0000,1001,48445,12368,34768,1309,0.255300,1000,1,0.999001,1085,555.5135,94850.5455,556069,44.9603,12.355644
1257,100,StronglyCorrelated,fixed,1000,42,10.0000,1001,48693,11668,36259,766,0.239624,995,6,0.994006,1082,553.9650,95442.9988,554519,47.5248,11.656344
1258,100,StronglyCorrelated,fixed,1000,42,10.0000,1001,50677,11388,38050,1239,0.224717,978,23,0.977023,1073,546.1918,95319.3838,546738,48.0100,11.376623
1259,100,StronglyCorrelated,fixed,1000,42,10.0000,1001,47952,14457,32381,1114,0.301489,995,6,0.994006,1112,576.2288,100572.7539,576805,39.8980,14.442557
1260,100,StronglyCorrelated,fixed,1000,42,10.0000,1001,45523,11709,32516,1298,0.257211,994,7,0.993007,1072,544.5115,94166.3258,545056,46.5502,11.697303
1261,100,StronglyCorrelated,fixed,1000,42,10.0000,1001,50878,10263,39674,941,0.201718,993,8,0.992008,1075,545.1059,96426.9179,545651,53.1668,10.252747
1262,100,StronglyCorrelated,fixed,1000,42,10.0000,1001,50135,12720,36144,1271,0.253715,1000,1,0.999001,1077,545.4296,96053.1601,545975,42.9226,12.707293
1263,100,StronglyCorrelated,fixed,1000,42,10.0000,1001,48373,11179,36085,1109,0.231100,982,19,0.981019,1075,542.9950,97244.2807,543538,48.6213,11.167832
1264,100,StronglyCorrelated,fixed,1000,42,10.0000,1001,49748,10471,38182,1095,0.210481,997,4,0.996004,1069,542.1379,95003.6693,542680,51.8270,10.460539
1265,100,StronglyCorrelated,fixed,1000,42,10.0000,1001,47832,10524,35494,1814,0.220020,995,6,0.994006,1082,549.2158,96790.6368,549765,52.2392,10.513487
1266,100,StronglyCorrelated,fixed,1000,42,10.0000,1001,52945,10941,40723,1281,0.206648,996,5,0.995005,1078,548.5874,95881.1614,549136,50.1907,10.930070
1267,100,StronglyCorrelated,fixed,1000,42,10.0000,1001,55406,12906,41540,960,0.232935,1000,1,0.999001,1086,555.4386,96511.7267,555994,43.0803,12.893107
1268,100,StronglyCorrelated,fixed,1000,42,10.0000,1001,47819,12573,33919,1327,0.262929,1000,1,0.999001,1096,570.8941,93793.9308,571465,45.4518,12.560440
1269,100,StronglyCorrelated,fixed,1000,42,10.0000,1001,45884,11862,33000,1022,0.258521,994,7,0.993007,1076,549.8841,94215.0135,550434,46.4031,11.850150
1270,100,StronglyCorrelated,fixed,1000,42,10.0000,1001,55599,12201,41905,1493,0.219446,987,14,0.986014,1083,549.5784,98317.0730,550128,45.0888,12.188811
1271,100,StronglyCorrelated,fixed,1000,42,10.0000,1001,51168,12686,37215,1267,0.247928,993,8,0.992008,1088,554.7892,97238.5879,555344,43.7761,12.673327
1272,100,StronglyCorrelated,fixed,1000,42,10.0000,1001,50314,14066,35167,1081,0.279564,997,4,0.996004,1102,568.9780,97269.3362,569547,40.4910,14.051948
1273,100,StronglyCorrelated,fixed,1000,42,10.0000,1001,51031,11700,37180,2151,0.229272,987,14,0.986014,1062,537.0380,93740.4101,537575,45.9466,11.688312
1274,100,StronglyCorrelated,fixed,1000,42,10.0000,1001,52319,15280,35473,1566,0.292055,998,3,0.997003,1097,567.1359,97204.1054,567703,37.1533,15.264735
1275,100,StronglyCorrelated,fixed,1000,42,10.0000,1001,52767,10975,40084,1708,0.207990,996,5,0.995005,1066,539.5465,94451.5485,540086,49.2106,10.964036
1276,100,StronglyCorrelated,fixed,1000,42,10.0000,1001,52758,15621,36196,941,0.296088,1000,1,0.999001,1121,583.3526,99945.6189,583936,37.3815,15.605395
1277,100,StronglyCorrelated,fixed,1000,42,10.0000,1001,48412,12084,34761,1567,0.249608,999,2,0.998002,1074,550.8342,92851.8986,551385,45.6293,12.071928
1278,100,StronglyCorrelated,fixed,1000,42,10.0000,1001,52680,13272,38253,1155,0.251936,988,13,0.987013,1089,555.7443,97934.1024,556300,41.9153,13.258741
1279,100,StronglyCorrelated,fixed,1000,42,10.0000,1001,52929,12221,39523,1185,0.230894,987,14,0.986014,1098,557.9930,99556.2807,558551,45.7042,12.208791
1280,100,StronglyCorrelated,fixed,1000,42,10.0000,1001,47320,10917,35062,1341,0.230706,978,23,0.977023,1083,550.5375,97973.5793,551088,50.4798,10.906094
1281,100,StronglyCorrelated,fixed,1000,42,10.0000,1001,47912,11559,35452,901,0.241255,1000,1,0.999001,1090,555.3826,97609.0954,555938,48.0957,11.547453
1282,100,StronglyCorrelated,fixed,1000,42,10.0000,1001,54224,15045,37566,1613,0.277460,992,9,0.991009,1104,570.9620,98650.7678,571533,37.9882,15.029970
1283,100,StronglyCorrelated,fixed,1000,42,10.0000,1001,47061,9645,36178,1238,0.204947,994,7,0.993007,1057,536.4276,92112.5524,536964,55.6728,9.635365
1284,100,StronglyCorrelated,fixed,1000,42,10.0000,1001,50868,12875,37045,948,0.253106,992,9,0.991009,1082,556.4076,94940.7589,556964,43.2593,12.862138
1285,100,StronglyCorrelated,fixed,1000,42,10.0000,1001,53657,14515,38077,1065,0.270515,994,7,0.993007,1094,566.1678,94997.8320,566734,39.0447,14.500500
1286,100,StronglyCorrelated,fixed,1000,42,10.0000,1001,46173,10990,33493,1690,0.238018,993,8,0.992008,1064,541.8002,93386.6774,542342,49.3487,10.979021
1287,100,StronglyCorrelated,fixed,1000,42,10.0000,1001,45596,8648,36071,877,0.189666,981,20,0.980020,1062,535.6024,94060.5512,536138,61.9956,8.639361
1288,100,StronglyCorrelated,fixed,1000,42,10.0000,1001,46043,10836,34016,1191,0.235345,972,29,0.971029,1079,546.1219,97022.3568,546668,50.4492,10.825175
1289,100,StronglyCorrelated,fixed,1000,42,10.0000,1001,49870,14166,34123,1581,0.284059,989,12,0.988012,1108,570.6803,99319.9098,571251,40.3255,14.151848
1290,100,StronglyCorrelated,fixed,1000,42,10.0000,1001,48475,8991,38710,774,0.185477,978,23,0.977023,1064,535.9441,94536.2127,536480,59.6686,8.982018
1291,100,StronglyCorrelated,fixed,1000,42,10.0000,1001,48664,11934,35514,1216,0.245233,999,2,0.998002,1072,542.3636,94331.0206,542906,45.4924,11.922078
1292,100,StronglyCorrelated,fixed,1000,42,10.0000,1001,47139,9857,35440,1842,0.209105,957,44,0.956044,1051,522.8891,93625.2035,523412,53.1005,9.847153
1293,100,StronglyCorrelated,fixed,1000,42,10.0000,1001,54719,12612,41248,859,0.230487,999,2,0.998002,1101,566.3596,98286.9556,566926,44.9513,12.599401
1294,100,StronglyCorrelated,fixed,1000,42,10.0000,1001,47497,10053,36266,1178,0.211655,971,30,0.970030,1064,538.0440,94562.5375,538582,53.5743,10.042957
1295,100,StronglyCorrelated,fixed,1000,42,10.0000,1001,53719,12707,39686,1326,0.236546,994,7,0.993007,1096,565.3347,97077.3036,565900,44.5345,12.694306
1296,100,StronglyCorrelated,fixed,1000,42,10.0000,1001,52222,15396,35427,1399,0.294818,999,2,0.998002,1105,574.0340,96904.5543,574608,37.3219,15.380619
1297,100,StronglyCorrelated,fixed,1000,42,10.0000,1001,55158,12588,40973,1597,0.228217,989,12,0.988012,1088,553.5534,97417.6218,554107,44.0187,12.575425
1298,100,StronglyCorrelated,fixed,1000,42,10.0000,1001,49514,13013,35570,931,0.262815,996,5,0.995005,1097,566.0629,96807.4356,566629,43.5433,13.000000
1299,100,StronglyCorrelated,fixed,1000,42,10.0000,1001,52233,12342,38436,1455,0.236287,991,10,0.990010,1088,556.1409,97517.5975,556697,45.1059,12.329670
1300,100,InverseCorrelated,fixed,1000,42,10.0000,1001,51399,13512,37838,49,0.262884,993,8,0.992008,11102,7467.1588,7785283.5482,7474626,553.1843,13.498501
1301,100,InverseCorrelated,fixed,1000,42,10.0000,1001,48331,14718,33544,69,0.304525,986,15,0.985015,14077,9173.0140,13147733.3105,9182187,623.8746,14.703297
1302,100,InverseCorrelated,fixed,1000,42,10.0000,1001,48112,12068,36044,0,0.250831,990,11,0.989011,10138,6973.9650,6194136.7111,6980939,578.4669,12.055944
1303,100,InverseCorrelated,fixed,1000,42,10.0000,1001,53870,17563,36188,119,0.326026,998,3,0.997003,15127,10806.5554,12764269.6615,10817362,615.9177,17.545455
1304,100,InverseCorrelated,fixed,1000,42,10.0000,1001,49750,15127,34413,210,0.304060,977,24,0.976024,12061,7153.0150,11009850.9199,7160168,473.3369,15.111888
1305,100,InverseCorrelated,fixed,1000,42,10.0000,1001,49110,14516,34493,101,0.295581,995,6,0.994006,12078,7590.5964,9538545.2937,7598187,523.4353,14.501499
1306,100,InverseCorrelated,fixed,1000,42,10.0000,1001,44620,10246,34352,22,0.229628,979,22,0.978022,10076,6902.9720,6391769.2080,6909875,674.3973,10.235764
1307,100,InverseCorrelated,fixed,1000,42,10.0000,1001,51513,15766,35747,0,0.306059,993,8,0.992008,12052,7427.3606,9016096.9099,7434788,471.5710,15.750250
1308,100,InverseCorrelated,fixed,1000,42,10.0000,1001,52294,17069,35118,107,0.326405,988,13,0.987013,15106,9670.6823,17076738.5744,9680353,567.1306,17.051948
1309,100,InverseCorrelated,fixed,1000,42,10.0000,1001,51380,12250,39128,2,0.238420,999,2,0.998002,11014,7041.0719,5747296.2506,7048113,575.3562,12.237762
1310,100,InverseCorrelated,fixed,1000,42,10.0000,1001,55603,14345,41106,152,0.257990,998,3,0.997003,13156,9042.4046,10267103.5836,9051447,630.9827,14.330669
1311,100,InverseCorrelated,fixed,1000,42,10.0000,1001,55476,14731,40745,0,0.265538,997,4,0.996004,12054,7834.0130,7965719.3775,7841847,532.3364,14.716284
1312,100,InverseCorrelated,fixed,1000,42,10.0000,1001,47335,12268,35067,0,0.259174,987,14,0.986014,8137,5021.4126,5067499.9926,5026434,409.7191,12.255744
1313,100,InverseCorrelated,fixed,1000,42,10.0000,1001,51212,11691,39521,0,0.228286,1000,1,0.999001,10011,6003.2737,5859780.7522,6009277,514.0088,11.679321
1314,100,InverseCorrelated,fixed,1000,42,10.0000,1001,51158,15568,35590,0,0.304312,999,2,0.998002,14102,9528.7173,11385328.3466,9538246,612.6828,15.552448
1315,100,InverseCorrelated,fixed,1000,42,10.0000,1001,53923,15743,38087,93,0.291953,998,3,0.997003,13033,8780.2777,6770025.7810,8789058,558.2836,15.727273
1316,100,InverseCorrelated,fixed,1000,42,10.0000,1001,49707,12993,36211,503,0.261392,983,18,0.982018,12058,7279.2737,10129053.7293,7286553,560.8060,12.980020
1317,100,InverseCorrelated,fixed,1000,42,10.0000,1001,49081,14181,34900,0,0.288931,994,7,0.993007,13037,8766.6823,8137531.1858,8775449,618.8174,14.166833
1318,100,InverseCorrelated,fixed,1000,42,10.0000,1001,51179,13808,37371,0,0.269798,991,10,0.990010,11113,7843.5325,7302786.6965,7851376,568.6107,13.794206
1319,100,InverseCorrelated,fixed,1000,42,10.0000,1001,46929,12928,34001,0,0.275480,966,35,0.965035,9113,5394.1758,6616619.3337,5399570,417.6648,12.915085
1320,100,InverseCorrelated,fixed,1000,42,10.0000,1001,53699,14319,39336,44,0.266653,994,7,0.993007,12113,8254.7263,9968978.0050,8262981,577.0641,14.304695
1321,100,InverseCorrelated,fixed,1000,42,10.0000,1001,51698,15577,35737,384,0.301308,995,6,0.994006,14052,8925.1229,13043064.2177,8934048,573.5410,15.561439
1322,100,InverseCorrelated,fixed,1000,42,10.0000,1001,51774,13857,37838,79,0.267644,989,12,0.988012,12100,7426.3516,10725385.2510,7433778,536.4637,13.843157
1323,100,InverseCorrelated,fixed,1000,42,10.0000,1001,46833,15182,31603,48,0.324173,984,17,0.983017,13149,8821.6434,13376466.4352,8830465,581.6404,15.166833
1324,100,InverseCorrelated,fixed,1000,42,10.0000,1001,51376,13619,37757,0,0.265085,992,9,0.991009,12103,7917.9950,9676879.0799,7925913,581.9747,13.605395
1325,100,InverseCorrelated,fixed,1000,42,10.0000,1001,44658,11333,32970,355,0.253773,997,4,0.996004,9150,6403.4565,4423405.7007,6409860,565.5925,11.321678
1326,100,InverseCorrelated,fixed,1000,42,10.0000,1001,51676,15951,35582,143,0.308673,989,12,0.988012,13078,8900.5255,11032445.3802,8909426,558.5497,15.935065
1327,100,InverseCorrelated,fixed,1000,42,10.0000,1001,50468,13659,36720,89,0.270647,985,16,0.984016,11093,7278.2537,7721479.2863,7285532,533.3869,13.645355
1328,100,InverseCorrelated,fixed,1000,42,10.0000,1001,53136,14917,38219,0,0.280732,988,13,0.987013,11104,7618.0569,6859309.1007,7625675,511.2070,14.902098
1329,100,InverseCorrelated,fixed,1000,42,10.0000,1001,48502,13094,35408,0,0.269968,998,3,0.997003,12031,8031.2138,7647560.7095,8039245,613.9640,13.080919
1330,100,InverseCorrelated,fixed,1000,42,10.0000,1001,47718,14779,32808,131,0.309715,995,6,0.994006,11065,7006.4885,7493209.6305,7013495,474.5582,14.764236
1331,100,InverseCorrelated,fixed,1000,42,10.0000,1001,52017,13765,38217,35,0.264625,1000,1,0.999001,13020,8382.9321,10724309.0044,8391315,609.6124,13.751249
1332,100,InverseCorrelated,fixed,1000,42,10.0000,1001,48987,13544,35156,287,0.276482,997,4,0.996004,10153,7054.8142,5817068.5509,7061869,521.4020,13.530470
1333,100,InverseCorrelated,fixed,1000,42,10.0000,1001,50144,15248,34896,0,0.304084,989,12,0.988012,13083,8823.1768,10402483.1905,8832000,579.2235,15.232767
1334,100,InverseCorrelated,fixed,1000,42,10.0000,1001,47432,14084,33273,75,0.296930,991,10,0.990010,12102,8494.7023,7349957.5677,8503197,603.7487,14.069930
1335,100,InverseCorrelated,fixed,1000,42,10.0000,1001,53003,16435,36272,296,0.310077,992,9,0.991009,14130,9638.8541,12559707.1496,9648493,587.0699,16.418581
1336,100,InverseCorrelated,fixed,1000,42,10.0000,1001,57843,13040,44386,417,0.225438,998,3,0.997003,10088,6747.7962,6035294.9255,6754544,517.9865,13.026973
1337,100,InverseCorrelated,fixed,1000,42,10.0000,1001,51056,16612,34231,213,0.325368,999,2,0.998002,15060,9637.5634,14291504.5317,9647201,580.7369,16.595405
1338,100,InverseCorrelated,fixed,1000,42,10.0000,1001,45110,11477,33559,74,0.254423,981,20,0.980020,11021,6579.3347,8357861.4155,6585914,573.8358,11.465534
1339,100,InverseCorrelated,fixed,1000,42,10.0000,1001,51031,14966,36065,0,0.293273,973,28,0.972028,12094,7786.4376,11135322.6557,7794224,520.7954,14.951049
1340,100,InverseCorrelated,fixed,1000,42,10.0000,1001,57639,18017,39622,0,0.312583,994,7,0.993007,15117,10600.9441,13294914.3705,10611545,588.9740,17.999001
1341,100,InverseCorrelated,fixed,1000,42,10.0000,1001,48980,12212,36768,0,0.249326,994,7,0.993007,10101,6646.5215,6089103.3005,6653168,544.8058,12.199800
1342,100,InverseCorrelated,fixed,1000,42,10.0000,1001,48306,13419,34732,155,0.277792,998,3,0.997003,12078,7869.1069,8783816.6249,7876976,587.0017,13.405594
1343,100,InverseCorrelated,fixed,1000,42,10.0000,1001,50465,16966,33451,48,0.336193,994,7,0.993007,15057,10093.0410,13463396.1751,10103134,595.4930,16.949051
1344,100,InverseCorrelated,fixed,1000,42,10.0000,1001,50475,13569,36891,15,0.268826,997,4,0.996004,12105,8669.7682,7291392.5597,8678438,639.5783,13.555445
1345,100,InverseCorrelated,fixed,1000,42,10.0000,1001,50663,14839,35824,0,0.292896,997,4,0.996004,13071,8301.7143,11237213.7346,8310016,560.0119,14.824176
1346,100,InverseCorrelated,fixed,1000,42,10.0000,1001,50255,14182,35950,123,0.282201,982,19,0.981019,12100,7934.1978,9941881.9868,7942132,560.0149,14.167832
1347,100,InverseCorrelated,fixed,1000,42,10.0000,1001,49237,12488,36749,0,0.253630,984,17,0.983017,11113,7319.5095,8763353.3468,7326829,586.7096,12.475524
1348,100,InverseCorrelated,fixed,1000,42,10.0000,1001,54788,19196,35592,0,0.350369,996,5,0.995005,15096,10239.5914,13762315.6842,10249831,533.9566,19.176823
1349,100,InverseCorrelated,fixed,1000,42,10.0000,1001,43423,8844,34579,0,0.203671,978,23,0.977023,8170,5480.4715,4474332.2971,5485952,620.3021,8.835165
1350,100,InverseCorrelated,fixed,1000,42,10.0000,1001,50388,13680,36708,0,0.271493,1000,1,0.999001,11151,7826.6733,6638840.2739,7834500,572.6974,13.666334
1351,100,InverseCorrelated,fixed,1000,42,10.0000,1001,48751,14057,34694,0,0.288343,982,19,0.981019,14043,8627.8412,14596185.7840,8636469,614.3892,14.042957
1352,100,InverseCorrelated,fixed,1000,42,10.0000,1001,51120,15491,35629,0,0.303032,995,6,0.994006,13089,9292.0440,9309186.1379,9301336,600.4348,15.475524
1353,100,InverseCorrelated,fixed,1000,42,10.0000,1001,52020,15836,36184,0,0.304421,996,5,0.995005,14087,9457.6583,11776065.7654,9467116,597.8224,15.820180
1354,100,InverseCorrelated,fixed,1000,42,10.0000,1001,53185,15310,37253,622,0.287863,995,6,0.994006,13100,8777.6943,10746896.2662,8786472,573.9041,15.294705
1355,100,InverseCorrelated,fixed,1000,42,10.0000,1001,46939,12843,34096,0,0.273610,986,15,0.985015,9131,5462.7113,6873576.1994,5468174,425.7708,12.830170
1356,100,InverseCorrelated,fixed,1000,42,10.0000,1001,50736,13537,37123,76,0.266813,989,12,0.988012,12080,7432.4525,10451873.5784,7439885,549.5963,13.523477
1357,100,InverseCorrelated,fixed,1000,42,10.0000,1001,48965,14799,34116,50,0.302236,996,5,0.995005,13040,8595.0649,9221448.9818,8603660,581.3677,14.784216
1358,100,InverseCorrelated,fixed,1000,42,10.0000,1001,48409,13580,34829,0,0.280526,992,9,0.991009,13014,8174.2148,10166929.8650,8182389,602.5323,13.566434
1359,100,InverseCorrelated,fixed,1000,42,10.0000,1001,47545,15687,31828,30,0.329940,998,3,0.997003,14064,9367.5834,11925250.6866,9376951,597.7530,15.671329
1360,100,InverseCorrelated,fixed,1000,42,10.0000,1001,48948,12418,36433,97,0.253698,989,12,0.988012,9157,5840.8791,6500924.0543,5846720,470.8262,12.405594
1361,100,InverseCorrelated,fixed,1000,42,10.0000,1001,47767,12075,35564,128,0.252790,981,20,0.980020,10025,5840.6573,6489184.5669,5846498,484.1820,12.062937
1362,100,InverseCorrelated,fixed,1000,42,10.0000,1001,55005,15403,39390,212,0.280029,996,5,0.995005,13019,8788.7263,8475314.0190,8797515,571.1559,15.387612
1363,100,InverseCorrelated,fixed,1000,42,10.0000,1001,48773,17065,31561,147,0.349886,993,8,0.992008,13031,7916.9570,11207345.7934,7924874,464.3934,17.047952
1364,100,InverseCorrelated,fixed,1000,42,10.0000,1001,43496,10770,32476,250,0.247609,991,10,0.990010,8050,5011.3526,4101123.9865,5016364,465.7720,10.759241
1365,100,InverseCorrelated,fixed,1000,42,10.0000,1001,46367,13878,32489,0,0.299308,980,21,0.979021,10107,6687.5085,6701676.7734,6694196,482.3603,13.864136
1366,100,InverseCorrelated,fixed,1000,42,10.0000,1001,49979,13239,36628,112,0.264891,982,19,0.981019,12085,7491.9790,10517124.7458,7499471,566.4681,13.225774
1367,100,InverseCorrelated,fixed,1000,42,10.0000,1001,53901,17833,36037,31,0.330847,1000,1,0.999001,16155,11946.0869,13828730.6648,11958033,670.5564,17.815185
1368,100,InverseCorrelated,fixed,1000,42,10.0000,1001,48072,12790,35002,280,0.266059,999,2,0.998002,12116,8157.8731,9463986.1907,8166031,638.4700,12.777223
1369,100,InverseCorrelated,fixed,1000,42,10.0000,1001,56141,17970,38091,80,0.320087,998,3,0.997003,16047,10267.2987,16652777.1286,10277566,571.9291,17.952048
1370,100,InverseCorrelated,fixed,1000,42,10.0000,1001,46285,11545,34613,127,0.249433,992,9,0.991009,10077,6207.3936,6561124.6862,6213601,538.2071,11.533467
1371,100,InverseCorrelated,fixed,1000,42,10.0000,1001,52601,16042,36559,0,0.304975,995,6,0.994006,13128,8982.0090,10303396.6283,8990991,560.4657,16.025974
1372,100,InverseCorrelated,fixed,1000,42,10.0000,1001,51783,15298,36485,0,0.295425,1000,1,0.999001,15016,9829.1788,11876981.0519,9839008,643.1565,15.282717
1373,100,InverseCorrelated,fixed,1000,42,10.0000,1001,46642,9855,36787,0,0.211290,984,17,0.983017,9130,6097.0290,5612916.4078,6103126,619.2923,9.845155
1374,100,InverseCorrelated,fixed,1000,42,10.0000,1001,51931,14037,37764,130,0.270301,981,20,0.980020,11097,7008.4805,8168136.9090,7015489,499.7855,14.022977
1375,100,InverseCorrelated,fixed,1000,42,10.0000,1001,51769,13750,37933,86,0.265603,996,5,0.995005,12073,7744.3297,8694981.0921,7752074,563.7872,13.736264
1376,100,InverseCorrelated,fixed,1000,42,10.0000,1001,49565,14431,35081,53,0.291153,999,2,0.998002,13042,8079.6543,12253289.0434,8087734,560.4417,14.416583
1377,100,InverseCorrelated,fixed,1000,42,10.0000,1001,55151,13041,42081,29,0.236460,972,29,0.971029,9124,5837.6713,5893658.2726,5843509,448.0875,13.027972
1378,100,InverseCorrelated,fixed,1000,42,10.0000,1001,44613,12414,32199,0,0.278260,996,5,0.995005,10137,6624.5355,6722718.9041,6631160,534.1679,12.401598
1379,100,InverseCorrelated,fixed,1000,42,10.0000,1001,53671,11890,41671,110,0.221535,974,27,0.973027,11027,6213.3267,8409890.3418,6219540,523.0900,11.878122
1380,100,InverseCorrelated,fixed,1000,42,10.0000,1001,52032,15121,36911,0,0.290610,999,2,0.998002,13085,8931.0909,8872537.0976,8940022,591.2322,15.105894
1381,100,InverseCorrelated,fixed,1000,42,10.0000,1001,53115,15619,37496,0,0.294060,997,4,0.996004,13081,8741.4965,10603199.0332,8750238,560.2304,15.603397
1382,100,InverseCorrelated,fixed,1000,42,10.0000,1001,51897,11814,40083,0,0.227643,993,8,0.992008,11150,7455.6074,9437216.5102,7463063,631.7135,11.802198
1383,100,InverseCorrelated,fixed,1000,42,10.0000,1001,54763,22016,32745,2,0.402023,999,2,0.998002,18117,12803.5944,18636846.8245,12816398,582.1402,21.994006
1384,100,InverseCorrelated,fixed,1000,42,10.0000,1001,45291,13273,32002,16,0.293060,985,16,0.984016,11149,7501.7473,8754720.0510,7509249,565.7537,13.259740
1385,100,InverseCorrelated,fixed,1000,42,10.0000,1001,51281,16565,34680,36,0.323024,998,3,0.997003,16044,10725.4356,13593241.8582,10736161,648.1232,16.548452
1386,100,InverseCorrelated,fixed,1000,42,10.0000,1001,48047,14547,33500,0,0.302766,991,10,0.990010,12068,7977.0310,8180154.0320,7985008,548.9110,14.532468
1387,100,InverseCorrelated,fixed,1000,42,10.0000,1001,54063,17126,36937,0,0.316779,995,6,0.994006,14048,9659.8771,9941990.9989,9669537,564.6115,17.108891
1388,100,InverseCorrelated,fixed,1000,42,10.0000,1001,49836,15914,33922,0,0.319327,997,4,0.996004,13132,9210.4925,9237688.2939,9219703,579.3454,15.898102
1389,100,InverseCorrelated,fixed,1000,42,10.0000,1001,52362,16074,36285,3,0.306978,998,3,0.997003,13028,9087.4136,7608422.1926,9096501,565.9140,16.057942
1390,100,InverseCorrelated,fixed,1000,42,10.0000,1001,48426,15811,32533,82,0.326498,993,8,0.992008,13075,8064.4885,12618799.6025,8072553,510.5656,15.795205
1391,100,InverseCorrelated,fixed,1000,42,10.0000,1001,50901,15045,35840,16,0.295574,989,12,0.988012,13070,8913.3127,9076070.5546,8922226,593.0360,15.029970
1392,100,InverseCorrelated,fixed,1000,42,10.0000,1001,49017,14664,34275,78,0.299162,992,9,0.991009,12047,7682.0490,8510485.9467,7689731,524.3952,14.649351
1393,100,InverseCorrelated,fixed,1000,42,10.0000,1001,47633,14025,33551,57,0.294439,982,19,0.981019,12057,8182.3307,8880127.2783,8190513,583.9938,14.010989
1394,100,InverseCorrelated,fixed,1000,42,10.0000,1001,46752,11944,34716,92,0.255476,991,10,0.990010,11078,7143.8741,8140693.6585,7151018,598.7122,11.932068
1395,100,InverseCorrelated,fixed,1000,42,10.0000,1001,48885,12636,36249,0,0.258484,992,9,0.991009,10121,7019.6434,5611871.8758,7026663,556.0829,12.623377
1396,100,InverseCorrelated,fixed,1000,42,10.0000,1001,52006,12719,39035,252,0.244568,982,19,0.981019,11132,7423.3477,8372007.6693,7430771,584.2260,12.706294
1397,100,InverseCorrelated,fixed,1000,42,10.0000,1001,43573,14686,28755,132,0.337044,1000,1,0.999001,13048,9072.6833,7995890.4761,9081756,618.3955,14.671329
1398,100,InverseCorrelated,fixed,1000,42,10.0000,1001,49409,15248,34161,0,0.308608,999,2,0.998002,13128,9264.5385,9465383.5672,9273803,608.1980,15.232767
1399,100,InverseCorrelated,fixed,1000,42,10.0000,1001,50049,14524,35525,0,0.290196,995,6,0.994006,13073,8327.7363,10466701.7966,8336064,573.9510,14.509491
1400,100,AlmostEqualRatios,fixed,1000,42,10.0000,1001,47869,10693,36659,517,0.223380,999,2,0.998002,1097,543.3457,100829.1093,543889,50.8640,10.682318
1401,100,AlmostEqualRatios,fixed,1000,42,10.0000,1001,48628,8221,40040,367,0.169059,987,14,0.986014,1082,538.0320,100053.3456,538570,65.5115,8.212787
1402,100,AlmostEqualRatios,fixed,1000,42,10.0000,1001,50621,8425,41823,373,0.166433,998,3,0.997003,1093,542.3417,101495.6255,542884,64.4373,8.416583
1403,100,AlmostEqualRatios,fixed,1000,42,10.0000,1001,49513,8725,40151,637,0.176216,996,5,0.995005,1094,545.1269,100821.5493,545672,62.5412,8.716284
1404,100,AlmostEqualRatios,fixed,1000,42,10.0000,1001,46927,8805,37629,493,0.187632,992,9,0.991009,1094,544.3706,100348.9126,544915,61.8870,8.796204
1405,100,AlmostEqualRatios,fixed,1000,42,10.0000,1001,51324,8704,41968,652,0.169589,990,11,0.989011,1090,542.1808,100629.2710,542723,62.3533,8.695305
1406,100,AlmostEqualRatios,fixed,1000,42,10.0000,1001,51504,8126,42695,683,0.157774,997,4,0.996004,1095,545.4885,100735.7184,546034,67.1959,8.117882
1407,100,AlmostEqualRatios,fixed,1000,42,10.0000,1001,47139,8977,37409,753,0.190437,996,5,0.995005,1090,542.6374,100842.0493,543180,60.5080,8.968032
1408,100,AlmostEqualRatios,fixed,1000,42,10.0000,1001,46449,7371,38872,206,0.158690,979,22,0.978022,1084,534.6334,102260.5479,535168,72.6045,7.363636
1409,100,AlmostEqualRatios,fixed,1000,42,10.0000,1001,49624,7152,42198,274,0.144124,971,30,0.970030,1088,539.6853,101517.8081,540225,75.5348,7.144855
1410,100,AlmostEqualRatios,fixed,1000,42,10.0000,1001,47965,8059,39284,622,0.168018,993,8,0.992008,1090,539.7013,100958.1915,540241,67.0357,8.050949
1411,100,AlmostEqualRatios,fixed,1000,42,10.0000,1001,49714,6920,42360,434,0.139196,993,8,0.992008,1094,543.1139,101028.6763,543657,78.5632,6.913087
1412,100,AlmostEqualRatios,fixed,1000,42,10.0000,1001,49661,6804,42359,498,0.137009,991,10,0.990010,1090,539.0210,100193.4931,539560,79.3004,6.797203
1413,100,AlmostEqualRatios,fixed,1000,42,10.0000,1001,50518,10431,39110,977,0.206481,997,4,0.996004,1093,541.7253,100011.2062,542267,51.9861,10.420579
1414,100,AlmostEqualRatios,fixed,1000,42,10.0000,1001,58723,8236,49278,1209,0.140252,985,16,0.984016,1098,546.9041,101048.1486,547451,66.4705,8.227772
1415,100,AlmostEqualRatios,fixed,1000,42,10.0000,1001,48756,7959,40051,746,0.163241,986,15,0.985015,1087,541.4136,100682.5522,541955,68.0934,7.951049
1416,100,AlmostEqualRatios,fixed,1000,42,10.0000,1001,47631,8142,38961,528,0.170939,994,7,0.993007,1090,539.7962,100575.3011,540336,66.3640,8.133866
1417,100,AlmostEqualRatios,fixed,1000,42,10.0000,1001,48029,10121,36926,982,0.210727,991,10,0.990010,1092,541.6354,100813.8481,542177,53.5695,10.110889
1418,100,AlmostEqualRatios,fixed,1000,42,10.0000,1001,49976,7371,42117,488,0.147491,985,16,0.984016,1088,541.9371,100951.5375,542479,73.5964,7.363636
1419,100,AlmostEqualRatios,fixed,1000,42,10.0000,1001,49809,8629,40547,633,0.173242,991,10,0.990010,1092,543.0470,100922.8519,543590,62.9957,8.620380
1420,100,AlmostEqualRatios,fixed,1000,42,10.0000,1001,51111,8160,42405,546,0.159653,984,17,0.983017,1088,543.0949,100468.3476,543638,66.6223,8.151848
1421,100,AlmostEqualRatios,fixed,1000,42,10.0000,1001,49516,10604,38170,742,0.214153,1000,1,0.999001,1093,536.6174,99588.2562,537154,50.6558,10.593407
1422,100,AlmostEqualRatios,fixed,1000,42,10.0000,1001,46743,8966,36874,903,0.191815,986,15,0.985015,1094,542.7193,100565.2069,543262,60.5913,8.957043
1423,100,AlmostEqualRatios,fixed,1000,42,10.0000,1001,44881,7072,37473,336,0.157572,981,20,0.980020,1087,537.2917,100903.4614,537829,76.0505,7.064935
1424,100,AlmostEqualRatios,fixed,1000,42,10.0000,1001,47518,7912,39101,505,0.166505,991,10,0.990010,1092,544.6054,101331.6315,545150,68.9017,7.904096
1425,100,AlmostEqualRatios,fixed,1000,42,10.0000,1001,47575,6232,41081,262,0.130993,951,50,0.950050,1087,531.9481,102436.6127,532480,85.4429,6.225774
1426,100,AlmostEqualRatios,fixed,1000,42,10.0000,1001,49350,6192,42776,382,0.125471,972,29,0.971029,1094,542.5864,101801.5672,543129,87.7146,6.185814
1427,100,AlmostEqualRatios,fixed,1000,42,10.0000,1001,45830,7839,37434,557,0.171045,997,4,0.996004,1093,540.5375,101259.9589,541078,69.0239,7.831169
1428,100,AlmostEqualRatios,fixed,1000,42,10.0000,1001,50268,9315,40140,813,0.185307,983,18,0.982018,1089,543.2078,100848.6162,543751,58.3737,9.305694
1429,100,AlmostEqualRatios,fixed,1000,42,10.0000,1001,51493,7046,43985,462,0.136834,979,22,0.978022,1081,537.0050,99668.0269,537542,76.2904,7.038961
1430,100,AlmostEqualRatios,fixed,1000,42,10.0000,1001,56133,8664,46582,887,0.154348,992,9,0.991009,1090,541.1279,99978.7349,541669,62.5195,8.655345
1431,100,AlmostEqualRatios,fixed,1000,42,10.0000,1001,51307,6927,43898,482,0.135011,982,19,0.981019,1089,540.3057,101035.9485,540846,78.0780,6.920080
1432,100,AlmostEqualRatios,fixed,1000,42,10.0000,1001,44115,7297,36278,540,0.165409,985,16,0.984016,1089,537.6753,100036.6428,538213,73.7581,7.289710
1433,100,AlmostEqualRatios,fixed,1000,42,10.0000,1001,45895,7170,38265,460,0.156226,983,18,0.982018,1089,540.7512,100826.4946,541292,75.4940,7.162837
1434,100,AlmostEqualRatios,fixed,1000,42,10.0000,1001,47326,7343,39052,931,0.155158,998,3,0.997003,1094,545.5904,101275.4686,546136,74.3751,7.335664
1435,100,AlmostEqualRatios,fixed,1000,42,10.0000,1001,46118,6558,38778,782,0.142200,958,43,0.957043,1091,539.2687,102016.0167,539808,82.3129,6.551449
1436,100,AlmostEqualRatios,fixed,1000,42,10.0000,1001,49661,9479,39400,782,0.190874,1000,1,0.999001,1096,544.7582,101818.5929,545303,57.5275,9.469530
1437,100,AlmostEqualRatios,fixed,1000,42,10.0000,1001,49739,9967,38480,1292,0.200386,992,9,0.991009,1096,542.5804,98972.3554,543123,54.4921,9.957043
1438,100,AlmostEqualRatios,fixed,1000,42,10.0000,1001,43705,6689,36687,329,0.153049,980,21,0.979021,1087,536.8911,101673.0980,537428,80.3450,6.682318
1439,100,AlmostEqualRatios,fixed,1000,42,10.0000,1001,49522,8002,40299,1221,0.161585,987,14,0.986014,1090,541.1179,101139.0291,541659,67.6905,7.994006
1440,100,AlmostEqualRatios,fixed,1000,42,10.0000,1001,55120,7987,46413,720,0.144902,992,9,0.991009,1088,541.7782,100189.7210,542320,67.9003,7.979021
1441,100,AlmostEqualRatios,fixed,1000,42,10.0000,1001,48037,7457,39632,948,0.155235,996,5,0.995005,1087,542.1079,100528.1762,542650,72.7706,7.449550
1442,100,AlmostEqualRatios,fixed,1000,42,10.0000,1001,54617,8310,45322,985,0.152150,993,8,0.992008,1095,543.9910,100715.1518,544535,65.5277,8.301698
1443,100,AlmostEqualRatios,fixed,1000,42,10.0000,1001,51661,8881,41927,853,0.171909,993,8,0.992008,1092,544.4805,100582.8410,545025,61.3698,8.872128
1444,100,AlmostEqualRatios,fixed,1000,42,10.0000,1001,47171,7946,38669,556,0.168451,995,6,0.994006,1093,544.0370,101508.5231,544581,68.5352,7.938062
1445,100,AlmostEqualRatios,fixed,1000,42,10.0000,1001,51961,8431,42669,861,0.162256,972,29,0.971029,1094,540.4755,100539.7779,541016,64.1698,8.422577
1446,100,AlmostEqualRatios,fixed,1000,42,10.0000,1001,50139,6716,43136,287,0.133948,977,24,0.976024,1091,538.2248,101622.2981,538763,80.2208,6.709291
1447,100,AlmostEqualRatios,fixed,1000,42,10.0000,1001,49312,8949,39688,675,0.181477,994,7,0.993007,1095,543.4266,100978.1407,543970,60.7856,8.940060
1448,100,AlmostEqualRatios,fixed,1000,42,10.0000,1001,49906,11872,37391,643,0.237887,999,2,0.998002,1091,542.0649,100092.1267,542607,45.7048,11.860140
1449,100,AlmostEqualRatios,fixed,1000,42,10.0000,1001,52049,9822,41387,840,0.188707,999,2,0.998002,1093,543.1558,101240.0436,543699,55.3552,9.812188
1450,100,AlmostEqualRatios,fixed,1000,42,10.0000,1001,48374,8924,38795,655,0.184479,997,4,0.996004,1092,541.0999,100541.8522,541641,60.6949,8.915085
1451,100,AlmostEqualRatios,fixed,1000,42,10.0000,1001,47883,6135,40917,831,0.128125,965,36,0.964036,1087,537.5465,101405.6904,538084,87.7073,6.128871
1452,100,AlmostEqualRatios,fixed,1000,42,10.0000,1001,51624,10372,40498,754,0.200914,988,13,0.987013,1088,542.1409,100178.6345,542683,52.3219,10.361638
1453,100,AlmostEqualRatios,fixed,1000,42,10.0000,1001,55748,7979,46946,823,0.143126,998,3,0.997003,1088,542.5365,100022.3586,543079,68.0635,7.971029
1454,100,AlmostEqualRatios,fixed,1000,42,10.0000,1001,52046,9206,41818,1022,0.176882,984,17,0.983017,1091,544.5325,101044.1271,545077,59.2089,9.196803
1455,100,AlmostEqualRatios,fixed,1000,42,10.0000,1001,50566,7465,42616,485,0.147629,980,21,0.979021,1091,541.7982,101630.5886,542340,72.6510,7.457542
1456,100,AlmostEqualRatios,fixed,1000,42,10.0000,1001,52256,7332,44608,316,0.140309,958,43,0.957043,1088,536.0719,101269.0977,536608,73.1871,7.324675
1457,100,AlmostEqualRatios,fixed,1000,42,10.0000,1001,54623,9294,44461,868,0.170148,998,3,0.997003,1091,541.6174,100084.8057,542159,58.3343,9.284715
1458,100,AlmostEqualRatios,fixed,1000,42,10.0000,1001,45184,7519,36972,693,0.166408,987,14,0.986014,1087,538.9471,100313.0132,539486,71.7497,7.511489
1459,100,AlmostEqualRatios,fixed,1000,42,10.0000,1001,54012,10324,42273,1415,0.191143,987,14,0.986014,1090,544.1359,100212.9686,544680,52.7586,10.313686
1460,100,AlmostEqualRatios,fixed,1000,42,10.0000,1001,49755,7543,41779,433,0.151603,996,5,0.995005,1091,540.8521,101394.6435,541393,71.7742,7.535465
1461,100,AlmostEqualRatios,fixed,1000,42,10.0000,1001,47405,8625,37847,933,0.181943,994,7,0.993007,1092,541.9361,101091.0009,542478,62.8960,8.616384
1462,100,AlmostEqualRatios,fixed,1000,42,10.0000,1001,56046,7976,47320,750,0.142312,998,3,0.997003,1096,546.0260,100813.2201,546572,68.5271,7.968032
1463,100,AlmostEqualRatios,fixed,1000,42,10.0000,1001,51707,10193,40592,922,0.197130,996,5,0.995005,1094,541.2507,99532.4896,541792,53.1533,10.182817
1464,100,AlmostEqualRatios,fixed,1000,42,10.0000,1001,52139,8894,41877,1368,0.170582,998,3,0.997003,1093,542.8701,100548.4547,543413,61.0988,8.885115
1465,100,AlmostEqualRatios,fixed,1000,42,10.0000,1001,50731,10474,38753,1504,0.206462,990,11,0.989011,1091,542.8601,100701.4430,543403,51.8811,10.463536
1466,100,AlmostEqualRatios,fixed,1000,42,10.0000,1001,48537,5607,42480,450,0.115520,991,10,0.990010,1090,539.4785,101868.7011,540018,96.3114,5.601399
1467,100,AlmostEqualRatios,fixed,1000,42,10.0000,1001,50347,8368,40999,980,0.166207,974,27,0.973027,1088,541.4645,100925.6753,542006,64.7713,8.359640
1468,100,AlmostEqualRatios,fixed,1000,42,10.0000,1001,43280,8938,33674,668,0.206516,999,2,0.998002,1095,542.9071,101619.1212,543450,60.8022,8.929071
1469,100,AlmostEqualRatios,fixed,1000,42,10.0000,1001,49091,7537,41096,458,0.153531,994,7,0.993007,1086,541.1898,99747.3426,541731,71.8762,7.529471
1470,100,AlmostEqualRatios,fixed,1000,42,10.0000,1001,53816,8149,44794,873,0.151423,992,9,0.991009,1088,541.1069,99965.4301,541648,66.4680,8.140859
1471,100,AlmostEqualRatios,fixed,1000,42,10.0000,1001,49416,8567,39921,928,0.173365,991,10,0.990010,1098,541.6154,99591.8171,542157,63.2843,8.558442
1472,100,AlmostEqualRatios,fixed,1000,42,10.0000,1001,50697,7839,42266,592,0.154625,999,2,0.998002,1097,539.2767,101400.7076,539816,68.8629,7.831169
1473,100,AlmostEqualRatios,fixed,1000,42,10.0000,1001,53203,10394,41102,1707,0.195365,999,2,0.998002,1094,546.1788,100977.7632,546725,52.6001,10.383616
1474,100,AlmostEqualRatios,fixed,1000,42,10.0000,1001,51480,7669,43216,595,0.148970,1000,1,0.999001,1081,536.0539,101119.7773,536590,69.9687,7.661339
1475,100,AlmostEqualRatios,fixed,1000,42,10.0000,1001,47412,7639,39299,474,0.161120,984,17,0.983017,1094,542.8092,102778.4261,543352,71.1287,7.631369
1476,100,AlmostEqualRatios,fixed,1000,42,10.0000,1001,47425,8270,38749,406,0.174381,1000,1,0.999001,1087,539.0120,101333.0188,539551,65.2420,8.261738
1477,100,AlmostEqualRatios,fixed,1000,42,10.0000,1001,51452,8407,42312,733,0.163395,997,4,0.996004,1096,545.6533,100866.8798,546199,64.9695,8.398601
1478,100,AlmostEqualRatios,fixed,1000,42,10.0000,1001,51615,8791,42240,584,0.170319,992,9,0.991009,1091,543.6993,100733.5929,544243,61.9091,8.782218
1479,100,AlmostEqualRatios,fixed,1000,42,10.0000,1001,47660,6554,40737,369,0.137516,986,15,0.985015,1092,541.8911,100653.9192,542433,82.7637,6.547453
1480,100,AlmostEqualRatios,fixed,1000,42,10.0000,1001,45114,6770,37871,473,0.150064,990,11,0.989011,1084,534.7063,102130.2674,535241,79.0607,6.763237
1481,100,AlmostEqualRatios,fixed,1000,42,10.0000,1001,50374,7297,42159,918,0.144856,996,5,0.995005,1092,543.0629,100492.9441,543606,74.4972,7.289710
1482,100,AlmostEqualRatios,fixed,1000,42,10.0000,1001,49571,9032,39162,1377,0.182203,999,2,0.998002,1094,544.7562,99891.4930,545301,60.3743,9.022977
1483,100,AlmostEqualRatios,fixed,1000,42,10.0000,1001,50623,9566,40146,911,0.188965,1000,1,0.999001,1095,543.6983,100735.0199,544242,56.8934,9.556444
1484,100,AlmostEqualRatios,fixed,1000,42,10.0000,1001,51900,9042,41637,1221,0.174220,993,8,0.992008,1092,542.1109,100711.9008,542653,60.0147,9.032967
1485,100,AlmostEqualRatios,fixed,1000,42,10.0000,1001,49523,8416,40222,885,0.169941,987,14,0.986014,1095,539.9441,100955.5074,540484,64.2210,8.407592
1486,100,AlmostEqualRatios,fixed,1000,42,10.0000,1001,51888,11952,38924,1012,0.230342,999,2,0.998002,1090,543.8002,99393.1189,544344,45.5442,11.940060
1487,100,AlmostEqualRatios,fixed,1000,42,10.0000,1001,50856,7413,42742,701,0.145765,990,11,0.989011,1099,538.6943,100144.6518,539233,72.7415,7.405594
1488,100,AlmostEqualRatios,fixed,1000,42,10.0000,1001,50493,9719,40088,686,0.192482,986,15,0.985015,1095,542.0879,100709.1491,542630,55.8319,9.709291
1489,100,AlmostEqualRatios,fixed,1000,42,10.0000,1001,52832,7224,45054,554,0.136735,994,7,0.993007,1091,542.0989,99503.0462,542641,75.1164,7.216783
1490,100,AlmostEqualRatios,fixed,1000,42,10.0000,1001,49776,8325,40687,764,0.167249,1000,1,0.999001,1091,543.6414,100324.5697,544185,65.3676,8.316683
1491,100,AlmostEqualRatios,fixed,1000,42,10.0000,1001,52996,7392,44650,954,0.139482,991,10,0.990010,1095,544.8841,100823.4571,545429,73.7864,7.384615
1492,100,AlmostEqualRatios,fixed,1000,42,10.0000,1001,50790,7809,42187,794,0.153751,989,12,0.988012,1096,545.0010,101435.6114,545546,69.8612,7.801199
1493,100,AlmostEqualRatios,fixed,1000,42,10.0000,1001,50923,9224,39959,1740,0.181136,995,6,0.994006,1083,539.3556,100169.1902,539895,58.5315,9.214785
1494,100,AlmostEqualRatios,fixed,1000,42,10.0000,1001,49724,6678,42373,673,0.134301,946,55,0.945055,1079,530.5554,101008.8803,531086,79.5277,6.671329
1495,100,AlmostEqualRatios,fixed,1000,42,10.0000,1001,50747,9495,40212,1040,0.187105,1000,1,0.999001,1088,542.8721,99466.6829,543415,57.2317,9.485514
1496,100,AlmostEqualRatios,fixed,1000,42,10.0000,1001,56413,9895,45151,1367,0.175403,982,19,0.981019,1088,542.9880,100300.8890,543531,54.9299,9.885115
1497,100,AlmostEqualRatios,fixed,1000,42,10.0000,1001,54758,8054,46182,522,0.147084,1000,1,0.999001,1094,544.5465,101349.9601,545091,67.6795,8.045954
1498,100,AlmostEqualRatios,fixed,1000,42,10.0000,1001,51073,9882,40609,582,0.193488,996,5,0.995005,1096,542.0060,100191.3087,542548,54.9027,9.872128
1499,100,AlmostEqualRatios,fixed,1000,42,10.0000,1001,50765,7492,42306,967,0.147582,989,12,0.988012,1090,539.6903,100545.4006,540230,72.1076,7.484515
1500,200,Uncorrelated,fixed,1000,42,5.0000,1001,95877,20253,75622,2,0.211239,1000,1,0.999001,13595,8857.4246,12476743.6929,8866282,437.7762,20.232767
1501,200,Uncorrelated,fixed,1000,42,5.0000,1001,103300,21388,81857,55,0.207047,993,8,0.992008,10769,7020.7552,6589369.5375,7027776,328.5850,21.366633
1502,200,Uncorrelated,fixed,1000,42,5.0000,1001,103883,22981,80872,30,0.221220,1000,1,0.999001,12294,7713.5764,9726660.2661,7721290,335.9858,22.958042
1503,200,Uncorrelated,fixed,1000,42,5.0000,1001,103090,20831,82214,45,0.202066,998,3,0.997003,12571,8723.2697,8330047.7774,8731993,419.1826,20.810190
1504,200,Uncorrelated,fixed,1000,42,5.0000,1001,102876,22682,80182,12,0.220479,994,7,0.993007,12522,8206.1538,10377610.2521,8214360,362.1532,22.659341
1505,200,Uncorrelated,fixed,1000,42,5.0000,1001,98926,17926,80857,143,0.181206,1000,1,0.999001,11250,6988.1878,7949870.9717,6995176,390.2251,17.908092
1506,200,Uncorrelated,fixed,1000,42,5.0000,1001,103096,20922,81878,296,0.202937,1000,1,0.999001,13032,8770.7872,9006144.2914,8779558,419.6328,20.901099
1507,200,Uncorrelated,fixed,1000,42,5.0000,1001,98502,21551,76927,24,0.218787,987,14,0.986014,11392,7669.4306,7820648.2572,7677100,356.2294,21.529471
1508,200,Uncorrelated,fixed,1000,42,5.0000,1001,101609,20105,81498,6,0.197866,999,2,0.998002,11206,7320.0440,7216929.2348,7327364,364.4548,20.084915
1509,200,Uncorrelated,fixed,1000,42,5.0000,1001,97270,22075,75176,19,0.226946,1000,1,0.999001,12776,8376.8581,9586341.8840,8385235,379.8521,22.052947
1510,200,Uncorrelated,fixed,1000,42,5.0000,1001,98379,18537,79830,12,0.188424,997,4,0.996004,11895,7334.4815,9759749.3346,7341816,396.0628,18.518482
1511,200,Uncorrelated,fixed,1000,42,5.0000,1001,99833,21726,78039,68,0.217623,998,3,0.997003,12505,7810.1079,9433260.7356,7817918,359.8416,21.704296
1512,200,Uncorrelated,fixed,1000,42,5.0000,1001,99276,18846,80410,20,0.189834,999,2,0.998002,11891,7813.8611,8195180.0097,7821675,415.0310,18.827173
1513,200,Uncorrelated,fixed,1000,42,5.0000,1001,101176,18334,82840,2,0.181209,999,2,0.998002,9023,6089.4336,4257180.6212,6095523,332.4710,18.315684
1514,200,Uncorrelated,fixed,1000,42,5.0000,1001,98224,21622,76601,1,0.220129,1000,1,0.999001,11546,8018.8961,6159716.0172,8026915,371.2383,21.600400
1515,200,Uncorrelated,fixed,1000,42,5.0000,1001,98919,15586,83331,2,0.157563,984,17,0.983017,10285,6353.7053,7216660.5275,6360059,408.0623,15.570430
1516,200,Uncorrelated,fixed,1000,42,5.0000,1001,99717,18856,80861,0,0.189095,995,6,0.994006,11347,7296.6224,8332384.3509,7303919,387.3525,18.837163
1517,200,Uncorrelated,fixed,1000,42,5.0000,1001,99505,22122,77383,0,0.222320,999,2,0.998002,13455,9058.9401,9385153.7307,9067999,409.9086,22.099900
1518,200,Uncorrelated,fixed,1000,42,5.0000,1001,104757,20478,84279,0,0.195481,992,9,0.991009,11468,7515.5095,8821430.2559,7523025,367.3711,20.457542
1519,200,Uncorrelated,fixed,1000,42,5.0000,1001,105526,21192,84320,14,0.200823,1000,1,0.999001,11919,8101.7483,7427263.5051,8109850,382.6845,21.170829
1520,200,Uncorrelated,fixed,1000,42,5.0000,1001,107741,20858,86835,48,0.193594,993,8,0.992008,11750,7532.2328,8438195.7830,7539765,361.4807,20.837163
1521,200,Uncorrelated,fixed,1000,42,5.0000,1001,100452,20983,79462,7,0.208886,999,2,0.998002,11711,7865.5664,7391484.3775,7873432,375.2291,20.962038
1522,200,Uncorrelated,fixed,1000,42,5.0000,1001,101157,22449,78708,0,0.221922,1000,1,0.999001,12922,8879.3397,8256573.8766,8888219,395.9294,22.426573
1523,200,Uncorrelated,fixed,1000,42,5.0000,1001,100950,17975,82975,0,0.178058,997,4,0.996004,10146,6487.9900,6596741.4784,6494478,361.3061,17.957043
1524,200,Uncorrelated,fixed,1000,42,5.0000,1001,97305,23566,73739,0,0.242187,1000,1,0.999001,11415,7678.0849,7629383.9578,7685763,326.1378,23.542458
1525,200,Uncorrelated,fixed,1000,42,5.0000,1001,103993,20317,83630,46,0.195369,991,10,0.990010,12114,7984.7373,8330555.0229,7992722,393.4007,20.296703
1526,200,Uncorrelated,fixed,1000,42,5.0000,1001,100175,22619,77542,14,0.225795,1000,1,0.999001,14183,9505.1778,12492684.0803,9514683,420.6500,22.596404
1527,200,Uncorrelated,fixed,1000,42,5.0000,1001,96253,22099,74090,64,0.229593,1000,1,0.999001,12798,8460.7912,9431276.2551,8469252,383.2414,22.076923
1528,200,Uncorrelated,fixed,1000,42,5.0000,1001,104400,19631,84769,0,0.188036,997,4,0.996004,12127,8232.2418,7468177.1424,8240474,419.7684,19.611389
1529,200,Uncorrelated,fixed,1000,42,5.0000,1001,103005,19323,83682,0,0.187593,998,3,0.997003,12167,8231.9321,8493935.7736,8240164,426.4433,19.303696
1530,200,Uncorrelated,fixed,1000,42,5.0000,1001,113705,22047,91617,41,0.193896,1000,1,0.999001,12311,8370.2088,8840737.4120,8378579,380.0326,22.024975
1531,200,Uncorrelated,fixed,1000,42,5.0000,1001,100300,19990,80310,0,0.199302,992,9,0.991009,10919,7129.3007,7783295.2033,7136430,357.0000,19.970030
1532,200,Uncorrelated,fixed,1000,42,5.0000,1001,96036,20869,75157,10,0.217304,996,5,0.995005,9765,6233.4326,5901672.9727,6239666,298.9921,20.848152
1533,200,Uncorrelated,fixed,1000,42,5.0000,1001,100637,20438,80142,57,0.203086,998,3,0.997003,12246,8572.9001,6783073.6404,8581473,419.8783,20.417582
1534,200,Uncorrelated,fixed,1000,42,5.0000,1001,106540,20692,85815,33,0.194218,999,2,0.998002,12121,8009.4056,8549944.9744,8017415,387.4645,20.671329
1535,200,Uncorrelated,fixed,1000,42,5.0000,1001,101644,18641,82922,81,0.183395,996,5,0.995005,11631,7797.4785,7596434.5373,7805276,418.7155,18.622378
1536,200,Uncorrelated,fixed,1000,42,5.0000,1001,105813,25463,80330,20,0.240642,1000,1,0.999001,14056,9686.7712,10105610.8637,9696458,380.8058,25.437562
1537,200,Uncorrelated,fixed,1000,42,5.0000,1001,98217,18807,79410,0,0.191484,999,2,0.998002,10257,6587.3656,6128793.6805,6593953,350.6116,18.788212
1538,200,Uncorrelated,fixed,1000,42,5.0000,1001,100558,18854,81686,18,0.187494,998,3,0.997003,12963,8570.7962,10138524.8496,8579367,455.0423,18.835165
1539,200,Uncorrelated,fixed,1000,42,5.0000,1001,95550,17861,77689,0,0.186928,1000,1,0.999001,8434,5359.1928,4163945.7201,5364552,300.3500,17.843157
1540,200,Uncorrelated,fixed,1000,42,5.0000,1001,92073,17661,74216,196,0.191815,1000,1,0.999001,10236,7219.4186,5084645.8118,7226638,409.1862,17.643357
1541,200,Uncorrelated,fixed,1000,42,5.0000,1001,104269,21355,82763,151,0.204807,992,9,0.991009,11247,7167.8941,8151442.2945,7175062,335.9898,21.333666
1542,200,Uncorrelated,fixed,1000,42,5.0000,1001,107434,24440,82944,50,0.227489,1000,1,0.999001,14574,9915.0240,12187537.8995,9924939,406.0941,24.415584
1543,200,Uncorrelated,fixed,1000,42,5.0000,1001,98688,17828,80765,95,0.180650,999,2,0.998002,9397,6011.9331,5563622.8217,6017945,337.5558,17.810190
1544,200,Uncorrelated,fixed,1000,42,5.0000,1001,102399,19723,82658,18,0.192609,999,2,0.998002,11794,7758.8112,8719184.3849,7766570,393.7824,19.703297
1545,200,Uncorrelated,fixed,1000,42,5.0000,1001,97556,19227,78329,0,0.197087,1000,1,0.999001,9492,5722.1978,6515988.3805,5727920,297.9102,19.207792
1546,200,Uncorrelated,fixed,1000,42,5.0000,1001,108273,24678,83574,21,0.227924,995,6,0.994006,14480,9441.2308,13882305.5342,9450672,382.9594,24.653347
1547,200,Uncorrelated,fixed,1000,42,5.0000,1001,103167,20165,82871,131,0.195460,1000,1,0.999001,9762,6546.0509,5181204.8715,6552597,324.9490,20.144855
1548,200,Uncorrelated,fixed,1000,42,5.0000,1001,98330,19149,79137,44,0.194742,989,12,0.988012,10972,6566.0789,8608410.5162,6572645,343.2370,19.129870
1549,200,Uncorrelated,fixed,1000,42,5.0000,1001,100015,18648,81367,0,0.186452,997,4,0.996004,10364,6761.1978,6733858.2985,6767959,362.9322,18.629371
1550,200,Uncorrelated,fixed,1000,42,5.0000,1001,101843,17867,83870,106,0.175437,999,2,0.998002,11503,7213.8731,9115266.4005,7221087,404.1578,17.849151
1551,200,Uncorrelated,fixed,1000,42,5.0000,1001,95664,21293,74370,1,0.222581,994,7,0.993007,9377,6220.8961,4697103.8174,6227117,292.4490,21.271728
1552,200,Uncorrelated,fixed,1000,42,5.0000,1001,97262,15907,81342,13,0.163548,988,13,0.987013,8182,5023.9101,4988340.0279,5028934,316.1460,15.891109
1553,200,Uncorrelated,fixed,1000,42,5.0000,1001,103832,22445,81374,13,0.216166,995,6,0.994006,12746,8606.4545,8810787.2989,8615061,383.8299,22.422577
1554,200,Uncorrelated,fixed,1000,42,5.0000,1001,105144,21780,83359,5,0.207144,1000,1,0.999001,12009,8322.8821,6739125.1230,8331205,382.5163,21.758242
1555,200,Uncorrelated,fixed,1000,42,5.0000,1001,96078,21716,74281,81,0.226025,997,4,0.996004,11397,7553.9381,7429695.7424,7561492,348.1991,21.694306
1556,200,Uncorrelated,fixed,1000,42,5.0000,1001,95705,18620,77080,5,0.194556,999,2,0.998002,10366,6730.8312,6876684.6139,6737562,361.8454,18.601399
1557,200,Uncorrelated,fixed,1000,42,5.0000,1001,97093,18393,78693,7,0.189437,997,4,0.996004,11204,7170.4935,9292417.4647,7177664,390.2389,18.374625
1558,200,Uncorrelated,fixed,1000,42,5.0000,1001,104185,24751,79434,0,0.237568,995,6,0.994006,16150,10580.5844,17624172.9741,10591165,427.9086,24.726274
1559,200,Uncorrelated,fixed,1000,42,5.0000,1001,101434,18722,82701,11,0.184573,994,7,0.993007,9821,6072.2557,6262672.0465,6078328,324.6623,18.703297
1560,200,Uncorrelated,fixed,1000,42,5.0000,1001,106091,22175,83914,2,0.209019,997,4,0.996004,12836,8955.6833,8608500.3003,8964639,404.2678,22.152847
1561,200,Uncorrelated,fixed,1000,42,5.0000,1001,103665,21783,81858,24,0.210129,999,2,0.998002,11952,7868.4096,8088601.2628,7876278,361.5791,21.761239
1562,200,Uncorrelated,fixed,1000,42,5.0000,1001,96950,14792,82135,23,0.152573,991,10,0.990010,8831,5059.0390,6134010.9146,5064098,342.3538,14.777223
1563,200,Uncorrelated,fixed,1000,42,5.0000,1001,97301,21594,75665,42,0.221930,999,2,0.998002,13011,8858.6464,9393156.9459,8867505,410.6467,21.572428
1564,200,Uncorrelated,fixed,1000,42,5.0000,1001,92767,13957,78767,43,0.150452,993,8,0.992008,7005,3925.0519,3761608.2590,3928977,281.5058,13.943057
1565,200,Uncorrelated,fixed,1000,42,5.0000,1001,103538,20604,82934,0,0.198999,993,8,0.992008,12299,8299.9550,9071153.4275,8308255,403.2351,20.583417
1566,200,Uncorrelated,fixed,1000,42,5.0000,1001,92057,20640,71391,26,0.224209,996,5,0.995005,8466,5680.2997,3935178.3477,5685980,275.4835,20.619381
1567,200,Uncorrelated,fixed,1000,42,5.0000,1001,101176,22204,78921,51,0.219459,997,4,0.996004,11336,8222.1469,6303429.7936,8230369,370.6706,22.181818
1568,200,Uncorrelated,fixed,1000,42,5.0000,1001,94249,18175,76027,47,0.192840,998,3,0.997003,11919,7896.5924,8266321.8139,7904489,434.9100,18.156843
1569,200,Uncorrelated,fixed,1000,42,5.0000,1001,103205,19536,83669,0,0.189293,995,6,0.994006,13526,8628.3876,12006124.4771,8637016,442.1077,19.516484
1570,200,Uncorrelated,fixed,1000,42,5.0000,1001,106848,22456,84370,22,0.210168,994,7,0.993007,12193,7348.3966,10127851.5760,7355745,327.5626,22.433566
1571,200,Uncorrelated,fixed,1000,42,5.0000,1001,108795,22276,86519,0,0.204752,998,3,0.997003,11959,7815.8951,7872931.5045,7823711,351.2170,22.253746
1572,200,Uncorrelated,fixed,1000,42,5.0000,1001,100171,18645,81517,9,0.186132,979,22,0.978022,8232,4875.2468,5294247.5605,4880122,261.7389,18.626374
1573,200,Uncorrelated,fixed,1000,42,5.0000,1001,96481,19350,77131,0,0.200558,997,4,0.996004,8843,5516.6873,5305257.9991,5522204,285.3852,19.330669
1574,200,Uncorrelated,fixed,1000,42,5.0000,1001,92803,18120,74663,20,0.195252,1000,1,0.999001,11316,7184.2777,7280823.6671,7191462,396.8798,18.101898
1575,200,Uncorrelated,fixed,1000,42,5.0000,1001,96828,17875,78927,26,0.184606,997,4,0.996004,9863,6127.6843,6407070.6476,6133812,343.1503,17.857143
1576,200,Uncorrelated,fixed,1000,42,5.0000,1001,101723,19442,82281,0,0.191127,1000,1,0.999001,10132,6416.3017,6142103.7671,6422718,330.3527,19.422577
1577,200,Uncorrelated,fixed,1000,42,5.0000,1001,94727,20147,74567,13,0.212685,1000,1,0.999001,12935,8883.5405,9260462.9117,8892424,441.3771,20.126873
1578,200,Uncorrelated,fixed,1000,42,5.0000,1001,91634,22284,69305,45,0.243185,1000,1,0.999001,11071,7490.6503,6602300.6809,7498141,336.4809,22.261738
1579,200,Uncorrelated,fixed,1000,42,5.0000,1001,95229,15372,79756,101,0.161421,994,7,0.993007,9155,5979.7612,5364653.8381,5985741,389.3925,15.356643
1580,200,Uncorrelated,fixed,1000,42,5.0000,1001,107851,23139,84694,18,0.214546,996,5,0.995005,16584,10979.4446,17968669.7095,10990424,474.9740,23.115884
1581,200,Uncorrelated,fixed,1000,42,5.0000,1001,103435,21659,81733,43,0.209397,999,2,0.998002,12184,7773.4735,9200595.3722,7781247,359.2616,21.637363
1582,200,Uncorrelated,fixed,1000,42,5.0000,1001,98876,19887,78885,104,0.201131,996,5,0.995005,12172,8056.6274,9358139.8961,8064684,405.5254,19.867133
1583,200,Uncorrelated,fixed,1000,42,5.0000,1001,96665,14245,82420,0,0.147365,991,10,0.990010,9179,5686.4036,6217210.0988,5692090,399.5851,14.230769
1584,200,Uncorrelated,fixed,1000,42,5.0000,1001,103871,24604,79169,98,0.236871,993,8,0.992008,12694,8257.8861,9537792.4526,8266144,335.9675,24.579421
1585,200,Uncorrelated,fixed,1000,42,5.0000,1001,98028,19292,78724,12,0.196801,992,9,0.991009,10286,7142.1828,5490809.5520,7149325,370.5850,19.272727
1586,200,Uncorrelated,fixed,1000,42,5.0000,1001,95472,17609,77860,3,0.184442,1000,1,0.999001,10441,6688.2957,7380925.2113,6694984,380.2024,17.591409
1587,200,Uncorrelated,fixed,1000,42,5.0000,1001,94620,15456,79152,12,0.163348,978,23,0.977023,9144,5515.8801,5922606.3952,5521396,357.2332,15.440559
1588,200,Uncorrelated,fixed,1000,42,5.0000,1001,101776,19358,82414,4,0.190202,1000,1,0.999001,11379,7111.9211,8712397.3234,7119033,367.7566,19.338661
1589,200,Uncorrelated,fixed,1000,42,5.0000,1001,103865,24820,79045,0,0.238964,999,2,0.998002,16424,10933.2717,15262528.1439,10944205,440.9430,24.795205
1590,200,Uncorrelated,fixed,1000,42,5.0000,1001,106222,20327,85765,130,0.191363,994,7,0.993007,11079,7279.8302,7427276.3248,7287110,358.4941,20.306693
1591,200,Uncorrelated,fixed,1000,42,5.0000,1001,104575,21353,83218,4,0.204188,982,19,0.981019,13740,9199.0450,12981411.2837,9208244,431.2389,21.331668
1592,200,Uncorrelated,fixed,1000,42,5.0000,1001,101720,19925,81753,42,0.195881,999,2,0.998002,10118,6812.5425,5353675.5609,6819355,342.2512,19.905095
1593,200,Uncorrelated,fixed,1000,42,5.0000,1001,101087,19039,81947,101,0.188343,997,4,0.996004,10191,6296.0659,7534554.8728,6302362,331.0238,19.019980
1594,200,Uncorrelated,fixed,1000,42,5.0000,1001,92641,17127,75498,16,0.184875,998,3,0.997003,10405,6855.8232,7006597.1805,6862679,400.6936,17.109890
1595,200,Uncorrelated,fixed,1000,42,5.0000,1001,106664,20527,86124,13,0.192445,1000,1,0.999001,11408,8004.0999,6242836.3876,8012104,390.3203,20.506494
1596,200,Uncorrelated,fixed,1000,42,5.0000,1001,103481,22338,81107,36,0.215866,998,3,0.997003,10927,7039.7562,7597610.5700,7046796,315.4623,22.315684
1597,200,Uncorrelated,fixed,1000,42,5.0000,1001,101639,20052,81587,0,0.197286,996,5,0.995005,11482,7510.0609,7596120.7945,7517571,374.9038,20.031968
1598,200,Uncorrelated,fixed,1000,42,5.0000,1001,97325,17328,79981,16,0.178043,995,6,0.994006,10881,6656.0579,8218598.1904,6662714,384.5057,17.310689
1599,200,Uncorrelated,fixed,1000,42,5.0000,1001,101521,22767,78682,72,0.224259,994,7,0.993007,11654,7471.5485,8577451.0888,7479020,328.5027,22.744256
1600,200,WeaklyCorrelated,fixed,1000,42,5.0000,1001,96469,12889,83279,301,0.133608,1000,1,0.999001,1593,847.2927,203081.0102,848140,65.8034,12.876124
1601,200,WeaklyCorrelated,fixed,1000,42,5.0000,1001,103811,16768,86373,670,0.161524,1000,1,0.999001,1730,976.4026,232898.5662,977379,58.2883,16.751249
1602,200,WeaklyCorrelated,fixed,1000,42,5.0000,1001,106154,15039,90986,129,0.141672,998,3,0.997003,1803,1044.3227,224198.2425,1045367,69.5104,15.023976
1603,200,WeaklyCorrelated,fixed,1000,42,5.0000,1001,106344,17870,88062,412,0.168040,1000,1,0.999001,1924,1095.1628,268272.0244,1096258,61.3463,17.852148
1604,200,WeaklyCorrelated,fixed,1000,42,5.0000,1001,94668,12914,81468,286,0.136414,991,10,0.990010,1718,955.9710,216821.9122,956927,74.1000,12.901099
1605,200,WeaklyCorrelated,fixed,1000,42,5.0000,1001,94436,15157,78763,516,0.160500,996,5,0.995005,1704,964.5015,219232.6236,965466,63.6977,15.141858
1606,200,WeaklyCorrelated,fixed,1000,42,5.0000,1001,100627,14196,85781,650,0.141075,999,2,0.998002,1608,908.1898,180077.9899,909098,64.0390,14.181818
1607,200,WeaklyCorrelated,fixed,1000,42,5.0000,1001,94170,12340,81590,240,0.131040,992,9,0.991009,1582,836.7842,193940.2691,837621,67.8785,12.327672
1608,200,WeaklyCorrelated,fixed,1000,42,5.0000,1001,97197,16329,80650,218,0.167999,987,14,0.986014,1888,1077.0759,260171.2270,1078153,66.0269,16.312687
1609,200,WeaklyCorrelated,fixed,1000,42,5.0000,1001,94661,14081,80244,336,0.148752,994,7,0.993007,1671,889.2587,220823.9281,890148,63.2162,14.066933
1610,200,WeaklyCorrelated,fixed,1000,42,5.0000,1001,107981,14420,93098,463,0.133542,999,2,0.998002,1712,980.7223,214998.9139,981703,68.0793,14.405594
1611,200,WeaklyCorrelated,fixed,1000,42,5.0000,1001,97656,12188,85138,330,0.124805,997,4,0.996004,1580,846.3546,185395.1100,847201,69.5111,12.175824
1612,200,WeaklyCorrelated,fixed,1000,42,5.0000,1001,95237,13409,81644,184,0.140796,997,4,0.996004,1665,922.8452,205370.1848,923768,68.8916,13.395604
1613,200,WeaklyCorrelated,fixed,1000,42,5.0000,1001,97681,13728,83728,225,0.140539,992,9,0.991009,1927,1114.4645,263773.2118,1115579,81.2630,13.714286
1614,200,WeaklyCorrelated,fixed,1000,42,5.0000,1001,99040,16371,82405,264,0.165297,1000,1,0.999001,1961,1154.2907,250245.3331,1155445,70.5788,16.354645
1615,200,WeaklyCorrelated,fixed,1000,42,5.0000,1001,97380,13172,83572,636,0.135264,1000,1,0.999001,1499,777.6474,190649.0954,778425,59.0969,13.158841
1616,200,WeaklyCorrelated,fixed,1000,42,5.0000,1001,94106,12470,81518,118,0.132510,994,7,0.993007,1463,802.9660,149785.3895,803769,64.4562,12.457542
1617,200,WeaklyCorrelated,fixed,1000,42,5.0000,1001,105052,14334,90425,293,0.136447,991,10,0.990010,1744,908.0839,243192.2047,908992,63.4151,14.319680
1618,200,WeaklyCorrelated,fixed,1000,42,5.0000,1001,101991,17157,84616,218,0.168221,1000,1,0.999001,1884,1137.2807,225682.0121,1138418,66.3530,17.139860
1619,200,WeaklyCorrelated,fixed,1000,42,5.0000,1001,103725,17146,86391,188,0.165302,997,4,0.996004,1799,1038.8721,218058.8108,1039911,60.6504,17.128871
1620,200,WeaklyCorrelated,fixed,1000,42,5.0000,1001,103947,17082,86496,369,0.164334,997,4,0.996004,1878,1086.0919,253744.4631,1087178,63.6447,17.064935
1621,200,WeaklyCorrelated,fixed,1000,42,5.0000,1001,92571,11151,81303,117,0.120459,982,19,0.981019,1826,984.1359,263653.3582,985120,88.3436,11.139860
1622,200,WeaklyCorrelated,fixed,1000,42,5.0000,1001,99864,15784,83211,869,0.158055,998,3,0.997003,1669,964.1019,215082.4711,965066,61.1420,15.768232
1623,200,WeaklyCorrelated,fixed,1000,42,5.0000,1001,107498,15410,91833,255,0.143352,994,7,0.993007,1929,1072.8372,277898.5519,1073910,69.6892,15.394605
1624,200,WeaklyCorrelated,fixed,1000,42,5.0000,1001,99889,13649,86115,125,0.136642,999,2,0.998002,1660,900.3427,222179.9415,901243,66.0300,13.635365
1625,200,WeaklyCorrelated,fixed,1000,42,5.0000,1001,91935,15099,76703,133,0.164236,998,3,0.997003,1816,1072.7662,229279.8095,1073839,71.1199,15.083916
1626,200,WeaklyCorrelated,fixed,1000,42,5.0000,1001,96218,15384,80646,188,0.159887,999,2,0.998002,1838,1082.4975,223122.8714,1083580,70.4355,15.368631
1627,200,WeaklyCorrelated,fixed,1000,42,5.0000,1001,102049,16862,85075,112,0.165234,998,3,0.997003,1966,1184.3107,265691.0613,1185495,70.3057,16.845155
1628,200,WeaklyCorrelated,fixed,1000,42,5.0000,1001,101408,13528,87554,326,0.133402,989,12,0.988012,1628,852.0010,211317.2797,852853,63.0435,13.514486
1629,200,WeaklyCorrelated,fixed,1000,42,5.0000,1001,97533,13059,84314,160,0.133893,998,3,0.997003,1702,908.1928,229237.7281,909101,69.6149,13.045954
1630,200,WeaklyCorrelated,fixed,1000,42,5.0000,1001,104036,17491,86251,294,0.168124,996,5,0.995005,1915,1151.4695,253921.2521,1152621,65.8979,17.473526
1631,200,WeaklyCorrelated,fixed,1000,42,5.0000,1001,97783,14347,83075,361,0.146723,995,6,0.994006,1627,901.7163,196294.9705,902618,62.9134,14.332667
1632,200,WeaklyCorrelated,fixed,1000,42,5.0000,1001,97985,14733,82929,323,0.150360,991,10,0.990010,1828,978.1019,264544.3373,979080,66.4549,14.718282
1633,200,WeaklyCorrelated,fixed,1000,42,5.0000,1001,102717,14157,87647,913,0.137825,1000,1,0.999001,1560,848.5944,179019.5678,849443,60.0016,14.142857
1634,200,WeaklyCorrelated,fixed,1000,42,5.0000,1001,108299,18508,89425,366,0.170897,999,2,0.998002,1771,1043.2727,226321.5710,1044316,56.4251,18.489510
1635,200,WeaklyCorrelated,fixed,1000,42,5.0000,1001,100676,16949,83232,495,0.168352,999,2,0.998002,1843,1043.9870,263321.9229,1045031,61.6574,16.932068
1636,200,WeaklyCorrelated,fixed,1000,42,5.0000,1001,95591,13092,82410,89,0.136959,998,3,0.997003,1688,957.4406,209100.0107,958398,73.2049,13.078921
1637,200,WeaklyCorrelated,fixed,1000,42,5.0000,1001,103040,14351,87989,700,0.139276,999,2,0.998002,1933,1157.2058,232229.6899,1158363,80.7165,14.336663
1638,200,WeaklyCorrelated,fixed,1000,42,5.0000,1001,92196,18863,73083,250,0.204597,999,2,0.998002,1858,1068.9840,240473.1066,1070053,56.7276,18.844156
1639,200,WeaklyCorrelated,fixed,1000,42,5.0000,1001,97274,13785,83140,349,0.141713,987,14,0.986014,1807,1009.5874,266049.8468,1010597,73.3114,13.771229
1640,200,WeaklyCorrelated,fixed,1000,42,5.0000,1001,104830,17500,86664,666,0.166937,991,10,0.990010,2129,1248.1219,332543.0241,1249370,71.3926,17.482517
1641,200,WeaklyCorrelated,fixed,1000,42,5.0000,1001,91696,16318,75011,367,0.177958,1000,1,0.999001,1585,865.1728,198495.6574,866038,53.0726,16.301698
1642,200,WeaklyCorrelated,fixed,1000,42,5.0000,1001,108174,18653,88300,1221,0.172435,995,6,0.994006,1895,1080.2118,278986.8443,1081292,57.9688,18.634366
1643,200,WeaklyCorrelated,fixed,1000,42,5.0000,1001,100695,18546,82025,124,0.184180,998,3,0.997003,2016,1140.4745,283688.1654,1141615,61.5559,18.527473
1644,200,WeaklyCorrelated,fixed,1000,42,5.0000,1001,100654,16955,83321,378,0.168448,996,5,0.995005,1967,1073.4406,314761.1695,1074514,63.3745,16.938062
1645,200,WeaklyCorrelated,fixed,1000,42,5.0000,1001,94915,13405,80971,539,0.141232,988,13,0.987013,1567,821.2378,199610.3790,822059,61.3248,13.391608
1646,200,WeaklyCorrelated,fixed,1000,42,5.0000,1001,99596,14128,84872,596,0.141853,1000,1,0.999001,1596,902.8372,186905.0094,903740,63.9680,14.113886
1647,200,WeaklyCorrelated,fixed,1000,42,5.0000,1001,103020,19265,83678,77,0.187003,999,2,0.998002,2181,1308.7822,317570.0705,1310091,68.0037,19.245754
1648,200,WeaklyCorrelated,fixed,1000,42,5.0000,1001,94635,10276,83885,474,0.108586,989,12,0.988012,1573,822.2727,213574.2343,823095,80.0988,10.265734
1649,200,WeaklyCorrelated,fixed,1000,42,5.0000,1001,99546,16488,82598,460,0.165632,999,2,0.998002,1855,1049.3327,232862.4618,1050382,63.7058,16.471528
1650,200,WeaklyCorrelated,fixed,1000,42,5.0000,1001,97338,16197,80588,553,0.166400,996,5,0.995005,1867,1053.5884,260421.3691,1054642,65.1134,16.180819
1651,200,WeaklyCorrelated,fixed,1000,42,5.0000,1001,104109,14444,89158,507,0.138739,999,2,0.998002,1703,964.0040,212269.4066,964968,66.8075,14.429570
1652,200,WeaklyCorrelated,fixed,1000,42,5.0000,1001,94184,13518,80518,148,0.143528,996,5,0.995005,1818,1028.1718,219074.8975,1029200,76.1355,13.504496
1653,200,WeaklyCorrelated,fixed,1000,42,5.0000,1001,100450,17123,83143,184,0.170463,999,2,0.998002,2050,1184.0829,311645.6365,1185267,69.2208,17.105894
1654,200,WeaklyCorrelated,fixed,1000,42,5.0000,1001,98330,17251,80878,201,0.175440,998,3,0.997003,1902,1136.9500,235492.6049,1138087,65.9722,17.233766
1655,200,WeaklyCorrelated,fixed,1000,42,5.0000,1001,95819,18094,77349,376,0.188835,997,4,0.996004,1845,1083.0210,236386.1045,1084104,59.9151,18.075924
1656,200,WeaklyCorrelated,fixed,1000,42,5.0000,1001,101161,14737,85939,485,0.145679,993,8,0.992008,1704,943.5165,224998.0559,944460,64.0877,14.722278
1657,200,WeaklyCorrelated,fixed,1000,42,5.0000,1001,103636,14490,88509,637,0.139816,998,3,0.997003,1637,901.1469,204741.2961,902048,62.2531,14.475524
1658,200,WeaklyCorrelated,fixed,1000,42,5.0000,1001,82146,10724,71377,45,0.130548,980,21,0.979021,1681,934.4096,226969.7024,935344,87.2197,10.713287
1659,200,WeaklyCorrelated,fixed,1000,42,5.0000,1001,102179,16696,85290,193,0.163400,1000,1,0.999001,1817,1014.4446,238187.0641,1015459,60.8205,16.679321
1660,200,WeaklyCorrelated,fixed,1000,42,5.0000,1001,97822,14910,82243,669,0.152420,995,6,0.994006,1614,842.1948,224723.0879,843037,56.5417,14.895105
1661,200,WeaklyCorrelated,fixed,1000,42,5.0000,1001,98465,18716,78705,1044,0.190078,1000,1,0.999001,1962,1170.4895,260524.3158,1171660,62.6021,18.697303
1662,200,WeaklyCorrelated,fixed,1000,42,5.0000,1001,94296,16488,76799,1009,0.174854,998,3,0.997003,1853,1092.1199,211923.1085,1093212,66.3035,16.471528
1663,200,WeaklyCorrelated,fixed,1000,42,5.0000,1001,97021,13562,83101,358,0.139784,994,7,0.993007,1701,952.1998,218104.5855,953152,70.2811,13.548452
1664,200,WeaklyCorrelated,fixed,1000,42,5.0000,1001,102606,15493,86821,292,0.150995,987,14,0.986014,1804,989.9441,256002.4564,990934,63.9601,15.477522
1665,200,WeaklyCorrelated,fixed,1000,42,5.0000,1001,98301,13867,84012,422,0.141067,996,5,0.995005,1852,1069.6004,239063.8024,1070670,77.2099,13.853147
1666,200,WeaklyCorrelated,fixed,1000,42,5.0000,1001,95967,17445,78350,172,0.181781,989,12,0.988012,1800,1078.1389,221126.2015,1079217,61.8640,17.427572
1667,200,WeaklyCorrelated,fixed,1000,42,5.0000,1001,93751,14098,79568,85,0.150377,992,9,0.991009,1948,1120.0749,279730.7626,1121195,79.5287,14.083916
1668,200,WeaklyCorrelated,fixed,1000,42,5.0000,1001,101846,16837,84741,268,0.165318,994,7,0.993007,1785,984.8701,235777.3378,985855,58.5529,16.820180
1669,200,WeaklyCorrelated,fixed,1000,42,5.0000,1001,98872,17427,81145,300,0.176258,994,7,0.993007,1759,1011.8132,240776.4596,1012825,58.1181,17.409590
1670,200,WeaklyCorrelated,fixed,1000,42,5.0000,1001,98342,17358,80750,234,0.176506,998,3,0.997003,1905,1102.7153,253942.9349,1103818,63.5913,17.340659
1671,200,WeaklyCorrelated,fixed,1000,42,5.0000,1001,105649,17548,87966,135,0.166097,999,2,0.998002,1791,1003.7433,243044.2188,1004747,57.2571,17.530470
1672,200,WeaklyCorrelated,fixed,1000,42,5.0000,1001,107150,17412,89600,138,0.162501,994,7,0.993007,1904,1086.7622,264142.0933,1087849,62.4770,17.394605
1673,200,WeaklyCorrelated,fixed,1000,42,5.0000,1001,93027,17013,75755,259,0.182882,993,8,0.992008,1795,1024.3686,232912.7622,1025393,60.2711,16.996004
1674,200,WeaklyCorrelated,fixed,1000,42,5.0000,1001,100489,18614,81384,491,0.185234,998,3,0.997003,2105,1239.9411,313369.6479,1241181,66.6800,18.595405
1675,200,WeaklyCorrelated,fixed,1000,42,5.0000,1001,98432,17511,79707,1214,0.177899,995,6,0.994006,1699,912.9301,227097.7813,913843,52.1868,17.493506
1676,200,WeaklyCorrelated,fixed,1000,42,5.0000,1001,96236,13050,82910,276,0.135604,999,2,0.998002,1661,946.5594,199666.0886,947506,72.6058,13.036963
1677,200,WeaklyCorrelated,fixed,1000,42,5.0000,1001,97034,16652,79862,520,0.171610,1000,1,0.999001,1687,907.6773,233015.9928,908585,54.5631,16.635365
1678,200,WeaklyCorrelated,fixed,1000,42,5.0000,1001,99496,11204,87977,315,0.112608,984,17,0.983017,1624,882.8531,215862.9585,883736,78.8768,11.192807
1679,200,WeaklyCorrelated,fixed,1000,42,5.0000,1001,97978,16158,81622,198,0.164915,996,5,0.995005,1914,1103.8122,262960.8359,1104916,68.3820,16.141858
1680,200,WeaklyCorrelated,fixed,1000,42,5.0000,1001,99170,15793,83190,187,0.159252,989,12,0.988012,1866,1047.1968,270136.7874,1048244,66.3740,15.777223
1681,200,WeaklyCorrelated,fixed,1000,42,5.0000,1001,91654,15674,75524,456,0.171013,1000,1,0.999001,1747,1009.6793,207888.2758,1010689,64.4819,15.658342
1682,200,WeaklyCorrelated,fixed,1000,42,5.0000,1001,95621,15552,79489,580,0.162642,997,4,0.996004,1702,945.5974,224176.1066,946543,60.8631,15.536464
1683,200,WeaklyCorrelated,fixed,1000,42,5.0000,1001,94452,11872,82424,156,0.125693,989,12,0.988012,1687,886.1878,225251.9827,887074,74.7198,11.860140
1684,200,WeaklyCorrelated,fixed,1000,42,5.0000,1001,105197,13233,91549,415,0.125793,994,7,0.993007,1922,1089.3347,273874.5224,1090424,82.4019,13.219780
1685,200,WeaklyCorrelated,fixed,1000,42,5.0000,1001,98905,16801,81887,217,0.169870,1000,1,0.999001,1624,880.4196,195185.7241,881300,52.4552,16.784216
1686,200,WeaklyCorrelated,fixed,1000,42,5.0000,1001,100663,19533,80774,356,0.194043,998,3,0.997003,1706,923.9850,219364.8080,924909,47.3511,19.513487
1687,200,WeaklyCorrelated,fixed,1000,42,5.0000,1001,97936,15069,81846,1021,0.153866,993,8,0.992008,1588,823.8222,209991.1592,824646,54.7247,15.053946
1688,200,WeaklyCorrelated,fixed,1000,42,5.0000,1001,105576,14626,90699,251,0.138535,988,13,0.987013,1856,1055.6434,257367.7639,1056699,72.2480,14.611389
1689,200,WeaklyCorrelated,fixed,1000,42,5.0000,1001,100644,14664,84801,1179,0.145702,1000,1,0.999001,1542,790.7133,200236.6980,791504,53.9760,14.649351
1690,200,WeaklyCorrelated,fixed,1000,42,5.0000,1001,106477,17079,89207,191,0.160401,988,13,0.987013,2001,1190.0150,286298.7700,1191205,69.7468,17.061938
1691,200,WeaklyCorrelated,fixed,1000,42,5.0000,1001,95307,18564,76611,132,0.194781,999,2,0.998002,1944,1161.1079,253279.3130,1162269,62.6088,18.545455
1692,200,WeaklyCorrelated,fixed,1000,42,5.0000,1001,101085,15177,85819,89,0.150141,991,10,0.990010,1695,941.5375,207686.8400,942479,62.0992,15.161838
1693,200,WeaklyCorrelated,fixed,1000,42,5.0000,1001,99854,14335,84601,918,0.143560,998,3,0.997003,1556,807.5135,208031.5965,808321,56.3879,14.320679
1694,200,WeaklyCorrelated,fixed,1000,42,5.0000,1001,96065,14112,81778,175,0.146901,995,6,0.994006,1666,923.0979,214244.7197,924021,65.4777,14.097902
1695,200,WeaklyCorrelated,fixed,1000,42,5.0000,1001,104477,16699,87330,448,0.159834,1000,1,0.999001,1812,1064.8282,217525.0134,1065893,63.8298,16.682318
1696,200,WeaklyCorrelated,fixed,1000,42,5.0000,1001,101003,15974,84759,270,0.158154,988,13,0.987013,1887,1061.4915,267608.7115,1062553,66.5177,15.958042
1697,200,WeaklyCorrelated,fixed,1000,42,5.0000,1001,101204,16702,83930,572,0.165033,995,6,0.994006,1738,973.5105,236948.9492,974484,58.3453,16.685315
1698,200,WeaklyCorrelated,fixed,1000,42,5.0000,1001,102472,14955,87054,463,0.145942,991,10,0.990010,1746,956.8142,227963.1003,957771,64.0435,14.940060
1699,200,WeaklyCorrelated,fixed,1000,42,5.0000,1001,102224,11550,90299,375,0.112987,990,11,0.989011,1577,845.5974,200451.7390,846443,73.2851,11.538462
1700,200,StronglyCorrelated,fixed,1000,42,5.0000,1001,103739,22135,78126,3478,0.213372,994,7,0.993007,1135,586.2597,103517.7647,586846,26.5121,22.112887
1701,200,StronglyCorrelated,fixed,1000,42,5.0000,1001,101819,13840,85750,2229,0.135927,994,7,0.993007,1079,547.2078,97093.0777,547755,39.5777,13.826174
1702,200,StronglyCorrelated,fixed,1000,42,5.0000,1001,100715,17296,81127,2292,0.171732,997,4,0.996004,1107,567.7902,98921.9580,568358,32.8607,17.278721
1703,200,StronglyCorrelated,fixed,1000,42,5.0000,1001,99012,14496,82216,2300,0.146406,993,8,0.992008,1097,560.9990,98310.7023,561560,38.7390,14.481518
1704,200,StronglyCorrelated,fixed,1000,42,5.0000,1001,99041,16418,80622,2001,0.165770,993,8,0.992008,1115,568.8102,102243.6483,569379,34.6802,16.401598
1705,200,StronglyCorrelated,fixed,1000,42,5.0000,1001,102686,19974,80450,2262,0.194515,992,9,0.991009,1138,590.5295,103825.7576,591120,29.5945,19.954046
1706,200,StronglyCorrelated,fixed,1000,42,5.0000,1001,99924,18651,78062,3211,0.186652,993,8,0.992008,1104,562.7582,99814.1713,563321,30.2033,18.632368
1707,200,StronglyCorrelated,fixed,1000,42,5.0000,1001,100893,16064,82294,2535,0.159218,992,9,0.991009,1092,554.5684,98814.6489,555123,34.5570,16.047952
1708,200,StronglyCorrelated,fixed,1000,42,5.0000,1001,108066,23194,82212,2660,0.214628,1000,1,0.999001,1148,603.0689,104577.2130,603672,26.0271,23.170829
1709,200,StronglyCorrelated,fixed,1000,42,5.0000,1001,102866,15955,85070,1841,0.155105,996,5,0.995005,1110,571.8232,100545.2724,572395,35.8756,15.939061
1710,200,StronglyCorrelated,fixed,1000,42,5.0000,1001,108068,21389,83637,3042,0.197922,999,2,0.998002,1145,593.3876,105102.5990,593981,27.7704,21.367632
1711,200,StronglyCorrelated,fixed,1000,42,5.0000,1001,103990,16726,84193,3071,0.160842,993,8,0.992008,1109,567.5465,99993.7104,568114,33.9659,16.709291
1712,200,StronglyCorrelated,fixed,1000,42,5.0000,1001,100948,19196,78970,2782,0.190157,998,3,0.997003,1111,571.6424,99897.5424,572214,29.8090,19.176823
1713,200,StronglyCorrelated,fixed,1000,42,5.0000,1001,96434,18229,76027,2178,0.189031,995,6,0.994006,1136,588.7752,103841.5529,589364,32.3311,18.210789
1714,200,StronglyCorrelated,fixed,1000,42,5.0000,1001,105219,23570,79436,2213,0.224009,999,2,0.998002,1169,618.7033,105732.0748,619322,26.2759,23.546454
1715,200,StronglyCorrelated,fixed,1000,42,5.0000,1001,98711,17941,78666,2104,0.181753,1000,1,0.999001,1118,577.9261,99944.7578,578504,32.2448,17.923077
1716,200,StronglyCorrelated,fixed,1000,42,5.0000,1001,105960,18693,84437,2830,0.176416,1000,1,0.999001,1122,568.6384,105349.4137,569207,30.4503,18.674326
1717,200,StronglyCorrelated,fixed,1000,42,5.0000,1001,102011,19492,80244,2275,0.191077,994,7,0.993007,1112,574.0100,99495.0489,574584,29.4779,19.472527
1718,200,StronglyCorrelated,fixed,1000,42,5.0000,1001,105375,16360,86221,2794,0.155255,1000,1,0.999001,1106,566.4386,99737.0015,567005,34.6580,16.343656
1719,200,StronglyCorrelated,fixed,1000,42,5.0000,1001,92244,16036,73904,2304,0.173843,990,11,0.989011,1100,562.7223,98878.9458,563285,35.1263,16.019980
1720,200,StronglyCorrelated,fixed,1000,42,5.0000,1001,104089,19598,80955,3536,0.188281,995,6,0.994006,1097,553.9780,100503.3262,554532,28.2953,19.578422
1721,200,StronglyCorrelated,fixed,1000,42,5.0000,1001,102812,20994,79075,2743,0.204198,992,9,0.991009,1145,593.2178,106020.4181,593811,28.2848,20.973027
1722,200,StronglyCorrelated,fixed,1000,42,5.0000,1001,98233,16842,78716,2675,0.171450,986,15,0.985015,1105,561.2388,101198.0599,561800,33.3571,16.825175
1723,200,StronglyCorrelated,fixed,1000,42,5.0000,1001,97178,15115,79425,2638,0.155539,989,12,0.988012,1099,561.2278,99400.0600,561789,37.1676,15.099900
1724,200,StronglyCorrelated,fixed,1000,42,5.0000,1001,110364,20535,86130,3699,0.186066,993,8,0.992008,1104,568.3716,98779.8679,568940,27.7059,20.514486
1725,200,StronglyCorrelated,fixed,1000,42,5.0000,1001,103941,20229,80982,2730,0.194620,999,2,0.998002,1140,595.2088,102691.3740,595804,29.4530,20.208791
1726,200,StronglyCorrelated,fixed,1000,42,5.0000,1001,92995,16688,74397,1910,0.179451,997,4,0.996004,1108,566.4286,101208.7084,566995,33.9762,16.671329
1727,200,StronglyCorrelated,fixed,1000,42,5.0000,1001,96221,15818,77235,3168,0.164392,996,5,0.995005,1103,563.9560,99800.6274,564520,35.6885,15.802198
1728,200,StronglyCorrelated,fixed,1000,42,5.0000,1001,99553,17853,80059,1641,0.179332,986,15,0.985015,1135,582.5055,105960.5437,583088,32.6605,17.835165
1729,200,StronglyCorrelated,fixed,1000,42,5.0000,1001,100342,17114,81492,1736,0.170557,1000,1,0.999001,1113,571.5604,101086.0485,572132,33.4306,17.096903
1730,200,StronglyCorrelated,fixed,1000,42,5.0000,1001,93418,17379,73937,2102,0.186035,1000,1,0.999001,1118,577.5235,101259.4742,578101,33.2643,17.361638
1731,200,StronglyCorrelated,fixed,1000,42,5.0000,1001,101698,14219,85751,1728,0.139816,993,8,0.992008,1100,559.0859,100739.9267,559645,39.3590,14.204795
1732,200,StronglyCorrelated,fixed,1000,42,5.0000,1001,96522,18383,75951,2188,0.190454,996,5,0.995005,1129,589.0370,102098.2174,589626,32.0745,18.364635
1733,200,StronglyCorrelated,fixed,1000,42,5.0000,1001,98039,17064,78828,2147,0.174053,998,3,0.997003,1109,573.5914,97848.3555,574165,33.6477,17.046953
1734,200,StronglyCorrelated,fixed,1000,42,5.0000,1001,92389,16296,74180,1913,0.176385,992,9,0.991009,1106,568.8911,100191.6495,569460,34.9448,16.279720
1735,200,StronglyCorrelated,fixed,1000,42,5.0000,1001,99386,18131,79181,2074,0.182430,1000,1,0.999001,1118,576.5714,99904.5886,577148,31.8321,18.112887
1736,200,StronglyCorrelated,fixed,1000,42,5.0000,1001,102514,21380,77998,3136,0.208557,997,4,0.996004,1137,595.5285,102420.3051,596124,27.8823,21.358641
1737,200,StronglyCorrelated,fixed,1000,42,5.0000,1001,98662,20903,74971,2788,0.211865,999,2,0.998002,1142,594.7592,104036.3167,595354,28.4817,20.882118
1738,200,StronglyCorrelated,fixed,1000,42,5.0000,1001,100114,16823,80639,2652,0.168038,991,10,0.990010,1099,562.0889,99148.6365,562651,33.4453,16.806194
1739,200,StronglyCorrelated,fixed,1000,42,5.0000,1001,97932,19860,75645,2427,0.202794,997,4,0.996004,1134,589.9321,103024.2212,590522,29.7342,19.840160
1740,200,StronglyCorrelated,fixed,1000,42,5.0000,1001,102898,16339,83812,2747,0.158788,976,25,0.975025,1096,556.1199,99982.8408,556676,34.0704,16.322677
1741,200,StronglyCorrelated,fixed,1000,42,5.0000,1001,98902,16105,79205,3592,0.162838,996,5,0.995005,1090,555.7932,97705.4068,556349,34.5451,16.088911
1742,200,StronglyCorrelated,fixed,1000,42,5.0000,1001,96162,19773,74514,1875,0.205622,995,6,0.994006,1117,575.4695,101851.5358,576045,29.1329,19.753247
1743,200,StronglyCorrelated,fixed,1000,42,5.0000,1001,100113,16844,80759,2510,0.168250,997,4,0.996004,1109,571.5814,99409.6140,572153,33.9678,16.827173
1744,200,StronglyCorrelated,fixed,1000,42,5.0000,1001,108725,22775,83407,2543,0.209473,999,2,0.998002,1151,601.3876,105267.9796,601989,26.4320,22.752248
1745,200,StronglyCorrelated,fixed,1000,42,5.0000,1001,91858,19331,70580,1947,0.210444,997,4,0.996004,1139,598.9630,101891.6919,599562,31.0156,19.311688
1746,200,StronglyCorrelated,fixed,1000,42,5.0000,1001,101744,21135,78256,2353,0.207727,999,2,0.998002,1130,588.1219,102593.8733,588710,27.8547,21.113886
1747,200,StronglyCorrelated,fixed,1000,42,5.0000,1001,92569,16485,74129,1955,0.178083,994,7,0.993007,1114,573.4625,101748.0668,574036,34.8217,16.468531
1748,200,StronglyCorrelated,fixed,1000,42,5.0000,1001,93274,16668,74746,1860,0.178699,1000,1,0.999001,1114,579.5684,98137.0345,580148,34.8061,16.651349
1749,200,StronglyCorrelated,fixed,1000,42,5.0000,1001,100741,21539,76301,2901,0.213806,996,5,0.995005,1153,600.2677,106889.7105,600868,27.8967,21.517483
1750,200,StronglyCorrelated,fixed,1000,42,5.0000,1001,101648,20675,78656,2317,0.203398,999,2,0.998002,1136,588.3287,103895.9229,588917,28.4845,20.654346
1751,200,StronglyCorrelated,fixed,1000,42,5.0000,1001,100330,14938,83998,1394,0.148889,997,4,0.996004,1105,563.4196,100603.5223,563983,37.7549,14.923077
1752,200,StronglyCorrelated,fixed,1000,42,5.0000,1001,105967,24893,77549,3525,0.234913,998,3,0.997003,1148,604.2418,102871.3142,604846,24.2978,24.868132
1753,200,StronglyCorrelated,fixed,1000,42,5.0000,1001,106020,21585,82167,2268,0.203594,993,8,0.992008,1147,599.9710,104400.4098,600571,27.8235,21.563437
1754,200,StronglyCorrelated,fixed,1000,42,5.0000,1001,100174,17956,79497,2721,0.179248,999,2,0.998002,1116,574.8601,101721.3651,575435,32.0469,17.938062
1755,200,StronglyCorrelated,fixed,1000,42,5.0000,1001,93508,14616,77099,1793,0.156307,997,4,0.996004,1109,569.8482,99868.5544,570418,39.0270,14.601399
1756,200,StronglyCorrelated,fixed,1000,42,5.0000,1001,93624,18804,73201,1619,0.200846,994,7,0.993007,1122,585.9431,100433.3224,586529,31.1917,18.785215
1757,200,StronglyCorrelated,fixed,1000,42,5.0000,1001,110425,25079,82223,3123,0.227113,998,3,0.997003,1158,603.8142,107543.0764,604418,24.1006,25.053946
1758,200,StronglyCorrelated,fixed,1000,42,5.0000,1001,95198,13596,79818,1784,0.142818,989,12,0.988012,1093,555.5105,98402.5036,556066,40.8992,13.582418
1759,200,StronglyCorrelated,fixed,1000,42,5.0000,1001,98392,22654,72878,2860,0.230242,1000,1,0.999001,1124,580.9690,101040.7313,581550,25.6710,22.631369
1760,200,StronglyCorrelated,fixed,1000,42,5.0000,1001,101996,14762,84470,2764,0.144731,992,9,0.991009,1078,547.5095,95790.3039,548057,37.1262,14.747253
1761,200,StronglyCorrelated,fixed,1000,42,5.0000,1001,96589,15624,79205,1760,0.161758,990,11,0.989011,1108,569.0509,101188.0264,569620,36.4580,15.608392
1762,200,StronglyCorrelated,fixed,1000,42,5.0000,1001,96041,15119,78990,1932,0.157422,992,9,0.991009,1106,566.6334,100604.0284,567200,37.5157,15.103896
1763,200,StronglyCorrelated,fixed,1000,42,5.0000,1001,92984,15962,74798,2224,0.171664,988,13,0.987013,1101,563.4835,99943.4825,564047,35.3369,15.946054
1764,200,StronglyCorrelated,fixed,1000,42,5.0000,1001,100593,16519,81283,2791,0.164216,988,13,0.987013,1095,553.8072,99798.2076,554361,33.5590,16.502498
1765,200,StronglyCorrelated,fixed,1000,42,5.0000,1001,94340,16147,76133,2060,0.171158,994,7,0.993007,1106,565.3666,100272.0644,565932,35.0487,16.130869
1766,200,StronglyCorrelated,fixed,1000,42,5.0000,1001,99668,17748,79239,2681,0.178071,997,4,0.996004,1127,580.4266,102758.1867,581007,32.7365,17.730270
1767,200,StronglyCorrelated,fixed,1000,42,5.0000,1001,95856,16237,77909,1710,0.169390,997,4,0.996004,1096,560.1099,97329.6403,560670,34.5304,16.220779
1768,200,StronglyCorrelated,fixed,1000,42,5.0000,1001,104395,18661,83218,2516,0.178754,1000,1,0.999001,1119,579.9590,100311.9694,580539,31.1097,18.642358
1769,200,StronglyCorrelated,fixed,1000,42,5.0000,1001,95344,16208,76746,2390,0.169995,996,5,0.995005,1106,568.5884,98708.8096,569157,35.1158,16.191808
1770,200,StronglyCorrelated,fixed,1000,42,5.0000,1001,108352,20937,83837,3578,0.193231,998,3,0.997003,1115,576.0080,99551.8261,576584,27.5390,20.916084
1771,200,StronglyCorrelated,fixed,1000,42,5.0000,1001,101305,19239,79238,2828,0.189912,995,6,0.994006,1122,575.5884,103086.4899,576164,29.9477,19.219780
1772,200,StronglyCorrelated,fixed,1000,42,5.0000,1001,101130,17646,81392,2092,0.174488,998,3,0.997003,1114,572.3487,100435.0523,572921,32.4675,17.628372
1773,200,StronglyCorrelated,fixed,1000,42,5.0000,1001,106307,19378,84212,2717,0.182283,992,9,0.991009,1118,572.9670,102145.2367,573540,29.5975,19.358641
1774,200,StronglyCorrelated,fixed,1000,42,5.0000,1001,100413,17741,80410,2262,0.176680,989,12,0.988012,1119,573.0490,103210.4502,573622,32.3331,17.723277
1775,200,StronglyCorrelated,fixed,1000,42,5.0000,1001,101296,16977,82129,2190,0.167598,992,9,0.991009,1111,568.6014,99992.4195,569170,33.5259,16.960040
1776,200,StronglyCorrelated,fixed,1000,42,5.0000,1001,98620,16543,80334,1743,0.167745,1000,1,0.999001,1109,569.2408,100626.1708,569810,34.4442,16.526474
1777,200,StronglyCorrelated,fixed,1000,42,5.0000,1001,108685,18951,87635,2099,0.174366,998,3,0.997003,1145,593.4995,104838.7755,594093,31.3489,18.932068
1778,200,StronglyCorrelated,fixed,1000,42,5.0000,1001,104792,17590,85389,1813,0.167856,995,6,0.994006,1129,589.2697,101874.5746,589859,33.5338,17.572428
1779,200,StronglyCorrelated,fixed,1000,42,5.0000,1001,104959,19612,83489,1858,0.186854,999,2,0.998002,1146,598.9510,104328.0785,599550,30.5706,19.592408
1780,200,StronglyCorrelated,fixed,1000,42,5.0000,1001,102525,18397,82109,2019,0.179439,994,7,0.993007,1113,572.1079,99882.2641,572680,31.1290,18.378621
1781,200,StronglyCorrelated,fixed,1000,42,5.0000,1001,101714,18180,81565,1969,0.178736,999,2,0.998002,1121,578.4815,101604.2996,579060,31.8515,18.161838
1782,200,StronglyCorrelated,fixed,1000,42,5.0000,1001,101860,19700,79343,2817,0.193403,999,2,0.998002,1107,568.1578,99972.8282,568726,28.8693,19.680320
1783,200,StronglyCorrelated,fixed,1000,42,5.0000,1001,106126,22167,81317,2642,0.208874,1000,1,0.999001,1154,601.0300,106460.4586,601631,27.1408,22.144855
1784,200,StronglyCorrelated,fixed,1000,42,5.0000,1001,97415,15124,80980,1311,0.155253,999,2,0.998002,1116,577.1828,100827.8797,577760,38.2015,15.108891
1785,200,StronglyCorrelated,fixed,1000,42,5.0000,1001,101785,15833,83493,2459,0.155553,989,12,0.988012,1094,557.0110,98736.4085,557568,35.2156,15.817183
1786,200,StronglyCorrelated,fixed,1000,42,5.0000,1001,102914,17518,82778,2618,0.170220,996,5,0.995005,1100,562.1658,98548.8836,562728,32.1228,17.500500
1787,200,StronglyCorrelated,fixed,1000,42,5.0000,1001,102428,18158,82307,1963,0.177276,990,11,0.989011,1127,577.4525,105052.0240,578030,31.8334,18.139860
1788,200,StronglyCorrelated,fixed,1000,42,5.0000,1001,101560,17948,81986,1626,0.176723,988,13,0.987013,1127,584.3297,103760.3888,584914,32.5894,17.930070
1789,200,StronglyCorrelated,fixed,1000,42,5.0000,1001,97567,16602,78895,2070,0.170160,998,3,0.997003,1111,573.8751,99432.3311,574449,34.6012,16.585415
1790,200,StronglyCorrelated,fixed,1000,42,5.0000,1001,100953,20850,78141,1962,0.206532,1000,1,0.999001,1130,587.0090,100706.5963,587596,28.1821,20.829171
1791,200,StronglyCorrelated,fixed,1000,42,5.0000,1001,103408,19658,80854,2896,0.190101,994,7,0.993007,1129,589.3996,101007.7065,589989,30.0127,19.638362
1792,200,StronglyCorrelated,fixed,1000,42,5.0000,1001,88172,15414,70806,1952,0.174817,992,9,0.991009,1098,559.3556,100005.0324,559915,36.3251,15.398601
1793,200,StronglyCorrelated,fixed,1000,42,5.0000,1001,92000,14972,75167,1861,0.162739,989,12,0.988012,1105,566.5265,99162.3792,567093,37.8769,14.957043
1794,200,StronglyCorrelated,fixed,1000,42,5.0000,1001,105057,21178,81529,2350,0.201586,995,6,0.994006,1154,600.6224,106655.2980,601223,28.3890,21.156843
1795,200,StronglyCorrelated,fixed,1000,42,5.0000,1001,101807,19480,80282,2045,0.191342,999,2,0.998002,1123,574.0440,103598.1779,574618,29.4978,19.460539
1796,200,StronglyCorrelated,fixed,1000,42,5.0000,1001,97437,14604,81350,1483,0.149881,977,24,0.976024,1110,565.4376,102375.2071,566003,38.7567,14.589411
1797,200,StronglyCorrelated,fixed,1000,42,5.0000,1001,96678,20505,74379,1794,0.212096,1000,1,0.999001,1141,595.3147,103824.7851,595910,29.0617,20.484515
1798,200,StronglyCorrelated,fixed,1000,42,5.0000,1001,93268,17178,73668,2422,0.184179,998,3,0.997003,1124,580.6364,101840.3992,581217,33.8350,17.160839
1799,200,StronglyCorrelated,fixed,1000,42,5.0000,1001,96344,18090,75825,2429,0.187765,997,4,0.996004,1127,581.2617,102438.8026,581843,32.1638,18.071928
1800,200,InverseCorrelated,fixed,1000,42,5.0000,1001,100744,24344,76351,49,0.241642,1000,1,0.999001,18066,11679.2537,18342808.9426,11690933,480.2388,24.319680
1801,200,InverseCorrelated,fixed,1000,42,5.0000,1001,98730,20440,78200,90,0.207029,994,7,0.993007,16046,10464.4985,14477680.2600,10474963,512.4737,20.419580
1802,200,InverseCorrelated,fixed,1000,42,5.0000,1001,101097,20246,80772,79,0.200263,985,16,0.984016,16105,10537.9391,18531775.4239,10548477,521.0154,20.225774
1803,200,InverseCorrelated,fixed,1000,42,5.0000,1001,94748,18791,75569,388,0.198326,998,3,0.997003,15122,10780.2557,11693368.8737,10791036,574.2662,18.772228
1804,200,InverseCorrelated,fixed,1000,42,5.0000,1001,102963,23555,79250,158,0.228772,1000,1,0.999001,19073,12735.8212,20974656.8761,12748557,541.2251,23.531469
1805,200,InverseCorrelated,fixed,1000,42,5.0000,1001,107525,26570,80740,215,0.247105,996,5,0.995005,22062,15301.7373,26580558.7372,15317039,576.4787,26.543457
1806,200,InverseCorrelated,fixed,1000,42,5.0000,1001,98295,24116,73752,427,0.245343,997,4,0.996004,20021,13199.0100,21556480.3056,13212209,547.8607,24.091908
1807,200,InverseCorrelated,fixed,1000,42,5.0000,1001,102680,23901,78687,92,0.232772,999,2,0.998002,19075,12592.0380,21670415.7308,12604630,527.3683,23.877123
1808,200,InverseCorrelated,fixed,1000,42,5.0000,1001,99063,21879,77081,103,0.220859,999,2,0.998002,19045,12996.2068,20217327.1450,13009203,594.5977,21.857143
1809,200,InverseCorrelated,fixed,1000,42,5.0000,1001,101904,21345,80445,114,0.209462,986,15,0.985015,17037,10488.7662,19383034.7605,10499255,491.8836,21.323676
1810,200,InverseCorrelated,fixed,1000,42,5.0000,1001,95425,24643,70712,70,0.258245,998,3,0.997003,20111,14520.4066,22653809.9396,14534927,589.8197,24.618382
1811,200,InverseCorrelated,fixed,1000,42,5.0000,1001,107412,23565,83743,104,0.219389,1000,1,0.999001,19116,13955.6124,17994541.1045,13969568,592.8100,23.541459
1812,200,InverseCorrelated,fixed,1000,42,5.0000,1001,104771,26687,77897,187,0.254717,998,3,0.997003,24038,16220.9850,31637168.7300,16237206,608.4313,26.660340
1813,200,InverseCorrelated,fixed,1000,42,5.0000,1001,99747,20553,79194,0,0.206051,994,7,0.993007,15068,10152.6454,13842684.2309,10162798,494.4679,20.532468
1814,200,InverseCorrelated,fixed,1000,42,5.0000,1001,99903,23752,76087,64,0.237751,997,4,0.996004,20029,12617.8122,24091326.3943,12630430,531.7628,23.728272
1815,200,InverseCorrelated,fixed,1000,42,5.0000,1001,105080,25001,79809,270,0.237923,998,3,0.997003,20066,13295.2288,22964935.2574,13308524,532.3197,24.976024
1816,200,InverseCorrelated,fixed,1000,42,5.0000,1001,105409,25538,79684,187,0.242275,999,2,0.998002,22093,15566.5704,24701962.3949,15582137,610.1549,25.512488
1817,200,InverseCorrelated,fixed,1000,42,5.0000,1001,94485,21989,72381,115,0.232725,998,3,0.997003,18070,11829.4945,21208245.2290,11841324,538.5113,21.967033
1818,200,InverseCorrelated,fixed,1000,42,5.0000,1001,101718,17245,84310,163,0.169537,985,16,0.984016,13112,8166.7133,13177839.3454,8174880,474.0435,17.227772
1819,200,InverseCorrelated,fixed,1000,42,5.0000,1001,106978,26147,80621,210,0.244415,1000,1,0.999001,22109,15009.3946,29883119.2918,15024404,574.6129,26.120879
1820,200,InverseCorrelated,fixed,1000,42,5.0000,1001,104225,20298,83628,299,0.194752,998,3,0.997003,17078,11462.3626,17082506.0953,11473825,565.2687,20.277722
1821,200,InverseCorrelated,fixed,1000,42,5.0000,1001,97319,18699,78524,96,0.192141,999,2,0.998002,16038,9634.7512,16733505.5635,9644386,515.7701,18.680320
1822,200,InverseCorrelated,fixed,1000,42,5.0000,1001,100810,21565,79245,0,0.213917,1000,1,0.999001,17075,11811.6673,14748960.9892,11823479,548.2717,21.543457
1823,200,InverseCorrelated,fixed,1000,42,5.0000,1001,97879,19301,78488,90,0.197192,1000,1,0.999001,16042,10641.1548,13008189.9630,10651796,551.8779,19.281718
1824,200,InverseCorrelated,fixed,1000,42,5.0000,1001,97944,18534,79340,70,0.189231,1000,1,0.999001,15066,9836.3656,14270549.2489,9846202,531.2508,18.515485
1825,200,InverseCorrelated,fixed,1000,42,5.0000,1001,100665,19976,80407,282,0.198440,993,8,0.992008,18084,11341.8332,23761205.5876,11353175,568.3408,19.956044
1826,200,InverseCorrelated,fixed,1000,42,5.0000,1001,105423,25085,80338,0,0.237946,999,2,0.998002,20035,12906.6354,24879035.7661,12919542,515.0306,25.059940
1827,200,InverseCorrelated,fixed,1000,42,5.0000,1001,102337,25166,77119,52,0.245913,995,6,0.994006,24036,15174.0000,39439083.3606,15189174,603.5593,25.140859
1828,200,InverseCorrelated,fixed,1000,42,5.0000,1001,89440,19879,69557,4,0.222261,997,4,0.996004,16093,11580.8472,12435645.1784,11592428,583.1495,19.859141
1829,200,InverseCorrelated,fixed,1000,42,5.0000,1001,100981,23372,77549,60,0.231449,998,3,0.997003,21067,14374.5534,24433071.7037,14388928,615.6481,23.348651
1830,200,InverseCorrelated,fixed,1000,42,5.0000,1001,98734,25132,73602,0,0.254543,998,3,0.997003,22066,14671.8911,28809338.0111,14686563,584.3770,25.106893
1831,200,InverseCorrelated,fixed,1000,42,5.0000,1001,99327,19564,79572,191,0.196966,992,9,0.991009,17049,10829.5684,17785966.4731,10840398,554.0993,19.544456
1832,200,InverseCorrelated,fixed,1000,42,5.0000,1001,101103,22003,79016,84,0.217630,999,2,0.998002,21024,12953.1009,30565218.2246,12966054,589.2857,21.981019
1833,200,InverseCorrelated,fixed,1000,42,5.0000,1001,103242,24698,78423,121,0.239224,1000,1,0.999001,21031,14308.9091,23930577.5472,14323218,579.9343,24.673327
1834,200,InverseCorrelated,fixed,1000,42,5.0000,1001,103605,20781,82391,433,0.200579,998,3,0.997003,17047,10755.4176,19665934.9165,10766173,518.0777,20.760240
1835,200,InverseCorrelated,fixed,1000,42,5.0000,1001,100485,22131,78232,122,0.220242,1000,1,0.999001,19071,12943.9990,20898728.7343,12956943,585.4658,22.108891
1836,200,InverseCorrelated,fixed,1000,42,5.0000,1001,98020,19557,78382,81,0.199521,998,3,0.997003,18046,11603.7083,19870169.5413,11615312,593.9209,19.537463
1837,200,InverseCorrelated,fixed,1000,42,5.0000,1001,101146,23815,77097,234,0.235452,998,3,0.997003,19048,12135.6444,22822419.7077,12147780,510.0894,23.791209
1838,200,InverseCorrelated,fixed,1000,42,5.0000,1001,103843,24733,78144,966,0.238177,1000,1,0.999001,21025,14110.5205,20306576.5393,14124631,571.0844,24.708292
1839,200,InverseCorrelated,fixed,1000,42,5.0000,1001,98800,23758,74908,134,0.240466,995,6,0.994006,19110,13031.6913,24864773.3722,13044723,549.0665,23.734266
1840,200,InverseCorrelated,fixed,1000,42,5.0000,1001,99787,21090,78555,142,0.211350,996,5,0.995005,16112,10646.4585,17214200.9476,10657105,505.3156,21.068931
1841,200,InverseCorrelated,fixed,1000,42,5.0000,1001,99506,22584,76621,301,0.226961,1000,1,0.999001,20097,13550.3616,24166209.8193,13563912,600.5983,22.561439
1842,200,InverseCorrelated,fixed,1000,42,5.0000,1001,98784,21384,76921,479,0.216472,999,2,0.998002,18078,12233.1279,18540651.3962,12245361,572.6413,21.362637
1843,200,InverseCorrelated,fixed,1000,42,5.0000,1001,96481,22018,74405,58,0.228211,999,2,0.998002,20040,13425.5145,22075958.5155,13438940,610.3615,21.996004
1844,200,InverseCorrelated,fixed,1000,42,5.0000,1001,100420,20224,79811,385,0.201394,1000,1,0.999001,16074,10899.3377,13299913.9060,10910237,539.4698,20.203796
1845,200,InverseCorrelated,fixed,1000,42,5.0000,1001,100315,20651,79471,193,0.205862,995,6,0.994006,15074,9300.8631,15376682.2100,9310164,450.8336,20.630370
1846,200,InverseCorrelated,fixed,1000,42,5.0000,1001,95110,19404,75580,126,0.204016,998,3,0.997003,16100,10952.5934,14651598.4331,10963546,565.0147,19.384615
1847,200,InverseCorrelated,fixed,1000,42,5.0000,1001,97483,23755,73520,208,0.243684,996,5,0.995005,20062,13474.4825,25435177.7702,13487957,567.7944,23.731269
1848,200,InverseCorrelated,fixed,1000,42,5.0000,1001,104765,22551,81788,426,0.215253,991,10,0.990010,19044,11985.0809,24165827.5049,11997066,531.9971,22.528472
1849,200,InverseCorrelated,fixed,1000,42,5.0000,1001,91512,21639,69725,148,0.236461,998,3,0.997003,18084,12255.1848,18167567.8110,12267440,566.9134,21.617383
1850,200,InverseCorrelated,fixed,1000,42,5.0000,1001,98940,22172,76698,70,0.224095,998,3,0.997003,20046,13352.6973,21714305.9094,13366050,602.8347,22.149850
1851,200,InverseCorrelated,fixed,1000,42,5.0000,1001,96546,20809,75418,319,0.215535,996,5,0.995005,18060,12077.2368,18510417.3156,12089314,580.9656,20.788212
1852,200,InverseCorrelated,fixed,1000,42,5.0000,1001,98907,18247,80442,218,0.184486,981,20,0.980020,15073,9621.5115,16444317.7164,9631133,527.8201,18.228771
1853,200,InverseCorrelated,fixed,1000,42,5.0000,1001,99698,20857,78424,417,0.209202,995,6,0.994006,18034,12179.1918,16811146.2190,12191371,584.5218,20.836164
1854,200,InverseCorrelated,fixed,1000,42,5.0000,1001,101096,20934,79896,266,0.207071,998,3,0.997003,18090,11789.6324,20260340.1785,11801422,563.7442,20.913087
1855,200,InverseCorrelated,fixed,1000,42,5.0000,1001,100217,21449,78646,122,0.214026,999,2,0.998002,18064,12451.0799,16641508.6230,12463531,581.0775,21.427572
1856,200,InverseCorrelated,fixed,1000,42,5.0000,1001,101601,20510,81091,0,0.201868,991,10,0.990010,19075,12665.3686,22846728.2327,12678034,618.1392,20.489510
1857,200,InverseCorrelated,fixed,1000,42,5.0000,1001,98193,17440,80725,28,0.177609,983,18,0.982018,14045,8760.4316,12734960.4951,8769192,502.8206,17.422577
1858,200,InverseCorrelated,fixed,1000,42,5.0000,1001,103216,20457,82740,19,0.198196,998,3,0.997003,19032,12462.1369,19756564.2140,12474599,609.7961,20.436563
1859,200,InverseCorrelated,fixed,1000,42,5.0000,1001,101583,21210,80194,179,0.208795,997,4,0.996004,17078,11241.0979,18243458.0903,11252339,530.5205,21.188811
1860,200,InverseCorrelated,fixed,1000,42,5.0000,1001,97524,23054,74232,238,0.236393,997,4,0.996004,20038,13248.8272,23742222.0970,13262076,575.2614,23.030969
1861,200,InverseCorrelated,fixed,1000,42,5.0000,1001,107761,23840,83565,356,0.221230,1000,1,0.999001,22029,15421.5455,21434806.5636,15436967,647.5238,23.816184
1862,200,InverseCorrelated,fixed,1000,42,5.0000,1001,103206,21027,82032,147,0.203738,989,12,0.988012,17050,10864.7303,19445482.1450,10875595,517.2205,21.005994
1863,200,InverseCorrelated,fixed,1000,42,5.0000,1001,100272,24671,75446,155,0.246041,998,3,0.997003,21080,14760.8022,23199518.6322,14775563,598.9041,24.646354
1864,200,InverseCorrelated,fixed,1000,42,5.0000,1001,93496,15632,77705,159,0.167194,984,17,0.983017,14068,8960.7892,15212045.1334,8969750,573.8069,15.616384
1865,200,InverseCorrelated,fixed,1000,42,5.0000,1001,96311,19944,76295,72,0.207079,1000,1,0.999001,16101,11083.4326,13759931.5501,11094516,556.2834,19.924076
1866,200,InverseCorrelated,fixed,1000,42,5.0000,1001,99980,23585,76257,138,0.235897,997,4,0.996004,22103,15413.8272,27294688.7004,15429241,654.1972,23.561439
1867,200,InverseCorrelated,fixed,1000,42,5.0000,1001,100246,19909,80233,104,0.198601,990,11,0.989011,17032,10389.7423,18732808.9745,10400132,522.3834,19.889111
1868,200,InverseCorrelated,fixed,1000,42,5.0000,1001,99731,23434,76258,39,0.234972,1000,1,0.999001,20022,13526.5684,18839254.5870,13540095,577.7970,23.410589
1869,200,InverseCorrelated,fixed,1000,42,5.0000,1001,91662,20237,71425,0,0.220779,996,5,0.995005,15063,10429.4595,11329322.0785,10439889,515.8813,20.216783
1870,200,InverseCorrelated,fixed,1000,42,5.0000,1001,98373,23613,74635,125,0.240035,992,9,0.991009,21057,13711.6623,30449532.9789,13725374,581.2635,23.589411
1871,200,InverseCorrelated,fixed,1000,42,5.0000,1001,98204,22687,75283,234,0.231019,999,2,0.998002,19083,11725.9630,25358491.5101,11737689,517.3751,22.664336
1872,200,InverseCorrelated,fixed,1000,42,5.0000,1001,97872,19145,78438,289,0.195613,996,5,0.995005,18032,11334.5125,20295153.8243,11345847,592.6272,19.125874
1873,200,InverseCorrelated,fixed,1000,42,5.0000,1001,97105,22273,74832,0,0.229370,991,10,0.990010,18028,11804.4416,19815977.1717,11816246,530.5188,22.250749
1874,200,InverseCorrelated,fixed,1000,42,5.0000,1001,106589,22542,84028,19,0.211485,1000,1,0.999001,19062,12604.0869,24106991.6957,12616691,559.6971,22.519481
1875,200,InverseCorrelated,fixed,1000,42,5.0000,1001,98609,22480,75852,277,0.227971,988,13,0.987013,20104,13124.7842,29542119.4140,13137909,584.4266,22.457542
1876,200,InverseCorrelated,fixed,1000,42,5.0000,1001,97859,21813,75874,172,0.222902,1000,1,0.999001,20076,13157.2358,25291494.7316,13170393,603.7864,21.791209
1877,200,InverseCorrelated,fixed,1000,42,5.0000,1001,97501,20524,76964,13,0.210500,989,12,0.988012,17102,11329.0050,18172034.3326,11340334,552.5401,20.503497
1878,200,InverseCorrelated,fixed,1000,42,5.0000,1001,99981,25631,74329,21,0.256359,1000,1,0.999001,21100,14745.3646,25945216.1637,14760110,575.8695,25.605395
1879,200,InverseCorrelated,fixed,1000,42,5.0000,1001,101559,23509,77828,222,0.231481,999,2,0.998002,19112,13292.6713,20489003.1197,13305964,565.9945,23.485514
1880,200,InverseCorrelated,fixed,1000,42,5.0000,1001,101008,20002,80535,471,0.198024,999,2,0.998002,16086,10675.3896,14722330.2878,10686065,534.2498,19.982018
1881,200,InverseCorrelated,fixed,1000,42,5.0000,1001,102613,20995,81570,48,0.204604,994,7,0.993007,19050,13368.1528,18202880.7109,13381521,637.3670,20.974026
1882,200,InverseCorrelated,fixed,1000,42,5.0000,1001,92681,22505,70122,54,0.242822,985,16,0.984016,15017,9075.8991,13926140.4663,9084975,403.6870,22.482517
1883,200,InverseCorrelated,fixed,1000,42,5.0000,1001,104904,25507,78995,402,0.243146,999,2,0.998002,23096,15716.3047,30831827.7363,15732021,616.7727,25.481518
1884,200,InverseCorrelated,fixed,1000,42,5.0000,1001,98268,19931,78306,31,0.202823,989,12,0.988012,16058,10303.5075,17295239.3728,10313811,517.4758,19.911089
1885,200,InverseCorrelated,fixed,1000,42,5.0000,1001,104767,20752,83799,216,0.198078,986,15,0.985015,19069,11865.3536,26477997.7790,11877219,572.3409,20.731269
1886,200,InverseCorrelated,fixed,1000,42,5.0000,1001,97911,18726,79185,0,0.191255,998,3,0.997003,16109,10834.6563,15022085.8060,10845491,579.1675,18.707293
1887,200,InverseCorrelated,fixed,1000,42,5.0000,1001,100044,23643,76383,18,0.236326,994,7,0.993007,17093,11951.1658,16966539.4410,11963117,505.9898,23.619381
1888,200,InverseCorrelated,fixed,1000,42,5.0000,1001,95452,24069,71295,88,0.252158,998,3,0.997003,18089,12163.2358,19623781.7106,12175399,505.8540,24.044955
1889,200,InverseCorrelated,fixed,1000,42,5.0000,1001,92066,19096,72788,182,0.207416,998,3,0.997003,17094,11641.0160,18545806.9628,11652657,610.2145,19.076923
1890,200,InverseCorrelated,fixed,1000,42,5.0000,1001,96256,16157,80077,22,0.167854,985,16,0.984016,14117,9525.3866,13767458.5848,9534912,590.1412,16.140859
1891,200,InverseCorrelated,fixed,1000,42,5.0000,1001,93449,18099,75350,0,0.193678,996,5,0.995005,15031,9287.6713,13490861.7651,9296959,513.6725,18.080919
1892,200,InverseCorrelated,fixed,1000,42,5.0000,1001,101656,23648,77866,142,0.232628,997,4,0.996004,20049,14130.8092,20047764.0765,14144940,598.1453,23.624376
1893,200,InverseCorrelated,fixed,1000,42,5.0000,1001,95088,20364,74710,14,0.214160,1000,1,0.999001,19028,13533.6593,17297621.8909,13547193,665.2521,20.343656
1894,200,InverseCorrelated,fixed,1000,42,5.0000,1001,100787,20254,80502,31,0.200958,990,11,0.989011,19024,12022.8691,22444764.9249,12034892,594.1983,20.233766
1895,200,InverseCorrelated,fixed,1000,42,5.0000,1001,100554,17553,82937,64,0.174563,991,10,0.990010,14084,8915.8981,13181751.4981,8924814,508.4495,17.535465
1896,200,InverseCorrelated,fixed,1000,42,5.0000,1001,102003,23804,77901,298,0.233366,1000,1,0.999001,19080,12844.1558,22213177.7839,12857000,540.1193,23.780220
1897,200,InverseCorrelated,fixed,1000,42,5.0000,1001,98325,22028,76291,6,0.224033,996,5,0.995005,18072,11920.8941,18772345.1596,11932815,541.7112,22.005994
1898,200,InverseCorrelated,fixed,1000,42,5.0000,1001,103595,22957,80354,284,0.221603,994,7,0.993007,18095,12486.1259,19933643.5546,12498612,544.4358,22.934066
1899,200,InverseCorrelated,fixed,1000,42,5.0000,1001,104060,26002,77995,63,0.249875,993,8,0.992008,20072,13192.6873,27198499.8713,13205880,507.8794,25.976024
1900,200,AlmostEqualRatios,fixed,1000,42,5.0000,1001,102876,7851,93119,1906,0.076315,995,6,0.994006,1093,543.3417,100600.6585,543885,69.2759,7.843157
1901,200,AlmostEqualRatios,fixed,1000,42,5.0000,1001,100476,9865,89504,1107,0.098183,993,8,0.992008,1092,543.9690,100728.1958,544513,55.1965,9.855145
1902,200,AlmostEqualRatios,fixed,1000,42,5.0000,1001,97733,8669,87521,1543,0.088701,990,11,0.989011,1095,545.9790,100919.1754,546525,63.0436,8.660340
1903,200,AlmostEqualRatios,fixed,1000,42,5.0000,1001,104142,7744,93152,3246,0.074360,997,4,0.996004,1096,546.9860,100683.6142,547533,70.7042,7.736264
1904,200,AlmostEqualRatios,fixed,1000,42,5.0000,1001,93025,11204,80532,1289,0.120441,993,8,0.992008,1098,547.2957,101187.2632,547843,48.8971,11.192807
1905,200,AlmostEqualRatios,fixed,1000,42,5.0000,1001,103382,9288,92173,1921,0.089842,988,13,0.987013,1095,545.6294,100782.4231,546175,58.8044,9.278721
1906,200,AlmostEqualRatios,fixed,1000,42,5.0000,1001,98063,10568,85466,2029,0.107767,999,2,0.998002,1095,547.2238,100571.0069,547771,51.8330,10.557443
1907,200,AlmostEqualRatios,fixed,1000,42,5.0000,1001,95346,9198,84604,1544,0.096470,997,4,0.996004,1096,546.1099,100662.7352,546656,59.4321,9.188811
1908,200,AlmostEqualRatios,fixed,1000,42,5.0000,1001,106388,10945,93492,1951,0.102878,991,10,0.990010,1091,543.8661,100581.6224,544410,49.7405,10.934066
1909,200,AlmostEqualRatios,fixed,1000,42,5.0000,1001,94738,9104,84661,973,0.096097,993,8,0.992008,1095,545.3097,101282.7632,545855,59.9577,9.094905
1910,200,AlmostEqualRatios,fixed,1000,42,5.0000,1001,104404,12223,90175,2006,0.117074,993,8,0.992008,1097,548.1918,100814.5466,548740,44.8941,12.210789
1911,200,AlmostEqualRatios,fixed,1000,42,5.0000,1001,98196,10561,85529,2106,0.107550,993,8,0.992008,1098,546.7562,101125.8327,547303,51.8230,10.550450
1912,200,AlmostEqualRatios,fixed,1000,42,5.0000,1001,99740,9903,88625,1212,0.099288,988,13,0.987013,1093,543.8781,101484.4707,544422,54.9755,9.893107
1913,200,AlmostEqualRatios,fixed,1000,42,5.0000,1001,97952,11988,83023,2941,0.122386,1000,1,0.999001,1097,548.1668,101108.9662,548715,45.7720,11.976024
1914,200,AlmostEqualRatios,fixed,1000,42,5.0000,1001,98366,10582,84934,2850,0.107578,996,5,0.995005,1095,544.5894,100102.3499,545134,51.5152,10.571429
1915,200,AlmostEqualRatios,fixed,1000,42,5.0000,1001,105237,12038,90743,2456,0.114389,999,2,0.998002,1099,545.9111,101170.3787,546457,45.3943,12.025974
1916,200,AlmostEqualRatios,fixed,1000,42,5.0000,1001,100920,9665,89330,1925,0.095769,993,8,0.992008,1097,547.3297,101217.0442,547877,56.6867,9.655345
1917,200,AlmostEqualRatios,fixed,1000,42,5.0000,1001,95686,10975,82882,1829,0.114698,994,7,0.993007,1099,547.2557,100781.8367,547803,49.9137,10.964036
1918,200,AlmostEqualRatios,fixed,1000,42,5.0000,1001,103221,10939,91199,1083,0.105976,991,10,0.990010,1097,546.5425,101006.1203,547089,50.0127,10.928072
1919,200,AlmostEqualRatios,fixed,1000,42,5.0000,1001,101109,9681,89999,1429,0.095748,991,10,0.990010,1095,545.5674,101114.1376,546113,56.4108,9.671329
1920,200,AlmostEqualRatios,fixed,1000,42,5.0000,1001,101654,9909,89463,2282,0.097478,995,6,0.994006,1096,547.0370,100924.0096,547584,55.2613,9.899101
1921,200,AlmostEqualRatios,fixed,1000,42,5.0000,1001,100890,10359,88880,1651,0.102676,989,12,0.988012,1096,546.4006,101046.6617,546947,52.7992,10.348651
1922,200,AlmostEqualRatios,fixed,1000,42,5.0000,1001,95621,9796,84773,1052,0.102446,968,33,0.967033,1091,542.1119,101789.9835,542654,55.3955,9.786214
1923,200,AlmostEqualRatios,fixed,1000,42,5.0000,1001,101380,10671,88778,1931,0.105257,998,3,0.997003,1092,544.3027,100329.1202,544847,51.0587,10.660340
1924,200,AlmostEqualRatios,fixed,1000,42,5.0000,1001,100847,10237,88296,2314,0.101510,992,9,0.991009,1099,543.2507,100304.3957,543794,53.1204,10.226773
1925,200,AlmostEqualRatios,fixed,1000,42,5.0000,1001,99620,9486,88074,2060,0.095222,1000,1,0.999001,1093,544.3966,100834.4791,544941,57.4469,9.476523
1926,200,AlmostEqualRatios,fixed,1000,42,5.0000,1001,105461,10795,93405,1261,0.102360,984,17,0.983017,1094,544.2557,100674.8517,544800,50.4678,10.784216
1927,200,AlmostEqualRatios,fixed,1000,42,5.0000,1001,106799,10218,94742,1839,0.095675,996,5,0.995005,1094,545.5814,101300.5970,546127,53.4475,10.207792
1928,200,AlmostEqualRatios,fixed,1000,42,5.0000,1001,105839,9024,95072,1743,0.085262,998,3,0.997003,1096,545.8262,100827.5003,546372,60.5465,9.014985
1929,200,AlmostEqualRatios,fixed,1000,42,5.0000,1001,103020,10340,91202,1478,0.100369,996,5,0.995005,1096,545.8601,101537.9045,546406,52.8439,10.329670
1930,200,AlmostEqualRatios,fixed,1000,42,5.0000,1001,99170,10663,85990,2517,0.107522,999,2,0.998002,1094,545.4565,101133.1632,546002,51.2053,10.652348
1931,200,AlmostEqualRatios,fixed,1000,42,5.0000,1001,99213,9750,88450,1013,0.098273,998,3,0.997003,1096,545.7672,100782.7081,546313,56.0321,9.740260
1932,200,AlmostEqualRatios,fixed,1000,42,5.0000,1001,103254,8055,93673,1526,0.078012,999,2,0.998002,1095,546.5185,101005.3106,547065,67.9162,8.046953
1933,200,AlmostEqualRatios,fixed,1000,42,5.0000,1001,100059,10688,86951,2420,0.106817,1000,1,0.999001,1096,547.3776,100662.8304,547925,51.2654,10.677323
1934,200,AlmostEqualRatios,fixed,1000,42,5.0000,1001,97301,10872,84766,1663,0.111736,989,12,0.988012,1095,544.5205,101164.1836,545065,50.1347,10.861139
1935,200,AlmostEqualRatios,fixed,1000,42,5.0000,1001,98095,9140,87560,1395,0.093175,989,12,0.988012,1093,544.2807,100584.9811,544825,59.6089,9.130869
1936,200,AlmostEqualRatios,fixed,1000,42,5.0000,1001,97710,10316,85772,1622,0.105578,985,16,0.984016,1092,543.7193,100968.8972,544263,52.7591,10.305694
1937,200,AlmostEqualRatios,fixed,1000,42,5.0000,1001,98105,9301,86893,1911,0.094807,986,15,0.985015,1095,544.8881,100938.2512,545433,58.6424,9.291708
1938,200,AlmostEqualRatios,fixed,1000,42,5.0000,1001,105439,11599,91471,2369,0.110007,996,5,0.995005,1096,546.2198,100669.0866,546766,47.1391,11.587413
1939,200,AlmostEqualRatios,fixed,1000,42,5.0000,1001,107533,10616,93917,3000,0.098723,995,6,0.994006,1099,547.8981,101330.7289,548446,51.6622,10.605395
1940,200,AlmostEqualRatios,fixed,1000,42,5.0000,1001,102673,10576,90178,1919,0.103007,1000,1,0.999001,1097,546.2208,100856.8993,546767,51.6988,10.565435
1941,200,AlmostEqualRatios,fixed,1000,42,5.0000,1001,103355,10698,90622,2035,0.103507,1000,1,0.999001,1095,546.0420,100749.6506,546588,51.0925,10.687313
1942,200,AlmostEqualRatios,fixed,1000,42,5.0000,1001,99301,9345,88051,1905,0.094108,991,10,0.990010,1095,545.7233,100854.2801,546269,58.4558,9.335664
1943,200,AlmostEqualRatios,fixed,1000,42,5.0000,1001,96460,9153,84255,3052,0.094889,1000,1,0.999001,1097,546.8282,100902.6997,547375,59.8028,9.143856
1944,200,AlmostEqualRatios,fixed,1000,42,5.0000,1001,106252,10091,93731,2430,0.094972,996,5,0.995005,1094,545.9730,100859.5687,546519,54.1591,10.080919
1945,200,AlmostEqualRatios,fixed,1000,42,5.0000,1001,94851,10110,83210,1531,0.106588,998,3,0.997003,1096,546.6543,101209.9345,547201,54.1247,10.099900
1946,200,AlmostEqualRatios,fixed,1000,42,5.0000,1001,100966,9621,88863,2482,0.095290,999,2,0.998002,1098,545.4446,100265.8094,545990,56.7498,9.611389
1947,200,AlmostEqualRatios,fixed,1000,42,5.0000,1001,101402,11489,87214,2699,0.113302,1000,1,0.999001,1099,547.8541,101105.1615,548402,47.7328,11.477522
1948,200,AlmostEqualRatios,fixed,1000,42,5.0000,1001,98956,10295,87462,1199,0.104036,1000,1,0.999001,1094,545.4965,100462.3059,546042,53.0395,10.284715
1949,200,AlmostEqualRatios,fixed,1000,42,5.0000,1001,95889,10696,83227,1966,0.111546,998,3,0.997003,1098,547.2807,101358.0820,547828,51.2180,10.685315
1950,200,AlmostEqualRatios,fixed,1000,42,5.0000,1001,98663,8394,88319,1950,0.085077,998,3,0.997003,1096,547.0040,100999.6343,547551,65.2312,8.385614
1951,200,AlmostEqualRatios,fixed,1000,42,5.0000,1001,100298,9639,89294,1365,0.096104,992,9,0.991009,1095,544.3826,100936.8196,544927,56.5336,9.629371
1952,200,AlmostEqualRatios,fixed,1000,42,5.0000,1001,94984,9709,83620,1655,0.102217,997,4,0.996004,1096,546.1449,100888.7313,546691,56.3077,9.699301
1953,200,AlmostEqualRatios,fixed,1000,42,5.0000,1001,99353,9502,88527,1324,0.095639,1000,1,0.999001,1096,546.2308,100931.8359,546777,57.5434,9.492507
1954,200,AlmostEqualRatios,fixed,1000,42,5.0000,1001,99764,9472,88386,1906,0.094944,996,5,0.995005,1095,545.6503,100608.0556,546196,57.6643,9.462537
1955,200,AlmostEqualRatios,fixed,1000,42,5.0000,1001,98576,12353,84074,2149,0.125314,995,6,0.994006,1098,548.2398,100960.2602,548788,44.4255,12.340659
1956,200,AlmostEqualRatios,fixed,1000,42,5.0000,1001,95043,10414,82364,2265,0.109571,1000,1,0.999001,1096,546.0969,100980.4931,546643,52.4912,10.403596
1957,200,AlmostEqualRatios,fixed,1000,42,5.0000,1001,100120,11476,87064,1580,0.114622,999,2,0.998002,1098,548.0420,100905.2050,548590,47.8032,11.464535
1958,200,AlmostEqualRatios,fixed,1000,42,5.0000,1001,96439,10030,84336,2073,0.104004,1000,1,0.999001,1097,547.1169,101034.2970,547664,54.6026,10.019980
1959,200,AlmostEqualRatios,fixed,1000,42,5.0000,1001,92559,9538,81527,1494,0.103048,996,5,0.995005,1095,545.3397,101441.3292,545885,57.2326,9.528472
1960,200,AlmostEqualRatios,fixed,1000,42,5.0000,1001,102969,9541,91040,2388,0.092659,995,6,0.994006,1093,546.1728,100420.8942,546719,57.3021,9.531469
1961,200,AlmostEqualRatios,fixed,1000,42,5.0000,1001,101228,11286,88350,1592,0.111491,1000,1,0.999001,1093,545.4965,100998.6236,546042,48.3822,11.274725
1962,200,AlmostEqualRatios,fixed,1000,42,5.0000,1001,101269,10317,89288,1664,0.101877,996,5,0.995005,1097,546.1119,100748.7947,546658,52.9861,10.306693
1963,200,AlmostEqualRatios,fixed,1000,42,5.0000,1001,95994,9066,85541,1387,0.094443,996,5,0.995005,1093,544.7193,101077.5346,545264,60.1438,9.056943
1964,200,AlmostEqualRatios,fixed,1000,42,5.0000,1001,100573,10565,88318,1690,0.105048,999,2,0.998002,1094,544.8591,100722.3268,545404,51.6237,10.554446
1965,200,AlmostEqualRatios,fixed,1000,42,5.0000,1001,103708,10899,90438,2371,0.105093,995,6,0.994006,1097,546.8182,100967.2736,547365,50.2216,10.888112
1966,200,AlmostEqualRatios,fixed,1000,42,5.0000,1001,102164,12198,86409,3557,0.119396,998,3,0.997003,1099,548.2268,101116.6009,548775,44.9889,12.185814
1967,200,AlmostEqualRatios,fixed,1000,42,5.0000,1001,105572,11915,91364,2293,0.112861,1000,1,0.999001,1094,545.2068,100763.6066,545752,45.8038,11.903097
1968,200,AlmostEqualRatios,fixed,1000,42,5.0000,1001,99591,10127,87749,1715,0.101686,996,5,0.995005,1096,546.2777,100852.2346,546824,53.9966,10.116883
1969,200,AlmostEqualRatios,fixed,1000,42,5.0000,1001,95373,8137,85540,1696,0.085318,985,16,0.984016,1098,544.0739,101458.8976,544618,66.9311,8.128871
1970,200,AlmostEqualRatios,fixed,1000,42,5.0000,1001,98814,9943,87465,1406,0.100623,987,14,0.986014,1095,545.1828,101087.8377,545728,54.8856,9.933067
1971,200,AlmostEqualRatios,fixed,1000,42,5.0000,1001,101340,8990,91487,863,0.088711,971,30,0.970030,1090,541.6154,101262.4924,542157,60.3067,8.981019
1972,200,AlmostEqualRatios,fixed,1000,42,5.0000,1001,101608,8245,91889,1474,0.081145,995,6,0.994006,1094,544.8651,101006.5982,545410,66.1504,8.236763
1973,200,AlmostEqualRatios,fixed,1000,42,5.0000,1001,99519,11467,86502,1550,0.115224,998,3,0.997003,1094,545.5075,100572.9812,546053,47.6195,11.455544
1974,200,AlmostEqualRatios,fixed,1000,42,5.0000,1001,101042,10341,89039,1662,0.102344,995,6,0.994006,1092,544.9730,100617.0812,545518,52.7529,10.330669
1975,200,AlmostEqualRatios,fixed,1000,42,5.0000,1001,96033,11938,79826,4269,0.124311,998,3,0.997003,1094,545.5475,100643.0090,546093,45.7441,11.926074
1976,200,AlmostEqualRatios,fixed,1000,42,5.0000,1001,99334,9769,88114,1451,0.098345,998,3,0.997003,1096,546.1758,101226.5925,546722,55.9650,9.759241
1977,200,AlmostEqualRatios,fixed,1000,42,5.0000,1001,95561,9749,83934,1878,0.102019,998,3,0.997003,1093,544.7912,100609.7756,545336,55.9376,9.739261
1978,200,AlmostEqualRatios,fixed,1000,42,5.0000,1001,95150,9902,83434,1814,0.104067,996,5,0.995005,1092,543.4196,100972.5253,543963,54.9347,9.892108
1979,200,AlmostEqualRatios,fixed,1000,42,5.0000,1001,98127,9383,87400,1344,0.095621,997,4,0.996004,1096,546.0669,100893.2093,546613,58.2557,9.373626
1980,200,AlmostEqualRatios,fixed,1000,42,5.0000,1001,102147,9829,90688,1630,0.096224,997,4,0.996004,1096,545.0280,100617.2440,545573,55.5065,9.819181
1981,200,AlmostEqualRatios,fixed,1000,42,5.0000,1001,96303,10010,84337,1956,0.103943,988,13,0.987013,1094,545.5764,101072.5459,546122,54.5576,10.000000
1982,200,AlmostEqualRatios,fixed,1000,42,5.0000,1001,99807,11208,86386,2213,0.112297,996,5,0.995005,1099,546.8042,100893.8338,547351,48.8357,11.196803
1983,200,AlmostEqualRatios,fixed,1000,42,5.0000,1001,97025,9458,86236,1331,0.097480,999,2,0.998002,1093,543.0519,101115.5937,543595,57.4746,9.448551
1984,200,AlmostEqualRatios,fixed,1000,42,5.0000,1001,105721,12243,91552,1926,0.115805,1000,1,0.999001,1095,546.4266,100948.8860,546973,44.6764,12.230769
1985,200,AlmostEqualRatios,fixed,1000,42,5.0000,1001,98698,8390,89133,1175,0.085007,996,5,0.995005,1096,545.8811,101003.1097,546427,65.1284,8.381618
1986,200,AlmostEqualRatios,fixed,1000,42,5.0000,1001,103668,8945,92034,2689,0.086285,994,7,0.993007,1096,546.9920,100517.3326,547539,61.2117,8.936064
1987,200,AlmostEqualRatios,fixed,1000,42,5.0000,1001,99303,11195,85951,2157,0.112736,985,16,0.984016,1098,547.2657,100865.6836,547813,48.9337,11.183816
1988,200,AlmostEqualRatios,fixed,1000,42,5.0000,1001,100226,9986,87466,2774,0.099635,999,2,0.998002,1097,547.3207,101211.0790,547868,54.8636,9.976024
1989,200,AlmostEqualRatios,fixed,1000,42,5.0000,1001,94744,10419,82960,1365,0.109970,1000,1,0.999001,1092,545.7333,100534.4893,546279,52.4310,10.408591
1990,200,AlmostEqualRatios,fixed,1000,42,5.0000,1001,100804,10292,88662,1850,0.102099,997,4,0.996004,1095,546.7273,100772.8017,547274,53.1747,10.281718
1991,200,AlmostEqualRatios,fixed,1000,42,5.0000,1001,100139,12438,86349,1352,0.124207,1000,1,0.999001,1093,544.0180,100799.6041,544562,43.7821,12.425574
1992,200,AlmostEqualRatios,fixed,1000,42,5.0000,1001,99412,9530,87103,2779,0.095864,999,2,0.998002,1096,546.6823,100956.0729,547229,57.4217,9.520480
1993,200,AlmostEqualRatios,fixed,1000,42,5.0000,1001,102256,11760,88243,2253,0.115005,999,2,0.998002,1096,546.1259,100984.6275,546672,46.4857,11.748252
1994,200,AlmostEqualRatios,fixed,1000,42,5.0000,1001,100535,9798,89071,1666,0.097459,997,4,0.996004,1095,543.3606,100815.1277,543904,55.5117,9.788212
1995,200,AlmostEqualRatios,fixed,1000,42,5.0000,1001,100209,11733,85990,2486,0.117085,999,2,0.998002,1097,548.4615,100718.0367,549010,46.7920,11.721279
1996,200,AlmostEqualRatios,fixed,1000,42,5.0000,1001,91601,9209,81363,1029,0.100534,1000,1,0.999001,1096,545.4146,101663.0839,545960,59.2855,9.199800
1997,200,AlmostEqualRatios,fixed,1000,42,5.0000,1001,102729,12582,86407,3740,0.122478,998,3,0.997003,1096,547.4286,101083.4597,547976,43.5524,12.569431
1998,200,AlmostEqualRatios,fixed,1000,42,5.0000,1001,100090,10801,86540,2749,0.107913,999,2,0.998002,1096,547.0789,100981.2555,547626,50.7014,10.790210
1999,200,AlmostEqualRatios,fixed,1000,42,5.0000,1001,98794,10008,87361,1425,0.101302,1000,1,0.999001,1093,545.0130,100809.6092,545558,54.5122,9.998002
2000,500,Uncorrelated,fixed,1000,42,2.0000,1001,254528,34512,219955,61,0.135592,999,2,0.998002,16118,10634.7233,15256539.3650,10645358,308.4538,34.477522
2001,500,Uncorrelated,fixed,1000,42,2.0000,1001,245766,33201,212553,12,0.135092,995,6,0.994006,18603,12662.5095,20202005.1091,12675172,381.7708,33.167832
2002,500,Uncorrelated,fixed,1000,42,2.0000,1001,248728,28493,220149,86,0.114555,996,5,0.995005,14549,9036.1868,13374985.8382,9045223,317.4542,28.464535
2003,500,Uncorrelated,fixed,1000,42,2.0000,1001,238056,27433,210603,20,0.115238,1000,1,0.999001,14781,9650.6284,13169404.9588,9660279,352.1408,27.405594
2004,500,Uncorrelated,fixed,1000,42,2.0000,1001,253731,35835,217792,104,0.141232,999,2,0.998002,21037,13941.9321,27338900.5868,13955874,389.4481,35.799201
2005,500,Uncorrelated,fixed,1000,42,2.0000,1001,250672,30138,220497,37,0.120229,996,5,0.995005,16269,10549.6673,14481748.4438,10560217,350.3954,30.107892
2006,500,Uncorrelated,fixed,1000,42,2.0000,1001,242760,29633,213103,24,0.122067,999,2,0.998002,18345,11500.6913,21355150.3053,11512192,388.4923,29.603397
2007,500,Uncorrelated,fixed,1000,42,2.0000,1001,249756,34285,215417,54,0.137274,997,4,0.996004,18233,12550.9900,17111936.0538,12563541,366.4442,34.250749
2008,500,Uncorrelated,fixed,1000,42,2.0000,1001,256973,35000,221913,60,0.136201,1000,1,0.999001,19711,13192.4446,24213876.0851,13205637,377.3039,34.965035
2009,500,Uncorrelated,fixed,1000,42,2.0000,1001,237003,39760,197172,71,0.167762,1000,1,0.999001,18125,11478.6244,21792743.1676,11490103,288.9865,39.720280
2010,500,Uncorrelated,fixed,1000,42,2.0000,1001,243384,30299,212954,131,0.124491,998,3,0.997003,18485,11811.2577,22170584.5769,11823069,390.2132,30.268731
2011,500,Uncorrelated,fixed,1000,42,2.0000,1001,253863,36170,217676,17,0.142478,999,2,0.998002,18632,12653.2478,19291568.9276,12665901,350.1770,36.133866
2012,500,Uncorrelated,fixed,1000,42,2.0000,1001,246228,39001,207181,46,0.158394,999,2,0.998002,18928,12666.4436,20734618.3387,12679110,325.0970,38.962038
2013,500,Uncorrelated,fixed,1000,42,2.0000,1001,245723,33785,211905,33,0.137492,1000,1,0.999001,18898,12464.2148,20802558.8080,12476679,369.2964,33.751249
2014,500,Uncorrelated,fixed,1000,42,2.0000,1001,259960,40623,219310,27,0.156266,1000,1,0.999001,24331,15896.8931,36884519.5240,15912790,391.7187,40.582418
2015,500,Uncorrelated,fixed,1000,42,2.0000,1001,252902,36378,216475,49,0.143842,1000,1,0.999001,17582,11837.6673,16563381.5427,11849505,325.7327,36.341658
2016,500,Uncorrelated,fixed,1000,42,2.0000,1001,250849,34781,215977,91,0.138653,1000,1,0.999001,17233,11761.8082,15104115.8773,11773570,338.5058,34.746254
2017,500,Uncorrelated,fixed,1000,42,2.0000,1001,247613,34366,213130,117,0.138789,999,2,0.998002,19935,12792.0420,25039349.6266,12804834,372.6018,34.331668
2018,500,Uncorrelated,fixed,1000,42,2.0000,1001,251021,31633,219320,68,0.126017,998,3,0.997003,19272,12541.8112,23058562.0672,12554353,396.8752,31.601399
2019,500,Uncorrelated,fixed,1000,42,2.0000,1001,249782,34137,215587,58,0.136667,1000,1,0.999001,18601,12488.4985,18979998.3579,12500987,366.2005,34.102897
2020,500,Uncorrelated,fixed,1000,42,2.0000,1001,252329,32044,220234,51,0.126993,997,4,0.996004,17939,10988.9900,22189655.6962,10999979,343.2773,32.011988
2021,500,Uncorrelated,fixed,1000,42,2.0000,1001,243470,27813,215635,22,0.114236,996,5,0.995005,15886,10170.4735,15579298.9386,10180644,366.0390,27.785215
2022,500,Uncorrelated,fixed,1000,42,2.0000,1001,248589,32537,215846,206,0.130887,998,3,0.997003,17428,11230.5964,19520756.6423,11241827,345.5090,32.504496
2023,500,Uncorrelated,fixed,1000,42,2.0000,1001,251937,32168,219647,122,0.127683,996,5,0.995005,17425,10638.6444,21443077.4100,10649283,331.0521,32.135864
2024,500,Uncorrelated,fixed,1000,42,2.0000,1001,254560,36880,217646,34,0.144877,1000,1,0.999001,18738,12583.4595,19382041.4292,12596043,341.5413,36.843157
2025,500,Uncorrelated,fixed,1000,42,2.0000,1001,249927,32491,217352,84,0.130002,1000,1,0.999001,18824,12573.4106,20610479.8084,12585984,387.3683,32.458541
2026,500,Uncorrelated,fixed,1000,42,2.0000,1001,252318,29594,222705,19,0.117289,999,2,0.998002,17215,11415.6983,15627149.3595,11427114,386.1294,29.564436
2027,500,Uncorrelated,fixed,1000,42,2.0000,1001,242329,37326,204961,42,0.154030,998,3,0.997003,18302,12143.0190,18261600.2963,12155162,325.6487,37.288711
2028,500,Uncorrelated,fixed,1000,42,2.0000,1001,251375,35510,215821,44,0.141263,997,4,0.996004,20482,13747.4156,27049442.9901,13761163,387.5292,35.474525
2029,500,Uncorrelated,fixed,1000,42,2.0000,1001,241096,33497,207534,65,0.138936,996,5,0.995005,15577,9520.1169,15838157.4918,9529637,284.4923,33.463536
2030,500,Uncorrelated,fixed,1000,42,2.0000,1001,250193,34464,215679,50,0.137750,1000,1,0.999001,16129,11014.8012,13730346.4889,11025816,319.9227,34.429570
2031,500,Uncorrelated,fixed,1000,42,2.0000,1001,254933,33853,220973,107,0.132792,1000,1,0.999001,17678,11537.3337,20353526.6699,11548871,341.1476,33.819181
2032,500,Uncorrelated,fixed,1000,42,2.0000,1001,249322,35208,214102,12,0.141215,999,2,0.998002,22444,15656.8412,24444375.7840,15672498,445.1403,35.172827
2033,500,Uncorrelated,fixed,1000,42,2.0000,1001,253367,28680,224451,236,0.113195,1000,1,0.999001,15312,9704.8192,15422910.4638,9714524,338.7212,28.651349
2034,500,Uncorrelated,fixed,1000,42,2.0000,1001,236562,31448,205077,37,0.132938,997,4,0.996004,17423,11754.8252,17079890.3201,11766580,374.1599,31.416583
2035,500,Uncorrelated,fixed,1000,42,2.0000,1001,256061,29867,226189,5,0.116640,998,3,0.997003,17905,11330.1548,21698419.2358,11341485,379.7330,29.837163
2036,500,Uncorrelated,fixed,1000,42,2.0000,1001,255540,35854,219650,36,0.140307,1000,1,0.999001,20041,13615.9750,19744485.3171,13629591,380.1414,35.818182
2037,500,Uncorrelated,fixed,1000,42,2.0000,1001,253464,34414,219016,34,0.135775,1000,1,0.999001,17776,11834.3047,17533949.0610,11846139,344.2244,34.379620
2038,500,Uncorrelated,fixed,1000,42,2.0000,1001,245713,35152,210521,40,0.143061,1000,1,0.999001,19050,12453.9391,22042356.6227,12466393,354.6425,35.116883
2039,500,Uncorrelated,fixed,1000,42,2.0000,1001,256667,35944,220637,86,0.140041,1000,1,0.999001,18619,12107.7483,21023414.4701,12119856,337.1872,35.908092
2040,500,Uncorrelated,fixed,1000,42,2.0000,1001,273434,32739,240610,85,0.119733,997,4,0.996004,15257,9706.5794,14398813.2407,9716286,296.7802,32.706294
2041,500,Uncorrelated,fixed,1000,42,2.0000,1001,246336,29261,216846,229,0.118785,994,7,0.993007,16131,10644.5814,16268746.9227,10655226,364.1443,29.231768
2042,500,Uncorrelated,fixed,1000,42,2.0000,1001,247654,39397,208243,14,0.159081,1000,1,0.999001,18935,12231.1778,20885384.2261,12243409,310.7701,39.357642
2043,500,Uncorrelated,fixed,1000,42,2.0000,1001,240972,28818,212110,44,0.119591,1000,1,0.999001,16478,10813.5215,15263071.1107,10824335,375.6102,28.789211
2044,500,Uncorrelated,fixed,1000,42,2.0000,1001,249588,34027,215524,37,0.136333,997,4,0.996004,18900,12547.5714,21965063.9832,12560119,369.1221,33.993007
2045,500,Uncorrelated,fixed,1000,42,2.0000,1001,248218,36225,211962,31,0.145940,999,2,0.998002,20158,13034.9471,25875651.2030,13047982,360.1927,36.188811
2046,500,Uncorrelated,fixed,1000,42,2.0000,1001,246510,32111,214335,64,0.130262,999,2,0.998002,18152,11707.8851,21331015.0627,11719593,364.9713,32.078921
2047,500,Uncorrelated,fixed,1000,42,2.0000,1001,247243,28224,219003,16,0.114155,995,6,0.994006,16157,10557.2897,14757487.4905,10567847,374.4277,28.195804
2048,500,Uncorrelated,fixed,1000,42,2.0000,1001,242792,28665,214116,11,0.118064,999,2,0.998002,17688,11716.4026,17104414.7820,11728119,409.1442,28.636364
2049,500,Uncorrelated,fixed,1000,42,2.0000,1001,242305,29958,212314,33,0.123638,1000,1,0.999001,17280,11241.9101,18010333.2267,11253152,375.6309,29.928072
2050,500,Uncorrelated,fixed,1000,42,2.0000,1001,250127,29870,220144,113,0.119419,999,2,0.998002,16213,10429.7712,16097144.3642,10440201,349.5213,29.840160
2051,500,Uncorrelated,fixed,1000,42,2.0000,1001,250828,34872,215876,80,0.139028,999,2,0.998002,17939,12213.8741,16729607.8543,12226088,350.5990,34.837163
2052,500,Uncorrelated,fixed,1000,42,2.0000,1001,252409,35482,216857,70,0.140573,1000,1,0.999001,22630,15574.6663,24082452.3142,15590241,439.3845,35.446553
2053,500,Uncorrelated,fixed,1000,42,2.0000,1001,239347,28348,210964,35,0.118439,996,5,0.995005,15064,9047.2977,15204935.5997,9056345,319.4703,28.319680
2054,500,Uncorrelated,fixed,1000,42,2.0000,1001,250687,32897,217754,36,0.131227,999,2,0.998002,17236,11594.9001,16916426.2598,11606495,352.8132,32.864136
2055,500,Uncorrelated,fixed,1000,42,2.0000,1001,246237,35693,210529,15,0.144954,999,2,0.998002,17142,11102.2937,17633958.3773,11113396,311.3607,35.657343
2056,500,Uncorrelated,fixed,1000,42,2.0000,1001,247597,36271,211236,90,0.146492,998,3,0.997003,20520,13273.7193,27276441.2049,13286993,366.3255,36.234765
2057,500,Uncorrelated,fixed,1000,42,2.0000,1001,249019,39688,209307,24,0.159377,1000,1,0.999001,24120,16495.8961,29250902.5586,16512392,416.0550,39.648352
2058,500,Uncorrelated,fixed,1000,42,2.0000,1001,255129,31790,223288,51,0.124604,999,2,0.998002,17075,11723.9550,15878864.0170,11735679,369.1626,31.758242
2059,500,Uncorrelated,fixed,1000,42,2.0000,1001,251581,35485,216055,41,0.141048,998,3,0.997003,20429,13514.7243,23503656.9829,13528239,381.2382,35.449550
2060,500,Uncorrelated,fixed,1000,42,2.0000,1001,256074,30995,225038,41,0.121039,999,2,0.998002,17912,11132.6024,20792124.1656,11143735,359.5333,30.964036
2061,500,Uncorrelated,fixed,1000,42,2.0000,1001,252882,28564,224209,109,0.112954,996,5,0.995005,16209,10240.4116,18780833.0354,10250652,358.8661,28.535465
2062,500,Uncorrelated,fixed,1000,42,2.0000,1001,258344,38628,219679,37,0.149522,1000,1,0.999001,20318,12987.2587,26689943.6683,13000246,336.5498,38.589411
2063,500,Uncorrelated,fixed,1000,42,2.0000,1001,242903,31041,211861,1,0.127792,999,2,0.998002,20252,13304.0390,24422923.5559,13317343,429.0243,31.009990
2064,500,Uncorrelated,fixed,1000,42,2.0000,1001,249154,27454,221540,160,0.110189,997,4,0.996004,15556,9757.3836,16359978.5302,9767141,355.7639,27.426573
2065,500,Uncorrelated,fixed,1000,42,2.0000,1001,245437,27051,218382,4,0.110216,1000,1,0.999001,14231,9453.6693,10690413.2703,9463123,349.8253,27.023976
2066,500,Uncorrelated,fixed,1000,42,2.0000,1001,252235,33418,218773,44,0.132488,1000,1,0.999001,20538,13184.0290,23987551.2929,13197213,394.9133,33.384615
2067,500,Uncorrelated,fixed,1000,42,2.0000,1001,257855,31539,226272,44,0.122313,1000,1,0.999001,16826,10625.8691,18349701.9659,10636495,337.2490,31.507493
2068,500,Uncorrelated,fixed,1000,42,2.0000,1001,239757,35146,204546,65,0.146590,1000,1,0.999001,18028,12144.1668,17159765.9172,12156311,345.8804,35.110889
2069,500,Uncorrelated,fixed,1000,42,2.0000,1001,263677,31688,231907,82,0.120177,1000,1,0.999001,18513,12277.1099,18280684.6772,12289387,387.8246,31.656344
2070,500,Uncorrelated,fixed,1000,42,2.0000,1001,252192,29456,222705,31,0.116800,991,10,0.990010,16927,10438.6903,20166664.1838,10449129,354.7369,29.426573
2071,500,Uncorrelated,fixed,1000,42,2.0000,1001,248172,37417,210671,84,0.150770,998,3,0.997003,18865,12656.3307,19724009.4421,12668987,338.5891,37.379620
2072,500,Uncorrelated,fixed,1000,42,2.0000,1001,243268,32552,210675,41,0.133811,998,3,0.997003,16770,10511.7942,18509651.5401,10522306,323.2461,32.519481
2073,500,Uncorrelated,fixed,1000,42,2.0000,1001,255983,33783,222067,133,0.131974,1000,1,0.999001,16504,10322.7792,16782972.0641,10333102,305.8669,33.749251
2074,500,Uncorrelated,fixed,1000,42,2.0000,1001,255954,33172,222738,44,0.129601,1000,1,0.999001,18467,12198.0689,20406539.0072,12210267,368.0896,33.138861
2075,500,Uncorrelated,fixed,1000,42,2.0000,1001,251767,31694,220057,16,0.125886,996,5,0.995005,14179,9320.3147,12056735.5503,9329635,294.3660,31.662338
2076,500,Uncorrelated,fixed,1000,42,2.0000,1001,254232,34321,219890,21,0.134999,1000,1,0.999001,18095,11971.9471,19711336.1301,11983919,349.1716,34.286713
2077,500,Uncorrelated,fixed,1000,42,2.0000,1001,245411,31785,213600,26,0.129517,1000,1,0.999001,20121,13790.0859,20321016.1465,13803876,434.2890,31.753247
2078,500,Uncorrelated,fixed,1000,42,2.0000,1001,257204,32131,225064,9,0.124924,1000,1,0.999001,18047,13145.9441,14902085.2716,13159090,409.5450,32.098901
2079,500,Uncorrelated,fixed,1000,42,2.0000,1001,257687,36255,221362,70,0.140694,1000,1,0.999001,18459,12428.4845,18050111.0210,12440913,343.1503,36.218781
2080,500,Uncorrelated,fixed,1000,42,2.0000,1001,255477,32806,222616,55,0.128411,1000,1,0.999001,15653,9646.3067,17047788.8500,9655953,294.3350,32.773227
2081,500,Uncorrelated,fixed,1000,42,2.0000,1001,245302,33173,211979,150,0.135233,996,5,0.995005,16753,11561.3626,15332930.2751,11572924,348.8658,33.139860
2082,500,Uncorrelated,fixed,1000,42,2.0000,1001,252358,30462,221865,31,0.120709,995,6,0.994006,16920,10580.4326,20160776.8469,10591013,347.6795,30.431568
2083,500,Uncorrelated,fixed,1000,42,2.0000,1001,244265,33873,210335,57,0.138673,1000,1,0.999001,18144,11150.8621,22827127.8711,11162013,329.5254,33.839161
2084,500,Uncorrelated,fixed,1000,42,2.0000,1001,260116,41003,219102,11,0.157634,1000,1,0.999001,20407,14206.8581,20934234.4734,14221065,346.8299,40.962038
2085,500,Uncorrelated,fixed,1000,42,2.0000,1001,243994,35323,208662,9,0.144770,999,2,0.998002,17919,11998.5215,17633765.4423,12010520,340.0198,35.287712
2086,500,Uncorrelated,fixed,1000,42,2.0000,1001,252453,37616,214760,77,0.149002,998,3,0.997003,19098,12794.7213,21171443.5077,12807516,340.4805,37.578422
2087,500,Uncorrelated,fixed,1000,42,2.0000,1001,252312,29696,222520,96,0.117696,994,7,0.993007,15258,9602.0849,15672153.6282,9611687,323.6694,29.666334
2088,500,Uncorrelated,fixed,1000,42,2.0000,1001,249077,29669,219356,52,0.119116,997,4,0.996004,19602,12558.6913,25574694.3013,12571250,423.7167,29.639361
2089,500,Uncorrelated,fixed,1000,42,2.0000,1001,233077,26498,206553,26,0.113688,999,2,0.998002,15939,10732.2897,13973469.9820,10743022,405.4277,26.471528
2090,500,Uncorrelated,fixed,1000,42,2.0000,1001,260388,37906,222453,29,0.145575,999,2,0.998002,19240,12909.0539,21160573.2418,12921963,340.8949,37.868132
2091,500,Uncorrelated,fixed,1000,42,2.0000,1001,250016,33124,216729,163,0.132488,997,4,0.996004,14821,9305.8821,14597256.1380,9315188,281.2217,33.090909
2092,500,Uncorrelated,fixed,1000,42,2.0000,1001,251456,32693,218718,45,0.130015,1000,1,0.999001,18100,12217.1389,17749250.0876,12229356,374.0665,32.660340
2093,500,Uncorrelated,fixed,1000,42,2.0000,1001,258238,35923,222279,36,0.139108,1000,1,0.999001,18213,12387.8611,17329498.6471,12400249,345.1897,35.887113
2094,500,Uncorrelated,fixed,1000,42,2.0000,1001,253385,36292,216984,109,0.143229,999,2,0.998002,19528,13990.6843,16769247.5807,14004675,385.8888,36.255744
2095,500,Uncorrelated,fixed,1000,42,2.0000,1001,241725,35692,205956,77,0.147655,1000,1,0.999001,17552,11963.5664,15992202.7491,11975530,335.5242,35.656344
2096,500,Uncorrelated,fixed,1000,42,2.0000,1001,255965,30978,224929,58,0.121024,995,6,0.994006,15941,10496.4545,13577776.6795,10506951,339.1746,30.947053
2097,500,Uncorrelated,fixed,1000,42,2.0000,1001,257319,32897,224293,129,0.127845,999,2,0.998002,19400,12678.0240,21982234.7766,12690702,385.7708,32.864136
2098,500,Uncorrelated,fixed,1000,42,2.0000,1001,246058,35178,210703,177,0.142966,999,2,0.998002,17458,10744.0529,21915507.8783,10754797,305.7251,35.142857
2099,500,Uncorrelated,fixed,1000,42,2.0000,1001,241191,34668,206445,78,0.143737,997,4,0.996004,14856,9419.2218,12915003.3474,9428641,271.9696,34.633367
2100,500,WeaklyCorrelated,fixed,1000,42,2.0000,1001,254958,27145,227258,555,0.106469,999,2,0.998002,2485,1447.8432,449916.6257,1449291,53.3907,27.117882
2101,500,WeaklyCorrelated,fixed,1000,42,2.0000,1001,250164,23169,226475,520,0.092615,995,6,0.994006,2450,1520.5734,385043.2796,1522094,65.6953,23.145854
2102,500,WeaklyCorrelated,fixed,1000,42,2.0000,1001,249087,21584,226876,627,0.086652,1000,1,0.999001,2164,1297.5564,317764.1709,1298854,60.1767,21.562438
2103,500,WeaklyCorrelated,fixed,1000,42,2.0000,1001,252689,24697,227544,448,0.097737,1000,1,0.999001,2124,1222.0200,309410.9467,1223242,49.5300,24.672328
2104,500,WeaklyCorrelated,fixed,1000,42,2.0000,1001,248555,30768,216839,948,0.123787,999,2,0.998002,2774,1739.6993,507240.7098,1741439,56.5990,30.737263
2105,500,WeaklyCorrelated,fixed,1000,42,2.0000,1001,257391,25564,231093,734,0.099320,1000,1,0.999001,2151,1224.5305,348289.9773,1225755,47.9485,25.538462
2106,500,WeaklyCorrelated,fixed,1000,42,2.0000,1001,256191,26765,228941,485,0.104473,998,3,0.997003,2320,1365.0719,366124.9159,1366437,51.0531,26.738262
2107,500,WeaklyCorrelated,fixed,1000,42,2.0000,1001,249983,27986,220142,1855,0.111952,1000,1,0.999001,2044,1121.9011,324447.1521,1123023,40.1280,27.958042
2108,500,WeaklyCorrelated,fixed,1000,42,2.0000,1001,233637,24958,207581,1098,0.106824,1000,1,0.999001,2067,1182.3516,306731.0412,1183534,47.4210,24.933067
2109,500,WeaklyCorrelated,fixed,1000,42,2.0000,1001,256411,24377,231593,441,0.095070,993,8,0.992008,2476,1450.1329,436022.1911,1451583,59.5472,24.352647
2110,500,WeaklyCorrelated,fixed,1000,42,2.0000,1001,246210,21400,223946,864,0.086918,993,8,0.992008,1873,1028.7413,258230.5155,1029770,48.1201,21.378621
2111,500,WeaklyCorrelated,fixed,1000,42,2.0000,1001,250931,26643,223615,673,0.106177,998,3,0.997003,2366,1403.8721,361834.7729,1405276,52.7447,26.616384
2112,500,WeaklyCorrelated,fixed,1000,42,2.0000,1001,253587,24340,228523,724,0.095983,999,2,0.998002,2246,1296.9331,377274.9396,1298230,53.3373,24.315684
2113,500,WeaklyCorrelated,fixed,1000,42,2.0000,1001,238815,24796,213350,669,0.103829,998,3,0.997003,2319,1427.3397,332210.4900,1428767,57.6209,24.771229
2114,500,WeaklyCorrelated,fixed,1000,42,2.0000,1001,248545,20870,227314,361,0.083969,997,4,0.996004,2150,1200.6124,347212.5790,1201813,57.5857,20.849151
2115,500,WeaklyCorrelated,fixed,1000,42,2.0000,1001,249412,25828,222092,1492,0.103556,1000,1,0.999001,2328,1409.2058,356037.4222,1410615,54.6157,25.802198
2116,500,WeaklyCorrelated,fixed,1000,42,2.0000,1001,251737,26549,224434,754,0.105463,998,3,0.997003,2370,1410.1469,380301.2861,1411557,53.1680,26.522478
2117,500,WeaklyCorrelated,fixed,1000,42,2.0000,1001,249550,25556,223351,643,0.102408,1000,1,0.999001,2234,1301.6893,367062.5139,1302991,50.9857,25.530470
2118,500,WeaklyCorrelated,fixed,1000,42,2.0000,1001,248833,26858,221241,734,0.107936,998,3,0.997003,2386,1484.4306,349935.7437,1485915,55.3249,26.831169
2119,500,WeaklyCorrelated,fixed,1000,42,2.0000,1001,251981,22773,228453,755,0.090376,1000,1,0.999001,2152,1262.2178,319266.2103,1263480,55.4815,22.750250
2120,500,WeaklyCorrelated,fixed,1000,42,2.0000,1001,264031,27836,235796,399,0.105427,1000,1,0.999001,2500,1535.2078,389592.1047,1536743,55.2070,27.808192
2121,500,WeaklyCorrelated,fixed,1000,42,2.0000,1001,244511,26164,217700,647,0.107005,1000,1,0.999001,2258,1351.8681,328873.6669,1353220,51.7207,26.137862
2122,500,WeaklyCorrelated,fixed,1000,42,2.0000,1001,248469,31353,215649,1467,0.126185,1000,1,0.999001,2671,1700.6603,449794.6499,1702361,54.2966,31.321678
2123,500,WeaklyCorrelated,fixed,1000,42,2.0000,1001,255454,30534,223990,930,0.119528,999,2,0.998002,2487,1479.6204,400408.5412,1481100,48.5066,30.503497
2124,500,WeaklyCorrelated,fixed,1000,42,2.0000,1001,251847,26474,224438,935,0.105119,995,6,0.994006,2142,1183.7682,352144.1361,1184952,44.7591,26.447552
2125,500,WeaklyCorrelated,fixed,1000,42,2.0000,1001,258188,28110,229124,954,0.108874,992,9,0.991009,2477,1473.7562,433974.5839,1475230,52.4806,28.081918
2126,500,WeaklyCorrelated,fixed,1000,42,2.0000,1001,243464,23255,219794,415,0.095517,992,9,0.991009,2155,1288.3287,328939.0278,1289617,55.4555,23.231768
2127,500,WeaklyCorrelated,fixed,1000,42,2.0000,1001,237434,26891,209766,777,0.113257,998,3,0.997003,2303,1424.0919,321902.7248,1425516,53.0109,26.864136
2128,500,WeaklyCorrelated,fixed,1000,42,2.0000,1001,253943,26023,227177,743,0.102476,999,2,0.998002,2200,1213.7612,364244.6213,1214975,46.6885,25.997003
2129,500,WeaklyCorrelated,fixed,1000,42,2.0000,1001,254188,23970,229280,938,0.094300,1000,1,0.999001,2365,1437.0040,372579.4565,1438441,60.0101,23.946054
2130,500,WeaklyCorrelated,fixed,1000,42,2.0000,1001,251167,24779,225554,834,0.098655,1000,1,0.999001,2087,1223.0959,305672.4883,1224319,49.4095,24.754246
2131,500,WeaklyCorrelated,fixed,1000,42,2.0000,1001,248039,25226,222356,457,0.101702,994,7,0.993007,2204,1272.4126,347685.4831,1273685,50.4910,25.200799
2132,500,WeaklyCorrelated,fixed,1000,42,2.0000,1001,259058,28352,229979,727,0.109443,1000,1,0.999001,2285,1379.9830,306785.4373,1381363,48.7219,28.323676
2133,500,WeaklyCorrelated,fixed,1000,42,2.0000,1001,248730,24710,223208,812,0.099345,998,3,0.997003,2251,1309.7123,382950.2968,1311022,53.0563,24.685315
2134,500,WeaklyCorrelated,fixed,1000,42,2.0000,1001,249638,26198,222039,1401,0.104944,1000,1,0.999001,2287,1365.0000,353495.3866,1366365,52.1553,26.171828
2135,500,WeaklyCorrelated,fixed,1000,42,2.0000,1001,246174,24349,221231,594,0.098910,999,2,0.998002,2347,1397.4895,378832.5796,1398887,57.4515,24.324675
2136,500,WeaklyCorrelated,fixed,1000,42,2.0000,1001,249539,30457,217827,1255,0.122053,994,7,0.993007,2664,1629.4895,485044.9432,1631119,53.5548,30.426573
2137,500,WeaklyCorrelated,fixed,1000,42,2.0000,1001,247354,25520,220856,978,0.103172,998,3,0.997003,2089,1205.2697,298493.4517,1206475,47.2757,25.494505
2138,500,WeaklyCorrelated,fixed,1000,42,2.0000,1001,256225,29568,226032,625,0.115399,1000,1,0.999001,2339,1374.7413,378189.4965,1376116,46.5407,29.538462
2139,500,WeaklyCorrelated,fixed,1000,42,2.0000,1001,241665,24127,217084,454,0.099837,1000,1,0.999001,1874,1054.8212,252754.3726,1055876,43.7633,24.102897
2140,500,WeaklyCorrelated,fixed,1000,42,2.0000,1001,240001,25910,212939,1152,0.107958,997,4,0.996004,2431,1504.7343,361249.8635,1506239,58.1335,25.884116
2141,500,WeaklyCorrelated,fixed,1000,42,2.0000,1001,262009,31542,229980,487,0.120385,1000,1,0.999001,2521,1512.2657,416832.8085,1513778,47.9925,31.510490
2142,500,WeaklyCorrelated,fixed,1000,42,2.0000,1001,241955,20983,220569,403,0.086723,998,3,0.997003,1921,1069.9660,276968.1367,1071036,51.0430,20.962038
2143,500,WeaklyCorrelated,fixed,1000,42,2.0000,1001,246675,24325,221741,609,0.098612,996,5,0.995005,2270,1266.4026,369169.9828,1267669,52.1138,24.300699
2144,500,WeaklyCorrelated,fixed,1000,42,2.0000,1001,256453,27370,227935,1148,0.106725,999,2,0.998002,2292,1327.7802,389533.8498,1329108,48.5608,27.342657
2145,500,WeaklyCorrelated,fixed,1000,42,2.0000,1001,257486,29285,227065,1136,0.113734,999,2,0.998002,2430,1495.0000,374205.3606,1496495,51.1011,29.255744
2146,500,WeaklyCorrelated,fixed,1000,42,2.0000,1001,253902,26099,227303,500,0.102792,1000,1,0.999001,2236,1314.1888,339475.9993,1315503,50.4043,26.072927
2147,500,WeaklyCorrelated,fixed,1000,42,2.0000,1001,250671,21227,229127,317,0.084681,996,5,0.995005,2258,1246.0759,411042.4458,1247322,58.7611,21.205794
2148,500,WeaklyCorrelated,fixed,1000,42,2.0000,1001,252785,20493,231637,655,0.081069,998,3,0.997003,1992,1123.2398,281441.9805,1124363,54.8657,20.472527
2149,500,WeaklyCorrelated,fixed,1000,42,2.0000,1001,247823,20825,226677,321,0.084032,996,5,0.995005,2156,1234.0939,329705.6235,1235328,59.3195,20.804196
2150,500,WeaklyCorrelated,fixed,1000,42,2.0000,1001,241056,22479,217748,829,0.093252,998,3,0.997003,2361,1386.1988,400757.9255,1387585,61.7281,22.456543
2151,500,WeaklyCorrelated,fixed,1000,42,2.0000,1001,254182,22600,231109,473,0.088913,1000,1,0.999001,1975,1111.3866,290764.6447,1112498,49.2256,22.577423
2152,500,WeaklyCorrelated,fixed,1000,42,2.0000,1001,241580,24603,216661,316,0.101842,998,3,0.997003,2228,1323.2657,347012.6666,1324589,53.8385,24.578422
2153,500,WeaklyCorrelated,fixed,1000,42,2.0000,1001,254085,27936,225657,492,0.109947,997,4,0.996004,2442,1472.3157,403068.2480,1473788,52.7559,27.908092
2154,500,WeaklyCorrelated,fixed,1000,42,2.0000,1001,250621,26696,223252,673,0.106519,998,3,0.997003,2407,1421.2777,396049.5213,1422699,53.2926,26.669331
2155,500,WeaklyCorrelated,fixed,1000,42,2.0000,1001,258351,27402,229925,1024,0.106065,1000,1,0.999001,2534,1464.0420,464987.8883,1465506,53.4817,27.374625
2156,500,WeaklyCorrelated,fixed,1000,42,2.0000,1001,247463,26776,219606,1081,0.108202,1000,1,0.999001,2512,1574.3636,366715.4702,1575938,58.8564,26.749251
2157,500,WeaklyCorrelated,fixed,1000,42,2.0000,1001,251737,26549,224164,1024,0.105463,1000,1,0.999001,2503,1481.9311,435588.0742,1483413,55.8745,26.522478
2158,500,WeaklyCorrelated,fixed,1000,42,2.0000,1001,252188,27812,224094,282,0.110283,998,3,0.997003,2536,1493.5864,453963.6252,1495080,53.7567,27.784216
2159,500,WeaklyCorrelated,fixed,1000,42,2.0000,1001,256113,26681,229155,277,0.104177,999,2,0.998002,2483,1488.1219,427692.0910,1489610,55.8304,26.654346
2160,500,WeaklyCorrelated,fixed,1000,42,2.0000,1001,252068,22152,229373,543,0.087881,1000,1,0.999001,2213,1246.8292,361409.6262,1248076,56.3415,22.129870
2161,500,WeaklyCorrelated,fixed,1000,42,2.0000,1001,259575,25284,233027,1264,0.097405,1000,1,0.999001,2158,1258.7063,307656.6810,1259965,49.8325,25.258741
2162,500,WeaklyCorrelated,fixed,1000,42,2.0000,1001,257085,26475,230333,277,0.102982,1000,1,0.999001,2223,1343.7812,312420.1549,1345125,50.8074,26.448551
2163,500,WeaklyCorrelated,fixed,1000,42,2.0000,1001,245978,26477,218765,736,0.107640,996,5,0.995005,2393,1364.3586,424888.4718,1365723,51.5815,26.450549
2164,500,WeaklyCorrelated,fixed,1000,42,2.0000,1001,248819,27514,220601,704,0.110578,996,5,0.995005,2316,1348.6973,361142.6606,1350046,49.0676,27.486513
2165,500,WeaklyCorrelated,fixed,1000,42,2.0000,1001,245200,26665,218043,492,0.108748,996,5,0.995005,2629,1566.4935,472193.6266,1568060,58.8059,26.638362
2166,500,WeaklyCorrelated,fixed,1000,42,2.0000,1001,243777,24972,217888,917,0.102438,996,5,0.995005,2315,1297.3047,411001.7104,1298602,52.0023,24.947053
2167,500,WeaklyCorrelated,fixed,1000,42,2.0000,1001,247010,23580,221195,2235,0.095462,999,2,0.998002,1992,1133.7792,284712.6675,1134913,48.1303,23.556444
2168,500,WeaklyCorrelated,fixed,1000,42,2.0000,1001,249272,27632,221040,600,0.110851,998,3,0.997003,2409,1440.8102,402797.0988,1442251,52.1950,27.604396
2169,500,WeaklyCorrelated,fixed,1000,42,2.0000,1001,248742,22392,225546,804,0.090021,993,8,0.992008,2119,1201.9401,325253.7427,1203142,53.7309,22.369630
2170,500,WeaklyCorrelated,fixed,1000,42,2.0000,1001,246482,27031,218580,871,0.109667,999,2,0.998002,2072,1193.1968,312292.3958,1194390,44.1859,27.003996
2171,500,WeaklyCorrelated,fixed,1000,42,2.0000,1001,244786,24678,219555,553,0.100815,998,3,0.997003,2399,1441.9920,373995.5983,1443434,58.4907,24.653347
2172,500,WeaklyCorrelated,fixed,1000,42,2.0000,1001,255019,25673,228209,1137,0.100671,997,4,0.996004,2292,1346.7003,350316.7813,1348047,52.5084,25.647353
2173,500,WeaklyCorrelated,fixed,1000,42,2.0000,1001,248268,27629,219987,652,0.111287,999,2,0.998002,2153,1256.6953,350278.9052,1257952,45.5301,27.601399
2174,500,WeaklyCorrelated,fixed,1000,42,2.0000,1001,250677,20003,230414,260,0.079796,994,7,0.993007,2192,1242.9970,356031.0699,1244240,62.2027,19.983017
2175,500,WeaklyCorrelated,fixed,1000,42,2.0000,1001,259678,27011,232142,525,0.104017,1000,1,0.999001,2264,1333.9750,348905.4030,1335309,49.4357,26.984016
2176,500,WeaklyCorrelated,fixed,1000,42,2.0000,1001,247565,20101,226296,1168,0.081195,1000,1,0.999001,1968,1145.8811,273701.1437,1147027,57.0632,20.080919
2177,500,WeaklyCorrelated,fixed,1000,42,2.0000,1001,252715,25676,226441,598,0.101601,999,2,0.998002,1992,1133.4895,287088.8513,1134623,44.1900,25.650350
2178,500,WeaklyCorrelated,fixed,1000,42,2.0000,1001,248173,20281,227058,834,0.081721,998,3,0.997003,2030,1172.2557,287475.4311,1173428,57.8585,20.260739
2179,500,WeaklyCorrelated,fixed,1000,42,2.0000,1001,263197,24883,237498,816,0.094541,1000,1,0.999001,2310,1328.9930,372879.2517,1330322,53.4631,24.858142
2180,500,WeaklyCorrelated,fixed,1000,42,2.0000,1001,244218,21474,222325,419,0.087930,999,2,0.998002,2057,1168.2188,300647.9831,1169387,54.4559,21.452547
2181,500,WeaklyCorrelated,fixed,1000,42,2.0000,1001,259252,29107,228901,1244,0.112273,1000,1,0.999001,2595,1641.4266,403195.0298,1643068,56.4492,29.077922
2182,500,WeaklyCorrelated,fixed,1000,42,2.0000,1001,257573,27624,228182,1767,0.107247,999,2,0.998002,2332,1382.1089,361948.3688,1383491,50.0829,27.596404
2183,500,WeaklyCorrelated,fixed,1000,42,2.0000,1001,250480,23393,226282,805,0.093393,1000,1,0.999001,2127,1241.0120,329042.4194,1242253,53.1036,23.369630
2184,500,WeaklyCorrelated,fixed,1000,42,2.0000,1001,252009,25975,225261,773,0.103072,1000,1,0.999001,2459,1537.5994,364705.3011,1539137,59.2546,25.949051
2185,500,WeaklyCorrelated,fixed,1000,42,2.0000,1001,253155,28570,224182,403,0.112856,993,8,0.992008,2148,1221.1319,337518.4222,1222353,42.7845,28.541459
2186,500,WeaklyCorrelated,fixed,1000,42,2.0000,1001,250409,22290,227200,919,0.089014,997,4,0.996004,2213,1274.5624,333627.2911,1275837,57.2381,22.267732
2187,500,WeaklyCorrelated,fixed,1000,42,2.0000,1001,254787,31984,222210,593,0.125532,1000,1,0.999001,2543,1605.6274,378921.8342,1607233,50.2512,31.952048
2188,500,WeaklyCorrelated,fixed,1000,42,2.0000,1001,237142,21723,215106,313,0.091603,987,14,0.986014,2070,1184.7053,319053.9082,1185890,54.5914,21.701299
2189,500,WeaklyCorrelated,fixed,1000,42,2.0000,1001,244659,22029,221962,668,0.090040,998,3,0.997003,2229,1300.4056,349513.2820,1301706,59.0906,22.006993
2190,500,WeaklyCorrelated,fixed,1000,42,2.0000,1001,242868,21968,220299,601,0.090452,995,6,0.994006,2164,1310.4855,302758.1019,1311796,59.7139,21.946054
2191,500,WeaklyCorrelated,fixed,1000,42,2.0000,1001,242357,24006,217897,454,0.099052,997,4,0.996004,2236,1296.1449,387662.7233,1297441,54.0465,23.982018
2192,500,WeaklyCorrelated,fixed,1000,42,2.0000,1001,252237,21799,228847,1591,0.086423,1000,1,0.999001,1946,1112.0120,275640.7052,1113124,51.0631,21.777223
2193,500,WeaklyCorrelated,fixed,1000,42,2.0000,1001,247911,26324,220918,669,0.106183,1000,1,0.999001,2288,1318.1888,383721.3260,1319507,50.1256,26.297702
2194,500,WeaklyCorrelated,fixed,1000,42,2.0000,1001,244210,26425,217295,490,0.108206,999,2,0.998002,2293,1383.5904,344846.5495,1384974,52.4115,26.398601
2195,500,WeaklyCorrelated,fixed,1000,42,2.0000,1001,246526,22284,223711,531,0.090392,999,2,0.998002,2299,1338.6553,354086.5276,1339994,60.1326,22.261738
2196,500,WeaklyCorrelated,fixed,1000,42,2.0000,1001,238549,23290,214887,372,0.097632,998,3,0.997003,2162,1287.5455,313004.6495,1288833,55.3385,23.266733
2197,500,WeaklyCorrelated,fixed,1000,42,2.0000,1001,253463,23584,228914,965,0.093047,1000,1,0.999001,2345,1401.1429,356718.4521,1402544,59.4701,23.560440
2198,500,WeaklyCorrelated,fixed,1000,42,2.0000,1001,249465,29669,218868,928,0.118931,999,2,0.998002,2717,1718.8002,463330.6254,1720519,57.9905,29.639361
2199,500,WeaklyCorrelated,fixed,1000,42,2.0000,1001,252322,26235,225536,551,0.103974,998,3,0.997003,2198,1287.2428,320825.0130,1288530,49.1149,26.208791
2200,500,StronglyCorrelated,fixed,1000,42,2.0000,1001,243371,30958,208436,3977,0.127205,1000,1,0.999001,1182,621.7532,110205.1349,622375,20.1039,30.927073
2201,500,StronglyCorrelated,fixed,1000,42,2.0000,1001,260740,35397,218862,6481,0.135756,1000,1,0.999001,1217,641.1029,115852.5638,641744,18.1299,35.361638
2202,500,StronglyCorrelated,fixed,1000,42,2.0000,1001,253339,31265,217383,4691,0.123412,1000,1,0.999001,1181,617.1219,110618.7124,617739,19.7582,31.233766
2203,500,StronglyCorrelated,fixed,1000,42,2.0000,1001,246249,26418,215333,4498,0.107282,997,4,0.996004,1159,599.2897,109262.8611,599889,22.7076,26.391608
2204,500,StronglyCorrelated,fixed,1000,42,2.0000,1001,264043,32414,226427,5202,0.122760,999,2,0.998002,1208,634.3606,115136.5962,634995,19.5901,32.381618
2205,500,StronglyCorrelated,fixed,1000,42,2.0000,1001,249432,31251,213948,4233,0.125289,999,2,0.998002,1192,624.9590,111925.7416,625584,20.0180,31.219780
2206,500,StronglyCorrelated,fixed,1000,42,2.0000,1001,253059,33241,214890,4928,0.131357,999,2,0.998002,1209,634.9900,115114.7352,635625,19.1217,33.207792
2207,500,StronglyCorrelated,fixed,1000,42,2.0000,1001,247689,28331,214968,4390,0.114381,999,2,0.998002,1182,618.0150,111355.2975,618633,21.8359,28.302697
2208,500,StronglyCorrelated,fixed,1000,42,2.0000,1001,247369,30338,212015,5016,0.122643,999,2,0.998002,1193,630.6793,110633.2608,631310,20.8092,30.307692
2209,500,StronglyCorrelated,fixed,1000,42,2.0000,1001,243090,29614,207737,5739,0.121823,997,4,0.996004,1181,618.6274,110516.5475,619246,20.9106,29.584416
2210,500,StronglyCorrelated,fixed,1000,42,2.0000,1001,246651,32001,210510,4140,0.129742,1000,1,0.999001,1202,624.9131,116850.2052,625538,19.5475,31.969031
2211,500,StronglyCorrelated,fixed,1000,42,2.0000,1001,244920,26621,212581,5718,0.108693,998,3,0.997003,1159,602.8801,105963.5041,603483,22.6694,26.594406
2212,500,StronglyCorrelated,fixed,1000,42,2.0000,1001,257435,31218,222017,4200,0.121266,996,5,0.995005,1195,628.1518,113277.3456,628780,20.1416,31.186813
2213,500,StronglyCorrelated,fixed,1000,42,2.0000,1001,262245,35726,220026,6493,0.136231,999,2,0.998002,1198,624.5754,114181.2133,625200,17.4999,35.690310
2214,500,StronglyCorrelated,fixed,1000,42,2.0000,1001,259365,27072,227842,4451,0.104378,999,2,0.998002,1156,600.3387,106128.0082,600939,22.1978,27.044955
2215,500,StronglyCorrelated,fixed,1000,42,2.0000,1001,240039,25945,210214,3880,0.108087,998,3,0.997003,1167,610.8012,107984.6468,611412,23.5657,25.919081
2216,500,StronglyCorrelated,fixed,1000,42,2.0000,1001,261703,34196,222707,4800,0.130667,998,3,0.997003,1216,642.6943,116711.9225,643337,18.8132,34.161838
2217,500,StronglyCorrelated,fixed,1000,42,2.0000,1001,253966,28444,221340,4182,0.111999,1000,1,0.999001,1201,637.0000,111970.2897,637637,22.4173,28.415584
2218,500,StronglyCorrelated,fixed,1000,42,2.0000,1001,256613,36483,213952,6178,0.142171,1000,1,0.999001,1214,647.7602,113357.7227,648408,17.7729,36.446553
2219,500,StronglyCorrelated,fixed,1000,42,2.0000,1001,260046,32995,221501,5550,0.126881,1000,1,0.999001,1222,646.8691,117584.6792,647516,19.6247,32.962038
2220,500,StronglyCorrelated,fixed,1000,42,2.0000,1001,258772,29812,224794,4166,0.115206,998,3,0.997003,1199,630.4645,113485.3237,631095,21.1692,29.782218
2221,500,StronglyCorrelated,fixed,1000,42,2.0000,1001,239454,27171,208805,3478,0.113471,998,3,0.997003,1209,637.5115,114432.6774,638149,23.4864,27.143856
2222,500,StronglyCorrelated,fixed,1000,42,2.0000,1001,252548,27587,218542,6419,0.109235,1000,1,0.999001,1165,602.6094,108523.1471,603212,21.8658,27.559441
2223,500,StronglyCorrelated,fixed,1000,42,2.0000,1001,260889,32087,224553,4249,0.122991,1000,1,0.999001,1215,650.7792,113930.8494,651430,20.3020,32.054945
2224,500,StronglyCorrelated,fixed,1000,42,2.0000,1001,252969,29426,218456,5087,0.116323,1000,1,0.999001,1174,609.2977,110977.3040,609907,20.7268,29.396603
2225,500,StronglyCorrelated,fixed,1000,42,2.0000,1001,246791,33977,207104,5710,0.137675,999,2,0.998002,1197,629.6753,111849.9595,630305,18.5509,33.943057
2226,500,StronglyCorrelated,fixed,1000,42,2.0000,1001,244330,28595,211224,4511,0.117034,1000,1,0.999001,1194,625.7113,114738.7308,626337,21.9037,28.566434
2227,500,StronglyCorrelated,fixed,1000,42,2.0000,1001,246799,33946,208334,4519,0.137545,1000,1,0.999001,1214,644.2238,114693.4484,644868,18.9969,33.912088
2228,500,StronglyCorrelated,fixed,1000,42,2.0000,1001,258619,28489,226728,3402,0.110158,996,5,0.995005,1197,627.2498,114970.2733,627877,22.0393,28.460539
2229,500,StronglyCorrelated,fixed,1000,42,2.0000,1001,250558,32345,214355,3858,0.129092,1000,1,0.999001,1204,642.8541,111028.1366,643497,19.8948,32.312687
2230,500,StronglyCorrelated,fixed,1000,42,2.0000,1001,263344,32248,225860,5236,0.122456,1000,1,0.999001,1166,605.5864,110123.9688,606192,18.7978,32.215784
2231,500,StronglyCorrelated,fixed,1000,42,2.0000,1001,252770,33460,214132,5178,0.132373,1000,1,0.999001,1172,616.3766,106759.7932,616993,18.4397,33.426573
2232,500,StronglyCorrelated,fixed,1000,42,2.0000,1001,252552,30835,217764,3953,0.122094,999,2,0.998002,1223,658.1678,113316.4873,658826,21.3662,30.804196
2233,500,StronglyCorrelated,fixed,1000,42,2.0000,1001,258563,31324,222629,4610,0.121146,1000,1,0.999001,1200,628.7632,113541.4694,629392,20.0930,31.292707
2234,500,StronglyCorrelated,fixed,1000,42,2.0000,1001,238841,29340,205749,3752,0.122843,1000,1,0.999001,1192,629.1139,111618.5585,629743,21.4636,29.310689
2235,500,StronglyCorrelated,fixed,1000,42,2.0000,1001,239092,32639,200775,5678,0.136512,1000,1,0.999001,1194,619.8222,115399.8085,620442,19.0092,32.606394
2236,500,StronglyCorrelated,fixed,1000,42,2.0000,1001,245745,26207,216273,3265,0.106643,992,9,0.991009,1172,607.3077,110968.8983,607915,23.1967,26.180819
2237,500,StronglyCorrelated,fixed,1000,42,2.0000,1001,251010,28987,217624,4399,0.115481,1000,1,0.999001,1186,624.4376,109623.1932,625062,21.5635,28.958042
2238,500,StronglyCorrelated,fixed,1000,42,2.0000,1001,252486,30153,218055,4278,0.119424,1000,1,0.999001,1187,621.2038,111736.9595,621825,20.6223,30.122877
2239,500,StronglyCorrelated,fixed,1000,42,2.0000,1001,247016,30265,213730,3021,0.122522,1000,1,0.999001,1197,630.7183,111450.6399,631349,20.8607,30.234765
2240,500,StronglyCorrelated,fixed,1000,42,2.0000,1001,250489,27508,217252,5729,0.109817,999,2,0.998002,1159,595.1269,108641.8890,595722,21.6563,27.480519
2241,500,StronglyCorrelated,fixed,1000,42,2.0000,1001,265178,29871,229912,5395,0.112645,999,2,0.998002,1187,620.5924,111982.8389,621213,20.7965,29.841159
2242,500,StronglyCorrelated,fixed,1000,42,2.0000,1001,258044,30750,221681,5613,0.119166,999,2,0.998002,1174,606.3007,111239.4590,606907,19.7368,30.719281
2243,500,StronglyCorrelated,fixed,1000,42,2.0000,1001,243229,25218,213383,4628,0.103680,1000,1,0.999001,1162,604.8252,107189.4889,605430,24.0079,25.192807
2244,500,StronglyCorrelated,fixed,1000,42,2.0000,1001,243690,25774,213584,4332,0.105766,999,2,0.998002,1153,601.2947,105606.7693,601896,23.3528,25.748252
2245,500,StronglyCorrelated,fixed,1000,42,2.0000,1001,255953,31529,219749,4675,0.123183,994,7,0.993007,1198,624.1229,116670.0299,624747,19.8150,31.497502
2246,500,StronglyCorrelated,fixed,1000,42,2.0000,1001,251953,30292,217019,4642,0.120229,1000,1,0.999001,1195,628.1279,113020.2774,628756,20.7565,30.261738
2247,500,StronglyCorrelated,fixed,1000,42,2.0000,1001,243350,30450,209050,3850,0.125128,1000,1,0.999001,1178,612.2557,112612.9716,612868,20.1270,30.419580
2248,500,StronglyCorrelated,fixed,1000,42,2.0000,1001,252225,33321,214774,4130,0.132108,1000,1,0.999001,1218,646.5335,116402.5226,647180,19.4226,33.287712
2249,500,StronglyCorrelated,fixed,1000,42,2.0000,1001,253433,29558,219125,4750,0.116630,997,4,0.996004,1205,632.2168,114096.7452,632849,21.4104,29.528472
2250,500,StronglyCorrelated,fixed,1000,42,2.0000,1001,260176,37482,218230,4464,0.144064,1000,1,0.999001,1232,653.5944,118886.7206,654248,17.4550,37.444555
2251,500,StronglyCorrelated,fixed,1000,42,2.0000,1001,249012,30556,213266,5190,0.122709,999,2,0.998002,1207,636.2647,116068.0548,636901,20.8437,30.525475
2252,500,StronglyCorrelated,fixed,1000,42,2.0000,1001,254141,32067,217920,4154,0.126178,999,2,0.998002,1191,628.3766,111402.5944,629005,19.6153,32.034965
2253,500,StronglyCorrelated,fixed,1000,42,2.0000,1001,258498,31019,222716,4763,0.119997,995,6,0.994006,1222,648.7213,116451.9053,649370,20.9346,30.988012
2254,500,StronglyCorrelated,fixed,1000,42,2.0000,1001,245563,27652,214028,3883,0.112607,1000,1,0.999001,1184,622.8931,111148.5270,623516,22.5487,27.624376
2255,500,StronglyCorrelated,fixed,1000,42,2.0000,1001,248237,29535,213820,4882,0.118979,998,3,0.997003,1182,617.2537,110897.0885,617871,20.9200,29.505495
2256,500,StronglyCorrelated,fixed,1000,42,2.0000,1001,247689,31590,212001,4098,0.127539,1000,1,0.999001,1212,640.5035,114999.3349,641144,20.2958,31.558442
2257,500,StronglyCorrelated,fixed,1000,42,2.0000,1001,256006,34407,217655,3944,0.134399,1000,1,0.999001,1250,673.6464,117629.1477,674320,19.5983,34.372627
2258,500,StronglyCorrelated,fixed,1000,42,2.0000,1001,261390,30482,225168,5740,0.116615,1000,1,0.999001,1192,616.4216,114057.8982,617038,20.2427,30.451548
2259,500,StronglyCorrelated,fixed,1000,42,2.0000,1001,246407,24915,217810,3682,0.101113,995,6,0.994006,1196,628.5774,113221.6806,629206,25.2541,24.890110
2260,500,StronglyCorrelated,fixed,1000,42,2.0000,1001,254995,27638,221856,5501,0.108386,1000,1,0.999001,1158,603.4525,105234.4995,604056,21.8560,27.610390
2261,500,StronglyCorrelated,fixed,1000,42,2.0000,1001,243699,35649,201656,6394,0.146283,998,3,0.997003,1211,640.6513,115071.9434,641292,17.9891,35.613387
2262,500,StronglyCorrelated,fixed,1000,42,2.0000,1001,239423,23911,211826,3686,0.099869,1000,1,0.999001,1141,589.9121,105690.8854,590502,24.6958,23.887113
2263,500,StronglyCorrelated,fixed,1000,42,2.0000,1001,254572,28586,221329,4657,0.112290,999,2,0.998002,1184,620.4995,111004.2020,621120,21.7281,28.557443
2264,500,StronglyCorrelated,fixed,1000,42,2.0000,1001,250319,28315,218308,3696,0.113116,1000,1,0.999001,1183,619.6683,110553.7002,620288,21.9067,28.286713
2265,500,StronglyCorrelated,fixed,1000,42,2.0000,1001,248638,31365,212510,4763,0.126147,1000,1,0.999001,1213,644.8262,114053.6141,645471,20.5793,31.333666
2266,500,StronglyCorrelated,fixed,1000,42,2.0000,1001,253176,35091,212809,5276,0.138603,1000,1,0.999001,1213,646.6374,113566.5548,647284,18.4459,35.055944
2267,500,StronglyCorrelated,fixed,1000,42,2.0000,1001,249662,30384,215008,4270,0.121701,999,2,0.998002,1193,629.1598,112235.9345,629789,20.7277,30.353646
2268,500,StronglyCorrelated,fixed,1000,42,2.0000,1001,238238,29939,204268,4031,0.125668,1000,1,0.999001,1202,632.4715,114889.7617,633104,21.1465,29.909091
2269,500,StronglyCorrelated,fixed,1000,42,2.0000,1001,266024,38421,222943,4660,0.144427,1000,1,0.999001,1255,667.1578,122772.1729,667825,17.3818,38.382617
2270,500,StronglyCorrelated,fixed,1000,42,2.0000,1001,251859,27933,219811,4115,0.110907,1000,1,0.999001,1202,633.6134,114815.2701,634247,22.7060,27.905095
2271,500,StronglyCorrelated,fixed,1000,42,2.0000,1001,237749,27549,205948,4252,0.115874,1000,1,0.999001,1159,597.9970,109378.2827,598595,21.7284,27.521479
2272,500,StronglyCorrelated,fixed,1000,42,2.0000,1001,235577,23133,208686,3758,0.098197,988,13,0.987013,1149,591.2378,107828.3870,591829,25.5838,23.109890
2273,500,StronglyCorrelated,fixed,1000,42,2.0000,1001,250362,30219,215236,4907,0.120701,999,2,0.998002,1195,628.4725,111715.9455,629101,20.8181,30.188811
2274,500,StronglyCorrelated,fixed,1000,42,2.0000,1001,237130,31132,201599,4399,0.131287,999,2,0.998002,1202,634.2408,113706.2507,634875,20.3930,31.100899
2275,500,StronglyCorrelated,fixed,1000,42,2.0000,1001,249093,29117,216809,3167,0.116892,999,2,0.998002,1214,651.2987,111361.5262,651950,22.3907,29.087912
2276,500,StronglyCorrelated,fixed,1000,42,2.0000,1001,252435,34426,213622,4387,0.136376,997,4,0.996004,1243,665.0130,120613.5733,665678,19.3365,34.391608
2277,500,StronglyCorrelated,fixed,1000,42,2.0000,1001,250057,25306,220825,3926,0.101201,993,8,0.992008,1182,608.1169,114669.2081,608725,24.0546,25.280719
2278,500,StronglyCorrelated,fixed,1000,42,2.0000,1001,254471,27541,223009,3921,0.108228,997,4,0.996004,1180,617.4276,111249.9650,618045,22.4409,27.513487
2279,500,StronglyCorrelated,fixed,1000,42,2.0000,1001,255727,30870,220638,4219,0.120715,995,6,0.994006,1190,618.5864,112959.1396,619205,20.0585,30.839161
2280,500,StronglyCorrelated,fixed,1000,42,2.0000,1001,237016,24496,209822,2698,0.103352,1000,1,0.999001,1182,614.5275,111698.3611,615142,25.1119,24.471528
2281,500,StronglyCorrelated,fixed,1000,42,2.0000,1001,254011,28788,222006,3217,0.113334,1000,1,0.999001,1196,628.3167,112714.0566,628945,21.8475,28.759241
2282,500,StronglyCorrelated,fixed,1000,42,2.0000,1001,253526,29552,217452,6522,0.116564,999,2,0.998002,1184,618.5185,111072.5354,619137,20.9508,29.522478
2283,500,StronglyCorrelated,fixed,1000,42,2.0000,1001,242568,28679,209351,4538,0.118231,999,2,0.998002,1167,605.4935,110790.7734,606099,21.1339,28.650350
2284,500,StronglyCorrelated,fixed,1000,42,2.0000,1001,243067,28471,209554,5042,0.117132,1000,1,0.999001,1164,609.0509,106616.9574,609660,21.4134,28.442557
2285,500,StronglyCorrelated,fixed,1000,42,2.0000,1001,246491,27657,213819,5015,0.112203,998,3,0.997003,1157,598.9261,107793.0655,599525,21.6772,27.629371
2286,500,StronglyCorrelated,fixed,1000,42,2.0000,1001,248654,26868,217880,3906,0.108054,997,4,0.996004,1179,616.6543,109976.5738,617271,22.9742,26.841159
2287,500,StronglyCorrelated,fixed,1000,42,2.0000,1001,248609,31279,213426,3904,0.125816,1000,1,0.999001,1191,623.2897,113110.5814,623913,19.9467,31.247752
2288,500,StronglyCorrelated,fixed,1000,42,2.0000,1001,236850,34626,196490,5734,0.146194,1000,1,0.999001,1190,623.6084,112235.6828,624232,18.0278,34.591409
2289,500,StronglyCorrelated,fixed,1000,42,2.0000,1001,249888,26626,219033,4229,0.106552,1000,1,0.999001,1165,605.0959,109248.4743,605701,22.7485,26.599401
2290,500,StronglyCorrelated,fixed,1000,42,2.0000,1001,244989,26493,214305,4191,0.108140,995,6,0.994006,1177,611.2697,110269.3398,611881,23.0959,26.466533
2291,500,StronglyCorrelated,fixed,1000,42,2.0000,1001,249561,31357,213147,5057,0.125649,999,2,0.998002,1178,619.8352,108210.9548,620455,19.7868,31.325674
2292,500,StronglyCorrelated,fixed,1000,42,2.0000,1001,254432,35000,215127,4305,0.137561,1000,1,0.999001,1245,669.1079,117193.5828,669777,19.1365,34.965035
2293,500,StronglyCorrelated,fixed,1000,42,2.0000,1001,246908,28797,214962,3149,0.116630,997,4,0.996004,1200,635.6354,111904.7731,636271,22.0950,28.768232
2294,500,StronglyCorrelated,fixed,1000,42,2.0000,1001,247692,29843,212446,5403,0.120484,998,3,0.997003,1174,617.0949,108664.5954,617712,20.6987,29.813187
2295,500,StronglyCorrelated,fixed,1000,42,2.0000,1001,255399,31250,218400,5749,0.122358,999,2,0.998002,1190,624.6014,110662.0259,625226,20.0072,31.218781
2296,500,StronglyCorrelated,fixed,1000,42,2.0000,1001,247115,31876,210760,4479,0.128993,1000,1,0.999001,1195,625.8691,113407.6562,626495,19.6541,31.844156
2297,500,StronglyCorrelated,fixed,1000,42,2.0000,1001,235968,28243,204191,3534,0.119690,999,2,0.998002,1196,629.4096,111910.4037,630039,22.3078,28.214785
2298,500,StronglyCorrelated,fixed,1000,42,2.0000,1001,238733,29378,204747,4608,0.123058,1000,1,0.999001,1182,617.4356,111707.9641,618053,21.0380,29.348651
2299,500,StronglyCorrelated,fixed,1000,42,2.0000,1001,247674,27127,216803,3744,0.109527,1000,1,0.999001,1167,611.2677,107832.5157,611879,22.5561,27.099900
2300,500,InverseCorrelated,fixed,1000,42,2.0000,1001,241138,34412,206329,397,0.142707,999,2,0.998002,26027,17103.4266,34865216.4064,17120530,497.5163,34.377622
2301,500,InverseCorrelated,fixed,1000,42,2.0000,1001,252421,38087,214177,157,0.150887,1000,1,0.999001,30039,20167.6244,50269732.4004,20187792,530.0442,38.048951
2302,500,InverseCorrelated,fixed,1000,42,2.0000,1001,262493,32178,229830,485,0.122586,999,2,0.998002,28080,19514.2478,44096858.9816,19533762,607.0533,32.145854
2303,500,InverseCorrelated,fixed,1000,42,2.0000,1001,254792,39115,215014,663,0.153517,1000,1,0.999001,31082,21289.3337,50007519.7528,21310623,544.8197,39.075924
2304,500,InverseCorrelated,fixed,1000,42,2.0000,1001,254357,39525,214530,302,0.155392,1000,1,0.999001,29071,19383.7253,53047518.7707,19403109,490.9072,39.485514
2305,500,InverseCorrelated,fixed,1000,42,2.0000,1001,254548,37759,216536,253,0.148337,998,3,0.997003,28077,18763.5085,50166116.3638,18782272,497.4250,37.721279
2306,500,InverseCorrelated,fixed,1000,42,2.0000,1001,242784,33383,209020,381,0.137501,997,4,0.996004,27072,18106.2318,43012803.0931,18124338,542.9212,33.349650
2307,500,InverseCorrelated,fixed,1000,42,2.0000,1001,252120,36675,215299,146,0.145466,1000,1,0.999001,30063,20637.4725,45465170.2253,20658110,563.2750,36.638362
2308,500,InverseCorrelated,fixed,1000,42,2.0000,1001,250016,39049,210294,673,0.156186,999,2,0.998002,32069,21193.5245,64388039.3663,21214718,543.2845,39.009990
2309,500,InverseCorrelated,fixed,1000,42,2.0000,1001,243000,32300,210154,546,0.132922,999,2,0.998002,25086,16267.4046,40124409.1060,16283672,504.1385,32.267732
2310,500,InverseCorrelated,fixed,1000,42,2.0000,1001,246244,37526,208385,333,0.152394,996,5,0.995005,29053,19895.7353,47629108.1907,19915631,530.7155,37.488511
2311,500,InverseCorrelated,fixed,1000,42,2.0000,1001,254518,38156,216093,269,0.149915,1000,1,0.999001,33084,22643.1499,62125303.6179,22665793,594.0296,38.117882
2312,500,InverseCorrelated,fixed,1000,42,2.0000,1001,252220,37836,213872,512,0.150012,1000,1,0.999001,32074,22580.1808,48330034.6576,22602761,597.3877,37.798202
2313,500,InverseCorrelated,fixed,1000,42,2.0000,1001,257631,37033,220330,268,0.143744,1000,1,0.999001,30076,21106.2507,47035147.6984,21127357,570.5008,36.996004
2314,500,InverseCorrelated,fixed,1000,42,2.0000,1001,243161,40596,202139,426,0.166951,997,4,0.996004,30098,21013.0290,55594193.5406,21034042,518.1309,40.555445
2315,500,InverseCorrelated,fixed,1000,42,2.0000,1001,242321,35471,206572,278,0.146380,1000,1,0.999001,30033,20961.0100,42317637.4305,20981971,591.5247,35.435564
2316,500,InverseCorrelated,fixed,1000,42,2.0000,1001,249137,35892,212618,627,0.144065,1000,1,0.999001,29030,18707.0629,48168209.1139,18725770,521.7255,35.856144
2317,500,InverseCorrelated,fixed,1000,42,2.0000,1001,240916,35569,204917,430,0.147641,997,4,0.996004,30081,21337.9510,49393877.4072,21359289,600.5029,35.533467
2318,500,InverseCorrelated,fixed,1000,42,2.0000,1001,256513,39930,216009,574,0.155665,999,2,0.998002,34044,22051.6094,66361242.9573,22073661,552.8089,39.890110
2319,500,InverseCorrelated,fixed,1000,42,2.0000,1001,243004,34749,207999,256,0.142998,999,2,0.998002,28082,19207.2927,43563515.8394,19226500,553.2965,34.714286
2320,500,InverseCorrelated,fixed,1000,42,2.0000,1001,237074,32907,204084,83,0.138805,994,7,0.993007,28057,18194.7872,54640196.9347,18212982,553.4683,32.874126
2321,500,InverseCorrelated,fixed,1000,42,2.0000,1001,244404,31381,212655,368,0.128398,996,5,0.995005,24088,15562.0779,39394456.8990,15577640,496.4036,31.349650
2322,500,InverseCorrelated,fixed,1000,42,2.0000,1001,248671,38069,210125,477,0.153090,998,3,0.997003,27083,17712.2288,44077893.2753,17729941,465.7317,38.030969
2323,500,InverseCorrelated,fixed,1000,42,2.0000,1001,257396,40735,216278,383,0.158258,998,3,0.997003,34072,23281.7223,62302921.2675,23305004,572.1125,40.694306
2324,500,InverseCorrelated,fixed,1000,42,2.0000,1001,245180,41924,202932,324,0.170993,999,2,0.998002,34051,23155.0909,59175529.6771,23178246,552.8634,41.882118
2325,500,InverseCorrelated,fixed,1000,42,2.0000,1001,239780,26433,212958,389,0.110239,993,8,0.992008,22086,14150.8462,31221893.8545,14164997,535.8831,26.406593
2326,500,InverseCorrelated,fixed,1000,42,2.0000,1001,251335,34475,216478,382,0.137168,996,5,0.995005,27057,17127.5325,45591932.8064,17144660,497.3070,34.440559
2327,500,InverseCorrelated,fixed,1000,42,2.0000,1001,252432,33616,218616,200,0.133169,999,2,0.998002,26044,16708.3107,40991350.2761,16725019,497.5315,33.582418
2328,500,InverseCorrelated,fixed,1000,42,2.0000,1001,239838,34161,205184,493,0.142434,999,2,0.998002,27040,17533.1658,42229788.9455,17550699,513.7642,34.126873
2329,500,InverseCorrelated,fixed,1000,42,2.0000,1001,256313,36087,219499,727,0.140793,997,4,0.996004,31038,19534.5225,62706098.2575,19554057,541.8588,36.050949
2330,500,InverseCorrelated,fixed,1000,42,2.0000,1001,254874,37498,216333,1043,0.147124,1000,1,0.999001,30069,20408.7832,49675879.6024,20429192,544.8075,37.460539
2331,500,InverseCorrelated,fixed,1000,42,2.0000,1001,262076,39338,222322,416,0.150101,1000,1,0.999001,34063,23078.5864,64990977.8909,23101665,587.2608,39.298701
2332,500,InverseCorrelated,fixed,1000,42,2.0000,1001,244240,32014,211815,411,0.131076,996,5,0.995005,28071,17708.4296,58400809.5198,17726138,553.6996,31.982018
2333,500,InverseCorrelated,fixed,1000,42,2.0000,1001,256340,39253,216795,292,0.153129,1000,1,0.999001,30054,19631.7013,51881895.2864,19651333,500.6326,39.213786
2334,500,InverseCorrelated,fixed,1000,42,2.0000,1001,253256,32622,220352,282,0.128810,992,9,0.991009,25069,15739.4406,42993788.4623,15755180,482.9618,32.589411
2335,500,InverseCorrelated,fixed,1000,42,2.0000,1001,245076,35143,209420,513,0.143396,998,3,0.997003,28035,18312.1648,47315538.1257,18330477,521.5968,35.107892
2336,500,InverseCorrelated,fixed,1000,42,2.0000,1001,251839,39684,211718,437,0.157577,998,3,0.997003,33048,21786.5425,65843593.3831,21808329,549.5497,39.644356
2337,500,InverseCorrelated,fixed,1000,42,2.0000,1001,265125,41217,223486,422,0.155463,998,3,0.997003,34050,23128.2907,67479953.1393,23151419,561.6959,41.175824
2338,500,InverseCorrelated,fixed,1000,42,2.0000,1001,255993,40720,214949,324,0.159067,1000,1,0.999001,32076,21886.6254,57125858.0445,21908512,538.0283,40.679321
2339,500,InverseCorrelated,fixed,1000,42,2.0000,1001,254302,37487,216163,652,0.147411,999,2,0.998002,29079,19577.9980,50100824.2497,19597576,522.7833,37.449550
2340,500,InverseCorrelated,fixed,1000,42,2.0000,1001,256233,32668,222772,793,0.127493,999,2,0.998002,24085,16101.5295,34320973.9494,16117631,493.3767,32.635365
2341,500,InverseCorrelated,fixed,1000,42,2.0000,1001,237705,33925,203454,326,0.142719,998,3,0.997003,28073,18170.1508,50220356.8274,18188321,536.1333,33.891109
2342,500,InverseCorrelated,fixed,1000,42,2.0000,1001,256393,35204,220980,209,0.137305,1000,1,0.999001,30078,20070.9530,57842740.8400,20091024,570.7029,35.168831
2343,500,InverseCorrelated,fixed,1000,42,2.0000,1001,238005,35637,202097,271,0.149732,996,5,0.995005,30066,19912.9161,52337794.0569,19932829,559.3296,35.601399
2344,500,InverseCorrelated,fixed,1000,42,2.0000,1001,248279,36286,211553,440,0.146150,999,2,0.998002,28042,19413.4975,38888723.6046,19432911,535.5484,36.249750
2345,500,InverseCorrelated,fixed,1000,42,2.0000,1001,255900,40826,214555,519,0.159539,998,3,0.997003,35048,23320.8691,68262373.3345,23344190,571.7971,40.785215
2346,500,InverseCorrelated,fixed,1000,42,2.0000,1001,254057,40700,212647,710,0.160200,999,2,0.998002,33044,22463.9990,57414881.2418,22486463,552.4929,40.659341
2347,500,InverseCorrelated,fixed,1000,42,2.0000,1001,236611,32675,203309,627,0.138096,997,4,0.996004,25064,16059.3257,38986462.5233,16075385,491.9781,32.642358
2348,500,InverseCorrelated,fixed,1000,42,2.0000,1001,238267,38199,199782,286,0.160320,1000,1,0.999001,32090,21623.0909,60834356.4303,21644714,566.6304,38.160839
2349,500,InverseCorrelated,fixed,1000,42,2.0000,1001,251856,34318,217098,440,0.136260,998,3,0.997003,28042,18577.3556,46346328.2851,18595933,541.8711,34.283716
2350,500,InverseCorrelated,fixed,1000,42,2.0000,1001,245689,36509,208418,762,0.148598,998,3,0.997003,31067,20801.6693,57988616.5570,20822471,570.3380,36.472527
2351,500,InverseCorrelated,fixed,1000,42,2.0000,1001,250172,38283,211630,259,0.153027,998,3,0.997003,31062,20779.7822,58195430.6599,20800562,543.3368,38.244755
2352,500,InverseCorrelated,fixed,1000,42,2.0000,1001,251021,38501,212145,375,0.153378,1000,1,0.999001,34078,22834.8052,66049359.2757,22857640,593.6895,38.462537
2353,500,InverseCorrelated,fixed,1000,42,2.0000,1001,252543,40563,211790,190,0.160618,1000,1,0.999001,32034,21572.7373,54079724.0598,21594310,532.3647,40.522478
2354,500,InverseCorrelated,fixed,1000,42,2.0000,1001,263043,37383,225356,304,0.142117,1000,1,0.999001,32048,21203.2857,52919486.6656,21224489,567.7578,37.345654
2355,500,InverseCorrelated,fixed,1000,42,2.0000,1001,248830,43812,204276,742,0.176072,1000,1,0.999001,37039,25197.2358,70290680.8995,25222433,575.6969,43.768232
2356,500,InverseCorrelated,fixed,1000,42,2.0000,1001,260415,39952,220147,316,0.153417,998,3,0.997003,34071,22988.2717,70971809.1090,23011260,575.9727,39.912088
2357,500,InverseCorrelated,fixed,1000,42,2.0000,1001,248086,35754,212043,289,0.144119,994,7,0.993007,27079,17049.8621,51650930.0789,17066912,477.3427,35.718282
2358,500,InverseCorrelated,fixed,1000,42,2.0000,1001,246900,34514,212223,163,0.139789,998,3,0.997003,29089,20250.3317,45823607.5763,20270582,587.3148,34.479520
2359,500,InverseCorrelated,fixed,1000,42,2.0000,1001,248391,37025,210742,624,0.149059,998,3,0.997003,29058,18564.4236,53359825.7467,18582988,501.9038,36.988012
2360,500,InverseCorrelated,fixed,1000,42,2.0000,1001,249196,30617,218260,319,0.122863,1000,1,0.999001,24058,15474.5904,34261282.0480,15490065,505.9302,30.586414
2361,500,InverseCorrelated,fixed,1000,42,2.0000,1001,246479,34175,211939,365,0.138653,995,6,0.994006,30085,19616.1598,64783947.4929,19635776,574.5655,34.140859
2362,500,InverseCorrelated,fixed,1000,42,2.0000,1001,248312,33790,214161,361,0.136079,1000,1,0.999001,30039,18507.4535,57109460.1419,18525961,548.2676,33.756244
2363,500,InverseCorrelated,fixed,1000,42,2.0000,1001,249639,37954,211219,466,0.152036,999,2,0.998002,33050,22598.0000,59058213.1349,22620598,596.0004,37.916084
2364,500,InverseCorrelated,fixed,1000,42,2.0000,1001,256589,36596,219357,636,0.142625,1000,1,0.999001,31075,20462.8961,57728974.3109,20483359,559.7158,36.559441
2365,500,InverseCorrelated,fixed,1000,42,2.0000,1001,247098,37240,209279,579,0.150709,998,3,0.997003,31075,20208.4705,60973502.4290,20228679,543.1976,37.202797
2366,500,InverseCorrelated,fixed,1000,42,2.0000,1001,263778,41215,221712,851,0.156249,1000,1,0.999001,34088,23051.1299,68228925.2139,23074181,559.8491,41.173826
2367,500,InverseCorrelated,fixed,1000,42,2.0000,1001,243442,35299,207936,207,0.145000,999,2,0.998002,31041,21703.1159,47704582.8417,21724819,615.4514,35.263736
2368,500,InverseCorrelated,fixed,1000,42,2.0000,1001,249469,30451,218441,577,0.122063,1000,1,0.999001,24073,14560.1588,43618700.4373,14574719,478.6286,30.420579
2369,500,InverseCorrelated,fixed,1000,42,2.0000,1001,250354,40651,209513,190,0.162374,998,3,0.997003,35059,23863.4006,66887766.1922,23887264,587.6181,40.610390
2370,500,InverseCorrelated,fixed,1000,42,2.0000,1001,252418,36807,215160,451,0.145818,997,4,0.996004,30084,19832.4575,60494944.5719,19852290,539.3618,36.770230
2371,500,InverseCorrelated,fixed,1000,42,2.0000,1001,252467,37639,214326,502,0.149085,999,2,0.998002,31042,20514.0819,57235080.7725,20534596,545.5670,37.601399
2372,500,InverseCorrelated,fixed,1000,42,2.0000,1001,252006,37301,214350,355,0.148016,999,2,0.998002,27071,18192.4975,39887055.4188,18210690,488.2092,37.263736
2373,500,InverseCorrelated,fixed,1000,42,2.0000,1001,249226,29812,218992,422,0.119618,994,7,0.993007,24027,15814.4955,33638706.6216,15830310,531.0046,29.782218
2374,500,InverseCorrelated,fixed,1000,42,2.0000,1001,248335,36355,211504,476,0.146395,1000,1,0.999001,30094,20927.7822,53165617.9386,20948710,576.2264,36.318681
2375,500,InverseCorrelated,fixed,1000,42,2.0000,1001,253551,30412,222642,497,0.119944,990,11,0.989011,23031,12928.5824,39868301.5419,12941511,425.5396,30.381618
2376,500,InverseCorrelated,fixed,1000,42,2.0000,1001,239355,31235,207332,788,0.130497,1000,1,0.999001,25036,15526.2987,40323973.6780,15541825,497.5772,31.203796
2377,500,InverseCorrelated,fixed,1000,42,2.0000,1001,248890,36469,212273,148,0.146527,997,4,0.996004,30089,20508.7103,52101180.0040,20529219,562.9225,36.432567
2378,500,InverseCorrelated,fixed,1000,42,2.0000,1001,263581,41556,221246,779,0.157659,997,4,0.996004,33062,21956.3357,65559798.3509,21978292,528.8837,41.514486
2379,500,InverseCorrelated,fixed,1000,42,2.0000,1001,255042,42998,211592,452,0.168592,1000,1,0.999001,33090,23028.8022,58407548.0428,23051831,536.1140,42.955045
2380,500,InverseCorrelated,fixed,1000,42,2.0000,1001,248416,32695,215230,491,0.131614,1000,1,0.999001,26028,16471.7812,37817186.4426,16488253,504.3050,32.662338
2381,500,InverseCorrelated,fixed,1000,42,2.0000,1001,248893,35496,212951,446,0.142616,998,3,0.997003,27049,17460.5584,42315954.3565,17478019,492.3940,35.460539
2382,500,InverseCorrelated,fixed,1000,42,2.0000,1001,244569,31393,212277,899,0.128361,999,2,0.998002,27056,17661.7463,42544361.6699,17679408,563.1640,31.361638
2383,500,InverseCorrelated,fixed,1000,42,2.0000,1001,254044,39799,213480,765,0.156662,998,3,0.997003,33054,21822.4106,66503951.8004,21844233,548.8639,39.759241
2384,500,InverseCorrelated,fixed,1000,42,2.0000,1001,243744,32945,210070,729,0.135162,997,4,0.996004,26050,16640.8781,41720040.8403,16657519,505.6160,32.912088
2385,500,InverseCorrelated,fixed,1000,42,2.0000,1001,255108,36166,218362,580,0.141767,998,3,0.997003,32065,20473.5235,70184065.2465,20493997,566.6647,36.129870
2386,500,InverseCorrelated,fixed,1000,42,2.0000,1001,251274,35538,215470,266,0.141431,995,6,0.994006,30083,19801.3616,58703861.0161,19821163,557.7456,35.502498
2387,500,InverseCorrelated,fixed,1000,42,2.0000,1001,248491,34529,213496,466,0.138955,1000,1,0.999001,28060,18231.6234,47570312.1389,18249855,528.5370,34.494505
2388,500,InverseCorrelated,fixed,1000,42,2.0000,1001,247374,36260,210602,512,0.146580,1000,1,0.999001,28071,18101.1918,47400941.4837,18119293,499.7047,36.223776
2389,500,InverseCorrelated,fixed,1000,42,2.0000,1001,238465,28556,209871,38,0.119749,994,7,0.993007,23044,15423.3786,29648708.4191,15438802,540.6500,28.527473
2390,500,InverseCorrelated,fixed,1000,42,2.0000,1001,244178,37609,206290,279,0.154023,999,2,0.998002,35055,24971.8821,61787419.1969,24996854,664.6509,37.571429
2391,500,InverseCorrelated,fixed,1000,42,2.0000,1001,240818,36219,204141,458,0.150400,1000,1,0.999001,29077,19716.2547,44970022.2977,19735971,544.9066,36.182817
2392,500,InverseCorrelated,fixed,1000,42,2.0000,1001,244052,40938,202128,986,0.167743,1000,1,0.999001,35045,22508.8731,68728864.5603,22531382,550.3782,40.897103
2393,500,InverseCorrelated,fixed,1000,42,2.0000,1001,254972,34076,220609,287,0.133646,995,6,0.994006,30072,19991.9301,56861328.8802,20011922,587.2732,34.041958
2394,500,InverseCorrelated,fixed,1000,42,2.0000,1001,252890,30608,221889,393,0.121033,998,3,0.997003,24073,15288.6843,37109008.8854,15303973,499.9991,30.577423
2395,500,InverseCorrelated,fixed,1000,42,2.0000,1001,246233,38936,206806,491,0.158127,1000,1,0.999001,31077,21671.2348,48910022.7251,21692906,557.1426,38.897103
2396,500,InverseCorrelated,fixed,1000,42,2.0000,1001,244927,33682,210823,422,0.137519,1000,1,0.999001,27037,16588.5205,44153724.4454,16605109,492.9965,33.648352
2397,500,InverseCorrelated,fixed,1000,42,2.0000,1001,264676,42165,221902,609,0.159308,1000,1,0.999001,35075,24713.4955,55879685.8044,24738209,586.7001,42.122877
2398,500,InverseCorrelated,fixed,1000,42,2.0000,1001,256824,36316,219941,567,0.141404,1000,1,0.999001,31091,21194.0999,55925211.8801,21215294,584.1859,36.279720
2399,500,InverseCorrelated,fixed,1000,42,2.0000,1001,250697,33928,215877,892,0.135335,999,2,0.998002,28072,18353.6184,46775245.8164,18371972,541.4988,33.894106
2400,500,AlmostEqualRatios,fixed,1000,42,2.0000,1001,255791,13800,235379,6612,0.053950,999,2,0.998002,1099,549.2777,101083.3734,549827,39.8425,13.786214
2401,500,AlmostEqualRatios,fixed,1000,42,2.0000,1001,244989,15507,222842,6640,0.063297,1000,1,0.999001,1099,549.0230,100867.8167,549572,35.4403,15.491508
2402,500,AlmostEqualRatios,fixed,1000,42,2.0000,1001,252764,9957,236679,6128,0.039392,999,2,0.998002,1098,548.8102,100997.6763,549359,55.1731,9.947053
2403,500,AlmostEqualRatios,fixed,1000,42,2.0000,1001,248749,11722,233034,3993,0.047124,999,2,0.998002,1098,548.1369,101182.4538,548685,46.8081,11.710290
2404,500,AlmostEqualRatios,fixed,1000,42,2.0000,1001,246063,12038,228809,5216,0.048922,999,2,0.998002,1099,547.7692,100944.3733,548317,45.5488,12.025974
2405,500,AlmostEqualRatios,fixed,1000,42,2.0000,1001,265295,11316,247946,6033,0.042654,995,6,0.994006,1098,548.3556,100874.1872,548904,48.5069,11.304695
2406,500,AlmostEqualRatios,fixed,1000,42,2.0000,1001,246350,9828,231432,5090,0.039894,997,4,0.996004,1099,547.9001,100954.5235,548448,55.8046,9.818182
2407,500,AlmostEqualRatios,fixed,1000,42,2.0000,1001,264160,14060,242969,7131,0.053225,999,2,0.998002,1098,548.1489,100991.8989,548697,39.0254,14.045954
2408,500,AlmostEqualRatios,fixed,1000,42,2.0000,1001,245356,14875,221877,8604,0.060626,1000,1,0.999001,1100,549.4186,101154.4691,549968,36.9726,14.860140
2409,500,AlmostEqualRatios,fixed,1000,42,2.0000,1001,255343,12929,236281,6133,0.050634,1000,1,0.999001,1097,547.9431,100807.9658,548491,42.4233,12.916084
2410,500,AlmostEqualRatios,fixed,1000,42,2.0000,1001,250431,11946,230686,7799,0.047702,1000,1,0.999001,1099,548.9740,100902.3530,549523,46.0006,11.934066
2411,500,AlmostEqualRatios,fixed,1000,42,2.0000,1001,243641,11098,228639,3904,0.045551,998,3,0.997003,1098,548.1538,101059.2710,548702,49.4415,11.086913
2412,500,AlmostEqualRatios,fixed,1000,42,2.0000,1001,257611,11605,239559,6447,0.045049,998,3,0.997003,1099,549.0130,101048.3824,549562,47.3556,11.593407
2413,500,AlmostEqualRatios,fixed,1000,42,2.0000,1001,241476,11164,227712,2600,0.046232,998,3,0.997003,1097,546.5485,101158.4095,547095,49.0053,11.152847
2414,500,AlmostEqualRatios,fixed,1000,42,2.0000,1001,248403,12714,231070,4619,0.051183,996,5,0.995005,1096,546.7582,100633.1064,547305,43.0474,12.701299
2415,500,AlmostEqualRatios,fixed,1000,42,2.0000,1001,258745,12272,238985,7488,0.047429,999,2,0.998002,1098,548.6753,100881.2842,549224,44.7542,12.259740
2416,500,AlmostEqualRatios,fixed,1000,42,2.0000,1001,238566,11097,222504,4965,0.046515,998,3,0.997003,1099,548.6843,101063.2890,549233,49.4938,11.085914
2417,500,AlmostEqualRatios,fixed,1000,42,2.0000,1001,260581,13509,238766,8306,0.051842,998,3,0.997003,1099,549.2118,101058.8223,549761,40.6959,13.495504
2418,500,AlmostEqualRatios,fixed,1000,42,2.0000,1001,245526,13394,226364,5768,0.054552,999,2,0.998002,1099,549.4815,100999.3725,550031,41.0655,13.380619
2419,500,AlmostEqualRatios,fixed,1000,42,2.0000,1001,252356,14059,231703,6594,0.055711,1000,1,0.999001,1098,548.5984,100972.8177,549147,39.0602,14.044955
2420,500,AlmostEqualRatios,fixed,1000,42,2.0000,1001,251673,12423,235878,3372,0.049362,1000,1,0.999001,1097,547.4066,100849.7498,547954,44.1080,12.410589
2421,500,AlmostEqualRatios,fixed,1000,42,2.0000,1001,248520,10933,233227,4360,0.043992,996,5,0.995005,1099,547.8971,100861.4510,548445,50.1642,10.922078
2422,500,AlmostEqualRatios,fixed,1000,42,2.0000,1001,253389,11850,235909,5630,0.046766,998,3,0.997003,1098,548.3636,101003.3803,548912,46.3217,11.838162
2423,500,AlmostEqualRatios,fixed,1000,42,2.0000,1001,246958,11369,229815,5774,0.046036,1000,1,0.999001,1098,548.2248,100895.8106,548773,48.2692,11.357642
2424,500,AlmostEqualRatios,fixed,1000,42,2.0000,1001,251456,11910,233241,6305,0.047364,998,3,0.997003,1099,549.0769,100898.5685,549626,46.1483,11.898102
2425,500,AlmostEqualRatios,fixed,1000,42,2.0000,1001,249748,13218,232313,4217,0.052925,1000,1,0.999001,1100,549.1798,101256.1215,549729,41.5894,13.204795
2426,500,AlmostEqualRatios,fixed,1000,42,2.0000,1001,255745,10952,238745,6048,0.042824,1000,1,0.999001,1099,548.7323,101166.9753,549281,50.1535,10.941059
2427,500,AlmostEqualRatios,fixed,1000,42,2.0000,1001,243316,14788,222643,5885,0.060777,1000,1,0.999001,1097,547.7123,100946.0691,548260,37.0747,14.773227
2428,500,AlmostEqualRatios,fixed,1000,42,2.0000,1001,248472,10682,234116,3674,0.042991,997,4,0.996004,1099,547.9660,100962.9859,548514,51.3494,10.671329
2429,500,AlmostEqualRatios,fixed,1000,42,2.0000,1001,245893,10991,230654,4248,0.044698,1000,1,0.999001,1098,548.0090,100979.8351,548557,49.9097,10.980020
2430,500,AlmostEqualRatios,fixed,1000,42,2.0000,1001,252492,11530,231000,9962,0.045665,998,3,0.997003,1098,549.0220,100943.9396,549571,47.6644,11.518482
2431,500,AlmostEqualRatios,fixed,1000,42,2.0000,1001,247903,12058,227508,8337,0.048640,1000,1,0.999001,1100,549.1938,100977.7267,549743,45.5916,12.045954
2432,500,AlmostEqualRatios,fixed,1000,42,2.0000,1001,256133,14050,235148,6935,0.054854,998,3,0.997003,1100,549.1089,101085.5296,549658,39.1216,14.035964
2433,500,AlmostEqualRatios,fixed,1000,42,2.0000,1001,257758,12762,237267,7729,0.049512,1000,1,0.999001,1099,549.5994,101112.1102,550149,43.1084,12.749251
2434,500,AlmostEqualRatios,fixed,1000,42,2.0000,1001,250662,12326,230210,8126,0.049174,1000,1,0.999001,1099,549.0929,101171.0533,549642,44.5921,12.313686
2435,500,AlmostEqualRatios,fixed,1000,42,2.0000,1001,240891,12066,223124,5701,0.050089,998,3,0.997003,1099,548.5914,101102.9889,549140,45.5114,12.053946
2436,500,AlmostEqualRatios,fixed,1000,42,2.0000,1001,241155,10828,226944,3383,0.044901,997,4,0.996004,1098,548.3327,101194.7774,548881,50.6909,10.817183
2437,500,AlmostEqualRatios,fixed,1000,42,2.0000,1001,244341,12011,226133,6197,0.049157,1000,1,0.999001,1098,548.2837,100902.4929,548832,45.6941,11.999001
2438,500,AlmostEqualRatios,fixed,1000,42,2.0000,1001,244650,12078,225877,6695,0.049368,999,2,0.998002,1099,549.2488,100959.5495,549798,45.5206,12.065934
2439,500,AlmostEqualRatios,fixed,1000,42,2.0000,1001,244090,12094,226330,5666,0.049547,1000,1,0.999001,1099,549.3097,101119.6543,549859,45.4654,12.081918
2440,500,AlmostEqualRatios,fixed,1000,42,2.0000,1001,248207,13330,226686,8191,0.053705,999,2,0.998002,1099,548.9940,100951.4545,549543,41.2260,13.316683
2441,500,AlmostEqualRatios,fixed,1000,42,2.0000,1001,248040,10314,231781,5945,0.041582,998,3,0.997003,1096,547.7902,100798.3955,548338,53.1644,10.303696
2442,500,AlmostEqualRatios,fixed,1000,42,2.0000,1001,260026,13358,237795,8873,0.051372,1000,1,0.999001,1098,548.7223,100972.9698,549271,41.1193,13.344655
2443,500,AlmostEqualRatios,fixed,1000,42,2.0000,1001,249566,14332,230424,4810,0.057428,995,6,0.994006,1098,548.7373,101009.7482,549286,38.3258,14.317682
2444,500,AlmostEqualRatios,fixed,1000,42,2.0000,1001,255370,13265,235173,6932,0.051944,1000,1,0.999001,1098,548.2468,100971.0990,548795,41.3717,13.251748
2445,500,AlmostEqualRatios,fixed,1000,42,2.0000,1001,252203,12964,229658,9581,0.051403,1000,1,0.999001,1100,550.0430,101075.3818,550593,42.4709,12.951049
2446,500,AlmostEqualRatios,fixed,1000,42,2.0000,1001,259094,11486,239426,8182,0.044331,999,2,0.998002,1099,548.9790,100979.3592,549528,47.8433,11.474525
2447,500,AlmostEqualRatios,fixed,1000,42,2.0000,1001,256848,11997,238777,6074,0.046709,1000,1,0.999001,1099,548.8002,100808.8872,549349,45.7905,11.985015
2448,500,AlmostEqualRatios,fixed,1000,42,2.0000,1001,243185,12166,224845,6174,0.050028,999,2,0.998002,1099,547.9990,101041.8711,548547,45.0885,12.153846
2449,500,AlmostEqualRatios,fixed,1000,42,2.0000,1001,253112,11556,235521,6035,0.045656,999,2,0.998002,1099,548.9750,101036.2941,549524,47.5531,11.544456
2450,500,AlmostEqualRatios,fixed,1000,42,2.0000,1001,250889,13748,229312,7829,0.054797,1000,1,0.999001,1099,549.4336,101022.1357,549983,40.0046,13.734266
2451,500,AlmostEqualRatios,fixed,1000,42,2.0000,1001,250496,10339,235194,4963,0.041274,997,4,0.996004,1097,547.9121,100948.4698,548460,53.0477,10.328671
2452,500,AlmostEqualRatios,fixed,1000,42,2.0000,1001,242863,10877,226894,5092,0.044787,997,4,0.996004,1096,547.6863,100732.7927,548234,50.4031,10.866134
2453,500,AlmostEqualRatios,fixed,1000,42,2.0000,1001,254777,10020,236344,8413,0.039329,998,3,0.997003,1098,548.5025,100949.3189,549051,54.7955,10.009990
2454,500,AlmostEqualRatios,fixed,1000,42,2.0000,1001,241523,14028,220252,7243,0.058081,1000,1,0.999001,1098,548.4945,100933.2130,549043,39.1391,14.013986
2455,500,AlmostEqualRatios,fixed,1000,42,2.0000,1001,259512,13618,239327,6567,0.052475,1000,1,0.999001,1099,549.3706,100904.8966,549920,40.3818,13.604396
2456,500,AlmostEqualRatios,fixed,1000,42,2.0000,1001,250388,10600,234081,5707,0.042334,1000,1,0.999001,1100,548.8012,101185.2482,549350,51.8255,10.589411
2457,500,AlmostEqualRatios,fixed,1000,42,2.0000,1001,254175,14033,229968,10174,0.055210,1000,1,0.999001,1099,549.3267,100911.5486,549876,39.1845,14.018981
2458,500,AlmostEqualRatios,fixed,1000,42,2.0000,1001,240577,12281,223655,4641,0.051048,999,2,0.998002,1100,549.6973,101017.8854,550247,44.8047,12.268731
2459,500,AlmostEqualRatios,fixed,1000,42,2.0000,1001,245775,12224,228921,4630,0.049737,999,2,0.998002,1099,549.0889,101017.6514,549638,44.9638,12.211788
2460,500,AlmostEqualRatios,fixed,1000,42,2.0000,1001,246216,11529,230545,4142,0.046825,1000,1,0.999001,1098,548.8551,100984.0519,549404,47.6541,11.517483
2461,500,AlmostEqualRatios,fixed,1000,42,2.0000,1001,252452,11564,233100,7788,0.045807,1000,1,0.999001,1097,548.3866,100707.7277,548935,47.4693,11.552448
2462,500,AlmostEqualRatios,fixed,1000,42,2.0000,1001,243934,12292,226380,5262,0.050391,998,3,0.997003,1098,548.3467,100879.0936,548895,44.6547,12.279720
2463,500,AlmostEqualRatios,fixed,1000,42,2.0000,1001,252136,11394,234800,5942,0.045190,1000,1,0.999001,1099,548.7453,101026.2997,549294,48.2091,11.382617
2464,500,AlmostEqualRatios,fixed,1000,42,2.0000,1001,254901,11091,236574,7236,0.043511,1000,1,0.999001,1100,549.8332,101182.1410,550383,49.6243,11.079920
2465,500,AlmostEqualRatios,fixed,1000,42,2.0000,1001,250079,12759,229787,7533,0.051020,1000,1,0.999001,1098,548.3247,100961.6538,548873,43.0185,12.746254
2466,500,AlmostEqualRatios,fixed,1000,42,2.0000,1001,244199,10674,227304,6221,0.043710,1000,1,0.999001,1099,548.8122,101027.2474,549361,51.4672,10.663337
2467,500,AlmostEqualRatios,fixed,1000,42,2.0000,1001,247625,10379,233004,4242,0.041914,999,2,0.998002,1099,548.6104,101075.1509,549159,52.9106,10.368631
2468,500,AlmostEqualRatios,fixed,1000,42,2.0000,1001,252154,14172,233516,4466,0.056204,995,6,0.994006,1097,547.2118,100849.6794,547759,38.6508,14.157842
2469,500,AlmostEqualRatios,fixed,1000,42,2.0000,1001,257264,13115,237463,6686,0.050979,997,4,0.996004,1098,548.2198,101076.3073,548768,41.8428,13.101898
2470,500,AlmostEqualRatios,fixed,1000,42,2.0000,1001,259564,12459,241346,5759,0.048000,999,2,0.998002,1098,548.6104,101093.6864,549159,44.0773,12.446553
2471,500,AlmostEqualRatios,fixed,1000,42,2.0000,1001,252939,11920,233440,7579,0.047126,1000,1,0.999001,1099,548.8621,100977.3356,549411,46.0915,11.908092
2472,500,AlmostEqualRatios,fixed,1000,42,2.0000,1001,255787,14103,235582,6102,0.055136,998,3,0.997003,1098,547.9710,100897.9902,548519,38.8938,14.088911
2473,500,AlmostEqualRatios,fixed,1000,42,2.0000,1001,257872,11180,239269,7423,0.043355,1000,1,0.999001,1100,548.7962,101184.0943,549345,49.1364,11.168831
2474,500,AlmostEqualRatios,fixed,1000,42,2.0000,1001,247461,12692,227729,7040,0.051289,991,10,0.990010,1098,548.3427,100700.0474,548891,43.2470,12.679321
2475,500,AlmostEqualRatios,fixed,1000,42,2.0000,1001,255402,10051,239879,5472,0.039354,998,3,0.997003,1098,548.2637,101007.4969,548812,54.6027,10.040959
2476,500,AlmostEqualRatios,fixed,1000,42,2.0000,1001,257537,10592,242374,4571,0.041128,992,9,0.991009,1100,549.9760,101195.0024,550526,51.9756,10.581419
2477,500,AlmostEqualRatios,fixed,1000,42,2.0000,1001,256238,10544,241930,3764,0.041149,1000,1,0.999001,1097,547.8691,101015.6142,548417,52.0122,10.533467
2478,500,AlmostEqualRatios,fixed,1000,42,2.0000,1001,243733,13160,224682,5891,0.053994,999,2,0.998002,1098,548.1648,101084.1217,548713,41.6955,13.146853
2479,500,AlmostEqualRatios,fixed,1000,42,2.0000,1001,252214,9684,238063,4467,0.038396,997,4,0.996004,1100,548.9261,101258.6838,549475,56.7405,9.674326
2480,500,AlmostEqualRatios,fixed,1000,42,2.0000,1001,246547,13083,227533,5931,0.053065,998,3,0.997003,1098,548.4086,100803.4744,548957,41.9596,13.069930
2481,500,AlmostEqualRatios,fixed,1000,42,2.0000,1001,239392,12267,220483,6642,0.051242,994,7,0.993007,1098,547.9101,100845.3406,548458,44.7100,12.254745
2482,500,AlmostEqualRatios,fixed,1000,42,2.0000,1001,248429,9988,230041,8400,0.040205,1000,1,0.999001,1099,548.9421,100900.6700,549491,55.0151,9.978022
2483,500,AlmostEqualRatios,fixed,1000,42,2.0000,1001,258466,11148,240136,7182,0.043131,999,2,0.998002,1098,548.7113,100884.2953,549260,49.2698,11.136863
2484,500,AlmostEqualRatios,fixed,1000,42,2.0000,1001,248590,11323,231658,5609,0.045549,1000,1,0.999001,1099,549.1548,100958.5584,549704,48.5476,11.311688
2485,500,AlmostEqualRatios,fixed,1000,42,2.0000,1001,242713,13678,225049,3986,0.056355,998,3,0.997003,1099,547.7892,101213.1274,548337,40.0890,13.664336
2486,500,AlmostEqualRatios,fixed,1000,42,2.0000,1001,239296,11892,222583,4821,0.049696,998,3,0.997003,1097,547.4326,101118.0217,547980,46.0797,11.880120
2487,500,AlmostEqualRatios,fixed,1000,42,2.0000,1001,262674,13829,242913,5932,0.052647,999,2,0.998002,1097,547.7183,100767.5090,548266,39.6461,13.815185
2488,500,AlmostEqualRatios,fixed,1000,42,2.0000,1001,247003,12442,229433,5128,0.050372,999,2,0.998002,1097,547.8931,100922.0375,548441,44.0798,12.429570
2489,500,AlmostEqualRatios,fixed,1000,42,2.0000,1001,248581,12145,228668,7768,0.048857,1000,1,0.999001,1098,548.7073,101151.0642,549256,45.2249,12.132867
2490,500,AlmostEqualRatios,fixed,1000,42,2.0000,1001,247918,12477,230655,4786,0.050327,1000,1,0.999001,1098,548.2577,100875.0225,548806,43.9854,12.464535
2491,500,AlmostEqualRatios,fixed,1000,42,2.0000,1001,253842,13156,232929,7757,0.051828,1000,1,0.999001,1099,549.0370,101242.2594,549586,41.7746,13.142857
2492,500,AlmostEqualRatios,fixed,1000,42,2.0000,1001,254863,14549,235476,4838,0.057086,998,3,0.997003,1098,548.5584,100994.2586,549107,37.7419,14.534466
2493,500,AlmostEqualRatios,fixed,1000,42,2.0000,1001,252970,11769,234098,7103,0.046523,999,2,0.998002,1099,549.0170,101114.6461,549566,46.6961,11.757243
2494,500,AlmostEqualRatios,fixed,1000,42,2.0000,1001,247754,10865,231745,5144,0.043854,998,3,0.997003,1097,547.8861,101074.5345,548434,50.4771,10.854146
2495,500,AlmostEqualRatios,fixed,1000,42,2.0000,1001,260108,11732,240984,7392,0.045104,1000,1,0.999001,1099,548.9201,100923.1205,549469,46.8351,11.720280
2496,500,AlmostEqualRatios,fixed,1000,42,2.0000,1001,243628,11264,225148,7216,0.046234,1000,1,0.999001,1097,547.7023,100684.9943,548250,48.6728,11.252747
2497,500,AlmostEqualRatios,fixed,1000,42,2.0000,1001,240743,13257,221727,5759,0.055067,1000,1,0.999001,1098,547.6703,100834.8044,548218,41.3531,13.243756
2498,500,AlmostEqualRatios,fixed,1000,42,2.0000,1001,251789,11392,233935,6462,0.045244,999,2,0.998002,1099,548.5255,100989.9916,549074,48.1982,11.380619
2499,500,AlmostEqualRatios,fixed,1000,42,2.0000,1001,242497,11989,225627,4881,0.049440,999,2,0.998002,1097,547.8551,100830.0999,548403,45.7422,11.977023
2500,1000,Uncorrelated,fixed,1000,42,1.0000,1001,495052,45229,449646,177,0.091362,999,2,0.998002,23112,14745.4835,33559417.2867,14760229,326.3444,45.183816
2501,1000,Uncorrelated,fixed,1000,42,1.0000,1001,477870,44008,433694,168,0.092092,999,2,0.998002,20868,14569.8192,21639965.0552,14584389,331.4031,43.964036
2502,1000,Uncorrelated,fixed,1000,42,1.0000,1001,504516,53357,451015,144,0.105759,1000,1,0.999001,29789,19476.3856,55377498.0771,19495862,365.3853,53.303696
2503,1000,Uncorrelated,fixed,1000,42,1.0000,1001,511370,48673,462506,191,0.095182,1000,1,0.999001,24532,16433.9660,33964110.2346,16450400,337.9779,48.624376
2504,1000,Uncorrelated,fixed,1000,42,1.0000,1001,506141,45079,461020,42,0.089064,1000,1,0.999001,26833,18210.8641,39203686.5570,18229075,404.3806,45.033966
2505,1000,Uncorrelated,fixed,1000,42,1.0000,1001,508330,49872,458378,80,0.098109,1000,1,0.999001,25397,16658.8212,33980178.9401,16675480,334.3656,49.822178
2506,1000,Uncorrelated,fixed,1000,42,1.0000,1001,503905,45211,458552,142,0.089721,1000,1,0.999001,24552,16719.9081,31194995.4201,16736628,370.1893,45.165834
2507,1000,Uncorrelated,fixed,1000,42,1.0000,1001,504110,46037,457924,149,0.091323,1000,1,0.999001,21453,13993.5335,28429377.7134,14007527,304.2667,45.991009
2508,1000,Uncorrelated,fixed,1000,42,1.0000,1001,500058,44697,455309,52,0.089384,1000,1,0.999001,24129,15648.8432,33715564.6457,15664492,350.4596,44.652348
2509,1000,Uncorrelated,fixed,1000,42,1.0000,1001,493305,52711,440419,175,0.106853,1000,1,0.999001,25764,16630.5175,41529806.0159,16647148,315.8192,52.658342
2510,1000,Uncorrelated,fixed,1000,42,1.0000,1001,497888,41852,456018,18,0.084059,997,4,0.996004,23830,15167.3427,37875423.1563,15182510,362.7667,41.810190
2511,1000,Uncorrelated,fixed,1000,42,1.0000,1001,503304,48267,454955,82,0.095900,999,2,0.998002,27680,18522.0629,45845757.7473,18540585,384.1255,48.218781
2512,1000,Uncorrelated,fixed,1000,42,1.0000,1001,500283,51144,448869,270,0.102230,1000,1,0.999001,27277,17492.1828,47979164.3052,17509675,342.3603,51.092907
2513,1000,Uncorrelated,fixed,1000,42,1.0000,1001,509628,47236,462256,136,0.092687,1000,1,0.999001,23777,15682.0529,32267306.2719,15697735,332.3257,47.188811
2514,1000,Uncorrelated,fixed,1000,42,1.0000,1001,491805,36902,454879,24,0.075034,994,7,0.993007,20185,12260.4226,30221302.7235,12272683,332.5750,36.865135
2515,1000,Uncorrelated,fixed,1000,42,1.0000,1001,494711,46898,447763,50,0.094799,999,2,0.998002,21596,14348.7053,26569383.7483,14363054,306.2615,46.851149
2516,1000,Uncorrelated,fixed,1000,42,1.0000,1001,505979,48316,457555,108,0.095490,999,2,0.998002,28862,18459.9720,55703081.3479,18478432,382.4495,48.267732
2517,1000,Uncorrelated,fixed,1000,42,1.0000,1001,493810,45369,448337,104,0.091875,1000,1,0.999001,23935,15433.1229,32984678.5713,15448556,340.5091,45.323676
2518,1000,Uncorrelated,fixed,1000,42,1.0000,1001,498855,48540,450241,74,0.097303,1000,1,0.999001,26818,17998.2507,38585317.0810,18016249,371.1629,48.491508
2519,1000,Uncorrelated,fixed,1000,42,1.0000,1001,497929,46659,451084,186,0.093706,995,6,0.994006,24783,15562.7772,43033253.1222,15578340,333.8764,46.612388
2520,1000,Uncorrelated,fixed,1000,42,1.0000,1001,487747,44331,443356,60,0.090889,1000,1,0.999001,24212,15736.0320,33053948.5464,15751768,355.3217,44.286713
2521,1000,Uncorrelated,fixed,1000,42,1.0000,1001,504170,45525,458582,63,0.090297,999,2,0.998002,24263,15727.5754,36769990.1084,15743303,345.8167,45.479520
2522,1000,Uncorrelated,fixed,1000,42,1.0000,1001,500390,42160,458185,45,0.084254,1000,1,0.999001,22571,14617.7163,30861247.2462,14632334,347.0667,42.117882
2523,1000,Uncorrelated,fixed,1000,42,1.0000,1001,503252,51050,452178,24,0.101440,999,2,0.998002,26421,17648.1059,40368251.1077,17665754,346.0481,50.999001
2524,1000,Uncorrelated,fixed,1000,42,1.0000,1001,515235,56649,458512,74,0.109948,1000,1,0.999001,28831,19678.5784,42909803.8542,19698257,347.7247,56.592408
2525,1000,Uncorrelated,fixed,1000,42,1.0000,1001,489243,44066,445125,52,0.090070,997,4,0.996004,25855,16367.0649,46639975.0018,16383432,371.7930,44.021978
2526,1000,Uncorrelated,fixed,1000,42,1.0000,1001,498775,56002,442641,132,0.112279,1000,1,0.999001,28363,18802.0779,46679561.4605,18820880,336.0751,55.946054
2527,1000,Uncorrelated,fixed,1000,42,1.0000,1001,509994,46951,462949,94,0.092062,1000,1,0.999001,26893,17997.5874,41756121.9806,18015585,383.7104,46.904096
2528,1000,Uncorrelated,fixed,1000,42,1.0000,1001,482174,47372,434774,28,0.098247,1000,1,0.999001,24374,16535.0859,33190834.4182,16551621,349.3967,47.324675
2529,1000,Uncorrelated,fixed,1000,42,1.0000,1001,500802,48410,452353,39,0.096665,1000,1,0.999001,28018,18607.7423,42649527.7897,18626350,384.7624,48.361638
2530,1000,Uncorrelated,fixed,1000,42,1.0000,1001,500430,51296,449104,30,0.102504,999,2,0.998002,26194,17487.2208,41937827.6006,17504708,341.2490,51.244755
2531,1000,Uncorrelated,fixed,1000,42,1.0000,1001,510174,50019,460085,70,0.098043,999,2,0.998002,27896,18296.1019,49861731.5740,18314398,366.1488,49.969031
2532,1000,Uncorrelated,fixed,1000,42,1.0000,1001,495348,50981,444337,30,0.102920,1000,1,0.999001,27857,18688.9071,42355692.9434,18707596,366.9523,50.930070
2533,1000,Uncorrelated,fixed,1000,42,1.0000,1001,502181,50705,451436,40,0.100970,999,2,0.998002,23886,15550.3077,31949259.8813,15565858,306.9886,50.654346
2534,1000,Uncorrelated,fixed,1000,42,1.0000,1001,511096,50262,460673,161,0.098342,1000,1,0.999001,28967,19296.3656,44837905.0931,19315662,384.2995,50.211788
2535,1000,Uncorrelated,fixed,1000,42,1.0000,1001,507778,56710,451028,40,0.111683,999,2,0.998002,30546,19609.7113,58531772.9087,19629321,346.1351,56.653347
2536,1000,Uncorrelated,fixed,1000,42,1.0000,1001,515751,50451,465178,122,0.097820,1000,1,0.999001,28788,18874.0909,46856890.5522,18892965,374.4815,50.400599
2537,1000,Uncorrelated,fixed,1000,42,1.0000,1001,507044,44924,462013,107,0.088600,998,3,0.997003,21712,14158.0809,27026438.6638,14172239,315.4714,44.879121
2538,1000,Uncorrelated,fixed,1000,42,1.0000,1001,496009,52932,442986,91,0.106716,1000,1,0.999001,27713,18677.6314,40499392.0429,18696309,353.2137,52.879121
2539,1000,Uncorrelated,fixed,1000,42,1.0000,1001,499979,45421,454525,33,0.090846,1000,1,0.999001,24684,16683.7592,33727857.9231,16700443,367.6811,45.375624
2540,1000,Uncorrelated,fixed,1000,42,1.0000,1001,502520,47238,455121,161,0.094002,999,2,0.998002,24632,15845.0350,38098781.9239,15860880,335.7653,47.190809
2541,1000,Uncorrelated,fixed,1000,42,1.0000,1001,486712,50147,436545,20,0.103032,1000,1,0.999001,22944,15528.1798,28823715.6560,15543708,309.9629,50.096903
2542,1000,Uncorrelated,fixed,1000,42,1.0000,1001,504296,44529,459726,41,0.088299,998,3,0.997003,25838,16340.3796,44681972.7090,16356720,367.3274,44.484515
2543,1000,Uncorrelated,fixed,1000,42,1.0000,1001,485946,39661,446138,147,0.081616,998,3,0.997003,20857,12907.0230,29046822.4420,12919930,325.7591,39.621379
2544,1000,Uncorrelated,fixed,1000,42,1.0000,1001,505938,59455,446271,212,0.117514,999,2,0.998002,28284,17752.8531,52227458.8286,17770606,298.8917,59.395604
2545,1000,Uncorrelated,fixed,1000,42,1.0000,1001,502785,47493,455057,235,0.094460,1000,1,0.999001,26615,17834.7912,38123175.9954,17852626,375.9002,47.445554
2546,1000,Uncorrelated,fixed,1000,42,1.0000,1001,495004,44528,450233,243,0.089955,999,2,0.998002,25270,16771.9121,35704027.7585,16788684,377.0366,44.483516
2547,1000,Uncorrelated,fixed,1000,42,1.0000,1001,501838,56575,445149,114,0.112736,1000,1,0.999001,28009,18702.5584,44101462.0468,18721261,330.9105,56.518482
2548,1000,Uncorrelated,fixed,1000,42,1.0000,1001,483624,44655,438799,170,0.092334,1000,1,0.999001,28447,19121.3477,49138449.6713,19140469,428.6299,44.610390
2549,1000,Uncorrelated,fixed,1000,42,1.0000,1001,500838,44483,456257,98,0.088817,1000,1,0.999001,22779,14871.2028,28209771.5343,14886074,334.6464,44.438561
2550,1000,Uncorrelated,fixed,1000,42,1.0000,1001,479900,43677,436117,106,0.091013,1000,1,0.999001,23180,15540.0829,29180630.2559,15555623,356.1514,43.633367
2551,1000,Uncorrelated,fixed,1000,42,1.0000,1001,497451,45429,451953,69,0.091324,998,3,0.997003,26618,17635.2627,43659815.1188,17652898,388.5821,45.383616
2552,1000,Uncorrelated,fixed,1000,42,1.0000,1001,522275,53356,468825,94,0.102161,998,3,0.997003,28778,18439.3686,50074662.1249,18457808,345.9369,53.302697
2553,1000,Uncorrelated,fixed,1000,42,1.0000,1001,522287,46845,475367,75,0.089692,1000,1,0.999001,25503,17366.2448,31618658.8662,17383611,371.0879,46.798202
2554,1000,Uncorrelated,fixed,1000,42,1.0000,1001,502630,58475,444064,91,0.116338,1000,1,0.999001,26004,17469.7642,36926137.6647,17487234,299.0549,58.416583
2555,1000,Uncorrelated,fixed,1000,42,1.0000,1001,491691,49902,441730,59,0.101491,1000,1,0.999001,29247,18573.6424,49721286.7133,18592216,372.5746,49.852148
2556,1000,Uncorrelated,fixed,1000,42,1.0000,1001,493731,53244,440140,347,0.107840,1000,1,0.999001,28479,19464.5345,42434178.0190,19483999,365.9379,53.190809
2557,1000,Uncorrelated,fixed,1000,42,1.0000,1001,498901,44839,453945,117,0.089876,998,3,0.997003,22716,14547.1868,30311473.9321,14561734,324.7560,44.794206
2558,1000,Uncorrelated,fixed,1000,42,1.0000,1001,498861,52589,446190,82,0.105418,1000,1,0.999001,28445,20046.1888,38887522.4788,20066235,381.5672,52.536464
2559,1000,Uncorrelated,fixed,1000,42,1.0000,1001,500884,52769,447726,389,0.105352,999,2,0.998002,24938,16519.8132,35360606.9471,16536333,313.3721,52.716284
2560,1000,Uncorrelated,fixed,1000,42,1.0000,1001,508815,39345,469393,77,0.077327,998,3,0.997003,24439,16033.0460,36197505.1328,16049079,407.9064,39.305694
2561,1000,Uncorrelated,fixed,1000,42,1.0000,1001,501966,40452,461496,18,0.080587,1000,1,0.999001,20469,13977.3147,21192410.4894,13991292,345.8739,40.411588
2562,1000,Uncorrelated,fixed,1000,42,1.0000,1001,500630,49355,451218,57,0.098586,1000,1,0.999001,24665,17332.3836,31098629.6071,17349716,351.5290,49.305694
2563,1000,Uncorrelated,fixed,1000,42,1.0000,1001,502179,44696,457463,20,0.089004,999,2,0.998002,24567,15797.4705,35484563.4220,15813268,353.7960,44.651349
2564,1000,Uncorrelated,fixed,1000,42,1.0000,1001,500562,50985,449501,76,0.101856,1000,1,0.999001,27428,18046.8981,45668227.3463,18064945,354.3188,50.934066
2565,1000,Uncorrelated,fixed,1000,42,1.0000,1001,502567,47091,455378,98,0.093701,1000,1,0.999001,25240,17169.4725,34183361.2942,17186642,364.9666,47.043956
2566,1000,Uncorrelated,fixed,1000,42,1.0000,1001,512321,49473,462773,75,0.096566,1000,1,0.999001,23157,14787.4695,30930055.0203,14802257,299.1987,49.423576
2567,1000,Uncorrelated,fixed,1000,42,1.0000,1001,494383,50678,443650,55,0.102508,1000,1,0.999001,28607,19108.4116,43014813.4769,19127520,377.4324,50.627373
2568,1000,Uncorrelated,fixed,1000,42,1.0000,1001,500998,47876,453071,51,0.095561,1000,1,0.999001,28491,18878.0440,45267461.0470,18896922,394.7055,47.828172
2569,1000,Uncorrelated,fixed,1000,42,1.0000,1001,504759,51219,453467,73,0.101472,1000,1,0.999001,28324,18390.6264,47934172.1062,18409017,359.4177,51.167832
2570,1000,Uncorrelated,fixed,1000,42,1.0000,1001,488845,45482,443243,120,0.093040,1000,1,0.999001,20694,13642.7293,24129548.2574,13656372,300.2588,45.436563
2571,1000,Uncorrelated,fixed,1000,42,1.0000,1001,502458,46320,456084,54,0.092187,998,3,0.997003,26051,17550.4755,40345220.9467,17568026,379.2752,46.273726
2572,1000,Uncorrelated,fixed,1000,42,1.0000,1001,512082,50235,461827,20,0.098100,999,2,0.998002,27327,18280.9820,39477207.5321,18299263,364.2732,50.184815
2573,1000,Uncorrelated,fixed,1000,42,1.0000,1001,505301,49091,456139,71,0.097152,1000,1,0.999001,24993,16408.5754,37706608.0825,16424984,334.5824,49.041958
2574,1000,Uncorrelated,fixed,1000,42,1.0000,1001,512983,52833,460083,67,0.102992,1000,1,0.999001,30816,21134.2607,51084241.5734,21155395,400.4201,52.780220
2575,1000,Uncorrelated,fixed,1000,42,1.0000,1001,492970,50040,442873,57,0.101507,999,2,0.998002,28846,18566.9111,53593547.5895,18585478,371.4124,49.990010
2576,1000,Uncorrelated,fixed,1000,42,1.0000,1001,522113,46071,476005,37,0.088240,997,4,0.996004,27065,17315.3027,47898782.6506,17332618,376.2154,46.024975
2577,1000,Uncorrelated,fixed,1000,42,1.0000,1001,505265,55870,449347,48,0.110576,999,2,0.998002,28626,19078.1608,47702859.7354,19097239,341.8156,55.814186
2578,1000,Uncorrelated,fixed,1000,42,1.0000,1001,481559,45436,436082,41,0.094352,1000,1,0.999001,23221,15152.5744,30757148.3404,15167727,333.8262,45.390609
2579,1000,Uncorrelated,fixed,1000,42,1.0000,1001,501205,44055,457123,27,0.087898,1000,1,0.999001,24818,15828.7163,36808095.2522,15844545,359.6537,44.010989
2580,1000,Uncorrelated,fixed,1000,42,1.0000,1001,498679,47621,450962,96,0.095494,1000,1,0.999001,24079,15470.8881,34024110.2572,15486359,325.2002,47.573427
2581,1000,Uncorrelated,fixed,1000,42,1.0000,1001,496595,51731,444805,59,0.104171,1000,1,0.999001,22856,14066.0699,36378682.6325,14080136,272.1799,51.679321
2582,1000,Uncorrelated,fixed,1000,42,1.0000,1001,488673,45601,443025,47,0.093316,1000,1,0.999001,24888,17009.0969,32939866.5550,17026106,373.3713,45.555445
2583,1000,Uncorrelated,fixed,1000,42,1.0000,1001,502019,45011,456977,31,0.089660,1000,1,0.999001,23668,16052.6883,31027781.2035,16068741,356.9959,44.966034
2584,1000,Uncorrelated,fixed,1000,42,1.0000,1001,511999,53206,458698,95,0.103918,998,3,0.997003,28517,18667.8811,48983252.6322,18686549,351.2113,53.152847
2585,1000,Uncorrelated,fixed,1000,42,1.0000,1001,519304,46621,472490,193,0.089776,999,2,0.998002,22846,14600.5045,31711565.5767,14615105,313.4876,46.574426
2586,1000,Uncorrelated,fixed,1000,42,1.0000,1001,500705,52492,448195,18,0.104836,1000,1,0.999001,27763,18492.9491,41572289.4470,18511442,352.6526,52.439560
2587,1000,Uncorrelated,fixed,1000,42,1.0000,1001,505466,53850,451431,185,0.106535,1000,1,0.999001,29185,20476.8192,41835422.8934,20497296,380.6369,53.796204
2588,1000,Uncorrelated,fixed,1000,42,1.0000,1001,500794,47430,453326,38,0.094710,999,2,0.998002,26373,17038.9910,44838228.7422,17056030,359.6043,47.382617
2589,1000,Uncorrelated,fixed,1000,42,1.0000,1001,510614,50302,460132,180,0.098513,1000,1,0.999001,26487,18207.2987,37487476.9387,18225506,362.3217,50.251748
2590,1000,Uncorrelated,fixed,1000,42,1.0000,1001,498005,55178,442757,70,0.110798,1000,1,0.999001,27988,19163.1648,40690527.2825,19182328,347.6445,55.122877
2591,1000,Uncorrelated,fixed,1000,42,1.0000,1001,492061,48006,443932,123,0.097561,1000,1,0.999001,26637,17716.7512,36522107.0900,17734468,369.4219,47.958042
2592,1000,Uncorrelated,fixed,1000,42,1.0000,1001,489688,43224,446383,81,0.088268,999,2,0.998002,22559,14636.2967,31290393.0498,14650933,338.9537,43.180819
2593,1000,Uncorrelated,fixed,1000,42,1.0000,1001,499847,45519,454201,127,0.091066,998,3,0.997003,27479,17149.7343,48970292.1112,17166884,377.1367,45.473526
2594,1000,Uncorrelated,fixed,1000,42,1.0000,1001,500148,39833,460213,102,0.079642,1000,1,0.999001,21348,14365.8192,23607749.2270,14380185,361.0118,39.793207
2595,1000,Uncorrelated,fixed,1000,42,1.0000,1001,501060,54132,446855,73,0.108035,1000,1,0.999001,29361,19963.3616,46188016.9941,19983325,369.1592,54.077922
2596,1000,Uncorrelated,fixed,1000,42,1.0000,1001,507643,51024,456264,355,0.100512,1000,1,0.999001,26557,18102.3836,41208254.2584,18120486,355.1365,50.973027
2597,1000,Uncorrelated,fixed,1000,42,1.0000,1001,485120,44498,440577,45,0.091726,998,3,0.997003,24310,14835.3526,41460381.0455,14850188,333.7271,44.453546
2598,1000,Uncorrelated,fixed,1000,42,1.0000,1001,494747,48596,445983,168,0.098224,1000,1,0.999001,25166,16622.3457,37281895.2911,16638968,342.3938,48.547453
2599,1000,Uncorrelated,fixed,1000,42,1.0000,1001,516797,54025,462736,36,0.104538,999,2,0.998002,26694,16809.1329,42952406.0952,16825942,311.4473,53.971029
2600,1000,WeaklyCorrelated,fixed,1000,42,1.0000,1001,496114,33192,461221,1701,0.066904,999,2,0.998002,2729,1638.3207,510341.4246,1639959,49.4083,33.158841
2601,1000,WeaklyCorrelated,fixed,1000,42,1.0000,1001,506510,42126,463317,1067,0.083169,1000,1,0.999001,2947,1792.5015,561686.3978,1794294,42.5935,42.083916
2602,1000,WeaklyCorrelated,fixed,1000,42,1.0000,1001,511519,40007,470115,1397,0.078212,1000,1,0.999001,3177,2042.4056,549866.2631,2044448,51.1023,39.967033
2603,1000,WeaklyCorrelated,fixed,1000,42,1.0000,1001,513167,39577,472672,918,0.077123,998,3,0.997003,2951,1759.5604,628870.3922,1761320,44.5036,39.537463
2604,1000,WeaklyCorrelated,fixed,1000,42,1.0000,1001,491216,32369,457968,879,0.065896,1000,1,0.999001,2427,1367.4086,421160.1218,1368776,42.2866,32.336663
2605,1000,WeaklyCorrelated,fixed,1000,42,1.0000,1001,483115,29447,452621,1047,0.060952,1000,1,0.999001,2489,1487.3437,399806.2635,1488831,50.5597,29.417582
2606,1000,WeaklyCorrelated,fixed,1000,42,1.0000,1001,509492,39867,468689,936,0.078249,1000,1,0.999001,2807,1648.2807,555186.4996,1649929,41.3858,39.827173
2607,1000,WeaklyCorrelated,fixed,1000,42,1.0000,1001,487398,30529,456095,774,0.062637,1000,1,0.999001,2586,1458.9650,515744.1976,1460424,47.8373,30.498501
2608,1000,WeaklyCorrelated,fixed,1000,42,1.0000,1001,499073,37215,461030,828,0.074568,1000,1,0.999001,2678,1619.4865,483305.2268,1621106,43.5606,37.177822
2609,1000,WeaklyCorrelated,fixed,1000,42,1.0000,1001,503587,36636,466326,625,0.072750,996,5,0.995005,2856,1709.3596,539594.9975,1711069,46.7046,36.599401
2610,1000,WeaklyCorrelated,fixed,1000,42,1.0000,1001,503343,37583,464838,922,0.074667,998,3,0.997003,2664,1613.5205,443932.9489,1615134,42.9751,37.545455
2611,1000,WeaklyCorrelated,fixed,1000,42,1.0000,1001,497342,35242,460311,1789,0.070861,999,2,0.998002,2599,1518.5495,473488.1796,1520068,43.1323,35.206793
2612,1000,WeaklyCorrelated,fixed,1000,42,1.0000,1001,501551,30888,469804,859,0.061585,1000,1,0.999001,2907,1782.3616,519499.9951,1784144,57.7617,30.857143
2613,1000,WeaklyCorrelated,fixed,1000,42,1.0000,1001,515257,33442,480122,1693,0.064904,1000,1,0.999001,2797,1692.1528,513630.0436,1693845,50.6502,33.408591
2614,1000,WeaklyCorrelated,fixed,1000,42,1.0000,1001,495125,38468,455218,1439,0.077694,1000,1,0.999001,2964,1798.6094,589541.3989,1800408,46.8027,38.429570
2615,1000,WeaklyCorrelated,fixed,1000,42,1.0000,1001,499137,36389,461695,1053,0.072904,1000,1,0.999001,2769,1662.9720,500361.6975,1664635,45.7456,36.352647
2616,1000,WeaklyCorrelated,fixed,1000,42,1.0000,1001,499188,33983,464201,1004,0.068077,999,2,0.998002,2596,1567.0849,418685.9239,1568652,46.1599,33.949051
2617,1000,WeaklyCorrelated,fixed,1000,42,1.0000,1001,490641,36099,453967,575,0.073575,1000,1,0.999001,2757,1719.1169,473826.1072,1720836,47.6699,36.062937
2618,1000,WeaklyCorrelated,fixed,1000,42,1.0000,1001,500076,35776,461669,2631,0.071541,1000,1,0.999001,2682,1567.3457,504660.8795,1568913,43.8538,35.740260
2619,1000,WeaklyCorrelated,fixed,1000,42,1.0000,1001,497070,31285,464626,1159,0.062939,1000,1,0.999001,2597,1562.4476,457252.8367,1564010,49.9923,31.253746
2620,1000,WeaklyCorrelated,fixed,1000,42,1.0000,1001,497075,33745,462346,984,0.067887,1000,1,0.999001,2661,1568.1768,475369.7799,1569745,46.5179,33.711289
2621,1000,WeaklyCorrelated,fixed,1000,42,1.0000,1001,492745,32717,458380,1648,0.066397,1000,1,0.999001,2428,1368.9291,450853.1688,1370298,41.8834,32.684316
2622,1000,WeaklyCorrelated,fixed,1000,42,1.0000,1001,503828,33188,469103,1537,0.065872,998,3,0.997003,2591,1533.1129,472912.5797,1534646,46.2410,33.154845
2623,1000,WeaklyCorrelated,fixed,1000,42,1.0000,1001,488281,35723,451490,1068,0.073161,1000,1,0.999001,2657,1585.6953,473032.6694,1587281,44.4330,35.687313
2624,1000,WeaklyCorrelated,fixed,1000,42,1.0000,1001,514005,37418,475945,642,0.072797,999,2,0.998002,3112,1905.0160,617103.6161,1906921,50.9627,37.380619
2625,1000,WeaklyCorrelated,fixed,1000,42,1.0000,1001,484919,31703,452302,914,0.065378,1000,1,0.999001,2631,1551.7562,482972.7737,1553308,48.9956,31.671329
2626,1000,WeaklyCorrelated,fixed,1000,42,1.0000,1001,495623,34076,461063,484,0.068754,1000,1,0.999001,2879,1808.7942,490506.4352,1810603,53.1343,34.041958
2627,1000,WeaklyCorrelated,fixed,1000,42,1.0000,1001,496878,37398,457812,1668,0.075266,998,3,0.997003,2959,1801.0949,570632.5275,1802896,48.2084,37.360639
2628,1000,WeaklyCorrelated,fixed,1000,42,1.0000,1001,492316,35033,455936,1347,0.071160,1000,1,0.999001,2685,1651.0749,444827.8016,1652726,47.1763,34.998002
2629,1000,WeaklyCorrelated,fixed,1000,42,1.0000,1001,487346,24824,460203,2319,0.050937,1000,1,0.999001,2311,1274.0769,395861.4057,1275351,51.3757,24.799201
2630,1000,WeaklyCorrelated,fixed,1000,42,1.0000,1001,501898,36590,463497,1811,0.072903,1000,1,0.999001,3115,1897.2208,635528.2380,1899118,51.9027,36.553447
2631,1000,WeaklyCorrelated,fixed,1000,42,1.0000,1001,499671,37577,460741,1353,0.075203,999,2,0.998002,2705,1604.3546,493604.1989,1605959,42.7378,37.539461
2632,1000,WeaklyCorrelated,fixed,1000,42,1.0000,1001,490552,32231,455948,2373,0.065704,1000,1,0.999001,2780,1714.5934,488803.5919,1716308,53.2502,32.198801
2633,1000,WeaklyCorrelated,fixed,1000,42,1.0000,1001,503996,39134,463914,948,0.077647,999,2,0.998002,2905,1789.9810,540002.4462,1791771,45.7855,39.094905
2634,1000,WeaklyCorrelated,fixed,1000,42,1.0000,1001,498722,38684,458676,1362,0.077566,1000,1,0.999001,3019,1893.9271,556599.9138,1895821,49.0079,38.645355
2635,1000,WeaklyCorrelated,fixed,1000,42,1.0000,1001,504896,30208,473874,814,0.059830,998,3,0.997003,2548,1494.1249,472885.2402,1495619,49.5107,30.177822
2636,1000,WeaklyCorrelated,fixed,1000,42,1.0000,1001,503389,34859,467888,642,0.069249,1000,1,0.999001,2868,1687.6014,596778.8331,1689289,48.4606,34.824176
2637,1000,WeaklyCorrelated,fixed,1000,42,1.0000,1001,496273,37135,457718,1420,0.074828,1000,1,0.999001,2981,1824.8312,598224.8736,1826656,49.1896,37.097902
2638,1000,WeaklyCorrelated,fixed,1000,42,1.0000,1001,497558,39155,456952,1451,0.078694,1000,1,0.999001,2988,1789.3816,598946.0502,1791171,45.7457,39.115884
2639,1000,WeaklyCorrelated,fixed,1000,42,1.0000,1001,514266,30866,482019,1381,0.060020,1000,1,0.999001,2392,1383.2428,391797.3127,1384626,44.8593,30.835165
2640,1000,WeaklyCorrelated,fixed,1000,42,1.0000,1001,502536,28653,473299,584,0.057017,998,3,0.997003,2611,1518.1419,464982.0398,1519660,53.0367,28.624376
2641,1000,WeaklyCorrelated,fixed,1000,42,1.0000,1001,505248,40236,463464,1548,0.079636,1000,1,0.999001,3208,2036.8811,573062.1847,2038918,50.6740,40.195804
2642,1000,WeaklyCorrelated,fixed,1000,42,1.0000,1001,508395,37344,470195,856,0.073455,999,2,0.998002,2846,1719.5055,535326.4038,1721225,46.0911,37.306693
2643,1000,WeaklyCorrelated,fixed,1000,42,1.0000,1001,502125,36788,464103,1234,0.073265,1000,1,0.999001,2886,1750.0839,534306.7222,1751834,47.6197,36.751249
2644,1000,WeaklyCorrelated,fixed,1000,42,1.0000,1001,489919,38011,450745,1163,0.077586,1000,1,0.999001,2959,1838.9041,556390.3185,1840743,48.4266,37.973027
2645,1000,WeaklyCorrelated,fixed,1000,42,1.0000,1001,497698,29423,467678,597,0.059118,996,5,0.995005,2398,1366.7972,426731.7860,1368164,46.4998,29.393606
2646,1000,WeaklyCorrelated,fixed,1000,42,1.0000,1001,504061,35206,468104,751,0.069845,1000,1,0.999001,3044,1866.2737,574831.0819,1868140,53.0631,35.170829
2647,1000,WeaklyCorrelated,fixed,1000,42,1.0000,1001,501654,37685,462640,1329,0.075121,1000,1,0.999001,2980,1791.8841,583232.4621,1793676,47.5966,37.647353
2648,1000,WeaklyCorrelated,fixed,1000,42,1.0000,1001,502067,37515,461557,2995,0.074721,999,2,0.998002,2843,1693.1169,552948.8485,1694810,45.1769,37.477522
2649,1000,WeaklyCorrelated,fixed,1000,42,1.0000,1001,496081,34662,459644,1775,0.069872,999,2,0.998002,2651,1611.4805,448070.3915,1613092,46.5378,34.627373
2650,1000,WeaklyCorrelated,fixed,1000,42,1.0000,1001,499542,35657,463185,700,0.071379,999,2,0.998002,2995,1774.8601,585184.2821,1776635,49.8257,35.621379
2651,1000,WeaklyCorrelated,fixed,1000,42,1.0000,1001,507096,34336,472049,711,0.067711,1000,1,0.999001,2911,1711.1678,588001.2226,1712879,49.8858,34.301698
2652,1000,WeaklyCorrelated,fixed,1000,42,1.0000,1001,496296,34951,460345,1000,0.070424,1000,1,0.999001,2801,1731.4675,463202.0432,1733199,49.5894,34.916084
2653,1000,WeaklyCorrelated,fixed,1000,42,1.0000,1001,482937,30657,450798,1482,0.063480,999,2,0.998002,2484,1490.9570,392969.1800,1492448,48.6821,30.626374
2654,1000,WeaklyCorrelated,fixed,1000,42,1.0000,1001,503611,37932,464675,1004,0.075320,1000,1,0.999001,3066,1874.4446,620088.5147,1876319,49.4653,37.894106
2655,1000,WeaklyCorrelated,fixed,1000,42,1.0000,1001,496223,30172,464805,1246,0.060803,999,2,0.998002,2400,1397.6683,409174.0838,1399066,46.3697,30.141858
2656,1000,WeaklyCorrelated,fixed,1000,42,1.0000,1001,504892,34636,468735,1521,0.068601,1000,1,0.999001,2729,1595.1578,527016.4606,1596753,46.1010,34.601399
2657,1000,WeaklyCorrelated,fixed,1000,42,1.0000,1001,515389,38289,476147,953,0.074291,1000,1,0.999001,2878,1699.3856,566377.8053,1701085,44.4275,38.250749
2658,1000,WeaklyCorrelated,fixed,1000,42,1.0000,1001,499241,36413,461660,1168,0.072937,1000,1,0.999001,2779,1662.3287,534974.4324,1663991,45.6977,36.376623
2659,1000,WeaklyCorrelated,fixed,1000,42,1.0000,1001,494577,43239,449817,1521,0.087426,999,2,0.998002,3089,1899.0729,600721.4882,1900972,43.9643,43.195804
2660,1000,WeaklyCorrelated,fixed,1000,42,1.0000,1001,500347,35759,463257,1331,0.071468,998,3,0.997003,2756,1607.6963,536985.6141,1609304,45.0042,35.723277
2661,1000,WeaklyCorrelated,fixed,1000,42,1.0000,1001,503055,38519,463474,1062,0.076570,1000,1,0.999001,2948,1712.4356,595476.0840,1714148,44.5014,38.480519
2662,1000,WeaklyCorrelated,fixed,1000,42,1.0000,1001,497884,35008,461576,1300,0.070314,1000,1,0.999001,2790,1747.2128,455874.3194,1748960,49.9589,34.973027
2663,1000,WeaklyCorrelated,fixed,1000,42,1.0000,1001,499111,28393,469978,740,0.056887,991,10,0.990010,2660,1542.0300,531476.8483,1543572,54.3645,28.364635
2664,1000,WeaklyCorrelated,fixed,1000,42,1.0000,1001,517847,38154,477907,1786,0.073678,1000,1,0.999001,2931,1824.7802,540224.1855,1826605,47.8745,38.115884
2665,1000,WeaklyCorrelated,fixed,1000,42,1.0000,1001,480904,34881,444091,1932,0.072532,1000,1,0.999001,2627,1556.7133,447702.6561,1558270,44.6739,34.846154
2666,1000,WeaklyCorrelated,fixed,1000,42,1.0000,1001,498726,34979,462589,1158,0.070137,999,2,0.998002,2849,1782.4366,498358.5457,1784219,51.0083,34.944056
2667,1000,WeaklyCorrelated,fixed,1000,42,1.0000,1001,504683,41691,461033,1959,0.082608,999,2,0.998002,2815,1691.7493,556405.1469,1693441,40.6189,41.649351
2668,1000,WeaklyCorrelated,fixed,1000,42,1.0000,1001,498968,38712,459298,958,0.077584,1000,1,0.999001,2957,1763.4685,639340.7905,1765232,45.5991,38.673327
2669,1000,WeaklyCorrelated,fixed,1000,42,1.0000,1001,492343,32372,457331,2640,0.065751,999,2,0.998002,2586,1554.6384,450033.3477,1556193,48.0722,32.339660
2670,1000,WeaklyCorrelated,fixed,1000,42,1.0000,1001,505842,37514,466609,1719,0.074161,1000,1,0.999001,2758,1683.4046,467182.7983,1685088,44.9189,37.476523
2671,1000,WeaklyCorrelated,fixed,1000,42,1.0000,1001,509196,34907,472663,1626,0.068553,1000,1,0.999001,2755,1620.1379,484933.6214,1621758,46.4594,34.872128
2672,1000,WeaklyCorrelated,fixed,1000,42,1.0000,1001,490409,31017,458506,886,0.063247,1000,1,0.999001,2681,1609.1279,450196.3972,1610737,51.9308,30.986014
2673,1000,WeaklyCorrelated,fixed,1000,42,1.0000,1001,505195,37046,466666,1483,0.073330,1000,1,0.999001,2897,1780.6444,519851.0603,1782425,48.1138,37.008991
2674,1000,WeaklyCorrelated,fixed,1000,42,1.0000,1001,510393,37320,471440,1633,0.073120,999,2,0.998002,2691,1614.8302,499516.7404,1616445,43.3131,37.282717
2675,1000,WeaklyCorrelated,fixed,1000,42,1.0000,1001,507542,43993,462594,955,0.086679,1000,1,0.999001,3554,2241.8871,819429.6506,2244129,51.0110,43.949051
2676,1000,WeaklyCorrelated,fixed,1000,42,1.0000,1001,515639,45879,468473,1287,0.088975,1000,1,0.999001,3355,2046.3257,752579.2905,2048372,44.6473,45.833167
2677,1000,WeaklyCorrelated,fixed,1000,42,1.0000,1001,496442,37973,456306,2163,0.076490,1000,1,0.999001,3029,1866.5395,591092.4742,1868406,49.2035,37.935065
2678,1000,WeaklyCorrelated,fixed,1000,42,1.0000,1001,503329,42421,459401,1507,0.084281,1000,1,0.999001,3048,1904.2178,587053.2113,1906122,44.9335,42.378621
2679,1000,WeaklyCorrelated,fixed,1000,42,1.0000,1001,503682,37692,464836,1154,0.074833,1000,1,0.999001,2937,1742.4156,606108.1909,1744158,46.2740,37.654346
2680,1000,WeaklyCorrelated,fixed,1000,42,1.0000,1001,509503,39579,468271,1653,0.077682,1000,1,0.999001,2868,1763.2617,518721.2302,1765025,44.5950,39.539461
2681,1000,WeaklyCorrelated,fixed,1000,42,1.0000,1001,494311,42041,451285,985,0.085050,1000,1,0.999001,3210,1943.5435,711634.1622,1945487,46.2759,41.999001
2682,1000,WeaklyCorrelated,fixed,1000,42,1.0000,1001,500067,32194,466954,919,0.064379,1000,1,0.999001,2622,1633.0949,403726.8891,1634728,50.7774,32.161838
2683,1000,WeaklyCorrelated,fixed,1000,42,1.0000,1001,499540,30182,468259,1099,0.060420,1000,1,0.999001,2441,1513.5644,371021.1989,1515078,50.1981,30.151848
2684,1000,WeaklyCorrelated,fixed,1000,42,1.0000,1001,495648,33569,461147,932,0.067728,1000,1,0.999001,2655,1563.1399,486928.9335,1564703,46.6115,33.535465
2685,1000,WeaklyCorrelated,fixed,1000,42,1.0000,1001,492940,36444,456122,374,0.073932,999,2,0.998002,3113,1901.9411,619512.7168,1903843,52.2402,36.407592
2686,1000,WeaklyCorrelated,fixed,1000,42,1.0000,1001,493646,37590,454878,1178,0.076148,1000,1,0.999001,2973,1810.5405,580209.9666,1812351,48.2136,37.552448
2687,1000,WeaklyCorrelated,fixed,1000,42,1.0000,1001,494143,33044,460197,902,0.066871,999,2,0.998002,2758,1607.1628,559204.9355,1608770,48.6857,33.010989
2688,1000,WeaklyCorrelated,fixed,1000,42,1.0000,1001,500519,30856,469120,543,0.061648,998,3,0.997003,2559,1544.9421,417134.2564,1546487,50.1195,30.825175
2689,1000,WeaklyCorrelated,fixed,1000,42,1.0000,1001,500507,36909,462483,1115,0.073743,1000,1,0.999001,2625,1493.2438,518002.6619,1494737,40.4979,36.872128
2690,1000,WeaklyCorrelated,fixed,1000,42,1.0000,1001,504905,37452,466835,618,0.074176,996,5,0.995005,2776,1635.9900,522756.3975,1637626,43.7260,37.414585
2691,1000,WeaklyCorrelated,fixed,1000,42,1.0000,1001,492437,34719,457047,671,0.070504,998,3,0.997003,2832,1701.7433,545127.0979,1703445,49.0638,34.684316
2692,1000,WeaklyCorrelated,fixed,1000,42,1.0000,1001,491679,33039,457448,1192,0.067196,999,2,0.998002,2625,1563.6933,455998.9379,1565257,47.3760,33.005994
2693,1000,WeaklyCorrelated,fixed,1000,42,1.0000,1001,510126,37497,470801,1828,0.073505,999,2,0.998002,2632,1560.3377,490270.6692,1561898,41.6539,37.459540
2694,1000,WeaklyCorrelated,fixed,1000,42,1.0000,1001,496023,38102,456517,1404,0.076815,999,2,0.998002,2903,1764.3177,547121.3316,1766082,46.3514,38.063936
2695,1000,WeaklyCorrelated,fixed,1000,42,1.0000,1001,496130,37214,457606,1310,0.075009,1000,1,0.999001,2977,1768.9271,601911.7859,1770696,47.5814,37.176823
2696,1000,WeaklyCorrelated,fixed,1000,42,1.0000,1001,506358,38781,466567,1010,0.076588,1000,1,0.999001,2768,1644.2507,506419.8682,1645895,42.4408,38.742258
2697,1000,WeaklyCorrelated,fixed,1000,42,1.0000,1001,507102,28925,477622,555,0.057040,994,7,0.993007,2221,1219.0210,387084.2763,1220240,42.1863,28.896104
2698,1000,WeaklyCorrelated,fixed,1000,42,1.0000,1001,502796,41091,460733,972,0.081725,1000,1,0.999001,3188,2009.2627,621239.5523,2011272,48.9468,41.049950
2699,1000,WeaklyCorrelated,fixed,1000,42,1.0000,1001,495924,35259,459045,1620,0.071098,1000,1,0.999001,2774,1709.4206,473528.7812,1711130,48.5303,35.223776
2700,1000,StronglyCorrelated,fixed,1000,42,1.0000,1001,509598,46570,455920,7108,0.091386,1000,1,0.999001,1289,699.5015,125011.8944,700201,15.0355,46.523477
2701,1000,StronglyCorrelated,fixed,1000,42,1.0000,1001,490753,44854,438097,7802,0.091398,1000,1,0.999001,1243,661.4136,118146.0707,662075,14.7607,44.809191
2702,1000,StronglyCorrelated,fixed,1000,42,1.0000,1001,491312,35902,444766,10644,0.073074,999,2,0.998002,1182,615.7193,111983.9202,616335,17.1671,35.866134
2703,1000,StronglyCorrelated,fixed,1000,42,1.0000,1001,504373,44539,451616,8218,0.088306,999,2,0.998002,1281,682.1538,128225.7705,682836,15.3312,44.494505
2704,1000,StronglyCorrelated,fixed,1000,42,1.0000,1001,499099,44259,447460,7380,0.088678,1000,1,0.999001,1282,690.8801,125141.5720,691571,15.6255,44.214785
2705,1000,StronglyCorrelated,fixed,1000,42,1.0000,1001,494136,45003,442282,6851,0.091074,1000,1,0.999001,1292,692.8062,127572.8655,693499,15.4101,44.958042
2706,1000,StronglyCorrelated,fixed,1000,42,1.0000,1001,501592,42129,450108,9355,0.083991,999,2,0.998002,1242,661.3137,119869.5080,661975,15.7130,42.086913
2707,1000,StronglyCorrelated,fixed,1000,42,1.0000,1001,494238,42487,445209,6542,0.085965,1000,1,0.999001,1266,671.6204,124365.4943,672292,15.8235,42.444555
2708,1000,StronglyCorrelated,fixed,1000,42,1.0000,1001,503685,46095,449708,7882,0.091516,999,2,0.998002,1298,696.5754,130513.2853,697272,15.1268,46.048951
2709,1000,StronglyCorrelated,fixed,1000,42,1.0000,1001,492745,42826,444230,5689,0.086913,998,3,0.997003,1292,685.0110,130125.2496,685696,16.0112,42.783217
2710,1000,StronglyCorrelated,fixed,1000,42,1.0000,1001,515772,47312,460031,8429,0.091730,1000,1,0.999001,1289,679.5255,131007.9656,680205,14.3770,47.264735
2711,1000,StronglyCorrelated,fixed,1000,42,1.0000,1001,511143,45966,458489,6688,0.089928,1000,1,0.999001,1289,689.4675,128379.9652,690157,15.0145,45.920080
2712,1000,StronglyCorrelated,fixed,1000,42,1.0000,1001,501250,47330,444242,9678,0.094424,1000,1,0.999001,1282,690.2148,125970.7940,690905,14.5976,47.282717
2713,1000,StronglyCorrelated,fixed,1000,42,1.0000,1001,520326,42216,471250,6860,0.081134,1000,1,0.999001,1286,687.2338,127888.7406,687921,16.2953,42.173826
2714,1000,StronglyCorrelated,fixed,1000,42,1.0000,1001,491261,34022,450546,6693,0.069254,999,2,0.998002,1224,645.5335,116072.6085,646179,18.9930,33.988012
2715,1000,StronglyCorrelated,fixed,1000,42,1.0000,1001,483857,39135,438522,6200,0.080881,1000,1,0.999001,1251,666.4905,119548.5296,667157,17.0476,39.095904
2716,1000,StronglyCorrelated,fixed,1000,42,1.0000,1001,489197,43317,437257,8623,0.088547,1000,1,0.999001,1247,664.7323,121279.6446,665397,15.3611,43.273726
2717,1000,StronglyCorrelated,fixed,1000,42,1.0000,1001,505117,38740,459701,6676,0.076695,999,2,0.998002,1214,644.0999,113349.8981,644744,16.6428,38.701299
2718,1000,StronglyCorrelated,fixed,1000,42,1.0000,1001,497100,48765,441448,6887,0.098099,1000,1,0.999001,1305,701.7552,131483.9451,702457,14.4049,48.716284
2719,1000,StronglyCorrelated,fixed,1000,42,1.0000,1001,499566,45923,443965,9678,0.091926,1000,1,0.999001,1245,657.9830,121589.1276,658641,14.3423,45.877123
2720,1000,StronglyCorrelated,fixed,1000,42,1.0000,1001,491472,43042,440674,7756,0.087578,999,2,0.998002,1252,665.7682,120931.4108,666434,15.4833,42.999001
2721,1000,StronglyCorrelated,fixed,1000,42,1.0000,1001,503074,45350,452580,5144,0.090146,1000,1,0.999001,1304,698.2847,131933.5743,698983,15.4131,45.304695
2722,1000,StronglyCorrelated,fixed,1000,42,1.0000,1001,500887,40808,452598,7481,0.081471,1000,1,0.999001,1261,667.6903,122836.7053,668358,16.3781,40.767233
2723,1000,StronglyCorrelated,fixed,1000,42,1.0000,1001,485274,37020,442999,5255,0.076287,1000,1,0.999001,1235,660.9391,114489.5657,661600,17.8714,36.983017
2724,1000,StronglyCorrelated,fixed,1000,42,1.0000,1001,497750,51208,439007,7535,0.102879,999,2,0.998002,1325,724.1199,132503.5041,724844,14.1549,51.156843
2725,1000,StronglyCorrelated,fixed,1000,42,1.0000,1001,519473,46365,465822,7286,0.089254,998,3,0.997003,1261,673.7013,121815.0526,674375,14.5449,46.318681
2726,1000,StronglyCorrelated,fixed,1000,42,1.0000,1001,488364,39675,441678,7011,0.081241,998,3,0.997003,1250,663.9431,120687.9358,664607,16.7513,39.635365
2727,1000,StronglyCorrelated,fixed,1000,42,1.0000,1001,490740,55104,425900,9736,0.112288,1000,1,0.999001,1307,695.8112,133919.6816,696507,12.6399,55.048951
2728,1000,StronglyCorrelated,fixed,1000,42,1.0000,1001,505754,42293,456232,7229,0.083624,999,2,0.998002,1257,672.5295,121545.5418,673202,15.9176,42.250749
2729,1000,StronglyCorrelated,fixed,1000,42,1.0000,1001,506239,47271,450803,8165,0.093377,1000,1,0.999001,1284,682.1269,128239.9210,682809,14.4446,47.223776
2730,1000,StronglyCorrelated,fixed,1000,42,1.0000,1001,491041,48464,435270,7307,0.098696,1000,1,0.999001,1285,690.1928,124987.0547,690883,14.2556,48.415584
2731,1000,StronglyCorrelated,fixed,1000,42,1.0000,1001,512188,47719,456597,7872,0.093167,999,2,0.998002,1333,730.0609,133319.9034,730791,15.3145,47.671329
2732,1000,StronglyCorrelated,fixed,1000,42,1.0000,1001,496046,42386,445725,7935,0.085448,999,2,0.998002,1239,653.1339,120729.7603,653787,15.4246,42.343656
2733,1000,StronglyCorrelated,fixed,1000,42,1.0000,1001,517003,46614,460911,9478,0.090162,999,2,0.998002,1291,693.0839,126327.5394,693777,14.8834,46.567433
2734,1000,StronglyCorrelated,fixed,1000,42,1.0000,1001,498288,36711,452771,8806,0.073674,994,7,0.993007,1232,650.8591,119367.0361,651510,17.7470,36.674326
2735,1000,StronglyCorrelated,fixed,1000,42,1.0000,1001,519385,46448,465745,7192,0.089429,1000,1,0.999001,1264,672.2268,124382.6389,672899,14.4871,46.401598
2736,1000,StronglyCorrelated,fixed,1000,42,1.0000,1001,513730,48211,458816,6703,0.093845,1000,1,0.999001,1306,700.6394,131486.6302,701340,14.5473,48.162837
2737,1000,StronglyCorrelated,fixed,1000,42,1.0000,1001,491582,37004,448447,6131,0.075275,1000,1,0.999001,1231,645.9281,119747.9649,646574,17.4731,36.967033
2738,1000,StronglyCorrelated,fixed,1000,42,1.0000,1001,510752,43550,462272,4930,0.085266,1000,1,0.999001,1280,690.2537,124897.2743,690944,15.8655,43.506494
2739,1000,StronglyCorrelated,fixed,1000,42,1.0000,1001,490934,44598,438639,7697,0.090843,1000,1,0.999001,1268,685.5584,121944.0628,686244,15.3873,44.553447
2740,1000,StronglyCorrelated,fixed,1000,42,1.0000,1001,487481,41370,439580,6531,0.084865,1000,1,0.999001,1226,644.6803,117875.5342,645325,15.5989,41.328671
2741,1000,StronglyCorrelated,fixed,1000,42,1.0000,1001,510638,42450,461964,6224,0.083131,1000,1,0.999001,1272,680.0809,125263.8786,680761,16.0368,42.407592
2742,1000,StronglyCorrelated,fixed,1000,42,1.0000,1001,496128,49615,438833,7680,0.100004,1000,1,0.999001,1302,705.0040,128443.5624,705709,14.2237,49.565435
2743,1000,StronglyCorrelated,fixed,1000,42,1.0000,1001,493504,41074,443171,9259,0.083229,1000,1,0.999001,1231,646.3556,121284.3510,647002,15.7521,41.032967
2744,1000,StronglyCorrelated,fixed,1000,42,1.0000,1001,502281,43175,452916,6190,0.085958,1000,1,0.999001,1278,684.4625,126226.9479,685147,15.8691,43.131868
2745,1000,StronglyCorrelated,fixed,1000,42,1.0000,1001,508201,37397,463349,7455,0.073587,998,3,0.997003,1217,635.7223,117449.7750,636358,17.0163,37.359640
2746,1000,StronglyCorrelated,fixed,1000,42,1.0000,1001,510012,43217,459348,7447,0.084737,1000,1,0.999001,1265,676.2547,122552.2018,676931,15.6635,43.173826
2747,1000,StronglyCorrelated,fixed,1000,42,1.0000,1001,508977,47141,453726,8110,0.092619,1000,1,0.999001,1311,702.2108,133035.3532,702913,14.9109,47.093906
2748,1000,StronglyCorrelated,fixed,1000,42,1.0000,1001,496673,45534,443339,7800,0.091678,1000,1,0.999001,1269,673.1738,125981.0207,673847,14.7988,45.488511
2749,1000,StronglyCorrelated,fixed,1000,42,1.0000,1001,513474,46446,458875,8153,0.090454,1000,1,0.999001,1268,678.1568,122458.3580,678835,14.6156,46.399600
2750,1000,StronglyCorrelated,fixed,1000,42,1.0000,1001,495578,42526,447568,5484,0.085811,1000,1,0.999001,1282,686.8701,126631.0760,687557,16.1679,42.483516
2751,1000,StronglyCorrelated,fixed,1000,42,1.0000,1001,504679,39776,459103,5800,0.078814,999,2,0.998002,1268,678.4815,123174.9190,679160,17.0746,39.736264
2752,1000,StronglyCorrelated,fixed,1000,42,1.0000,1001,509760,49183,452075,8502,0.096483,998,3,0.997003,1286,688.9700,127612.8083,689659,14.0223,49.133866
2753,1000,StronglyCorrelated,fixed,1000,42,1.0000,1001,504062,41108,455145,7809,0.081553,998,3,0.997003,1262,661.0080,126420.6972,661669,16.0959,41.066933
2754,1000,StronglyCorrelated,fixed,1000,42,1.0000,1001,514188,45663,461855,6670,0.088806,999,2,0.998002,1292,690.4196,129256.6491,691110,15.1350,45.617383
2755,1000,StronglyCorrelated,fixed,1000,42,1.0000,1001,491760,40948,444832,5980,0.083268,999,2,0.998002,1257,672.0759,120627.0732,672748,16.4293,40.907093
2756,1000,StronglyCorrelated,fixed,1000,42,1.0000,1001,503489,45881,449207,8401,0.091126,1000,1,0.999001,1256,669.1758,120299.2278,669845,14.5996,45.835165
2757,1000,StronglyCorrelated,fixed,1000,42,1.0000,1001,506688,39696,459984,7008,0.078344,998,3,0.997003,1240,648.4965,124031.3449,649145,16.3529,39.656344
2758,1000,StronglyCorrelated,fixed,1000,42,1.0000,1001,494145,45683,439729,8733,0.092449,1000,1,0.999001,1275,681.3167,126993.3912,681998,14.9289,45.637363
2759,1000,StronglyCorrelated,fixed,1000,42,1.0000,1001,504018,45305,451976,6737,0.089888,1000,1,0.999001,1278,675.6763,128839.8573,676352,14.9289,45.259740
2760,1000,StronglyCorrelated,fixed,1000,42,1.0000,1001,502686,45442,449882,7362,0.090398,1000,1,0.999001,1294,694.8911,129544.2948,695586,15.3071,45.396603
2761,1000,StronglyCorrelated,fixed,1000,42,1.0000,1001,495360,44085,444499,6776,0.088996,1000,1,0.999001,1275,688.9461,122515.8772,689635,15.6433,44.040959
2762,1000,StronglyCorrelated,fixed,1000,42,1.0000,1001,521445,51669,460866,8910,0.099088,1000,1,0.999001,1320,714.0360,131542.3364,714750,13.8332,51.617383
2763,1000,StronglyCorrelated,fixed,1000,42,1.0000,1001,495870,43115,445082,7673,0.086948,1000,1,0.999001,1261,675.6324,121927.8628,676308,15.6861,43.071928
2764,1000,StronglyCorrelated,fixed,1000,42,1.0000,1001,482044,44189,429002,8853,0.091670,1000,1,0.999001,1257,662.0779,124634.3775,662740,14.9979,44.144855
2765,1000,StronglyCorrelated,fixed,1000,42,1.0000,1001,509854,40534,462230,7090,0.079501,1000,1,0.999001,1272,677.5475,124515.4086,678225,16.7322,40.493506
2766,1000,StronglyCorrelated,fixed,1000,42,1.0000,1001,497803,44274,446500,7029,0.088939,999,2,0.998002,1267,671.9451,126032.0200,672617,15.1921,44.229770
2767,1000,StronglyCorrelated,fixed,1000,42,1.0000,1001,492860,44910,439247,8703,0.091121,999,2,0.998002,1272,680.9900,124416.1238,681671,15.1786,44.865135
2768,1000,StronglyCorrelated,fixed,1000,42,1.0000,1001,520859,49339,462301,9219,0.094726,1000,1,0.999001,1264,676.0959,123411.0817,676772,13.7168,49.289710
2769,1000,StronglyCorrelated,fixed,1000,42,1.0000,1001,495484,39767,449450,6267,0.080259,1000,1,0.999001,1262,664.2368,124247.2516,664901,16.7199,39.727273
2770,1000,StronglyCorrelated,fixed,1000,42,1.0000,1001,484347,44407,431590,8350,0.091684,1000,1,0.999001,1263,679.9431,122026.5672,680623,15.3269,44.362637
2771,1000,StronglyCorrelated,fixed,1000,42,1.0000,1001,486707,45027,434898,6782,0.092514,998,3,0.997003,1280,682.3447,128076.5935,683027,15.1693,44.982018
2772,1000,StronglyCorrelated,fixed,1000,42,1.0000,1001,511138,42716,459088,9334,0.083570,999,2,0.998002,1243,655.9730,120498.0003,656629,15.3720,42.673327
2773,1000,StronglyCorrelated,fixed,1000,42,1.0000,1001,480760,39682,435709,5369,0.082540,997,4,0.996004,1269,677.5754,127307.8087,678253,17.0922,39.642358
2774,1000,StronglyCorrelated,fixed,1000,42,1.0000,1001,513633,45233,460743,7657,0.088065,1000,1,0.999001,1266,666.6843,127548.1581,667351,14.7536,45.187812
2775,1000,StronglyCorrelated,fixed,1000,42,1.0000,1001,485468,47496,430395,7577,0.097835,1000,1,0.999001,1286,692.8012,127480.9865,693494,14.6011,47.448551
2776,1000,StronglyCorrelated,fixed,1000,42,1.0000,1001,503238,44994,449655,8589,0.089409,1000,1,0.999001,1264,670.2927,126575.1141,670963,14.9123,44.949051
2777,1000,StronglyCorrelated,fixed,1000,42,1.0000,1001,508545,43300,458981,6264,0.085145,1000,1,0.999001,1293,690.8082,128571.0801,691499,15.9700,43.256743
2778,1000,StronglyCorrelated,fixed,1000,42,1.0000,1001,493429,40837,445569,7023,0.082762,1000,1,0.999001,1266,674.8841,125080.3482,675559,16.5428,40.796204
2779,1000,StronglyCorrelated,fixed,1000,42,1.0000,1001,498137,46556,444115,7466,0.093460,1000,1,0.999001,1278,684.7243,125675.9020,685409,14.7222,46.509491
2780,1000,StronglyCorrelated,fixed,1000,42,1.0000,1001,506866,52864,447054,6948,0.104296,1000,1,0.999001,1321,718.6983,131987.7192,719417,13.6088,52.811189
2781,1000,StronglyCorrelated,fixed,1000,42,1.0000,1001,493515,45329,440475,7711,0.091849,1000,1,0.999001,1274,689.5534,121625.3500,690243,15.2274,45.283716
2782,1000,StronglyCorrelated,fixed,1000,42,1.0000,1001,490244,36615,447312,6317,0.074687,1000,1,0.999001,1239,657.3107,119050.0463,657968,17.9699,36.578422
2783,1000,StronglyCorrelated,fixed,1000,42,1.0000,1001,493856,39709,447630,6517,0.080406,999,2,0.998002,1264,672.6723,123364.4001,673345,16.9570,39.669331
2784,1000,StronglyCorrelated,fixed,1000,42,1.0000,1001,491070,47098,435235,8737,0.095909,1000,1,0.999001,1270,684.8282,122927.8486,685513,14.5550,47.050949
2785,1000,StronglyCorrelated,fixed,1000,42,1.0000,1001,495619,40526,448240,6853,0.081768,1000,1,0.999001,1253,659.8442,124021.9517,660504,16.2983,40.485514
2786,1000,StronglyCorrelated,fixed,1000,42,1.0000,1001,505358,49331,447739,8288,0.097616,1000,1,0.999001,1303,697.4625,130927.8950,698160,14.1526,49.281718
2787,1000,StronglyCorrelated,fixed,1000,42,1.0000,1001,494151,43399,441805,8947,0.087825,1000,1,0.999001,1246,657.6773,122564.1886,658335,15.1694,43.355644
2788,1000,StronglyCorrelated,fixed,1000,42,1.0000,1001,506182,41384,456243,8555,0.081757,996,5,0.995005,1243,653.5075,121494.5177,654161,15.8071,41.342657
2789,1000,StronglyCorrelated,fixed,1000,42,1.0000,1001,495853,42128,446396,7329,0.084961,999,2,0.998002,1274,671.5105,127299.4787,672182,15.9557,42.085914
2790,1000,StronglyCorrelated,fixed,1000,42,1.0000,1001,508874,44510,455868,8496,0.087468,1000,1,0.999001,1280,692.4985,121988.6336,693191,15.5738,44.465534
2791,1000,StronglyCorrelated,fixed,1000,42,1.0000,1001,492346,45350,439109,7887,0.092110,998,3,0.997003,1255,670.5245,122660.6590,671195,14.8003,45.304695
2792,1000,StronglyCorrelated,fixed,1000,42,1.0000,1001,493541,46116,439738,7687,0.093439,999,2,0.998002,1278,690.1898,123252.2896,690880,14.9814,46.069930
2793,1000,StronglyCorrelated,fixed,1000,42,1.0000,1001,497269,41967,450145,5157,0.084395,1000,1,0.999001,1250,668.1838,120774.6295,668852,15.9376,41.925075
2794,1000,StronglyCorrelated,fixed,1000,42,1.0000,1001,514816,42089,462889,9838,0.081755,1000,1,0.999001,1240,653.1379,119492.7502,653791,15.5335,42.046953
2795,1000,StronglyCorrelated,fixed,1000,42,1.0000,1001,507313,49642,449469,8202,0.097853,999,2,0.998002,1298,702.3487,128397.5458,703051,14.1624,49.592408
2796,1000,StronglyCorrelated,fixed,1000,42,1.0000,1001,503794,42747,452875,8172,0.084850,999,2,0.998002,1248,654.1798,124534.8528,654834,15.3188,42.704296
2797,1000,StronglyCorrelated,fixed,1000,42,1.0000,1001,511286,44483,459869,6934,0.087002,998,3,0.997003,1270,674.7123,124651.1919,675387,15.1830,44.438561
2798,1000,StronglyCorrelated,fixed,1000,42,1.0000,1001,500825,41951,452617,6257,0.083764,1000,1,0.999001,1289,693.0330,124844.9530,693726,16.5366,41.909091
2799,1000,StronglyCorrelated,fixed,1000,42,1.0000,1001,500688,44732,448132,7824,0.089341,999,2,0.998002,1293,698.5405,126907.6390,699239,15.6317,44.687313
2800,1000,InverseCorrelated,fixed,1000,42,1.0000,1001,491247,52396,438295,556,0.106659,1000,1,0.999001,43051,28904.9041,96317667.0977,28933809,552.2141,52.343656
2801,1000,InverseCorrelated,fixed,1000,42,1.0000,1001,503052,49920,452369,763,0.099234,1000,1,0.999001,39081,25692.0679,92997495.5938,25717760,515.1795,49.870130
2802,1000,InverseCorrelated,fixed,1000,42,1.0000,1001,506525,53929,452003,593,0.106469,1000,1,0.999001,45084,31491.0010,114342618.4486,31522492,584.5184,53.875125
2803,1000,InverseCorrelated,fixed,1000,42,1.0000,1001,497272,57635,438672,965,0.115902,999,2,0.998002,49075,33013.7143,144125663.1312,33046728,573.3795,57.577423
2804,1000,InverseCorrelated,fixed,1000,42,1.0000,1001,494503,52565,441279,659,0.106299,1000,1,0.999001,40061,27084.8531,84156973.9095,27111938,515.7793,52.512488
2805,1000,InverseCorrelated,fixed,1000,42,1.0000,1001,501435,53156,447457,822,0.106008,1000,1,0.999001,41083,27226.5674,100113708.1356,27253794,512.7134,53.102897
2806,1000,InverseCorrelated,fixed,1000,42,1.0000,1001,483398,57233,425341,824,0.118397,1000,1,0.999001,46069,30884.4555,118794194.6896,30915340,540.1663,57.175824
2807,1000,InverseCorrelated,fixed,1000,42,1.0000,1001,485990,48898,436186,906,0.100615,999,2,0.998002,37074,23647.0539,89143639.8712,23670701,484.0832,48.849151
2808,1000,InverseCorrelated,fixed,1000,42,1.0000,1001,505536,58189,446670,677,0.115104,1000,1,0.999001,46078,31071.5355,124030234.8002,31102607,534.5101,58.130869
2809,1000,InverseCorrelated,fixed,1000,42,1.0000,1001,501116,54409,445926,781,0.108576,1000,1,0.999001,45055,29266.2757,122755703.1148,29295542,538.4319,54.354645
2810,1000,InverseCorrelated,fixed,1000,42,1.0000,1001,512126,56007,455260,859,0.109362,999,2,0.998002,46067,30586.2438,125533611.3572,30616830,546.6608,55.951049
2811,1000,InverseCorrelated,fixed,1000,42,1.0000,1001,503355,57479,444951,925,0.114192,1000,1,0.999001,44077,29495.9510,105222036.1505,29525447,513.6736,57.421578
2812,1000,InverseCorrelated,fixed,1000,42,1.0000,1001,503654,53185,449629,840,0.105598,1000,1,0.999001,39081,26679.3027,89791173.3240,26705982,502.1337,53.131868
2813,1000,InverseCorrelated,fixed,1000,42,1.0000,1001,488810,54408,433394,1008,0.111307,999,2,0.998002,44057,29043.8791,115111210.4299,29072923,534.3502,54.353646
2814,1000,InverseCorrelated,fixed,1000,42,1.0000,1001,501872,44897,456283,692,0.089459,1000,1,0.999001,33036,20297.9341,69027881.5401,20318232,452.5521,44.852148
2815,1000,InverseCorrelated,fixed,1000,42,1.0000,1001,506491,54997,450460,1034,0.108584,1000,1,0.999001,45066,30371.9980,113397761.0010,30402370,552.8005,54.942058
2816,1000,InverseCorrelated,fixed,1000,42,1.0000,1001,510740,62063,447467,1210,0.121516,1000,1,0.999001,50067,33441.4306,145755497.5659,33474872,539.3692,62.000999
2817,1000,InverseCorrelated,fixed,1000,42,1.0000,1001,503901,49038,453654,1209,0.097317,999,2,0.998002,37083,24763.3177,78552994.8561,24788081,505.4872,48.989011
2818,1000,InverseCorrelated,fixed,1000,42,1.0000,1001,511326,56788,453404,1134,0.111060,1000,1,0.999001,48067,32655.4146,121489833.7872,32688070,575.6158,56.731269
2819,1000,InverseCorrelated,fixed,1000,42,1.0000,1001,504135,52189,451119,827,0.103522,999,2,0.998002,40053,26210.0559,95835156.1787,26236266,502.7164,52.136863
2820,1000,InverseCorrelated,fixed,1000,42,1.0000,1001,505133,59032,445021,1080,0.116864,1000,1,0.999001,49084,33764.2038,126774661.1673,33797968,572.5364,58.973027
2821,1000,InverseCorrelated,fixed,1000,42,1.0000,1001,507191,58377,447922,892,0.115099,1000,1,0.999001,50069,33465.3706,143829005.6678,33498836,573.8362,58.318681
2822,1000,InverseCorrelated,fixed,1000,42,1.0000,1001,504681,56227,447233,1221,0.111411,999,2,0.998002,43079,28278.6543,111970084.5998,28306933,503.4402,56.170829
2823,1000,InverseCorrelated,fixed,1000,42,1.0000,1001,499806,46282,452558,966,0.092600,1000,1,0.999001,38068,24665.1528,90714057.1764,24689818,533.4648,46.235764
2824,1000,InverseCorrelated,fixed,1000,42,1.0000,1001,506831,58752,447262,817,0.115920,1000,1,0.999001,49078,33963.4705,126585217.1263,33997434,578.6600,58.693307
2825,1000,InverseCorrelated,fixed,1000,42,1.0000,1001,506864,52198,453851,815,0.102982,1000,1,0.999001,45077,31903.4545,94500891.7145,31935358,611.8119,52.145854
2826,1000,InverseCorrelated,fixed,1000,42,1.0000,1001,507435,51892,454337,1206,0.102263,1000,1,0.999001,44057,29321.2248,99086550.7277,29350546,565.6083,51.840160
2827,1000,InverseCorrelated,fixed,1000,42,1.0000,1001,497116,47791,448543,782,0.096137,996,5,0.995005,39054,24768.5455,100407489.0391,24793314,518.7863,47.743257
2828,1000,InverseCorrelated,fixed,1000,42,1.0000,1001,474470,53345,420397,728,0.112431,1000,1,0.999001,41075,28029.5295,88788982.0533,28057559,525.9642,53.291708
2829,1000,InverseCorrelated,fixed,1000,42,1.0000,1001,507354,46620,459033,1701,0.091889,1000,1,0.999001,39054,25808.7333,81139156.7430,25834542,554.1515,46.573427
2830,1000,InverseCorrelated,fixed,1000,42,1.0000,1001,509146,55386,452854,906,0.108782,999,2,0.998002,47060,32206.0939,121645748.7704,32238300,582.0659,55.330669
2831,1000,InverseCorrelated,fixed,1000,42,1.0000,1001,486583,48889,437083,611,0.100474,1000,1,0.999001,37083,25539.4685,67514485.6556,25565008,522.9194,48.840160
2832,1000,InverseCorrelated,fixed,1000,42,1.0000,1001,501391,50320,449668,1403,0.100361,999,2,0.998002,39046,25512.6673,87357761.5527,25538180,507.5155,50.269730
2833,1000,InverseCorrelated,fixed,1000,42,1.0000,1001,501182,50179,449628,1375,0.100121,1000,1,0.999001,44063,28710.4016,115893238.4561,28739112,572.7319,50.128871
2834,1000,InverseCorrelated,fixed,1000,42,1.0000,1001,515625,60543,453996,1086,0.117417,1000,1,0.999001,46068,30576.2218,119458825.4973,30606798,505.5382,60.482517
2835,1000,InverseCorrelated,fixed,1000,42,1.0000,1001,502213,52716,448409,1088,0.104967,1000,1,0.999001,43049,29190.3467,96891971.1735,29219537,554.2821,52.663337
2836,1000,InverseCorrelated,fixed,1000,42,1.0000,1001,492356,53478,438164,714,0.108617,999,2,0.998002,41066,26447.9730,104694518.7655,26474421,495.0526,53.424575
2837,1000,InverseCorrelated,fixed,1000,42,1.0000,1001,505522,54133,450867,522,0.107083,1000,1,0.999001,46073,30960.4695,114283710.8425,30991430,572.5053,54.078921
2838,1000,InverseCorrelated,fixed,1000,42,1.0000,1001,519478,59468,458931,1079,0.114476,1000,1,0.999001,49072,32664.4356,138673048.4397,32697100,549.8268,59.408591
2839,1000,InverseCorrelated,fixed,1000,42,1.0000,1001,501453,56482,443987,984,0.112637,1000,1,0.999001,46088,32364.7562,105615252.7997,32397121,573.5831,56.425574
2840,1000,InverseCorrelated,fixed,1000,42,1.0000,1001,478554,48938,428565,1051,0.102262,998,3,0.997003,39081,25860.2617,89827291.8036,25886122,528.9575,48.889111
2841,1000,InverseCorrelated,fixed,1000,42,1.0000,1001,519981,54083,464769,1129,0.104010,1000,1,0.999001,41082,27022.3407,104362100.8600,27049363,500.1454,54.028971
2842,1000,InverseCorrelated,fixed,1000,42,1.0000,1001,493478,48547,444474,457,0.098377,998,3,0.997003,42079,26603.0889,118575607.1020,26629692,548.5342,48.498501
2843,1000,InverseCorrelated,fixed,1000,42,1.0000,1001,501855,53963,447330,562,0.107527,1000,1,0.999001,45068,30109.6703,116853028.9543,30139780,558.5268,53.909091
2844,1000,InverseCorrelated,fixed,1000,42,1.0000,1001,488766,56800,431141,825,0.116211,1000,1,0.999001,46055,31365.4595,121104698.8338,31396825,552.7610,56.743257
2845,1000,InverseCorrelated,fixed,1000,42,1.0000,1001,504637,51821,451999,817,0.102690,1000,1,0.999001,44069,28597.1818,123664858.3785,28625779,552.3973,51.769231
2846,1000,InverseCorrelated,fixed,1000,42,1.0000,1001,507964,54661,452489,814,0.107608,1000,1,0.999001,46053,30179.2767,122212879.7626,30209456,552.6693,54.606394
2847,1000,InverseCorrelated,fixed,1000,42,1.0000,1001,497251,55832,440905,514,0.112281,997,4,0.996004,43067,27431.0470,122132446.5502,27458478,491.8054,55.776224
2848,1000,InverseCorrelated,fixed,1000,42,1.0000,1001,490020,45540,443543,937,0.092935,1000,1,0.999001,33073,21316.2328,64769635.2875,21337549,468.5452,45.494505
2849,1000,InverseCorrelated,fixed,1000,42,1.0000,1001,497387,53733,442424,1230,0.108031,1000,1,0.999001,41087,27929.3596,103318233.7608,27957289,520.3002,53.679321
2850,1000,InverseCorrelated,fixed,1000,42,1.0000,1001,513108,59116,452799,1193,0.115212,1000,1,0.999001,47075,30811.5105,129823838.9372,30842322,521.7255,59.056943
2851,1000,InverseCorrelated,fixed,1000,42,1.0000,1001,499902,48764,450413,725,0.097547,999,2,0.998002,41061,26618.2498,98666203.9117,26644868,546.4045,48.715285
2852,1000,InverseCorrelated,fixed,1000,42,1.0000,1001,500112,53771,445221,1120,0.107518,1000,1,0.999001,42046,27543.7153,102579662.0039,27571259,512.7533,53.717283
2853,1000,InverseCorrelated,fixed,1000,42,1.0000,1001,492297,58451,433080,766,0.118731,1000,1,0.999001,49062,33038.9870,130766092.2226,33072026,565.8077,58.392607
2854,1000,InverseCorrelated,fixed,1000,42,1.0000,1001,516214,60127,454907,1180,0.116477,1000,1,0.999001,49087,32929.5225,145575546.7290,32962452,548.2138,60.066933
2855,1000,InverseCorrelated,fixed,1000,42,1.0000,1001,508105,53826,453684,595,0.105935,1000,1,0.999001,40055,26138.9241,96134543.9683,26165063,486.1045,53.772228
2856,1000,InverseCorrelated,fixed,1000,42,1.0000,1001,505978,52711,452354,913,0.104176,1000,1,0.999001,42069,27058.5624,111682518.4978,27085621,513.8514,52.658342
2857,1000,InverseCorrelated,fixed,1000,42,1.0000,1001,487598,44405,442581,612,0.091069,999,2,0.998002,36057,23538.5165,71786680.7852,23562055,530.6172,44.360639
2858,1000,InverseCorrelated,fixed,1000,42,1.0000,1001,495740,57231,437850,659,0.115446,1000,1,0.999001,47058,31913.8172,116863673.3142,31945731,558.1893,57.173826
2859,1000,InverseCorrelated,fixed,1000,42,1.0000,1001,493701,50878,442259,564,0.103054,1000,1,0.999001,42045,28141.4046,94144938.5006,28169546,553.6685,50.827173
2860,1000,InverseCorrelated,fixed,1000,42,1.0000,1001,493944,56078,436721,1145,0.113531,1000,1,0.999001,43070,29573.1219,93910938.9861,29602695,527.8843,56.021978
2861,1000,InverseCorrelated,fixed,1000,42,1.0000,1001,484963,43902,440531,530,0.090526,1000,1,0.999001,34070,21685.3506,74449498.9270,21707036,494.4430,43.858142
2862,1000,InverseCorrelated,fixed,1000,42,1.0000,1001,469379,42495,426394,490,0.090535,996,5,0.995005,32072,20799.8362,64136944.6525,20820636,489.9550,42.452547
2863,1000,InverseCorrelated,fixed,1000,42,1.0000,1001,497363,57067,439580,716,0.114739,1000,1,0.999001,48076,32483.1089,138273093.5975,32515592,569.7792,57.009990
2864,1000,InverseCorrelated,fixed,1000,42,1.0000,1001,495746,46254,448186,1306,0.093302,1000,1,0.999001,35056,22592.5524,71290807.5100,22615145,488.9338,46.207792
2865,1000,InverseCorrelated,fixed,1000,42,1.0000,1001,493903,42322,450284,1297,0.085689,997,4,0.996004,32069,20089.9600,66349697.4609,20110050,475.1678,42.279720
2866,1000,InverseCorrelated,fixed,1000,42,1.0000,1001,512916,60526,451028,1362,0.118004,1000,1,0.999001,47073,31515.1269,122734551.8450,31546642,521.2081,60.465534
2867,1000,InverseCorrelated,fixed,1000,42,1.0000,1001,502561,50558,451075,928,0.100601,998,3,0.997003,41068,27316.8462,94008502.3919,27344163,540.8474,50.507493
2868,1000,InverseCorrelated,fixed,1000,42,1.0000,1001,506872,57443,448468,961,0.113328,1000,1,0.999001,48074,32452.0949,139475574.4875,32484547,565.5092,57.385614
2869,1000,InverseCorrelated,fixed,1000,42,1.0000,1001,495862,50866,444111,885,0.102581,1000,1,0.999001,41048,27573.7383,92965766.9924,27601312,542.6279,50.815185
2870,1000,InverseCorrelated,fixed,1000,42,1.0000,1001,498556,50706,446951,899,0.101706,998,3,0.997003,38063,25015.6663,89591983.1454,25040682,493.8406,50.655345
2871,1000,InverseCorrelated,fixed,1000,42,1.0000,1001,488081,50799,436256,1026,0.104079,1000,1,0.999001,42061,28336.1109,102549461.3913,28364447,558.3662,50.748252
2872,1000,InverseCorrelated,fixed,1000,42,1.0000,1001,508670,52056,455537,1077,0.102337,1000,1,0.999001,39078,25546.9301,91872469.7374,25572477,491.2494,52.003996
2873,1000,InverseCorrelated,fixed,1000,42,1.0000,1001,490360,50672,439122,566,0.103336,999,2,0.998002,44052,29223.2328,112425551.3734,29252456,577.2903,50.621379
2874,1000,InverseCorrelated,fixed,1000,42,1.0000,1001,501239,54176,446310,753,0.108084,998,3,0.997003,43078,27190.7792,124557513.9782,27217970,502.3990,54.121878
2875,1000,InverseCorrelated,fixed,1000,42,1.0000,1001,520831,58835,461112,884,0.112964,1000,1,0.999001,46074,31399.8731,113009279.4335,31431273,534.2275,58.776224
2876,1000,InverseCorrelated,fixed,1000,42,1.0000,1001,491347,53345,437424,578,0.108569,998,3,0.997003,39057,25807.7163,96027582.5649,25833524,484.2726,53.291708
2877,1000,InverseCorrelated,fixed,1000,42,1.0000,1001,495411,54324,440418,669,0.109654,1000,1,0.999001,41076,27507.0450,108341933.9191,27534552,506.8580,54.269730
2878,1000,InverseCorrelated,fixed,1000,42,1.0000,1001,518128,53489,464088,551,0.103235,1000,1,0.999001,48085,33217.6104,122348003.1429,33250828,621.6386,53.435564
2879,1000,InverseCorrelated,fixed,1000,42,1.0000,1001,496125,46521,448702,902,0.093769,1000,1,0.999001,35068,23035.8082,74812546.9382,23058844,495.6653,46.474525
2880,1000,InverseCorrelated,fixed,1000,42,1.0000,1001,492540,59163,432461,916,0.120118,1000,1,0.999001,48076,32149.7622,132642398.1393,32181912,543.9533,59.103896
2881,1000,InverseCorrelated,fixed,1000,42,1.0000,1001,520254,51366,467674,1214,0.098733,1000,1,0.999001,38059,25038.8112,86092910.7326,25063850,487.9463,51.314685
2882,1000,InverseCorrelated,fixed,1000,42,1.0000,1001,484442,51600,432044,798,0.106514,998,3,0.997003,41070,26983.4316,107134476.4671,27010415,523.4577,51.548452
2883,1000,InverseCorrelated,fixed,1000,42,1.0000,1001,521499,55523,465072,904,0.106468,999,2,0.998002,46072,29856.5734,127752018.3845,29886430,538.2712,55.467532
2884,1000,InverseCorrelated,fixed,1000,42,1.0000,1001,502309,53798,447342,1169,0.107101,998,3,0.997003,40065,25264.8122,105810957.9587,25290077,470.0933,53.744256
2885,1000,InverseCorrelated,fixed,1000,42,1.0000,1001,509996,52717,456576,703,0.103367,1000,1,0.999001,44048,28940.0839,109074091.4215,28969024,549.5196,52.664336
2886,1000,InverseCorrelated,fixed,1000,42,1.0000,1001,491128,52275,438035,818,0.106439,998,3,0.997003,39073,24705.1199,101893342.3573,24729825,473.0717,52.222777
2887,1000,InverseCorrelated,fixed,1000,42,1.0000,1001,489798,47347,441446,1005,0.096666,999,2,0.998002,39052,25356.2478,92937652.1244,25381604,536.0763,47.299700
2888,1000,InverseCorrelated,fixed,1000,42,1.0000,1001,491936,50279,441002,655,0.102206,999,2,0.998002,40080,26023.3566,100707704.2754,26049380,518.0966,50.228771
2889,1000,InverseCorrelated,fixed,1000,42,1.0000,1001,505768,54233,450641,894,0.107229,1000,1,0.999001,42057,27335.1548,98045273.6713,27362490,504.5358,54.178821
2890,1000,InverseCorrelated,fixed,1000,42,1.0000,1001,495037,51400,442574,1063,0.103831,1000,1,0.999001,44058,29640.4266,104083879.8650,29670067,577.2387,51.348651
2891,1000,InverseCorrelated,fixed,1000,42,1.0000,1001,501957,55693,444761,1503,0.110952,998,3,0.997003,46066,28748.8991,134654058.0787,28777648,516.7193,55.637363
2892,1000,InverseCorrelated,fixed,1000,42,1.0000,1001,506755,51208,454260,1287,0.101051,1000,1,0.999001,40078,27477.0360,90196870.1705,27504513,537.1136,51.156843
2893,1000,InverseCorrelated,fixed,1000,42,1.0000,1001,510712,46256,463844,612,0.090572,998,3,0.997003,37073,23736.1718,87427635.0894,23759908,513.6611,46.209790
2894,1000,InverseCorrelated,fixed,1000,42,1.0000,1001,503341,53553,448349,1439,0.106395,1000,1,0.999001,41059,26527.2028,100726617.3305,26553730,495.8402,53.499500
2895,1000,InverseCorrelated,fixed,1000,42,1.0000,1001,492627,47021,444703,903,0.095449,997,4,0.996004,40055,25815.5814,96828790.4472,25841397,549.5714,46.974026
2896,1000,InverseCorrelated,fixed,1000,42,1.0000,1001,476995,49483,426802,710,0.103739,1000,1,0.999001,40054,26171.0140,94195367.1826,26197185,529.4179,49.433566
2897,1000,InverseCorrelated,fixed,1000,42,1.0000,1001,490261,52010,437443,808,0.106086,1000,1,0.999001,41081,27133.4595,100575802.3762,27160593,522.2187,51.958042
2898,1000,InverseCorrelated,fixed,1000,42,1.0000,1001,515215,62156,451861,1198,0.120641,1000,1,0.999001,50052,33048.5624,145004215.7526,33081611,532.2352,62.093906
2899,1000,InverseCorrelated,fixed,1000,42,1.0000,1001,515439,57095,457564,780,0.110770,999,2,0.998002,46059,30976.8751,124073895.2082,31007852,543.0922,57.037962
2900,1000,AlmostEqualRatios,fixed,1000,42,1.0000,1001,488625,11344,468571,8710,0.023216,1000,1,0.999001,1100,549.6803,101152.5651,550230,48.5041,11.332667
2901,1000,AlmostEqualRatios,fixed,1000,42,1.0000,1001,504377,13191,477964,13222,0.026153,999,2,0.998002,1099,549.1379,100908.3486,549687,41.6714,13.177822
2902,1000,AlmostEqualRatios,fixed,1000,42,1.0000,1001,488849,11981,463865,13003,0.024509,1000,1,0.999001,1101,550.3926,101190.9857,550943,45.9847,11.969031
2903,1000,AlmostEqualRatios,fixed,1000,42,1.0000,1001,494017,12428,470444,11145,0.025157,1000,1,0.999001,1100,549.7862,101139.6586,550336,44.2819,12.415584
2904,1000,AlmostEqualRatios,fixed,1000,42,1.0000,1001,475281,13723,444462,17096,0.028873,1000,1,0.999001,1099,549.4206,100989.4525,549970,40.0765,13.709291
2905,1000,AlmostEqualRatios,fixed,1000,42,1.0000,1001,484813,13522,460123,11168,0.027891,1000,1,0.999001,1101,549.8771,101216.9609,550427,40.7060,13.508492
2906,1000,AlmostEqualRatios,fixed,1000,42,1.0000,1001,504574,14746,475909,13919,0.029225,1000,1,0.999001,1100,550.1808,101026.1661,550731,37.3478,14.731269
2907,1000,AlmostEqualRatios,fixed,1000,42,1.0000,1001,501086,11854,474186,15046,0.023657,1000,1,0.999001,1100,549.8382,101164.7790,550388,46.4306,11.842158
2908,1000,AlmostEqualRatios,fixed,1000,42,1.0000,1001,504879,13611,476559,14709,0.026959,1000,1,0.999001,1101,550.4835,101026.6773,551034,40.4845,13.597403
2909,1000,AlmostEqualRatios,fixed,1000,42,1.0000,1001,503651,12358,481358,9935,0.024537,998,3,0.997003,1100,549.5654,101085.9820,550115,44.5149,12.345654
2910,1000,AlmostEqualRatios,fixed,1000,42,1.0000,1001,511243,13616,479878,17749,0.026633,999,2,0.998002,1099,549.0519,100912.8425,549601,40.3644,13.602398
2911,1000,AlmostEqualRatios,fixed,1000,42,1.0000,1001,494022,13023,471806,9193,0.026361,999,2,0.998002,1099,549.1608,101195.8533,549710,42.2107,13.009990
2912,1000,AlmostEqualRatios,fixed,1000,42,1.0000,1001,494939,14183,467754,13002,0.028656,1000,1,0.999001,1101,550.4645,101150.4945,551015,38.8504,14.168831
2913,1000,AlmostEqualRatios,fixed,1000,42,1.0000,1001,503619,12836,473905,16878,0.025488,1000,1,0.999001,1099,549.6214,101058.4111,550171,42.8616,12.823177
2914,1000,AlmostEqualRatios,fixed,1000,42,1.0000,1001,505229,12364,481650,11215,0.024472,1000,1,0.999001,1100,549.7343,101077.9554,550284,44.5070,12.351648
2915,1000,AlmostEqualRatios,fixed,1000,42,1.0000,1001,513031,15096,483329,14606,0.029425,997,4,0.996004,1099,548.9121,101139.5887,549461,36.3978,15.080919
2916,1000,AlmostEqualRatios,fixed,1000,42,1.0000,1001,499022,12622,476658,9742,0.025293,1000,1,0.999001,1100,549.9241,101104.7075,550474,43.6123,12.609391
2917,1000,AlmostEqualRatios,fixed,1000,42,1.0000,1001,513576,11947,488825,12804,0.023262,1000,1,0.999001,1098,548.9670,100846.3536,549516,45.9961,11.935065
2918,1000,AlmostEqualRatios,fixed,1000,42,1.0000,1001,489768,13322,466353,10093,0.027201,999,2,0.998002,1099,549.2018,101124.8224,549751,41.2664,13.308691
2919,1000,AlmostEqualRatios,fixed,1000,42,1.0000,1001,488138,13155,460514,14469,0.026949,999,2,0.998002,1099,549.1449,100814.8731,549694,41.7859,13.141858
2920,1000,AlmostEqualRatios,fixed,1000,42,1.0000,1001,499677,15834,473433,10410,0.031688,1000,1,0.999001,1099,549.6014,101063.6503,550151,34.7449,15.818182
2921,1000,AlmostEqualRatios,fixed,1000,42,1.0000,1001,509272,12424,485352,11496,0.024396,1000,1,0.999001,1099,549.3427,101069.7997,549892,44.2605,12.411588
2922,1000,AlmostEqualRatios,fixed,1000,42,1.0000,1001,515421,14294,487284,13843,0.027733,998,3,0.997003,1100,549.3516,101075.0232,549901,38.4708,14.279720
2923,1000,AlmostEqualRatios,fixed,1000,42,1.0000,1001,507839,14626,478169,15044,0.028800,1000,1,0.999001,1100,549.8112,101089.1302,550361,37.6289,14.611389
2924,1000,AlmostEqualRatios,fixed,1000,42,1.0000,1001,514676,13482,489167,12027,0.026195,1000,1,0.999001,1100,549.7263,101108.6104,550276,40.8156,13.468531
2925,1000,AlmostEqualRatios,fixed,1000,42,1.0000,1001,508039,12937,483707,11395,0.025465,1000,1,0.999001,1100,549.6384,101116.7643,550188,42.5283,12.924076
2926,1000,AlmostEqualRatios,fixed,1000,42,1.0000,1001,510488,13444,485717,11327,0.026336,998,3,0.997003,1100,549.7612,100961.9780,550311,40.9336,13.430569
2927,1000,AlmostEqualRatios,fixed,1000,42,1.0000,1001,496881,14181,469444,13256,0.028540,1000,1,0.999001,1098,548.6304,100786.2510,549179,38.7264,14.166833
2928,1000,AlmostEqualRatios,fixed,1000,42,1.0000,1001,492866,13370,469856,9640,0.027127,1000,1,0.999001,1099,548.9540,101033.4325,549503,41.0997,13.356643
2929,1000,AlmostEqualRatios,fixed,1000,42,1.0000,1001,506635,13932,477631,15072,0.027499,1000,1,0.999001,1100,550.4525,101074.0360,551003,39.5495,13.918082
2930,1000,AlmostEqualRatios,fixed,1000,42,1.0000,1001,495647,11933,473678,10036,0.024076,999,2,0.998002,1100,549.2048,100981.6913,549754,46.0701,11.921079
2931,1000,AlmostEqualRatios,fixed,1000,42,1.0000,1001,512717,11759,485749,15209,0.022935,1000,1,0.999001,1100,550.1588,100979.6361,550709,46.8330,11.747253
2932,1000,AlmostEqualRatios,fixed,1000,42,1.0000,1001,501830,13863,477750,10217,0.027625,1000,1,0.999001,1099,549.3347,101034.2866,549884,39.6656,13.849151
2933,1000,AlmostEqualRatios,fixed,1000,42,1.0000,1001,496248,12893,472279,11076,0.025981,1000,1,0.999001,1098,548.6783,101092.5199,549227,42.5989,12.880120
2934,1000,AlmostEqualRatios,fixed,1000,42,1.0000,1001,487233,11803,467095,8335,0.024225,1000,1,0.999001,1099,549.1189,101146.9539,549668,46.5702,11.791209
2935,1000,AlmostEqualRatios,fixed,1000,42,1.0000,1001,486848,13268,463559,10021,0.027253,999,2,0.998002,1100,549.4955,101126.7275,550045,41.4565,13.254745
2936,1000,AlmostEqualRatios,fixed,1000,42,1.0000,1001,498309,12498,473512,12299,0.025081,1000,1,0.999001,1100,550.1688,101041.0374,550719,44.0646,12.485514
2937,1000,AlmostEqualRatios,fixed,1000,42,1.0000,1001,489683,14176,463718,11789,0.028949,1000,1,0.999001,1100,550.1518,101094.1428,550702,38.8475,14.161838
2938,1000,AlmostEqualRatios,fixed,1000,42,1.0000,1001,498287,13759,469380,15148,0.027613,1000,1,0.999001,1098,548.7952,100861.1239,549344,39.9262,13.745255
2939,1000,AlmostEqualRatios,fixed,1000,42,1.0000,1001,497417,11537,474592,11288,0.023194,1000,1,0.999001,1098,548.7762,100914.5813,549325,47.6142,11.525475
2940,1000,AlmostEqualRatios,fixed,1000,42,1.0000,1001,496353,12390,468877,15086,0.024962,1000,1,0.999001,1099,548.9091,100988.7720,549458,44.3469,12.377622
2941,1000,AlmostEqualRatios,fixed,1000,42,1.0000,1001,505806,14055,478987,12764,0.027787,999,2,0.998002,1100,549.9810,100977.6590,550531,39.1698,14.040959
2942,1000,AlmostEqualRatios,fixed,1000,42,1.0000,1001,498964,12427,474111,12426,0.024906,1000,1,0.999001,1099,549.6054,101032.7923,550155,44.2709,12.414585
2943,1000,AlmostEqualRatios,fixed,1000,42,1.0000,1001,514041,11747,492439,9855,0.022852,1000,1,0.999001,1100,549.5914,101184.6532,550141,46.8325,11.735265
2944,1000,AlmostEqualRatios,fixed,1000,42,1.0000,1001,501030,12878,474879,13273,0.025703,999,2,0.998002,1100,549.3427,101110.1633,549892,42.7001,12.865135
2945,1000,AlmostEqualRatios,fixed,1000,42,1.0000,1001,504836,11613,481746,11477,0.023004,1000,1,0.999001,1099,549.3037,101119.5022,549853,47.3481,11.601399
2946,1000,AlmostEqualRatios,fixed,1000,42,1.0000,1001,497373,12081,473848,11444,0.024290,1000,1,0.999001,1099,549.1059,100994.7720,549655,45.4975,12.068931
2947,1000,AlmostEqualRatios,fixed,1000,42,1.0000,1001,492063,11950,468535,11578,0.024286,1000,1,0.999001,1098,548.5185,100954.5833,549067,45.9470,11.938062
2948,1000,AlmostEqualRatios,fixed,1000,42,1.0000,1001,484816,13521,454480,16815,0.027889,1000,1,0.999001,1099,549.1958,100872.7189,549745,40.6586,13.507493
2949,1000,AlmostEqualRatios,fixed,1000,42,1.0000,1001,513629,13637,489494,10498,0.026550,1000,1,0.999001,1100,549.6613,101072.6615,550211,40.3469,13.623377
2950,1000,AlmostEqualRatios,fixed,1000,42,1.0000,1001,498305,12371,475650,10284,0.024826,999,2,0.998002,1100,549.9291,101004.5374,550479,44.4975,12.358641
2951,1000,AlmostEqualRatios,fixed,1000,42,1.0000,1001,498768,12560,472241,13967,0.025182,1000,1,0.999001,1100,550.0010,101131.3856,550551,43.8337,12.547453
2952,1000,AlmostEqualRatios,fixed,1000,42,1.0000,1001,519546,11143,492882,15521,0.021448,999,2,0.998002,1100,549.7842,101027.9894,550334,49.3883,11.131868
2953,1000,AlmostEqualRatios,fixed,1000,42,1.0000,1001,500506,13118,474453,12935,0.026209,998,3,0.997003,1099,549.1169,101108.8725,549666,41.9017,13.104895
2954,1000,AlmostEqualRatios,fixed,1000,42,1.0000,1001,502168,12936,471715,17517,0.025760,1000,1,0.999001,1100,549.8432,101048.3300,550393,42.5474,12.923077
2955,1000,AlmostEqualRatios,fixed,1000,42,1.0000,1001,492962,12498,468751,11713,0.025353,1000,1,0.999001,1099,549.4835,101039.8481,550033,44.0097,12.485514
2956,1000,AlmostEqualRatios,fixed,1000,42,1.0000,1001,514049,13276,487184,13589,0.025826,1000,1,0.999001,1098,548.6404,100902.2723,549189,41.3671,13.262737
2957,1000,AlmostEqualRatios,fixed,1000,42,1.0000,1001,498490,10845,473354,14291,0.021756,1000,1,0.999001,1099,549.3566,101030.4592,549906,50.7059,10.834166
2958,1000,AlmostEqualRatios,fixed,1000,42,1.0000,1001,504129,10858,481867,11404,0.021538,999,2,0.998002,1099,549.0699,101055.7593,549619,50.6188,10.847153
2959,1000,AlmostEqualRatios,fixed,1000,42,1.0000,1001,490824,13207,462648,14969,0.026908,1000,1,0.999001,1099,549.4795,101075.4843,550029,41.6468,13.193806
2960,1000,AlmostEqualRatios,fixed,1000,42,1.0000,1001,491313,13936,468755,8622,0.028365,1000,1,0.999001,1100,549.3127,101034.1530,549862,39.4562,13.922078
2961,1000,AlmostEqualRatios,fixed,1000,42,1.0000,1001,520252,15251,494878,10123,0.029315,1000,1,0.999001,1099,549.3387,100851.1730,549888,36.0559,15.235764
2962,1000,AlmostEqualRatios,fixed,1000,42,1.0000,1001,504660,11822,478335,14503,0.023426,1000,1,0.999001,1099,548.9141,101001.2913,549463,46.4780,11.810190
2963,1000,AlmostEqualRatios,fixed,1000,42,1.0000,1001,494899,12369,473787,8743,0.024993,998,3,0.997003,1099,548.8581,101059.3026,549407,44.4181,12.356643
2964,1000,AlmostEqualRatios,fixed,1000,42,1.0000,1001,491510,12148,468140,11222,0.024716,1000,1,0.999001,1100,550.0160,101071.3424,550566,45.3215,12.135864
2965,1000,AlmostEqualRatios,fixed,1000,42,1.0000,1001,502462,10570,477176,14716,0.021036,1000,1,0.999001,1100,549.5355,100874.0210,550085,52.0421,10.559441
2966,1000,AlmostEqualRatios,fixed,1000,42,1.0000,1001,496205,13930,465571,16704,0.028073,1000,1,0.999001,1100,549.4945,101061.3229,550044,39.4863,13.916084
2967,1000,AlmostEqualRatios,fixed,1000,42,1.0000,1001,485043,11946,459201,13896,0.024629,1000,1,0.999001,1100,549.8641,101054.9486,550414,46.0752,11.934066
2968,1000,AlmostEqualRatios,fixed,1000,42,1.0000,1001,509892,12974,483958,12960,0.025445,999,2,0.998002,1100,550.0100,101083.4724,550560,42.4356,12.961039
2969,1000,AlmostEqualRatios,fixed,1000,42,1.0000,1001,487604,12319,460498,14787,0.025264,1000,1,0.999001,1099,548.9830,100975.9568,549532,44.6085,12.306693
2970,1000,AlmostEqualRatios,fixed,1000,42,1.0000,1001,484346,12332,463356,8658,0.025461,1000,1,0.999001,1099,548.8212,101045.7692,549370,44.5483,12.319680
2971,1000,AlmostEqualRatios,fixed,1000,42,1.0000,1001,479508,13159,455218,11131,0.027443,999,2,0.998002,1099,548.9690,101031.7343,549518,41.7599,13.145854
2972,1000,AlmostEqualRatios,fixed,1000,42,1.0000,1001,510829,15086,475152,20591,0.029532,1000,1,0.999001,1100,549.9481,101112.3889,550498,36.4907,15.070929
2973,1000,AlmostEqualRatios,fixed,1000,42,1.0000,1001,518315,12107,491953,14255,0.023358,1000,1,0.999001,1099,549.2358,100950.0783,549785,45.4105,12.094905
2974,1000,AlmostEqualRatios,fixed,1000,42,1.0000,1001,498939,12615,471042,15282,0.025284,1000,1,0.999001,1100,549.6553,101099.6125,550205,43.6151,12.602398
2975,1000,AlmostEqualRatios,fixed,1000,42,1.0000,1001,506657,13848,478981,13828,0.027332,1000,1,0.999001,1099,549.4945,101001.1511,550044,39.7201,13.834166
2976,1000,AlmostEqualRatios,fixed,1000,42,1.0000,1001,491538,12098,465783,13657,0.024613,1000,1,0.999001,1100,549.9650,101074.0038,550515,45.5046,12.085914
2977,1000,AlmostEqualRatios,fixed,1000,42,1.0000,1001,504558,12934,477503,14121,0.025634,1000,1,0.999001,1100,549.7522,101094.6599,550302,42.5469,12.921079
2978,1000,AlmostEqualRatios,fixed,1000,42,1.0000,1001,510231,11967,486308,11956,0.023454,1000,1,0.999001,1100,549.5664,101040.6612,550116,45.9694,11.955045
2979,1000,AlmostEqualRatios,fixed,1000,42,1.0000,1001,506687,12328,480208,14151,0.024331,999,2,0.998002,1099,548.7702,100851.3098,549319,44.5586,12.315684
2980,1000,AlmostEqualRatios,fixed,1000,42,1.0000,1001,504665,13092,481457,10116,0.025942,998,3,0.997003,1100,549.6783,101146.8596,550228,42.0278,13.078921
2981,1000,AlmostEqualRatios,fixed,1000,42,1.0000,1001,510118,12134,486434,11550,0.023787,1000,1,0.999001,1100,550.1768,101076.7649,550727,45.3871,12.121878
2982,1000,AlmostEqualRatios,fixed,1000,42,1.0000,1001,494176,14105,464514,15557,0.028542,999,2,0.998002,1098,549.2817,100774.6959,549831,38.9813,14.090909
2983,1000,AlmostEqualRatios,fixed,1000,42,1.0000,1001,499753,13604,474117,12032,0.027221,1000,1,0.999001,1100,549.1159,101149.1514,549665,40.4047,13.590410
2984,1000,AlmostEqualRatios,fixed,1000,42,1.0000,1001,493783,12923,470675,10185,0.026171,1000,1,0.999001,1099,549.5894,101105.8484,550139,42.5705,12.910090
2985,1000,AlmostEqualRatios,fixed,1000,42,1.0000,1001,518746,13778,489366,15602,0.026560,1000,1,0.999001,1100,549.7013,101113.9557,550251,39.9369,13.764236
2986,1000,AlmostEqualRatios,fixed,1000,42,1.0000,1001,496687,12181,469215,15291,0.024524,1000,1,0.999001,1100,549.8591,100978.9342,550409,45.1859,12.168831
2987,1000,AlmostEqualRatios,fixed,1000,42,1.0000,1001,503092,14987,473343,14762,0.029790,1000,1,0.999001,1100,549.8042,101039.9357,550354,36.7221,14.972028
2988,1000,AlmostEqualRatios,fixed,1000,42,1.0000,1001,488524,13154,462666,12704,0.026926,999,2,0.998002,1099,549.1918,101038.1610,549741,41.7927,13.140859
2989,1000,AlmostEqualRatios,fixed,1000,42,1.0000,1001,518095,13131,487682,17282,0.025345,1000,1,0.999001,1100,549.6763,101058.6625,550226,41.9028,13.117882
2990,1000,AlmostEqualRatios,fixed,1000,42,1.0000,1001,501101,13012,472674,15415,0.025967,999,2,0.998002,1100,549.7113,101063.0965,550261,42.2887,12.999001
2991,1000,AlmostEqualRatios,fixed,1000,42,1.0000,1001,487022,11433,463902,11687,0.023475,1000,1,0.999001,1099,549.3516,100973.2310,549901,48.0977,11.421578
2992,1000,AlmostEqualRatios,fixed,1000,42,1.0000,1001,497283,13654,469654,13975,0.027457,997,4,0.996004,1099,549.6673,101052.3019,550217,40.2971,13.640360
2993,1000,AlmostEqualRatios,fixed,1000,42,1.0000,1001,516016,11851,491076,13089,0.022966,1000,1,0.999001,1099,549.5305,100922.1132,550080,46.4163,11.839161
2994,1000,AlmostEqualRatios,fixed,1000,42,1.0000,1001,495817,12200,472188,11429,0.024606,999,2,0.998002,1099,548.5714,100964.6505,549120,45.0098,12.187812
2995,1000,AlmostEqualRatios,fixed,1000,42,1.0000,1001,485527,13142,461773,10612,0.027067,1000,1,0.999001,1099,549.1449,100919.8102,549694,41.8273,13.128871
2996,1000,AlmostEqualRatios,fixed,1000,42,1.0000,1001,516891,15478,489924,11489,0.029944,1000,1,0.999001,1100,549.5415,101089.4810,550091,35.5402,15.462537
2997,1000,AlmostEqualRatios,fixed,1000,42,1.0000,1001,503705,13176,478077,12452,0.026158,999,2,0.998002,1098,548.5784,101009.9362,549127,41.6763,13.162837
2998,1000,AlmostEqualRatios,fixed,1000,42,1.0000,1001,504003,13550,474353,16100,0.026885,1000,1,0.999001,1100,549.6044,101038.6007,550154,40.6018,13.536464
2999,1000,AlmostEqualRatios,fixed,1000,42,1.0000,1001,520097,11390,498858,9849,0.021900,999,2,0.998002,1099,549.7333,101084.4294,550283,48.3128,11.378621
0,20,Uncorrelated,scaled,5968,42,298.4000,5969,107443,66040,41403,0,0.614651,5964,5,0.999162,7271,4685.4838,3926276.6451,27967653,423.4957,11.063830
1,20,Uncorrelated,scaled,5084,42,254.2000,5085,91531,67725,23806,0,0.739913,5045,40,0.992134,7018,4859.4069,2613799.3863,24710084,364.8591,13.318584
2,20,Uncorrelated,scaled,5255,42,262.7500,5256,94609,57195,37414,0,0.604541,5189,67,0.987253,7782,4721.4796,4794086.7671,24816097,433.8858,10.881849
3,20,Uncorrelated,scaled,5447,42,272.3500,5448,98065,66379,31686,0,0.676888,5445,3,0.999449,5794,3713.0461,1970188.7694,20228675,304.7451,12.184104
4,20,Uncorrelated,scaled,4314,42,215.7000,4315,77672,55075,22597,0,0.709071,4284,31,0.992816,6316,4289.6679,2412285.0246,18509917,336.0856,12.763615
5,20,Uncorrelated,scaled,5259,42,262.9500,5260,94682,64837,29837,8,0.684787,5256,4,0.999240,7603,4874.8279,3033420.6953,25641595,395.4778,12.326426
6,20,Uncorrelated,scaled,5663,42,283.1500,5664,101953,67287,34666,0,0.659981,5599,65,0.988524,9028,5773.6826,4849575.9056,32702138,486.0097,11.879767
7,20,Uncorrelated,scaled,5859,42,292.9500,5860,105482,64815,40667,0,0.614465,5703,157,0.973208,6190,3914.9420,2839176.1372,22941560,353.9545,11.060580
8,20,Uncorrelated,scaled,5089,42,254.4500,5090,91622,62663,28959,0,0.683930,5064,26,0.994892,6131,4049.7045,2491718.9355,20612996,328.9500,12.311002
9,20,Uncorrelated,scaled,6120,42,306.0000,6121,110179,66876,43303,0,0.606976,6008,113,0.981539,7218,4391.5169,3725540.2053,26880475,401.9450,10.925666
10,20,Uncorrelated,scaled,4336,42,216.8000,4337,78067,46593,31474,0,0.596833,4286,51,0.988241,8714,5505.9043,5092826.1396,23879107,512.5042,10.743140
11,20,Uncorrelated,scaled,4968,42,248.4000,4969,89444,58294,31150,0,0.651737,4900,69,0.986114,9201,5768.0551,5700811.2354,28661466,491.6709,11.731536
12,20,Uncorrelated,scaled,5349,42,267.4500,5350,96301,64166,32073,62,0.666307,5292,58,0.989159,7693,4838.7550,3989345.8635,25887339,403.4432,11.993645
13,20,Uncorrelated,scaled,5042,42,252.1000,5043,90775,60590,30185,0,0.667475,4970,73,0.985524,7360,4695.5346,3796330.1901,23679581,390.8167,12.014674
14,20,Uncorrelated,scaled,4373,42,218.6500,4374,78733,55773,22960,0,0.708381,4344,30,0.993141,9204,6158.8585,4082373.2381,26938847,483.0087,12.751029
15,20,Uncorrelated,scaled,5449,42,272.4500,5450,98101,56884,41217,0,0.579851,5398,52,0.990459,6321,3850.9585,2598813.9231,20987724,368.9565,10.437431
16,20,Uncorrelated,scaled,5362,42,268.1000,5363,96535,71703,24832,0,0.742767,5324,39,0.992728,7889,5170.5020,4310394.5368,27729402,386.7258,13.369942
17,20,Uncorrelated,scaled,5182,42,259.1000,5183,93296,64819,28477,0,0.694767,5146,37,0.992861,8807,6269.0237,4490365.2815,32492350,501.2782,12.506078
18,20,Uncorrelated,scaled,5155,42,257.7500,5156,92810,68430,24380,0,0.737313,5138,18,0.996509,7883,5837.6641,2700432.8918,30098996,439.8509,13.271916
19,20,Uncorrelated,scaled,5734,42,286.7000,5735,103232,67293,35879,60,0.651862,5594,141,0.975414,8036,4765.9182,4846796.9337,27332541,406.1721,11.733740
20,20,Uncorrelated,scaled,5080,42,254.0000,5081,91460,64142,27313,5,0.701312,5041,40,0.992128,8549,5331.8469,4482966.0604,27091114,422.3615,12.623893
21,20,Uncorrelated,scaled,4385,42,219.2500,4386,78950,55337,23613,0,0.700912,4382,4,0.999088,5091,3536.2189,1311413.4368,15509856,280.2800,12.616735
22,20,Uncorrelated,scaled,3779,42,188.9500,3780,68041,47950,20088,3,0.704722,3719,61,0.983862,8521,5789.4336,4940533.2974,21884059,456.3933,12.685185
23,20,Uncorrelated,scaled,5552,42,277.6000,5553,99956,65562,34394,0,0.655909,5545,8,0.998559,8658,6043.5082,4061744.4300,33559601,511.8758,11.806591
24,20,Uncorrelated,scaled,2927,42,146.3500,2928,52706,35804,16757,145,0.679315,2922,6,0.997951,5488,3471.9327,1857863.0785,10165819,283.9297,12.228142
25,20,Uncorrelated,scaled,4448,42,222.4000,4449,80083,58967,21116,0,0.736324,4432,17,0.996179,8638,6044.2594,3472478.2258,26890910,456.0332,13.253990
26,20,Uncorrelated,scaled,4743,42,237.1500,4744,85393,58811,26557,25,0.688710,4703,41,0.991358,6482,4227.4113,2352513.1338,20054839,341.0049,12.396922
27,20,Uncorrelated,scaled,5570,42,278.5000,5571,100279,66919,33206,154,0.667328,5541,30,0.994615,8692,5291.2511,4982503.7705,29477560,440.4961,12.012027
28,20,Uncorrelated,scaled,4970,42,248.5000,4971,89479,62145,27334,0,0.694521,4965,6,0.998793,7506,4950.9262,2857819.0585,24611054,396.0263,12.501509
29,20,Uncorrelated,scaled,4453,42,222.6500,4454,80174,57188,22572,414,0.713299,4446,8,0.998204,8551,5515.9980,4905755.6904,24568255,429.6051,12.839695
30,20,Uncorrelated,scaled,4728,42,236.4000,4729,85124,64827,20297,0,0.761560,4718,11,0.997674,7780,5192.6156,3960625.7000,24555879,378.7909,13.708395
31,20,Uncorrelated,scaled,6224,42,311.2000,6225,112052,65601,46451,0,0.585451,6128,97,0.984418,7172,4573.1810,3459856.7671,28468052,433.9576,10.538313
32,20,Uncorrelated,scaled,5348,42,267.4000,5349,96284,67858,28426,0,0.704769,5324,25,0.995326,7794,5090.6579,3540411.5965,27229929,401.2781,12.686110
33,20,Uncorrelated,scaled,3889,42,194.4500,3890,70021,50365,19656,0,0.719284,3889,1,0.999743,8938,6231.6090,3820818.2227,24240959,481.3056,12.947301
34,20,Uncorrelated,scaled,5018,42,250.9000,5019,90343,53515,36828,0,0.592354,4998,21,0.995816,8040,5110.8412,4512657.6183,25651312,479.3294,10.662483
35,20,Uncorrelated,scaled,3819,42,190.9500,3820,68761,47576,21185,0,0.691904,3799,21,0.994503,9866,6805.0107,4634197.2159,25995141,546.3919,12.454450
36,20,Uncorrelated,scaled,4217,42,210.8500,4218,75926,42636,33071,219,0.561547,4179,39,0.990754,7276,4871.5512,3167892.2194,20548203,481.9449,10.108108
37,20,Uncorrelated,scaled,5586,42,279.3000,5587,100568,73246,27248,74,0.728323,5450,137,0.975479,7463,4690.4552,4194832.3210,26205573,357.7748,13.110077
38,20,Uncorrelated,scaled,4851,42,242.5500,4852,87337,56619,30718,0,0.648282,4825,27,0.994435,7244,4535.2143,3816998.7080,22004860,388.6480,11.669209
39,20,Uncorrelated,scaled,4312,42,215.6000,4313,77635,53684,23888,63,0.691492,4243,70,0.983770,7063,4707.2880,3147891.7497,20302533,378.1859,12.447021
40,20,Uncorrelated,scaled,4564,42,228.2000,4565,82172,56715,25304,153,0.690199,4547,18,0.996057,7813,5278.8723,3004182.2257,24098052,424.8973,12.423877
41,20,Uncorrelated,scaled,5349,42,267.4500,5350,96302,68030,28272,0,0.706424,5343,7,0.998692,9254,6330.6473,4395868.6818,33868963,497.8533,12.715888
42,20,Uncorrelated,scaled,4887,42,244.3500,4888,87985,52552,35433,0,0.597284,4883,5,0.998977,7514,4928.1673,3301294.6353,24088882,458.3818,10.751227
43,20,Uncorrelated,scaled,4386,42,219.3000,4387,78967,54994,23973,0,0.696417,4345,42,0.990426,9291,5815.0460,6103239.9491,25510607,463.8798,12.535674
44,20,Uncorrelated,scaled,5289,42,264.4500,5290,95222,66214,28974,34,0.695365,5198,92,0.982609,6004,3835.9000,2571008.1584,20291911,306.4595,12.516824
45,20,Uncorrelated,scaled,4899,42,244.9500,4900,88202,62048,26154,0,0.703476,4858,42,0.991429,8595,5755.7869,4899746.0885,28203356,454.5409,12.662857
46,20,Uncorrelated,scaled,6030,42,301.5000,6031,108560,62451,46109,0,0.575267,5873,158,0.973802,8207,4674.1950,5056040.9359,28190070,451.3950,10.354999
47,20,Uncorrelated,scaled,4795,42,239.7500,4796,86329,56345,29984,0,0.652678,4714,82,0.982902,6535,4228.4533,3220977.2174,20279662,359.9195,11.748332
48,20,Uncorrelated,scaled,5558,42,277.9000,5559,100064,66775,32966,323,0.667323,5504,55,0.990106,8225,5074.0612,4970007.0961,28206706,422.4142,12.012053
49,20,Uncorrelated,scaled,5303,42,265.1500,5304,95473,71964,23509,0,0.753763,5271,33,0.993778,7039,4293.5337,3437692.6655,22772903,316.4485,13.567873
50,20,Uncorrelated,scaled,5292,42,264.6000,5293,95276,58741,36535,0,0.616535,5015,278,0.947478,6669,3914.0147,3662249.1107,20716880,352.6818,11.097865
51,20,Uncorrelated,scaled,6377,42,318.8500,6378,114806,75841,38860,105,0.660601,6163,215,0.966290,7156,4382.8401,4170154.8728,27953754,368.5837,11.891032
52,20,Uncorrelated,scaled,5823,42,291.1500,5824,104833,71525,33308,0,0.682276,5803,21,0.996394,8445,4906.9174,5228546.1225,28577887,399.5510,12.281078
53,20,Uncorrelated,scaled,5894,42,294.7000,5895,106111,71885,33623,603,0.677451,5845,50,0.991518,8502,5281.9586,5806075.0514,31137146,433.1522,12.194232
54,20,Uncorrelated,scaled,5130,42,256.5000,5131,92359,66123,26236,0,0.715935,5103,28,0.994543,9095,6084.9074,4255303.5644,31221660,472.1755,12.886962
55,20,Uncorrelated,scaled,5068,42,253.4000,5069,91244,55833,35223,188,0.611909,5025,44,0.991320,8854,5558.9929,5116082.4797,28178535,504.6932,11.014599
56,20,Uncorrelated,scaled,5586,42,279.3000,5587,100567,70756,29811,0,0.703571,5562,25,0.995525,9529,6263.4892,5018724.8806,34994114,494.5745,12.664399
57,20,Uncorrelated,scaled,3953,42,197.6500,3954,71174,46112,25062,0,0.647877,3912,42,0.989378,7510,4925.5164,3952707.3833,19475492,422.3519,11.662114
58,20,Uncorrelated,scaled,4911,42,245.5500,4912,88418,60073,28345,0,0.679420,4889,23,0.995318,8042,5426.5362,3269927.3574,26655146,443.7126,12.229845
59,20,Uncorrelated,scaled,4530,42,226.5000,4531,81560,56414,25146,0,0.691687,4511,20,0.995586,7843,5537.3944,2714968.3964,25089934,444.7466,12.450673
60,20,Uncorrelated,scaled,4696,42,234.8000,4697,84547,59146,25401,0,0.699564,4685,12,0.997445,9447,6116.3630,5210290.4492,28728557,485.7227,12.592293
61,20,Uncorrelated,scaled,5750,42,287.5000,5751,103519,56230,47289,0,0.543185,5715,36,0.993740,7534,4779.8826,3897731.5670,27489105,488.8690,9.777430
62,20,Uncorrelated,scaled,4182,42,209.1000,4183,75295,53527,21768,0,0.710897,4181,2,0.999522,9584,6471.0244,5959193.1789,27068295,505.6942,12.796318
63,20,Uncorrelated,scaled,5503,42,275.1500,5504,99074,69794,29280,0,0.704463,5488,16,0.997093,8595,5101.5716,5290440.4705,28079050,402.3132,12.680596
64,20,Uncorrelated,scaled,5152,42,257.6000,5153,92755,66874,25881,0,0.720975,5093,60,0.988356,7826,5004.7376,3973308.9217,25789413,385.6418,12.977683
65,20,Uncorrelated,scaled,5593,42,279.6500,5594,100694,60407,40287,0,0.599907,5561,33,0.994101,6921,4201.7622,3580517.9803,23504658,389.1049,10.798534
66,20,Uncorrelated,scaled,4729,42,236.4500,4730,85141,58294,26657,190,0.684676,4710,20,0.995772,7718,4880.6334,3768286.0385,23085396,396.0167,12.324313
67,20,Uncorrelated,scaled,4232,42,211.6000,4233,76195,52642,23553,0,0.690885,4210,23,0.994567,7903,5184.5084,3960834.2490,21946024,416.8919,12.436097
68,20,Uncorrelated,scaled,5619,42,280.9500,5620,101161,72142,29019,0,0.713140,5556,64,0.988612,7978,5103.0011,5017075.1274,28678866,397.5336,12.836655
69,20,Uncorrelated,scaled,5576,42,278.8000,5577,100388,65562,34826,0,0.653086,5542,35,0.993724,7528,5044.7994,2650028.6650,28134846,429.1334,11.755783
70,20,Uncorrelated,scaled,4781,42,239.0500,4782,86077,55920,30027,130,0.649651,4777,5,0.998954,7575,5419.1784,2461072.7049,25914511,463.4212,11.693852
71,20,Uncorrelated,scaled,4768,42,238.4000,4769,85844,68880,16958,6,0.802386,4759,10,0.997903,6983,4287.1248,3060817.1413,20445298,296.8249,14.443280
72,20,Uncorrelated,scaled,4594,42,229.7000,4595,82711,53766,28714,231,0.650047,4559,36,0.992165,6326,4249.6263,2238199.3696,19527033,363.1855,11.700979
73,20,Uncorrelated,scaled,4043,42,202.1500,4044,72794,51993,20801,0,0.714248,4037,7,0.998269,8432,5632.9088,3573093.9667,22779483,438.1260,12.856825
74,20,Uncorrelated,scaled,3549,42,177.4500,3550,63901,40525,23280,96,0.634184,3490,60,0.983099,9563,5972.4806,6270866.7860,21202306,523.1908,11.415493
75,20,Uncorrelated,scaled,4577,42,228.8500,4578,82406,50449,31941,16,0.612201,4511,67,0.985365,7402,4889.0260,3669222.5967,22381961,443.6552,11.019878
76,20,Uncorrelated,scaled,4696,42,234.8000,4697,84547,65638,18851,58,0.776349,4602,95,0.979774,7186,4081.5359,4145241.8804,19170974,292.0713,13.974452
77,20,Uncorrelated,scaled,5094,42,254.7000,5095,91712,55956,35756,0,0.610127,4945,150,0.970559,7272,4318.3808,3729376.9922,22002150,393.2045,10.982532
78,20,Uncorrelated,scaled,6648,42,332.4000,6649,119683,71474,48127,82,0.597194,6573,76,0.988570,7196,4448.2036,3767306.3396,29576106,413.8023,10.749586
79,20,Uncorrelated,scaled,5059,42,252.9500,5060,91082,62524,28558,0,0.686458,5018,42,0.991700,8362,5331.4605,4322813.2563,26977190,431.4694,12.356522
80,20,Uncorrelated,scaled,4778,42,238.9000,4779,86024,57020,29004,0,0.662838,4766,13,0.997280,7975,5309.0812,3517021.2004,25372099,444.9684,11.931366
81,20,Uncorrelated,scaled,5610,42,280.5000,5611,100999,82986,18013,0,0.821652,5566,45,0.991980,8001,5279.9480,4036041.1839,29625788,356.9974,14.789877
82,20,Uncorrelated,scaled,5742,42,287.1000,5743,103376,69458,33918,0,0.671897,5679,64,0.988856,7146,4707.2880,3702174.6536,27033955,389.2130,12.094376
83,20,Uncorrelated,scaled,5410,42,270.5000,5411,97399,64988,32411,0,0.667235,5344,67,0.987618,8315,5329.5143,4627643.6499,28838002,443.7435,12.010349
84,20,Uncorrelated,scaled,6060,42,303.0000,6061,109100,75548,33552,0,0.692466,6023,38,0.993730,7962,4769.3201,3850905.8801,28906849,382.6289,12.464610
85,20,Uncorrelated,scaled,4354,42,217.7000,4355,78391,47532,30806,53,0.606345,4312,43,0.990126,7316,4844.5589,3321688.9161,21098054,443.8705,10.914351
86,20,Uncorrelated,scaled,3775,42,188.7500,3776,67969,50076,17893,0,0.736748,3766,10,0.997352,10016,6876.2979,5724664.2176,25964901,518.5099,13.261653
87,20,Uncorrelated,scaled,4798,42,239.9000,4799,86384,62889,23495,0,0.728017,4723,76,0.984163,7012,4824.8114,3115540.9853,23154270,368.1768,13.104605
88,20,Uncorrelated,scaled,4787,42,239.3500,4788,86185,65188,20997,0,0.756373,4761,27,0.994361,7461,4970.8131,2919231.5467,23800253,365.1018,13.614871
89,20,Uncorrelated,scaled,4609,42,230.4500,4610,82981,55511,27470,0,0.668960,4584,26,0.994360,8907,5743.6312,5039741.9781,26478140,476.9891,12.041432
90,20,Uncorrelated,scaled,4581,42,229.0500,4582,82478,47763,34715,0,0.579100,4569,13,0.997163,6747,4458.0565,2539952.0734,20426815,427.6703,10.424051
91,20,Uncorrelated,scaled,4927,42,246.3500,4928,88705,69686,19019,0,0.785593,4829,99,0.979911,9625,6100.6088,7000656.6018,30063800,431.4181,14.140828
92,20,Uncorrelated,scaled,5820,42,291.0000,5821,104780,65674,39106,0,0.626780,5787,34,0.994159,7979,5451.0189,3400928.1855,31730381,483.1498,11.282254
93,20,Uncorrelated,scaled,5072,42,253.6000,5073,91315,54435,36880,0,0.596123,5058,15,0.997043,7949,4990.4601,4356460.7996,25316604,465.0795,10.730337
94,20,Uncorrelated,scaled,4135,42,206.7500,4136,74450,45504,28946,0,0.611202,4093,43,0.989603,8195,5685.6349,3616377.5592,23515786,516.7850,11.001934
95,20,Uncorrelated,scaled,3736,42,186.8000,3737,67267,42824,24443,0,0.636627,3697,40,0.989296,7204,5153.1951,3037431.0219,19257490,449.6892,11.459459
96,20,Uncorrelated,scaled,3614,42,180.7000,3615,65072,44724,20348,0,0.687300,3576,39,0.989212,6264,4108.8055,2951572.2651,14853332,332.1110,12.371784
97,20,Uncorrelated,scaled,5909,42,295.4500,5910,106381,64757,41624,0,0.608727,5890,20,0.996616,8207,5300.3453,3751378.2559,31325041,483.7321,10.957191
98,20,Uncorrelated,scaled,4775,42,238.7500,4776,85970,53205,32668,97,0.618879,4689,87,0.981784,7477,4880.8796,3838543.0594,23311081,438.1370,11.140075
99,20,Uncorrelated,scaled,5689,42,284.4500,5690,102421,64492,37929,0,0.629676,5568,122,0.978559,8075,4769.1684,4576661.1291,27136568,420.7742,11.334271
100,20,WeaklyCorrelated,scaled,5738,42,286.9000,5739,103304,60811,42104,389,0.588661,5689,50,0.991288,6413,3323.0387,3317363.1381,19070919,313.6097,10.596097
101,20,WeaklyCorrelated,scaled,4849,42,242.4500,4850,87301,51293,35670,338,0.587542,4811,39,0.991959,5331,2738.6367,2333675.5761,13282388,258.9513,10.575876
102,20,WeaklyCorrelated,scaled,4870,42,243.5000,4871,87679,51971,35648,60,0.592742,4846,25,0.994868,5388,2779.2492,2454721.0921,13537723,260.4861,10.669472
103,20,WeaklyCorrelated,scaled,4834,42,241.7000,4835,87032,55144,31392,496,0.633606,4821,14,0.997104,5144,2636.3586,2238947.9773,12746794,231.1547,11.405171
104,20,WeaklyCorrelated,scaled,4197,42,209.8500,4198,75565,45021,29889,655,0.595792,4187,11,0.997380,4445,2341.3409,1598495.4276,9828949,218.3192,10.724393
105,20,WeaklyCorrelated,scaled,3518,42,175.9000,3519,63344,36637,26586,121,0.578382,3462,57,0.983802,4053,2105.1168,1373992.1867,7407906,202.1974,10.411196
106,20,WeaklyCorrelated,scaled,4358,42,217.9000,4359,78464,42222,35314,928,0.538107,4347,12,0.997247,4538,2301.6215,1777801.1689,10032768,237.6194,9.686167
107,20,WeaklyCorrelated,scaled,5254,42,262.7000,5255,94591,62758,31609,224,0.663467,5210,45,0.991437,5501,2855.5734,2470713.1813,15006038,239.1096,11.942531
108,20,WeaklyCorrelated,scaled,4623,42,231.1500,4624,83233,47675,35043,515,0.572790,4595,29,0.993728,5011,2545.6029,2134692.0024,11770868,246.8981,10.310337
109,20,WeaklyCorrelated,scaled,5434,42,271.7000,5435,97832,62298,34871,663,0.636786,5419,16,0.997056,5748,2924.4116,2774815.0540,15894177,255.1314,11.462374
110,20,WeaklyCorrelated,scaled,5220,42,261.0000,5221,93979,52139,41685,155,0.554794,5145,76,0.985443,5920,3072.0793,2864307.1383,16039326,307.6263,9.986401
111,20,WeaklyCorrelated,scaled,5894,42,294.7000,5895,106111,62002,43886,223,0.584313,5861,34,0.994232,6262,3156.3362,3337608.2364,18606602,300.0968,10.517727
112,20,WeaklyCorrelated,scaled,5938,42,296.9000,5939,106904,60387,46228,289,0.564871,5832,107,0.981983,6441,3249.4300,3503934.7051,19298365,319.5781,10.167873
113,20,WeaklyCorrelated,scaled,5622,42,281.1000,5623,101215,62718,38392,105,0.619651,5586,37,0.993420,6173,3183.5360,3052863.2482,17901023,285.4208,11.153832
114,20,WeaklyCorrelated,scaled,5727,42,286.3500,5728,103106,58018,44881,207,0.562702,5618,110,0.980796,6231,3227.6786,3198869.9765,18488143,318.6622,10.128841
115,20,WeaklyCorrelated,scaled,4150,42,207.5000,4151,74719,39781,34765,173,0.532408,4127,24,0.994218,4253,2181.1060,1544501.2728,9053771,227.5903,9.583474
116,20,WeaklyCorrelated,scaled,4380,42,219.0000,4381,78859,48106,30489,264,0.610025,4334,47,0.989272,4327,2236.9224,1535723.7196,9799957,203.7159,10.980598
117,20,WeaklyCorrelated,scaled,4591,42,229.5500,4592,82658,50330,32192,136,0.608894,4571,21,0.995427,4984,2653.0174,1969336.6831,12182656,242.0556,10.960366
118,20,WeaklyCorrelated,scaled,5384,42,269.2000,5385,96931,56178,40586,167,0.579567,5327,58,0.989229,5870,3061.4825,2862602.6749,16486083,293.4616,10.432312
119,20,WeaklyCorrelated,scaled,5286,42,264.3000,5287,95168,59459,35530,179,0.624779,5155,132,0.975033,5639,2876.0318,2627501.6109,15205580,255.7322,11.246264
120,20,WeaklyCorrelated,scaled,5616,42,280.8000,5617,101107,52371,48642,94,0.517976,5609,8,0.998576,6042,3047.3217,3122342.4497,17116806,326.8375,9.323660
121,20,WeaklyCorrelated,scaled,5649,42,282.4500,5650,101702,58224,43141,337,0.572496,5631,19,0.996637,6136,3147.9393,3090174.2545,17785857,305.4729,10.305133
122,20,WeaklyCorrelated,scaled,5079,42,253.9500,5080,91441,54452,36423,566,0.595488,5004,76,0.985039,5119,2607.3211,2247716.1731,13245191,243.2453,10.718898
123,20,WeaklyCorrelated,scaled,5856,42,292.8000,5857,105428,65185,40193,50,0.618289,5823,34,0.994195,6329,3306.7326,3278545.9814,19367533,297.1164,11.129418
124,20,WeaklyCorrelated,scaled,4546,42,227.3000,4547,81847,53457,28237,153,0.653133,4530,17,0.996261,5079,2654.2615,2053314.6488,12068927,225.7689,11.756543
125,20,WeaklyCorrelated,scaled,4682,42,234.1000,4683,84296,46951,36574,771,0.556978,4641,42,0.991031,5219,2682.9549,2254859.7624,12564278,267.6041,10.025838
126,20,WeaklyCorrelated,scaled,4505,42,225.2500,4506,81109,50535,30407,167,0.623050,4470,36,0.992011,5045,2624.7541,2062021.2347,11827142,234.0386,11.215047
127,20,WeaklyCorrelated,scaled,5029,42,251.4500,5030,90542,44788,45466,288,0.494665,5019,11,0.997813,5643,2894.1249,2723602.0405,14557448,325.0301,8.904175
128,20,WeaklyCorrelated,scaled,4893,42,244.6500,4894,88094,51103,36738,253,0.580096,4813,81,0.983449,5104,2620.0096,2156863.5780,12822327,250.9114,10.441970
129,20,WeaklyCorrelated,scaled,5072,42,253.6000,5073,91316,53265,37498,553,0.583304,5018,55,0.989158,5544,2832.9872,2559763.6263,14371744,269.8159,10.499704
130,20,WeaklyCorrelated,scaled,5432,42,271.6000,5433,97795,53205,44578,12,0.544046,5396,37,0.993190,5692,2879.5916,2790662.5961,15644821,294.0479,9.792932
131,20,WeaklyCorrelated,scaled,4353,42,217.6500,4354,78373,56157,22087,129,0.716535,4334,20,0.995407,5042,2653.0018,1956853.0804,11551170,205.6942,12.897795
132,20,WeaklyCorrelated,scaled,3985,42,199.2500,3986,71750,50825,20726,199,0.708362,3969,17,0.995735,4473,2335.3021,1610100.7347,9308514,183.1483,12.750878
133,20,WeaklyCorrelated,scaled,5633,42,281.6500,5634,101414,61294,39998,122,0.604394,5608,26,0.995385,6000,3063.0925,3036998.9089,17257463,281.5522,10.879304
134,20,WeaklyCorrelated,scaled,5367,42,268.3500,5368,96626,54950,41382,294,0.568688,5296,72,0.986587,5937,3007.0274,2992109.5509,16141723,293.7529,10.236587
135,20,WeaklyCorrelated,scaled,5018,42,250.9000,5019,90344,51596,38470,278,0.571106,4987,32,0.993624,5481,2805.2311,2525272.9241,14079455,272.8788,10.280135
136,20,WeaklyCorrelated,scaled,5828,42,291.4000,5829,104924,55809,48675,440,0.531899,5821,8,0.998628,6217,3188.7415,3196598.7993,18587174,333.0498,9.574370
137,20,WeaklyCorrelated,scaled,4397,42,219.8500,4398,79166,46800,31997,369,0.591163,4321,77,0.982492,4904,2525.1253,2006632.2565,11105501,237.2970,10.641201
138,20,WeaklyCorrelated,scaled,4249,42,212.4500,4250,76502,52610,23689,203,0.687694,4232,18,0.995765,4814,2566.4744,1800807.2738,10907516,207.3278,12.378824
139,20,WeaklyCorrelated,scaled,4828,42,241.4000,4829,86924,64716,21676,532,0.744512,4816,13,0.997308,5141,2643.5935,2219824.0719,12765913,197.2605,13.401532
140,20,WeaklyCorrelated,scaled,5094,42,254.7000,5095,91711,63054,28558,99,0.687529,5063,32,0.993719,5622,2927.5967,2521196.5696,14916105,236.5608,12.375662
141,20,WeaklyCorrelated,scaled,5613,42,280.6500,5614,101054,57825,43107,122,0.572219,5544,70,0.987531,6144,3127.1892,3132428.3230,17556040,303.6064,10.300143
142,20,WeaklyCorrelated,scaled,4475,42,223.7500,4476,80569,49405,30664,500,0.613201,4454,22,0.995085,4634,2388.9634,1777262.3374,10693000,216.4356,11.037757
143,20,WeaklyCorrelated,scaled,5358,42,267.9000,5359,96463,62534,33857,72,0.648269,5350,9,0.998321,5813,3002.6057,2802579.9112,16090964,257.3154,11.668968
144,20,WeaklyCorrelated,scaled,4590,42,229.5000,4591,82640,39547,42353,740,0.478545,4565,26,0.994337,5140,2635.8963,2194546.2994,12101400,306.0005,8.614027
145,20,WeaklyCorrelated,scaled,5018,42,250.9000,5019,90343,52670,37357,316,0.583000,4979,40,0.992030,5397,2767.9763,2482339.3931,13892473,263.7644,10.494122
146,20,WeaklyCorrelated,scaled,4051,42,202.5500,4052,72937,51903,20623,411,0.711614,4042,10,0.997532,4435,2378.6217,1522599.2273,9638175,185.6959,12.809230
147,20,WeaklyCorrelated,scaled,5150,42,257.5000,5151,92719,69043,23288,388,0.744648,5144,7,0.998641,5532,2801.6300,2518713.0442,14431196,209.0175,13.403805
148,20,WeaklyCorrelated,scaled,4221,42,211.0500,4222,75998,48756,26845,397,0.641543,4213,9,0.997868,4258,2203.8766,1573555.2375,9304767,190.8435,11.548081
149,20,WeaklyCorrelated,scaled,5459,42,272.9500,5460,98281,61632,36486,163,0.627100,5411,49,0.991026,5995,3116.6401,2991962.0740,17016855,276.1042,11.287912
150,20,WeaklyCorrelated,scaled,5097,42,254.8500,5098,91766,61242,30393,131,0.667371,5071,27,0.994704,5633,2919.0855,2677638.1143,14881498,242.9950,12.012946
151,20,WeaklyCorrelated,scaled,3959,42,197.9500,3960,71281,43453,27621,207,0.609601,3918,42,0.989394,4451,2307.5914,1609740.4467,9138062,210.2976,10.972980
152,20,WeaklyCorrelated,scaled,5213,42,260.6500,5214,93853,56842,36513,498,0.605649,5150,64,0.987725,5294,2712.8913,2343443.6056,14145015,248.8479,10.901803
153,20,WeaklyCorrelated,scaled,5472,42,273.6000,5473,98515,55382,42632,501,0.562168,5466,7,0.998721,5992,3100.6702,2993808.8620,16969968,306.4167,10.119130
154,20,WeaklyCorrelated,scaled,2759,42,137.9500,2760,49681,26154,23283,244,0.526439,2744,16,0.994203,3201,1694.2170,787016.6685,4676039,178.7887,9.476087
155,20,WeaklyCorrelated,scaled,5434,42,271.7000,5435,97832,50607,45841,1384,0.517285,5282,153,0.971849,5904,2992.5739,2949212.6913,16264639,321.3911,9.311316
156,20,WeaklyCorrelated,scaled,5591,42,279.5500,5592,100658,58380,42250,28,0.579984,5455,137,0.975501,6110,3140.5805,3091800.9517,17562126,300.8244,10.439914
157,20,WeaklyCorrelated,scaled,5855,42,292.7500,5856,105409,57829,47213,367,0.548615,5832,24,0.995902,6365,3265.6814,3370514.4213,19123830,330.6962,9.875171
158,20,WeaklyCorrelated,scaled,5746,42,287.3000,5747,103448,64889,38271,288,0.627262,5743,4,0.999304,6252,3176.4037,3325057.4782,18254792,281.3234,11.290934
159,20,WeaklyCorrelated,scaled,4160,42,208.0000,4161,74900,48065,26785,50,0.641722,4074,87,0.979092,4880,2552.1041,1918367.7856,10619305,220.9363,11.551310
160,20,WeaklyCorrelated,scaled,3902,42,195.1000,3903,70256,40519,29256,481,0.576734,3850,53,0.986421,4070,2140.9995,1364795.5255,8356321,206.2322,10.381501
161,20,WeaklyCorrelated,scaled,5377,42,268.8500,5378,96806,50667,46112,27,0.523387,5359,19,0.996467,5809,2964.3918,2852016.6760,15942499,314.6525,9.421160
162,20,WeaklyCorrelated,scaled,4276,42,213.8000,4277,76988,43123,33719,146,0.560126,4227,50,0.988310,4745,2473.1146,1853277.5034,10577511,245.2870,10.082534
163,20,WeaklyCorrelated,scaled,6108,42,305.4000,6109,109963,58482,50944,537,0.531833,6007,102,0.983303,6545,3354.9691,3539718.6193,20495506,350.4584,9.573089
164,20,WeaklyCorrelated,scaled,5404,42,270.2000,5405,97292,68714,28560,18,0.706266,5394,11,0.997965,6161,3180.3576,3072181.4612,17189833,250.1649,12.713043
165,20,WeaklyCorrelated,scaled,4919,42,245.9500,4920,88562,49222,37829,1511,0.555791,4904,16,0.996748,5176,2624.4238,2243862.4109,12912165,262.3251,10.004472
166,20,WeaklyCorrelated,scaled,4308,42,215.4000,4309,77564,41576,35852,136,0.536022,4283,26,0.993966,4644,2419.2288,1772062.4967,10424457,250.7326,9.648642
167,20,WeaklyCorrelated,scaled,5252,42,262.6000,5253,94555,68661,25537,357,0.726149,5241,12,0.997716,5447,2826.1133,2420752.5493,14845573,216.2155,13.070817
168,20,WeaklyCorrelated,scaled,6515,42,325.7500,6516,117289,78689,38367,233,0.670898,6459,57,0.991252,7289,3738.7098,4420317.5952,24361433,309.5913,12.076274
169,20,WeaklyCorrelated,scaled,4284,42,214.2000,4285,77131,49336,27684,111,0.639639,4235,50,0.988331,4669,2454.9508,1780374.2027,10519464,213.2209,11.513652
170,20,WeaklyCorrelated,scaled,5411,42,270.5500,5412,97418,60389,36817,212,0.619896,5282,130,0.975979,5765,2928.0575,2830600.9119,15846647,262.4095,11.158352
171,20,WeaklyCorrelated,scaled,6064,42,303.2000,6065,109171,69076,40074,21,0.632732,5884,181,0.970157,6670,3382.1075,3712036.7957,20512482,296.9553,11.389283
172,20,WeaklyCorrelated,scaled,5821,42,291.0500,5822,104797,70394,33973,430,0.671718,5816,6,0.998969,6315,3247.3818,3234807.8159,18906257,268.5777,12.091034
173,20,WeaklyCorrelated,scaled,6191,42,309.5500,6192,111458,63305,47869,284,0.567972,5844,348,0.943798,6574,3334.1202,3755138.8434,20644872,326.1176,10.223676
174,20,WeaklyCorrelated,scaled,5355,42,267.7500,5356,96410,69301,27007,102,0.718815,5300,56,0.989544,5927,3038.1664,2934863.3411,16272419,234.8079,12.938947
175,20,WeaklyCorrelated,scaled,5417,42,270.8500,5418,97526,53920,43417,189,0.552878,5251,167,0.969177,5624,2871.1801,2689879.7210,15556054,288.5025,9.952012
176,20,WeaklyCorrelated,scaled,5597,42,279.8500,5598,100765,67173,33479,113,0.666630,5577,21,0.996249,6284,3306.3423,3079372.7857,18508904,275.5408,11.999464
177,20,WeaklyCorrelated,scaled,4485,42,224.2500,4486,80749,47404,33252,93,0.587054,4484,2,0.999554,5002,2613.0437,2022830.9036,11722114,247.2811,10.567098
178,20,WeaklyCorrelated,scaled,5376,42,268.8000,5377,96787,57362,39345,80,0.592662,5306,71,0.986796,6016,3091.9805,2931119.6491,16625579,289.8361,10.668031
179,20,WeaklyCorrelated,scaled,5222,42,261.1000,5223,94015,50565,43140,310,0.537840,5195,28,0.994639,5316,2723.2763,2351251.0428,14223672,281.2948,9.681218
180,20,WeaklyCorrelated,scaled,5269,42,263.4500,5270,94861,39403,55301,157,0.415376,5207,63,0.988046,5528,2813.3757,2603556.7317,14826490,376.2782,7.476850
181,20,WeaklyCorrelated,scaled,5068,42,253.4000,5069,91243,57276,33829,138,0.627730,5068,1,0.999803,5370,2810.8459,2354991.3862,14248178,248.7635,11.299270
182,20,WeaklyCorrelated,scaled,5945,42,297.2500,5946,107029,65972,40930,127,0.616394,5942,4,0.999327,6317,3242.2977,3358183.3480,19278702,292.2255,11.095190
183,20,WeaklyCorrelated,scaled,4355,42,217.7500,4356,78410,50690,27036,684,0.646474,4340,16,0.996327,5000,2597.0429,2058413.5985,11312719,223.1746,11.636823
184,20,WeaklyCorrelated,scaled,4531,42,226.5500,4532,81577,42747,38691,139,0.524008,4451,81,0.982127,4968,2542.2489,2065848.1728,11521472,269.5270,9.432259
185,20,WeaklyCorrelated,scaled,4533,42,226.6500,4534,81613,53597,27927,89,0.656721,4528,6,0.998677,4786,2494.2770,1937777.4649,11309052,211.0016,11.821129
186,20,WeaklyCorrelated,scaled,5581,42,279.0500,5582,100478,65253,35143,82,0.649426,5574,8,0.998567,6180,3138.8370,3171104.7040,17520988,268.5085,11.689896
187,20,WeaklyCorrelated,scaled,5535,42,276.7500,5536,99649,59470,39982,197,0.596795,5419,117,0.978866,6029,3085.9494,3035677.3966,17083816,287.2678,10.742413
188,20,WeaklyCorrelated,scaled,5576,42,278.8000,5577,100387,61649,38568,170,0.614113,5427,150,0.973104,6021,3016.4488,3082292.5110,16822735,272.8793,11.054151
189,20,WeaklyCorrelated,scaled,4965,42,248.2500,4966,89389,62541,26805,43,0.699650,4942,24,0.995167,5391,2800.9710,2402452.0676,13909622,222.4081,12.593838
190,20,WeaklyCorrelated,scaled,4904,42,245.2000,4905,88291,58701,29455,135,0.664858,4896,9,0.998165,5531,2807.9549,2567141.1843,13773019,234.6301,11.967584
191,20,WeaklyCorrelated,scaled,5869,42,293.4500,5870,105661,57640,47360,661,0.545518,5819,51,0.991312,6264,3221.6460,3278213.5670,18911062,328.0892,9.819421
192,20,WeaklyCorrelated,scaled,4077,42,203.8500,4078,73405,37950,34573,882,0.516995,4067,11,0.997303,4328,2256.6268,1453228.1329,9202524,242.4908,9.306032
193,20,WeaklyCorrelated,scaled,5050,42,252.5000,5051,90919,59215,31346,358,0.651294,4982,69,0.986339,5578,2884.9212,2602171.0641,14571737,246.0819,11.723421
194,20,WeaklyCorrelated,scaled,5085,42,254.2500,5086,91549,56308,34815,426,0.615059,4961,125,0.975423,5583,2866.3268,2628802.2518,14578138,258.8999,11.071176
195,20,WeaklyCorrelated,scaled,5023,42,251.1500,5024,90434,51799,38479,156,0.572782,4965,59,0.988256,5560,2894.3571,2534390.2499,14541250,280.7245,10.310311
196,20,WeaklyCorrelated,scaled,4594,42,229.7000,4595,82711,51293,31067,351,0.620147,4541,54,0.988248,4887,2496.2992,1986342.4134,11470495,223.6269,11.162786
197,20,WeaklyCorrelated,scaled,4310,42,215.5000,4311,77600,47441,29503,656,0.611353,4269,42,0.990257,4938,2568.1777,1949868.6351,11071414,233.3723,11.004639
198,20,WeaklyCorrelated,scaled,4979,42,248.9500,4980,89642,56142,33353,147,0.626291,4966,14,0.997189,5310,2746.6705,2257160.6671,13678419,243.6397,11.273494
199,20,WeaklyCorrelated,scaled,5709,42,285.4500,5710,102781,61083,41494,204,0.594302,5556,154,0.973030,6203,3180.5228,3204530.1349,18160785,297.3132,10.697548
200,20,StronglyCorrelated,scaled,4543,42,227.1500,4544,81794,54592,24823,2379,0.667433,4543,1,0.999780,4626,2323.0748,1780359.0683,10556052,193.3626,12.014085
201,20,StronglyCorrelated,scaled,4679,42,233.9500,4680,84241,55940,26433,1868,0.664047,4679,1,0.999786,4759,2389.0628,1888038.1033,11180814,199.8715,11.952991
202,20,StronglyCorrelated,scaled,4508,42,225.4000,4509,81164,50948,27519,2697,0.627717,4472,37,0.991794,4578,2297.3176,1746217.5776,10358605,203.3172,11.299179
203,20,StronglyCorrelated,scaled,5219,42,260.9500,5220,93962,63120,27916,2926,0.671761,5195,25,0.995211,5304,2660.8879,2343120.7072,13889835,220.0544,12.091954
204,20,StronglyCorrelated,scaled,5212,42,260.6000,5213,93835,62021,28195,3619,0.660958,5189,24,0.995396,5288,2652.9319,2330503.8854,13829734,222.9847,11.897372
205,20,StronglyCorrelated,scaled,5947,42,297.3500,5948,107065,62422,40695,3948,0.583029,5866,82,0.986214,6013,3008.3018,3035298.7659,17893379,286.6518,10.494620
206,20,StronglyCorrelated,scaled,5543,42,277.1500,5544,99794,61888,35815,2091,0.620158,5538,6,0.998918,5625,2821.9042,2638182.7251,15644637,252.7895,11.163059
207,20,StronglyCorrelated,scaled,4592,42,229.6000,4593,82675,50207,30706,1762,0.607282,4575,18,0.996081,4667,2342.2776,1815447.9210,10758081,214.2745,10.931200
208,20,StronglyCorrelated,scaled,4879,42,243.9500,4880,87842,53797,31704,2341,0.612429,4842,38,0.992213,4962,2492.5533,2049947.9771,12163660,226.1029,11.023975
209,20,StronglyCorrelated,scaled,4491,42,224.5500,4492,80858,47940,30750,2168,0.592891,4450,42,0.990650,4568,2291.2464,1742285.6470,10292279,214.6908,10.672306
210,20,StronglyCorrelated,scaled,5107,42,255.3500,5108,91946,54486,33772,3688,0.592587,5052,56,0.989037,5196,2606.2477,2250184.7043,13312713,244.3327,10.666797
211,20,StronglyCorrelated,scaled,5031,42,251.5500,5032,90578,62813,25014,2751,0.693469,5003,29,0.994237,5101,2559.1516,2168378.2252,12877651,205.0157,12.482711
212,20,StronglyCorrelated,scaled,5382,42,269.1000,5383,96896,58801,36040,2055,0.606847,5325,58,0.989225,5469,2739.9677,2497338.6406,14749246,250.8333,10.923463
213,20,StronglyCorrelated,scaled,5360,42,268.0000,5361,96500,65077,29507,1916,0.674373,5344,17,0.996829,5442,2730.4915,2471913.3661,14638165,224.9361,12.138967
214,20,StronglyCorrelated,scaled,5198,42,259.9000,5199,93584,54830,36849,1905,0.585891,5140,59,0.988652,5289,2652.7836,2330317.7087,13791822,251.5379,10.546259
215,20,StronglyCorrelated,scaled,4393,42,219.6500,4394,79094,51936,25002,2156,0.656636,4269,125,0.971552,4472,2237.6063,1680524.6174,9832042,189.3107,11.819754
216,20,StronglyCorrelated,scaled,5591,42,279.5500,5592,100658,60269,37959,2430,0.598750,5584,8,0.998569,5674,2842.1677,2688802.6528,15893402,263.7077,10.777718
217,20,StronglyCorrelated,scaled,4190,42,209.5000,4191,75439,49352,24022,2065,0.654197,4169,22,0.994751,4256,2134.4460,1510858.3125,8945463,181.2584,11.775710
218,20,StronglyCorrelated,scaled,5052,42,252.6000,5053,90955,58325,30400,2230,0.641251,5027,26,0.994855,5124,2569.1178,2201265.6958,12981752,222.5761,11.542648
219,20,StronglyCorrelated,scaled,4979,42,248.9500,4980,89641,58323,28244,3074,0.650629,4906,74,0.985141,5055,2537.2394,2128401.2692,12635452,216.6461,11.711446
220,20,StronglyCorrelated,scaled,6818,42,340.9000,6819,122744,78642,39245,4857,0.640699,6586,233,0.965831,6891,3441.9057,4001700.9058,23470355,298.4456,11.532776
221,20,StronglyCorrelated,scaled,5338,42,266.9000,5339,96103,66624,27373,2106,0.693256,5323,16,0.997003,5417,2720.0657,2438206.8631,14522431,217.9760,12.478741
222,20,StronglyCorrelated,scaled,4646,42,232.3000,4647,83647,53240,26997,3410,0.636484,4615,32,0.993114,4705,2355.1631,1849298.3823,10944443,205.5681,11.456854
223,20,StronglyCorrelated,scaled,5638,42,281.9000,5639,101503,64225,35436,1842,0.632740,5618,21,0.996276,5733,2876.0170,2732020.9889,16217860,252.5163,11.389431
224,20,StronglyCorrelated,scaled,4426,42,221.3000,4427,79688,52490,25386,1812,0.658694,4426,1,0.999774,4504,2264.0849,1688405.3684,10023104,190.9526,11.856788
225,20,StronglyCorrelated,scaled,4565,42,228.2500,4566,82189,54558,25769,1862,0.663811,4515,51,0.988830,4650,2335.9109,1796182.7369,10665769,195.4941,11.948752
226,20,StronglyCorrelated,scaled,5415,42,270.7500,5416,97489,60558,34466,2465,0.621178,5399,17,0.996861,5498,2750.8844,2539346.0121,14898790,246.0251,11.181315
227,20,StronglyCorrelated,scaled,5704,42,285.2000,5705,102691,68270,32343,2078,0.664810,5607,98,0.982822,5782,2896.7143,2798395.0062,16525755,242.0647,11.966696
228,20,StronglyCorrelated,scaled,5019,42,250.9500,5020,90361,57915,30458,1988,0.640929,4985,35,0.993028,5096,2559.8048,2161653.2738,12850220,221.8807,11.536853
229,20,StronglyCorrelated,scaled,4120,42,206.0000,4121,74180,46998,25005,2177,0.633567,4085,36,0.991264,4187,2101.7765,1458741.6465,8661421,184.2934,11.404513
230,20,StronglyCorrelated,scaled,4903,42,245.1500,4904,88274,61949,24306,2019,0.701781,4883,21,0.995718,4973,2495.9144,2061744.7614,12239964,197.5813,12.632341
231,20,StronglyCorrelated,scaled,3413,42,170.6500,3414,61454,39875,19534,2045,0.648859,3397,17,0.995021,3492,1754.7654,1019062.0390,5990769,150.2387,11.679848
232,20,StronglyCorrelated,scaled,4125,42,206.2500,4126,74269,47273,24975,2021,0.636511,4067,59,0.985700,4198,2108.3800,1472614.0970,8699176,184.0200,11.457344
233,20,StronglyCorrelated,scaled,4267,42,213.3500,4268,76826,50382,24740,1704,0.655794,4233,35,0.991799,4356,2192.6584,1576473.9391,9358266,185.7462,11.804592
234,20,StronglyCorrelated,scaled,4138,42,206.9000,4139,74504,49735,22663,2106,0.667548,4134,5,0.998792,4228,2128.0290,1485086.5133,8807912,177.0969,12.016187
235,20,StronglyCorrelated,scaled,5258,42,262.9000,5259,94664,67836,25015,1813,0.716598,5242,17,0.996767,5345,2683.0097,2377789.7970,14109948,208.0009,12.899030
236,20,StronglyCorrelated,scaled,4111,42,205.5500,4112,74017,48349,23541,2127,0.653215,4085,27,0.993434,4209,2115.1279,1465889.6962,8697406,179.8880,11.758025
237,20,StronglyCorrelated,scaled,4991,42,249.5500,4992,89857,59709,27879,2269,0.664489,4990,2,0.999599,5079,2546.0389,2159533.3547,12709826,212.8628,11.960938
238,20,StronglyCorrelated,scaled,4071,42,203.5500,4072,73298,50637,21127,1534,0.690837,4023,49,0.987967,4167,2095.8200,1438245.3917,8534179,168.5364,12.435413
239,20,StronglyCorrelated,scaled,4465,42,223.2500,4466,80390,54385,23835,2170,0.676514,4459,7,0.998433,4544,2284.6449,1716592.7834,10203224,187.6110,12.177564
240,20,StronglyCorrelated,scaled,4536,42,226.8000,4537,81668,51831,27847,1990,0.634655,4495,42,0.990743,4613,2316.5219,1771246.1349,10510060,202.7756,11.424069
241,20,StronglyCorrelated,scaled,5270,42,263.5000,5271,94880,59157,34064,1659,0.623493,5141,130,0.975337,5365,2690.9380,2408196.1917,14183934,239.7676,11.223108
242,20,StronglyCorrelated,scaled,4740,42,237.0000,4741,85340,52890,29590,2860,0.619756,4736,5,0.998945,4801,2404.0129,1925963.4525,11397425,215.4930,11.155874
243,20,StronglyCorrelated,scaled,5590,42,279.5000,5591,100640,60934,36443,3263,0.605465,5494,97,0.982651,5652,2832.4370,2670556.9454,15836155,259.8903,10.898587
244,20,StronglyCorrelated,scaled,4461,42,223.0500,4462,80317,48847,28843,2627,0.608178,4447,15,0.996638,4519,2263.8996,1707435.8061,10101520,206.7992,10.947333
245,20,StronglyCorrelated,scaled,5201,42,260.0500,5202,93637,60090,29876,3671,0.641734,5150,52,0.990004,5277,2644.1788,2327712.6366,13755018,228.9069,11.551326
246,20,StronglyCorrelated,scaled,5189,42,259.4500,5190,93421,59004,31258,3159,0.631592,5131,59,0.988632,5260,2638.1118,2305235.2549,13691800,232.0487,11.368786
247,20,StronglyCorrelated,scaled,4016,42,200.8000,4017,72307,48516,22299,1492,0.670972,4015,2,0.999502,4104,2064.3062,1403232.0163,8292318,170.9192,12.077670
248,20,StronglyCorrelated,scaled,5536,42,276.8000,5537,99668,63189,33212,3267,0.633995,5449,88,0.984107,5617,2813.5597,2628073.4500,15578680,246.5410,11.412137
249,20,StronglyCorrelated,scaled,5231,42,261.5500,5232,94177,58788,32882,2507,0.624229,5157,75,0.985665,5321,2671.4392,2358778.7643,13976970,237.7521,11.236239
250,20,StronglyCorrelated,scaled,5347,42,267.3500,5348,96265,59703,33943,2619,0.620194,5303,45,0.991586,5429,2723.2487,2458102.5631,14563934,243.9397,11.163613
251,20,StronglyCorrelated,scaled,4553,42,227.6500,4554,81974,50989,28404,2581,0.622014,4545,9,0.998024,4638,2328.2872,1792383.0449,10603020,207.9472,11.196531
252,20,StronglyCorrelated,scaled,4651,42,232.5500,4652,83737,54310,27676,1751,0.648578,4627,25,0.994626,4734,2381.2962,1861299.1728,11077790,203.9733,11.674549
253,20,StronglyCorrelated,scaled,4964,42,248.2000,4965,89371,55021,31529,2821,0.615647,4933,32,0.993555,5048,2539.9728,2126087.4569,12610965,229.2028,11.081772
254,20,StronglyCorrelated,scaled,4439,42,221.9500,4440,79921,50864,27099,1958,0.636428,4400,40,0.990991,4513,2263.1376,1696098.0191,10048331,197.5529,11.455856
255,20,StronglyCorrelated,scaled,5408,42,270.4000,5409,97364,60946,33666,2752,0.625960,5363,46,0.991496,5498,2759.8835,2522171.6503,14928210,244.9416,11.267517
256,20,StronglyCorrelated,scaled,5099,42,254.9500,5100,91801,59680,29574,2547,0.650102,5037,63,0.987647,5173,2596.9545,2231761.5517,13244468,221.9247,11.701961
257,20,StronglyCorrelated,scaled,5576,42,278.8000,5577,100388,60716,36261,3411,0.604813,5503,74,0.986731,5666,2843.0066,2674489.2162,15855448,261.1412,10.886857
258,20,StronglyCorrelated,scaled,4824,42,241.2000,4825,86851,55414,29181,2256,0.638035,4795,30,0.993782,4896,2457.2110,2002927.0738,11856043,213.9539,11.484767
259,20,StronglyCorrelated,scaled,7164,42,358.2000,7165,128972,80374,44612,3986,0.623190,7099,66,0.990789,7243,3614.7524,4443350.3314,25899701,322.2398,11.217585
260,20,StronglyCorrelated,scaled,5878,42,293.9000,5879,105824,67344,35609,2871,0.636377,5767,112,0.980949,5940,2978.3894,2954240.6657,17509951,260.0076,11.455009
261,20,StronglyCorrelated,scaled,5707,42,285.3500,5708,102745,64209,36179,2357,0.624936,5669,39,0.993167,5789,2905.9653,2790103.2742,16587250,258.3322,11.248949
262,20,StronglyCorrelated,scaled,5281,42,264.0500,5282,95078,58108,33082,3888,0.611161,5180,102,0.980689,5346,2676.7872,2390723.5564,14138790,243.3192,11.001136
263,20,StronglyCorrelated,scaled,4701,42,235.0500,4702,84638,50487,31307,2844,0.596505,4689,13,0.997235,4786,2399.3186,1914401.8653,11281596,223.4555,10.737346
264,20,StronglyCorrelated,scaled,6320,42,316.0000,6321,113780,68242,41941,3597,0.599771,6315,6,0.999051,6396,3200.4113,3431150.1529,20229800,296.4421,10.796077
265,20,StronglyCorrelated,scaled,5217,42,260.8500,5218,93926,54474,36554,2898,0.579967,5136,82,0.984285,5300,2652.2144,2355838.3846,13839255,254.0525,10.439632
266,20,StronglyCorrelated,scaled,6240,42,312.0000,6241,112339,73662,35913,2764,0.655712,6110,131,0.979010,6314,3157.4179,3349369.9388,19705445,267.5117,11.802916
267,20,StronglyCorrelated,scaled,4461,42,223.0500,4462,80318,56345,21679,2294,0.701524,4332,130,0.970865,4533,2274.2837,1722094.9639,10147854,180.1021,12.627745
268,20,StronglyCorrelated,scaled,5376,42,268.8000,5377,96788,61031,33770,1987,0.630564,5344,33,0.993863,5464,2743.5254,2484359.0383,14751936,241.7122,11.350381
269,20,StronglyCorrelated,scaled,5187,42,259.3500,5188,93385,56390,33639,3356,0.603844,5184,4,0.999229,5249,2627.5490,2311881.7179,13631724,241.7401,10.869314
270,20,StronglyCorrelated,scaled,5249,42,262.4500,5250,94501,53380,38422,2699,0.564862,5150,100,0.980952,5323,2666.5952,2376716.7640,13999625,262.2635,10.167619
271,20,StronglyCorrelated,scaled,5609,42,280.4500,5610,100981,61218,36592,3171,0.606233,5573,37,0.993405,5685,2848.0654,2706817.2868,15977647,260.9959,10.912299
272,20,StronglyCorrelated,scaled,4144,42,207.2000,4145,74611,46061,26420,2130,0.617349,4103,42,0.989867,4215,2114.4593,1483205.9145,8764434,190.2788,11.112425
273,20,StronglyCorrelated,scaled,5462,42,273.1000,5463,98335,56395,39267,2673,0.573499,5222,241,0.955885,5540,2767.6828,2601852.8485,15119851,268.1062,10.323083
274,20,StronglyCorrelated,scaled,5512,42,275.6000,5513,99236,60990,35533,2713,0.614596,5506,7,0.998730,5596,2804.1596,2611554.3573,15459332,253.4732,11.062942
275,20,StronglyCorrelated,scaled,6060,42,303.0000,6061,109099,68050,38536,2513,0.623745,6035,26,0.995710,6140,3080.3917,3148792.2742,18670254,274.3608,11.227520
276,20,StronglyCorrelated,scaled,5609,42,280.4500,5610,100982,64801,33664,2517,0.641708,5537,73,0.986988,5702,2861.4560,2711130.7140,16052768,247.7241,11.550980
277,20,StronglyCorrelated,scaled,4587,42,229.3500,4588,82586,55528,25205,1853,0.672366,4561,27,0.994115,4686,2358.6079,1825260.6381,10821293,194.8799,12.102877
278,20,StronglyCorrelated,scaled,4199,42,209.9500,4200,75601,49315,23551,2735,0.652306,4180,20,0.995238,4276,2144.6476,1526157.7758,9007520,182.6527,11.741667
279,20,StronglyCorrelated,scaled,4377,42,218.8500,4378,78806,46328,30925,1553,0.587874,4344,34,0.992234,4452,2236.2798,1650418.7758,9790433,211.3286,10.582001
280,20,StronglyCorrelated,scaled,4900,42,245.0000,4901,88219,50666,34609,2944,0.574321,4827,74,0.984901,4980,2497.2406,2076089.7922,12238976,241.5619,10.337890
281,20,StronglyCorrelated,scaled,4944,42,247.2000,4945,89012,55517,31409,2086,0.623702,4932,13,0.997371,5019,2523.0259,2088239.5039,12476363,224.7305,11.226896
282,20,StronglyCorrelated,scaled,5303,42,265.1500,5304,95473,52521,40159,2793,0.550114,5280,24,0.995475,5380,2694.4135,2420956.0992,14291169,272.1039,9.902149
283,20,StronglyCorrelated,scaled,5038,42,251.9000,5039,90703,53974,34122,2607,0.595063,4992,47,0.990673,5127,2573.2399,2180989.4644,12966556,240.2371,10.711252
284,20,StronglyCorrelated,scaled,5664,42,283.2000,5665,101971,59961,37768,4242,0.588020,5568,97,0.982877,5743,2874.9993,2760202.3435,16286871,271.6244,10.584466
285,20,StronglyCorrelated,scaled,4545,42,227.2500,4546,81829,53986,25778,2065,0.659742,4487,59,0.987022,4623,2323.3594,1780412.0138,10561992,195.6432,11.875495
286,20,StronglyCorrelated,scaled,5137,42,256.8500,5138,92485,62018,27695,2772,0.670574,5122,16,0.996886,5213,2615.9410,2260222.7165,13440705,216.7226,12.070455
287,20,StronglyCorrelated,scaled,4945,42,247.2500,4946,89030,58513,27221,3296,0.657228,4900,46,0.990700,5030,2529.0206,2096276.1771,12508536,213.7736,11.830368
288,20,StronglyCorrelated,scaled,6178,42,308.9000,6179,111224,61621,46159,3444,0.554026,6142,37,0.994012,6254,3131.1259,3268326.3709,19347227,313.9713,9.972649
289,20,StronglyCorrelated,scaled,6198,42,309.9000,6199,111584,67974,41683,1927,0.609173,6073,126,0.979674,6278,3137.6364,3316426.0239,19450208,286.1419,10.965317
290,20,StronglyCorrelated,scaled,5079,42,253.9500,5080,91441,58244,30734,2463,0.636957,5048,32,0.993701,5160,2588.5380,2229196.1108,13149773,225.7704,11.465354
291,20,StronglyCorrelated,scaled,4969,42,248.4500,4970,89462,57794,29786,1882,0.646017,4961,9,0.998189,5055,2541.9956,2130353.8125,12633718,218.5991,11.628571
292,20,StronglyCorrelated,scaled,5643,42,282.1500,5644,101593,65262,33333,2998,0.642387,5592,52,0.990787,5736,2874.2573,2754406.6606,16222308,248.5720,11.563076
293,20,StronglyCorrelated,scaled,4733,42,236.6500,4734,85214,54070,28568,2576,0.634520,4681,53,0.988804,4815,2416.7974,1935607.7885,11441119,211.5983,11.421631
294,20,StronglyCorrelated,scaled,6583,42,329.1500,6584,118513,68093,46551,3869,0.574561,6497,87,0.986786,6670,3340.1116,3724473.4877,21991295,322.9597,10.342193
295,20,StronglyCorrelated,scaled,3703,42,185.1500,3704,66674,39586,25186,1902,0.593725,3702,2,0.999460,3784,1897.2038,1206196.1029,7027243,177.5184,10.687365
296,20,StronglyCorrelated,scaled,5411,42,270.5500,5412,97417,56763,38700,1954,0.582681,5266,146,0.973023,5497,2752.1404,2539787.7349,14894584,262.3995,10.488359
297,20,StronglyCorrelated,scaled,4740,42,237.0000,4741,85340,55121,27200,3019,0.645899,4733,8,0.998313,4822,2420.3162,1935224.1268,11474719,208.1733,11.626450
298,20,StronglyCorrelated,scaled,4984,42,249.2000,4985,89732,56438,30711,2583,0.628962,4972,13,0.997392,5066,2543.0465,2140020.5090,12677087,224.6197,11.321565
299,20,StronglyCorrelated,scaled,5320,42,266.0000,5321,95780,62192,31846,1742,0.649321,5269,52,0.990227,5425,2721.4520,2457176.7837,14480846,232.8410,11.688029
300,20,InverseCorrelated,scaled,5834,42,291.7000,5835,105032,66931,38101,0,0.637244,5817,18,0.996915,7504,5362.6509,2998741.2137,31291068,467.5123,11.470608
301,20,InverseCorrelated,scaled,5335,42,266.7500,5336,96050,71363,24687,0,0.742978,5311,25,0.995315,8733,6362.2076,3547517.3864,33948740,475.7191,13.373876
302,20,InverseCorrelated,scaled,4361,42,218.0500,4362,78518,54627,23891,0,0.695726,4357,5,0.998854,9893,7232.7685,4221035.4251,31549336,577.5411,12.523384
303,20,InverseCorrelated,scaled,4353,42,217.6500,4354,78373,55109,23264,0,0.703163,4324,30,0.993110,9723,7178.7193,4584215.6093,31256144,567.1695,12.657097
304,20,InverseCorrelated,scaled,6541,42,327.0500,6542,117758,72661,45097,0,0.617037,6504,38,0.994191,6608,5217.4358,1944471.6681,34132465,469.7495,11.106848
305,20,InverseCorrelated,scaled,5784,42,289.2000,5785,104131,73448,30683,0,0.705342,5755,30,0.994814,7921,6194.9362,3405221.4685,35837706,487.9330,12.696283
306,20,InverseCorrelated,scaled,5285,42,264.2500,5286,95149,66327,28822,0,0.697086,5237,49,0.990730,7947,5444.6022,3900643.4348,28780167,433.9133,12.547673
307,20,InverseCorrelated,scaled,5965,42,298.2500,5966,107389,72147,35242,0,0.671829,5919,47,0.992122,6734,5044.5662,2322363.6704,30095882,417.1467,12.093027
308,20,InverseCorrelated,scaled,4855,42,242.7500,4856,87409,63082,24327,0,0.721688,4854,2,0.999588,9199,6817.3392,3108999.1426,33104999,524.7931,12.990527
309,20,InverseCorrelated,scaled,5292,42,264.6000,5293,95276,71292,23984,0,0.748268,5292,1,0.999811,8435,6451.8339,3185844.6327,34149557,479.0097,13.469110
310,20,InverseCorrelated,scaled,5562,42,278.1000,5563,100135,69347,30788,0,0.692535,5526,37,0.993349,8144,6297.3076,2998040.4582,35031922,505.1685,12.465756
311,20,InverseCorrelated,scaled,4573,42,228.6500,4574,82334,61457,20779,98,0.746435,4573,1,0.999781,9845,7715.0450,4508013.8992,35288616,574.2001,13.436161
312,20,InverseCorrelated,scaled,4892,42,244.6000,4893,88076,67695,20125,256,0.768598,4861,32,0.993460,9532,6910.5467,5466365.6940,33813305,499.4949,13.835071
313,20,InverseCorrelated,scaled,5341,42,267.0500,5342,96157,60753,35404,0,0.631810,5301,41,0.992325,8944,6733.4616,4175958.3155,35970152,592.0720,11.372707
314,20,InverseCorrelated,scaled,4889,42,244.4500,4890,88021,60438,27583,0,0.686632,4832,58,0.988139,9402,7347.8004,3985067.3630,35930744,594.5058,12.359509
315,20,InverseCorrelated,scaled,4408,42,220.4000,4409,79364,57283,22081,0,0.721776,4394,15,0.996598,9960,7073.4035,4864458.5628,31186636,544.4309,12.992289
316,20,InverseCorrelated,scaled,5266,42,263.3000,5267,94807,62134,32673,0,0.655374,5228,39,0.992595,8403,6586.2369,3687712.0711,34689710,558.3048,11.796848
317,20,InverseCorrelated,scaled,4882,42,244.1000,4883,87896,58353,29366,177,0.663887,4865,18,0.996314,8616,6376.3885,3584052.2277,31135905,533.5785,11.950236
318,20,InverseCorrelated,scaled,4608,42,230.4000,4609,82963,57496,25467,0,0.693032,4601,8,0.998264,9684,7146.8418,4018832.2768,32939794,572.9058,12.474723
319,20,InverseCorrelated,scaled,4294,42,214.7000,4295,77311,53921,23390,0,0.697456,4226,69,0.983935,9819,6415.1197,6624969.2355,27552939,510.9872,12.554366
320,20,InverseCorrelated,scaled,5121,42,256.0500,5122,92198,66166,26032,0,0.717651,5106,16,0.996876,8530,6560.0636,4041697.9456,33600646,507.8234,12.918001
321,20,InverseCorrelated,scaled,4588,42,229.4000,4589,82604,56550,26054,0,0.684592,4586,3,0.999346,9594,6449.3079,5231277.1353,29595874,523.3576,12.322946
322,20,InverseCorrelated,scaled,5334,42,266.7000,5335,96032,63939,32093,0,0.665809,5298,37,0.993065,8828,6754.3295,4086799.3103,36034348,563.5738,11.984817
323,20,InverseCorrelated,scaled,6496,42,324.8000,6497,116948,76267,40681,0,0.652145,6472,25,0.996152,5929,4572.3029,1195698.0486,29706252,389.5034,11.738803
324,20,InverseCorrelated,scaled,5582,42,279.1000,5583,100495,67364,33131,0,0.670322,5529,54,0.990328,7838,5563.3172,3612803.9988,31060000,461.0771,12.065914
325,20,InverseCorrelated,scaled,4197,42,209.8500,4198,75565,51771,23794,0,0.685119,4185,13,0.996903,9974,6788.9021,6032572.3804,28499811,550.4976,12.332301
326,20,InverseCorrelated,scaled,4745,42,237.2500,4746,85430,56536,28894,0,0.661782,4727,19,0.995997,8834,6646.5274,3382069.7334,31544419,557.9528,11.912347
327,20,InverseCorrelated,scaled,5660,42,283.0000,5661,101900,63885,37160,855,0.626938,5581,80,0.985868,7557,5393.0705,2932739.5681,30530172,477.8927,11.285109
328,20,InverseCorrelated,scaled,5647,42,282.3500,5648,101666,72433,29233,0,0.712460,5601,47,0.991678,7539,5695.6181,2955532.6011,32168851,444.1187,12.824540
329,20,InverseCorrelated,scaled,5104,42,255.2000,5105,91891,68307,23584,0,0.743348,5045,60,0.988247,9006,6894.4625,4317134.2380,35196231,515.2654,13.380411
330,20,InverseCorrelated,scaled,4420,42,221.0000,4421,79580,59441,20139,0,0.746934,4394,27,0.993893,9946,7518.3307,4282953.3849,33238540,559.1854,13.445148
331,20,InverseCorrelated,scaled,4848,42,242.4000,4849,87283,70450,16833,0,0.807145,4848,1,0.999794,9558,7833.0289,3392610.0243,37982357,539.1392,14.528769
332,20,InverseCorrelated,scaled,5443,42,272.1500,5444,97993,71192,26801,0,0.726501,5405,39,0.992836,8771,7096.0709,4135172.5751,38631010,542.6313,13.077149
333,20,InverseCorrelated,scaled,3891,42,194.5500,3892,70058,42993,27065,0,0.613677,3815,77,0.980216,10362,6841.7980,6996822.2120,26628278,619.3631,11.046506
334,20,InverseCorrelated,scaled,6055,42,302.7500,6056,109010,70638,38372,0,0.647996,6007,49,0.991909,6665,5028.3833,1832224.6948,30451889,431.0978,11.664135
335,20,InverseCorrelated,scaled,4699,42,234.9500,4700,84601,61376,23225,0,0.725476,4687,13,0.997234,9923,7895.6864,3389143.7965,37109726,604.6293,13.058723
336,20,InverseCorrelated,scaled,4310,42,215.5000,4311,77599,58051,19323,225,0.748090,4230,81,0.981211,9723,6504.4296,6302027.9175,28040596,483.0338,13.465785
337,20,InverseCorrelated,scaled,4941,42,247.0500,4942,88957,65358,23599,0,0.734715,4941,1,0.999798,9538,7765.5210,3008890.9663,38377205,587.1845,13.225010
338,20,InverseCorrelated,scaled,5255,42,262.7500,5256,94610,71287,23323,0,0.753483,5250,6,0.998858,8765,6807.6221,3467538.8896,35780862,501.9269,13.562976
339,20,InverseCorrelated,scaled,5196,42,259.8000,5197,93547,64278,28837,432,0.687120,5167,30,0.994227,8416,6489.8286,3022022.0705,33727639,524.7151,12.368289
340,20,InverseCorrelated,scaled,4345,42,217.2500,4346,78229,55307,22737,185,0.706988,4310,36,0.991717,9950,7594.1243,4653859.0863,33004064,596.7430,12.725955
341,20,InverseCorrelated,scaled,5591,42,279.5500,5592,100657,66334,34323,0,0.659010,5569,23,0.995887,8048,5966.0492,3136974.7814,33362147,502.9419,11.862303
342,20,InverseCorrelated,scaled,4725,42,236.2500,4726,85069,62521,22548,0,0.734945,4717,9,0.998096,9869,7477.4953,4685735.2411,35338643,565.2284,13.229158
343,20,InverseCorrelated,scaled,4123,42,206.1500,4124,74233,56120,18113,0,0.755998,4102,22,0.994665,10398,7513.0514,6851230.8165,30983824,552.0995,13.608147
344,20,InverseCorrelated,scaled,6372,42,318.6000,6373,114716,69288,45428,0,0.603996,6354,19,0.997019,6743,5164.6824,1948380.0174,32914521,475.0393,10.872117
345,20,InverseCorrelated,scaled,6565,42,328.2500,6566,118190,70996,47194,0,0.600694,6520,46,0.992994,6025,4625.5161,1643647.5239,30371139,427.7866,10.812671
346,20,InverseCorrelated,scaled,5289,42,264.4500,5290,95221,64365,30856,0,0.675954,5276,14,0.997353,8186,6352.6367,2970932.9289,33605448,522.1075,12.167297
347,20,InverseCorrelated,scaled,5536,42,276.8000,5537,99668,67396,32272,0,0.676205,5523,14,0.997472,7949,5702.5503,3640240.5635,31575021,468.4999,12.171934
348,20,InverseCorrelated,scaled,5204,42,260.2000,5205,93691,63811,29880,0,0.681079,5178,27,0.994813,9042,6893.4369,3685636.3275,35880339,562.2908,12.259558
349,20,InverseCorrelated,scaled,4956,42,247.8000,4957,89227,61832,27395,0,0.692974,4864,93,0.981239,9400,6859.0038,5248527.2473,34000082,549.8784,12.473674
350,20,InverseCorrelated,scaled,5811,42,290.5500,5812,104618,74012,30606,0,0.707450,5810,2,0.999656,7706,5897.8255,2983056.6227,34278162,463.1433,12.734343
351,20,InverseCorrelated,scaled,5206,42,260.3000,5207,93728,60892,32836,0,0.649667,5088,119,0.977146,8219,5905.4968,4345864.5258,30749922,504.9912,11.694258
352,20,InverseCorrelated,scaled,4437,42,221.8500,4438,79886,54667,25219,0,0.684313,4396,42,0.990536,9092,6165.7846,5399322.9622,27363752,500.5534,12.317936
353,20,InverseCorrelated,scaled,4686,42,234.3000,4687,84367,64102,20265,0,0.759799,4569,118,0.974824,9433,5837.2637,6761125.5669,27359255,426.8081,13.676552
354,20,InverseCorrelated,scaled,4739,42,236.9500,4740,85322,60097,25225,0,0.704355,4722,18,0.996203,9740,6966.1918,5396607.8086,33019749,549.4409,12.678692
355,20,InverseCorrelated,scaled,5077,42,253.8500,5078,91406,65387,26019,0,0.715347,4943,135,0.973415,8004,5389.6083,4025157.5372,27368431,418.5607,12.876526
356,20,InverseCorrelated,scaled,5432,42,271.6000,5433,97795,67428,30367,0,0.689483,5411,22,0.995951,8218,6039.7123,3205695.2029,32813757,486.6488,12.410823
357,20,InverseCorrelated,scaled,5365,42,268.2500,5366,96590,63856,32734,0,0.661104,5332,34,0.993664,8666,6311.5762,3091385.6355,33867918,530.3796,11.900112
358,20,InverseCorrelated,scaled,4386,42,219.3000,4387,78968,60334,18634,0,0.764031,4365,22,0.994985,10162,7698.6061,5013983.1086,33773785,559.7803,13.752906
359,20,InverseCorrelated,scaled,5882,42,294.1000,5883,105896,65626,40270,0,0.619721,5828,55,0.990651,7376,4876.4843,4026151.7718,28688357,437.1493,11.155193
360,20,InverseCorrelated,scaled,5939,42,296.9500,5940,106921,67409,39512,0,0.630456,5836,104,0.982492,7284,5149.4714,3644143.5913,30587860,453.7652,11.348316
361,20,InverseCorrelated,scaled,5435,42,271.7500,5436,97849,71046,26803,0,0.726078,5394,42,0.992274,7943,5989.7206,3170357.3688,32560121,458.2963,13.069536
362,20,InverseCorrelated,scaled,5006,42,250.3000,5007,90128,60249,29879,0,0.668483,4867,140,0.972039,8496,5889.5902,5256056.0789,29489178,489.4551,12.032954
363,20,InverseCorrelated,scaled,3535,42,176.7500,3536,63650,47336,16314,0,0.743692,3524,12,0.996606,10797,7298.1273,7931995.7168,25806178,545.1702,13.386878
364,20,InverseCorrelated,scaled,3922,42,196.1000,3923,70615,49916,20699,0,0.706875,3904,19,0.995157,10682,8609.4525,4669784.0642,33774882,676.6344,12.723936
365,20,InverseCorrelated,scaled,5422,42,271.1000,5423,97616,70622,26994,0,0.723467,5399,24,0.995574,8643,6519.1566,3145075.8879,35353386,500.6002,13.022681
366,20,InverseCorrelated,scaled,5493,42,274.6500,5494,98894,59866,39028,0,0.605355,5436,58,0.989443,7547,4910.2093,3797021.3581,26976690,450.6179,10.896614
367,20,InverseCorrelated,scaled,4303,42,215.1500,4304,77474,56147,21327,0,0.724721,4244,60,0.986059,10018,6991.4105,6713356.0296,30091031,535.9330,13.045307
368,20,InverseCorrelated,scaled,4165,42,208.2500,4166,74989,54291,20698,0,0.723986,4151,15,0.996399,10172,7688.4395,4933554.7317,32030039,589.9696,13.031925
369,20,InverseCorrelated,scaled,5247,42,262.3500,5248,94465,69883,24582,0,0.739777,5243,5,0.999047,9078,7458.3302,2863202.6141,39141317,560.0978,13.316120
370,20,InverseCorrelated,scaled,4594,42,229.7000,4595,82712,59206,23506,0,0.715809,4463,132,0.971273,9704,6320.7534,7233156.7564,29043862,490.5561,12.884875
371,20,InverseCorrelated,scaled,4902,42,245.1000,4903,88255,59886,28369,0,0.678556,4856,47,0.990414,9283,6824.7936,4937868.3094,33461963,558.7610,12.214155
372,20,InverseCorrelated,scaled,5468,42,273.4000,5469,98444,68141,30303,0,0.692180,5463,6,0.998903,8072,6167.9901,3251709.1047,33732738,495.0432,12.459499
373,20,InverseCorrelated,scaled,5098,42,254.9000,5099,91783,64714,27069,0,0.705076,5024,75,0.985291,8137,5797.2954,3649988.9263,29560409,456.7854,12.691508
374,20,InverseCorrelated,scaled,4080,42,204.0000,4081,73459,50569,22264,626,0.688398,4078,3,0.999265,10229,7215.5719,5512543.4872,29446749,582.3083,12.391326
375,20,InverseCorrelated,scaled,4861,42,243.0500,4862,87517,55493,32024,0,0.634083,4818,44,0.990950,9322,6347.9200,4116693.1649,30863587,556.1708,11.413616
376,20,InverseCorrelated,scaled,5535,42,276.7500,5536,99649,65636,32916,1097,0.658672,5487,49,0.991149,7584,5180.5296,2899749.9066,28679412,436.9464,11.856214
377,20,InverseCorrelated,scaled,4951,42,247.5500,4952,89137,60348,28789,0,0.677025,4940,12,0.997577,9211,6871.6741,3828738.9362,34028530,563.8717,12.186591
378,20,InverseCorrelated,scaled,5240,42,262.0000,5241,94339,64821,29518,0,0.687107,5134,107,0.979584,8222,5487.3814,4816683.4773,28759366,443.6736,12.368060
379,20,InverseCorrelated,scaled,4075,42,203.7500,4076,73369,58284,15085,0,0.794395,4064,12,0.997056,11051,9202.9480,3657621.2353,37511216,643.5937,14.299313
380,20,InverseCorrelated,scaled,5727,42,286.3500,5728,103106,67978,35128,0,0.659302,5639,89,0.984462,7521,5639.4335,3043557.1827,32302675,475.1931,11.867668
381,20,InverseCorrelated,scaled,4362,42,218.1000,4363,78535,51177,26860,498,0.651646,4317,46,0.989457,9743,6604.3298,5024551.8800,28814691,563.0399,11.729773
382,20,InverseCorrelated,scaled,4199,42,209.9500,4200,75601,49044,26557,0,0.648722,4177,23,0.994524,9255,6796.9838,4818222.1055,28547332,582.0759,11.677143
383,20,InverseCorrelated,scaled,5459,42,272.9500,5460,98281,70839,27442,0,0.720780,5452,8,0.998535,8565,7379.1879,1466976.7511,40290366,568.7597,12.974176
384,20,InverseCorrelated,scaled,4596,42,229.8000,4597,82747,58200,24547,0,0.703349,4537,60,0.986948,9895,6963.9176,6084541.5775,32013129,550.0538,12.660431
385,20,InverseCorrelated,scaled,5591,42,279.5500,5592,100658,62504,38154,0,0.620954,5572,20,0.996423,7815,5951.6354,3081465.5954,33281545,532.4706,11.177396
386,20,InverseCorrelated,scaled,4110,42,205.5000,4111,74000,50036,23964,0,0.676162,4071,40,0.990270,10482,8130.0275,5608495.0980,33422543,667.9699,12.171248
387,20,InverseCorrelated,scaled,5556,42,277.8000,5557,100028,68230,31798,0,0.682109,5550,7,0.998740,7748,5869.2266,3092913.3248,32615292,478.0198,12.278208
388,20,InverseCorrelated,scaled,3163,42,158.1500,3164,56954,40304,16594,56,0.707659,3157,7,0.997788,12312,9279.5661,7247901.5655,29360547,728.4772,12.738306
389,20,InverseCorrelated,scaled,5043,42,252.1500,5044,90793,66043,24750,0,0.727402,4992,52,0.989691,8588,6477.4857,4150579.4615,32672438,494.7146,13.093378
390,20,InverseCorrelated,scaled,6391,42,319.5500,6392,115057,74688,40369,0,0.649139,6388,4,0.999374,6748,5461.4033,1080451.9719,34909290,467.4016,11.684606
391,20,InverseCorrelated,scaled,5957,42,297.8500,5958,107245,78467,28778,0,0.731661,5908,50,0.991608,6638,4812.8904,2322157.1825,28675201,365.4428,13.170023
392,20,InverseCorrelated,scaled,5030,42,251.5000,5031,90559,58481,32078,0,0.645778,4898,133,0.973564,8469,6054.4991,4827013.1031,30460185,520.8561,11.624130
393,20,InverseCorrelated,scaled,4026,42,201.3000,4027,72487,52002,20125,360,0.717398,3962,65,0.983859,11149,7648.1045,8620078.4293,30798917,592.2641,12.913335
394,20,InverseCorrelated,scaled,5266,42,263.3000,5267,94808,72617,22191,0,0.765937,5211,56,0.989368,8246,6011.8073,3592158.0660,31664189,436.0438,13.787165
395,20,InverseCorrelated,scaled,4964,42,248.2000,4965,89372,64034,25338,0,0.716488,4950,15,0.996979,8646,6368.8393,3238020.9953,31621287,493.8203,12.897080
396,20,InverseCorrelated,scaled,6042,42,302.1000,6043,108775,74388,34387,0,0.683870,6038,5,0.999173,7320,5433.9032,2976247.6257,32837077,441.4298,12.309780
397,20,InverseCorrelated,scaled,5429,42,271.4500,5430,97742,64862,32880,0,0.663604,5340,90,0.983425,8655,5712.2225,5925474.5704,31017368,478.2055,11.945120
398,20,InverseCorrelated,scaled,6122,42,306.1000,6123,110215,69122,41093,0,0.627156,6092,31,0.994937,7161,5154.6770,3032352.0746,31562087,456.6142,11.288911
399,20,InverseCorrelated,scaled,4632,42,231.6000,4633,83395,64867,18528,0,0.777828,4604,29,0.993741,9664,7344.9538,4662808.3143,34029171,524.5991,14.001079
400,20,AlmostEqualRatios,scaled,5242,42,262.1000,5243,94375,48978,44936,461,0.518972,5115,128,0.975586,5422,2724.1488,2482364.6767,14282712,291.6148,9.341598
401,20,AlmostEqualRatios,scaled,5097,42,254.8500,5098,91766,48457,42642,667,0.528050,5079,19,0.996273,5327,2682.5290,2381762.2154,13675533,282.2200,9.505100
402,20,AlmostEqualRatios,scaled,6855,42,342.7500,6856,123410,62339,60919,152,0.505137,6839,17,0.997520,7013,3546.6733,4187393.2421,24315992,390.0607,9.092620
403,20,AlmostEqualRatios,scaled,5917,42,295.8500,5918,106525,64340,40375,1810,0.603990,5831,87,0.985299,6172,3116.9777,3205134.7555,18446274,286.6999,10.871916
404,20,AlmostEqualRatios,scaled,5505,42,275.2500,5506,99109,59188,39348,573,0.597201,5447,59,0.989284,5834,2925.1008,2865437.8999,16105605,272.1093,10.749728
405,20,AlmostEqualRatios,scaled,5401,42,270.0500,5402,97238,55842,40003,1393,0.574282,5385,17,0.996853,5690,2860.2397,2725392.3437,15451015,276.6916,10.337282
406,20,AlmostEqualRatios,scaled,3429,42,171.4500,3430,61741,35089,26190,462,0.568326,3398,32,0.990671,3570,1812.3953,1079830.3236,6216516,177.1642,10.230029
407,20,AlmostEqualRatios,scaled,5047,42,252.3500,5048,90866,54545,35869,452,0.600280,5005,43,0.991482,5228,2636.6101,2301128.8421,13309608,244.0115,10.805269
408,20,AlmostEqualRatios,scaled,5219,42,260.9500,5220,93962,54907,38762,293,0.584353,5170,50,0.990421,5530,2781.6609,2588160.9253,14520270,264.4521,10.518582
409,20,AlmostEqualRatios,scaled,4456,42,222.8000,4457,80227,40218,39540,469,0.501303,4385,72,0.983846,4555,2319.4615,1759970.7821,10337840,257.0451,9.023558
410,20,AlmostEqualRatios,scaled,5418,42,270.9000,5419,97543,73095,24112,336,0.749362,5405,14,0.997416,5728,2883.4145,2783032.3719,15625223,213.7660,13.488651
411,20,AlmostEqualRatios,scaled,5334,42,266.7000,5335,96031,49780,46007,244,0.518374,5294,41,0.992315,5465,2786.8888,2519974.2341,14868052,298.6752,9.330834
412,20,AlmostEqualRatios,scaled,5542,42,277.1000,5543,99775,61570,37438,767,0.617088,5464,79,0.985748,5559,2812.5654,2604322.4669,15590050,253.2085,11.107703
413,20,AlmostEqualRatios,scaled,3876,42,193.8000,3877,69787,41251,27814,722,0.591099,3867,10,0.997421,4130,2084.0157,1443471.9489,8079729,195.8675,10.639928
414,20,AlmostEqualRatios,scaled,4341,42,217.0500,4342,78157,49375,28443,339,0.631741,4339,3,0.999309,4612,2325.4150,1799541.9208,10096952,204.4952,11.371488
415,20,AlmostEqualRatios,scaled,3020,42,151.0000,3021,54379,32748,21369,262,0.602218,2999,22,0.992718,3102,1567.4009,807280.1647,4735118,144.5926,10.840119
416,20,AlmostEqualRatios,scaled,4625,42,231.2500,4626,83269,47678,33710,1881,0.572578,4618,8,0.998271,4884,2454.8433,2009585.6881,11356105,238.1833,10.306528
417,20,AlmostEqualRatios,scaled,5495,42,274.7500,5496,98929,61527,36284,1118,0.621931,5467,29,0.994723,5778,2901.1627,2808288.6977,15944790,259.1511,11.194869
418,20,AlmostEqualRatios,scaled,3938,42,196.9000,3939,70904,48302,21917,685,0.681231,3930,9,0.997715,4224,2126.5212,1499708.5974,8376367,173.4166,12.262503
419,20,AlmostEqualRatios,scaled,3493,42,174.6500,3494,62893,40471,21616,806,0.643490,3489,5,0.998569,3678,1853.5435,1150613.9980,6476281,160.0228,11.582999
420,20,AlmostEqualRatios,scaled,5704,42,285.2000,5705,102692,61143,41170,379,0.595402,5589,116,0.979667,6053,3046.2258,3115383.0063,17378718,284.2307,10.717441
421,20,AlmostEqualRatios,scaled,4253,42,212.6500,4254,76573,47486,28481,606,0.620140,4251,3,0.999295,4371,2219.6229,1613902.3078,9442276,198.8434,11.162670
422,20,AlmostEqualRatios,scaled,4962,42,248.1000,4963,89336,56403,32381,552,0.631358,4956,7,0.998590,5233,2629.1993,2319044.2716,13048716,231.3479,11.364699
423,20,AlmostEqualRatios,scaled,4048,42,202.4000,4049,72884,43487,28925,472,0.596660,4013,36,0.991109,4164,2099.9126,1457493.0336,8502546,195.5193,10.740183
424,20,AlmostEqualRatios,scaled,5362,42,268.1000,5363,96536,61522,34564,450,0.637296,5351,12,0.997762,5649,2859.4885,2724351.1565,15335437,249.2675,11.471564
425,20,AlmostEqualRatios,scaled,4948,42,247.4000,4949,89083,53601,34981,501,0.601697,4897,52,0.989493,5137,2593.5383,2227729.0814,12835421,239.4623,10.830673
426,20,AlmostEqualRatios,scaled,5329,42,266.4500,5330,95942,61463,33867,612,0.640627,5096,234,0.956098,5423,2754.2964,2505522.7508,14680400,238.8494,11.531520
427,20,AlmostEqualRatios,scaled,5445,42,272.2500,5446,98030,51541,46282,207,0.525768,5408,38,0.993022,5563,2823.5988,2624712.4745,15377319,298.3512,9.464010
428,20,AlmostEqualRatios,scaled,4965,42,248.2500,4966,89390,60296,28613,481,0.674527,4959,7,0.998590,5124,2595.4243,2196414.3035,12888877,213.7601,12.141764
429,20,AlmostEqualRatios,scaled,5073,42,253.6500,5074,91334,64024,26198,1112,0.700988,4931,143,0.971817,5255,2664.3885,2349218.3810,13519107,211.1569,12.618053
430,20,AlmostEqualRatios,scaled,5430,42,271.5000,5431,97759,59155,38182,422,0.605111,5421,10,0.998159,5716,2891.1344,2770438.8160,15701751,265.4340,10.892101
431,20,AlmostEqualRatios,scaled,4614,42,230.7000,4615,83071,50083,32058,930,0.602894,4575,40,0.991333,4831,2431.9560,1944992.4451,11223477,224.0975,10.852221
432,20,AlmostEqualRatios,scaled,5460,42,273.0000,5461,98299,62318,35329,652,0.633964,5457,4,0.999268,5686,2854.4776,2731779.8719,15588302,250.1412,11.411463
433,20,AlmostEqualRatios,scaled,5861,42,293.0500,5862,105517,63180,42000,337,0.598766,5798,64,0.989082,6248,3155.9348,3326564.6000,18500090,292.8156,10.777892
434,20,AlmostEqualRatios,scaled,4224,42,211.2000,4225,76051,51711,23863,477,0.679952,4215,10,0.997633,4439,2256.1299,1664939.8527,9532149,184.3350,12.239290
435,20,AlmostEqualRatios,scaled,6113,42,305.6500,6114,110053,64940,44834,279,0.590079,6074,40,0.993458,6389,3221.6542,3447452.0417,19697194,303.3137,10.621524
436,20,AlmostEqualRatios,scaled,4047,42,202.3500,4048,72865,40365,32041,459,0.553970,3972,76,0.981225,4238,2140.1729,1535990.5778,8663420,214.6270,9.971591
437,20,AlmostEqualRatios,scaled,4677,42,233.8500,4678,84205,56944,26749,512,0.676254,4651,27,0.994228,5003,2516.5885,2120290.9185,11772601,206.7400,12.172723
438,20,AlmostEqualRatios,scaled,4214,42,210.7000,4215,75871,41450,33807,614,0.546322,4207,8,0.998102,4372,2213.3208,1610890.4651,9329147,225.0699,9.833926
439,20,AlmostEqualRatios,scaled,5092,42,254.6000,5093,91675,60520,30151,1004,0.660158,5039,54,0.989397,5139,2631.0108,2247057.3506,13399738,221.4101,11.882977
440,20,AlmostEqualRatios,scaled,6392,42,319.6000,6393,115076,67796,46880,400,0.589141,6353,40,0.993743,6762,3393.9739,3867137.6810,21697675,320.0436,10.604724
441,20,AlmostEqualRatios,scaled,4786,42,239.3000,4787,86168,46655,39129,384,0.541442,4756,31,0.993524,5035,2550.1632,2131136.1679,12207631,261.6575,9.746188
442,20,AlmostEqualRatios,scaled,6261,42,313.0500,6262,112717,63038,49494,185,0.559259,6108,154,0.975407,6652,3323.9305,3752828.8507,20814453,330.1890,10.066752
443,20,AlmostEqualRatios,scaled,4567,42,228.3500,4568,82226,45407,35903,916,0.552222,4557,11,0.997592,4732,2392.2058,1864831.5951,10927596,240.6588,9.940236
444,20,AlmostEqualRatios,scaled,4517,42,225.8500,4518,81326,51061,30026,239,0.627856,4517,1,0.999779,4666,2352.8803,1833860.6039,10630313,208.1885,11.301682
445,20,AlmostEqualRatios,scaled,5416,42,270.8000,5417,97507,53015,44204,288,0.543705,5362,55,0.989847,5664,2853.2309,2717001.6928,15455952,291.5392,9.786782
446,20,AlmostEqualRatios,scaled,5483,42,274.1500,5484,98713,47374,50948,391,0.479917,5418,66,0.987965,5717,2876.4077,2734626.5993,15774220,332.9721,8.638585
447,20,AlmostEqualRatios,scaled,5141,42,257.0500,5142,92558,54812,37332,414,0.592191,5066,76,0.985220,5339,2711.0519,2421285.4393,13940229,254.3280,10.659665
448,20,AlmostEqualRatios,scaled,3984,42,199.2000,3985,71731,44834,26582,315,0.625030,3982,3,0.999247,4195,2137.0018,1504787.1716,8515952,189.9441,11.250690
449,20,AlmostEqualRatios,scaled,4884,42,244.2000,4885,87931,56396,30361,1174,0.641367,4855,30,0.993859,5194,2618.6373,2272399.2166,12792043,226.8254,11.544729
450,20,AlmostEqualRatios,scaled,5476,42,273.8000,5477,98588,55197,41912,1479,0.559875,5430,47,0.991419,5576,2836.0453,2647387.2636,15533020,281.4106,10.077962
451,20,AlmostEqualRatios,scaled,4271,42,213.5500,4272,76897,52184,24210,503,0.678622,4268,4,0.999064,4355,2216.5789,1604500.9713,9469225,181.4584,12.215356
452,20,AlmostEqualRatios,scaled,4496,42,224.8000,4497,80947,47225,33255,467,0.583406,4474,23,0.994885,4823,2440.6720,1977529.7895,10975702,232.4130,10.501445
453,20,AlmostEqualRatios,scaled,5330,42,266.5000,5331,95959,57468,38092,399,0.598881,5218,113,0.978803,5652,2835.6594,2694484.4883,15116900,263.0490,10.779966
454,20,AlmostEqualRatios,scaled,5469,42,273.4500,5470,98461,56219,42009,233,0.570977,5280,190,0.965265,5438,2741.6872,2481209.1916,14997029,266.7609,10.277697
455,20,AlmostEqualRatios,scaled,3843,42,192.1500,3844,69193,38563,30107,523,0.557325,3816,28,0.992716,3997,2021.3894,1347234.4308,7770221,201.4942,10.031998
456,20,AlmostEqualRatios,scaled,5886,42,294.3000,5887,105967,68213,37393,361,0.643719,5820,67,0.988619,6120,3091.6237,3176084.8948,18200389,266.8170,11.587056
457,20,AlmostEqualRatios,scaled,5001,42,250.0500,5002,90038,53759,35668,611,0.597070,4914,88,0.982407,5280,2654.8505,2350713.1600,13279562,247.0203,10.747501
458,20,AlmostEqualRatios,scaled,5237,42,261.8500,5238,94286,49120,44843,323,0.520968,5121,117,0.977663,5405,2743.7564,2485127.8505,14371796,292.5854,9.377625
459,20,AlmostEqualRatios,scaled,3627,42,181.3500,3628,65306,37893,26869,544,0.580238,3613,15,0.995865,3835,1921.0739,1228291.0629,6969656,183.9299,10.444598
460,20,AlmostEqualRatios,scaled,5258,42,262.9000,5259,94664,50692,43527,445,0.535494,5258,1,0.999810,5546,2789.3822,2603394.1608,14669361,289.3822,9.639095
461,20,AlmostEqualRatios,scaled,5018,42,250.9000,5019,90344,48288,41226,830,0.534490,4941,78,0.984459,5346,2698.5270,2406556.4103,13543907,280.4818,9.621040
462,20,AlmostEqualRatios,scaled,5001,42,250.0500,5002,90037,48577,40661,799,0.539523,5000,2,0.999600,5279,2657.8219,2338727.8285,13294425,273.6774,9.711515
463,20,AlmostEqualRatios,scaled,4391,42,219.5500,4392,79057,50541,28105,411,0.639298,4341,51,0.988388,4488,2283.8766,1675087.6656,10030786,198.4683,11.507514
464,20,AlmostEqualRatios,scaled,5690,42,284.5000,5691,102440,56178,46185,77,0.548399,5633,58,0.989808,5873,2976.4307,2941705.5799,16938867,301.5214,9.871376
465,20,AlmostEqualRatios,scaled,5357,42,267.8500,5358,96445,63457,32610,378,0.657960,5356,2,0.999627,5506,2755.5664,2565209.8768,14764325,232.6666,11.843412
466,20,AlmostEqualRatios,scaled,5921,42,296.0500,5922,106598,62323,43398,877,0.584654,5784,138,0.976697,6153,3103.5755,3192742.0319,18379374,294.9052,10.523978
467,20,AlmostEqualRatios,scaled,5737,42,286.8500,5738,103286,57715,45389,182,0.558788,5603,135,0.976473,6034,3028.9188,3105779.4294,17379936,301.1338,10.058383
468,20,AlmostEqualRatios,scaled,3801,42,190.0500,3802,68437,39746,27809,882,0.580768,3801,1,0.999737,3974,2009.6725,1323050.8199,7640775,192.2401,10.453972
469,20,AlmostEqualRatios,scaled,5951,42,297.5500,5952,107138,57274,49284,580,0.534582,5929,23,0.996136,6281,3167.2621,3349221.7223,18851544,329.1466,9.622648
470,20,AlmostEqualRatios,scaled,5251,42,262.5500,5252,94538,47519,46886,133,0.502644,5218,34,0.993526,5447,2771.1114,2526796.4112,14553877,306.2749,9.047791
471,20,AlmostEqualRatios,scaled,4965,42,248.2500,4966,89389,57900,31308,181,0.647731,4961,5,0.998993,5341,2686.8216,2422697.5074,13342756,230.4448,11.659283
472,20,AlmostEqualRatios,scaled,4796,42,239.8000,4797,86348,51382,34355,611,0.595057,4781,16,0.996665,5013,2550.7872,2133513.0089,12236126,238.1403,10.711278
473,20,AlmostEqualRatios,scaled,5734,42,286.7000,5735,103232,67327,35039,866,0.652191,5598,137,0.976112,6087,3051.4363,3123127.9248,17499987,259.9252,11.739669
474,20,AlmostEqualRatios,scaled,4718,42,235.9000,4719,84944,55258,29413,273,0.650523,4670,49,0.989616,4991,2508.6953,2112994.4967,11838533,214.2411,11.709684
475,20,AlmostEqualRatios,scaled,4612,42,230.6000,4613,83035,56193,26616,226,0.676739,4531,82,0.982224,4825,2443.0555,1971644.2540,11269815,200.5555,12.181444
476,20,AlmostEqualRatios,scaled,6175,42,308.7500,6176,111169,66007,43732,1430,0.593754,6064,112,0.981865,6464,3249.2950,3506334.1746,20067646,304.0230,10.687662
477,20,AlmostEqualRatios,scaled,4338,42,216.9000,4339,78104,46106,31159,839,0.590315,4334,5,0.998848,4535,2279.8331,1722151.0070,9892196,214.5533,10.625951
478,20,AlmostEqualRatios,scaled,4525,42,226.2500,4526,81470,52138,28669,663,0.639966,4499,27,0.994034,4552,2289.6483,1724703.7097,10362948,198.7600,11.519664
479,20,AlmostEqualRatios,scaled,4551,42,227.5500,4552,81938,38693,43087,158,0.472223,4538,14,0.996924,4810,2427.4673,1941535.1527,11049831,285.5770,8.500220
480,20,AlmostEqualRatios,scaled,4335,42,216.7500,4336,78049,49799,27163,1087,0.638048,4266,70,0.983856,4631,2317.4781,1809741.2182,10048585,201.7829,11.485009
481,20,AlmostEqualRatios,scaled,4958,42,247.9000,4959,89264,55679,31615,1970,0.623756,4851,108,0.978221,5110,2566.3281,2202284.1220,12726421,228.5677,11.227869
482,20,AlmostEqualRatios,scaled,5011,42,250.5500,5012,90217,50356,39484,377,0.558165,4993,19,0.996209,5276,2656.0375,2348630.8517,13312060,264.3590,10.047087
483,20,AlmostEqualRatios,scaled,3844,42,192.2000,3845,69211,47660,21126,425,0.688619,3827,18,0.995319,3996,2019.6892,1336864.1539,7765705,162.9397,12.395319
484,20,AlmostEqualRatios,scaled,4711,42,235.5500,4712,84817,48634,35869,314,0.573399,4678,34,0.992784,4968,2504.4300,2085122.4976,11800874,242.6466,10.321307
485,20,AlmostEqualRatios,scaled,5885,42,294.2500,5886,105950,52153,52778,1019,0.492242,5788,98,0.983350,6098,3082.1464,3171216.4543,18141514,347.8518,8.860516
486,20,AlmostEqualRatios,scaled,5550,42,277.5000,5551,99920,49925,49585,410,0.499650,5528,23,0.995857,5711,2910.6883,2776554.3586,16157231,323.6301,8.993875
487,20,AlmostEqualRatios,scaled,3946,42,197.3000,3947,71047,51624,18043,1380,0.726618,3943,4,0.998987,3987,2027.6458,1327656.4927,8003118,155.0271,13.079301
488,20,AlmostEqualRatios,scaled,4189,42,209.4500,4190,75422,32543,41571,1308,0.431479,4117,73,0.982578,4378,2191.5196,1612275.7809,9182467,282.1641,7.766826
489,20,AlmostEqualRatios,scaled,4461,42,223.0500,4462,80318,55549,22657,2112,0.691613,4451,11,0.997535,4725,2369.9659,1871813.8612,10574788,190.3686,12.449350
490,20,AlmostEqualRatios,scaled,6335,42,316.7500,6336,114050,69613,44027,410,0.610373,6318,18,0.997159,6612,3313.7633,3699615.8972,20996004,301.6104,10.986900
491,20,AlmostEqualRatios,scaled,4594,42,229.7000,4595,82712,39734,42129,849,0.480390,4579,16,0.996518,4894,2454.3236,2014141.5908,11277617,283.8279,8.647225
492,20,AlmostEqualRatios,scaled,5754,42,287.7000,5755,103591,63235,40013,343,0.610429,5735,20,0.996525,5986,3032.7230,3031398.7285,17453321,276.0073,10.987837
493,20,AlmostEqualRatios,scaled,5195,42,259.7500,5196,93529,48945,44042,542,0.523314,5166,30,0.994226,5489,2747.5429,2542365.6531,14276233,291.6791,9.419746
494,20,AlmostEqualRatios,scaled,5681,42,284.0500,5682,102277,69344,32482,451,0.678002,5658,24,0.995776,6015,3035.6142,3032548.9666,17248360,248.7362,12.204153
495,20,AlmostEqualRatios,scaled,4563,42,228.1500,4564,82154,44611,36682,861,0.543017,4562,2,0.999562,4662,2345.2870,1828185.0175,10703890,239.9384,9.774540
496,20,AlmostEqualRatios,scaled,5217,42,260.8500,5218,93925,50905,42567,453,0.541975,5198,20,0.996167,5614,2814.6198,2651895.0126,14686686,288.5117,9.755654
497,20,AlmostEqualRatios,scaled,4576,42,228.8000,4577,82388,52461,29754,173,0.636755,4539,38,0.991698,4831,2438.1763,1974354.9361,11159533,212.7206,11.461875
498,20,AlmostEqualRatios,scaled,5156,42,257.8000,5157,92828,38194,53835,799,0.411449,5024,133,0.974210,5402,2719.4417,2464209.1847,14024161,367.1823,7.406244
499,20,AlmostEqualRatios,scaled,4851,42,242.5500,4852,87338,59313,26351,1674,0.679120,4811,41,0.991550,5124,2570.3551,2212447.6639,12471363,210.2636,12.224444
500,50,Uncorrelated,scaled,13054,42,261.0800,13055,626641,419150,206991,500,0.668884,13040,15,0.998851,19683,12842.3753,25798828.5267,167657209,399.9933,32.106473
501,50,Uncorrelated,scaled,12056,42,241.1200,12057,578738,381722,196759,257,0.659577,12017,40,0.996682,19745,12386.7047,26355322.0641,149346498,391.2441,31.659783
502,50,Uncorrelated,scaled,12301,42,246.0200,12302,590497,409990,180052,455,0.694313,12294,8,0.999350,20566,14199.0628,22262194.0617,174676870,426.0515,33.327101
503,50,Uncorrelated,scaled,12076,42,241.5200,12077,579697,365305,214352,40,0.630165,12067,10,0.999172,19676,13443.3494,21725591.2999,162355331,444.4377,30.247992
504,50,Uncorrelated,scaled,13496,42,269.9200,13497,647857,433506,214085,266,0.669138,13440,57,0.995777,19907,12558.7305,25676359.7778,169505185,391.0100,32.118693
505,50,Uncorrelated,scaled,13362,42,267.2400,13363,641426,426031,215291,104,0.664194,13358,5,0.999626,19692,12336.7113,25061539.4049,164855473,386.9565,31.881389
506,50,Uncorrelated,scaled,12632,42,252.6400,12633,606386,365310,241014,62,0.602438,12618,15,0.998813,21581,14810.1786,25278551.5017,187096986,512.1595,28.917122
507,50,Uncorrelated,scaled,13701,42,274.0200,13702,657698,429103,228577,18,0.652432,13672,30,0.997811,21193,14105.5069,27072013.5550,193273655,450.4132,31.316815
508,50,Uncorrelated,scaled,13080,42,261.6000,13081,627890,422566,204668,656,0.672994,13038,43,0.996713,18903,12014.8078,23930280.3334,157165701,371.9317,32.303799
509,50,Uncorrelated,scaled,10271,42,205.4200,10272,493057,320402,172386,269,0.649828,10266,6,0.999416,19692,13687.5404,19891954.2371,140598415,438.8188,31.191783
510,50,Uncorrelated,scaled,13582,42,271.6400,13583,651985,444073,207806,106,0.681109,13558,25,0.998159,23234,15756.6556,28532851.7960,214022653,481.9538,32.693293
511,50,Uncorrelated,scaled,9366,42,187.3200,9367,449618,302888,146196,534,0.673656,9351,16,0.998292,20286,13954.4421,20704803.4366,130711259,431.5498,32.335646
512,50,Uncorrelated,scaled,11732,42,234.6400,11733,563186,388292,174593,301,0.689456,11682,51,0.995653,21309,14481.8282,27511402.4132,169915290,437.5967,33.094008
513,50,Uncorrelated,scaled,11526,42,230.5200,11527,553298,380863,172344,91,0.688351,11520,7,0.999393,20329,14242.8735,20795721.9981,164177603,431.0673,33.040947
514,50,Uncorrelated,scaled,14352,42,287.0400,14353,688946,388136,300220,590,0.563377,14347,6,0.999582,18487,11504.6079,22036594.5449,165125637,425.4324,27.042151
515,50,Uncorrelated,scaled,13799,42,275.9800,13800,662402,390221,271808,373,0.589100,13789,11,0.999203,17459,10930.9708,19608205.7626,150847397,386.5691,28.276884
516,50,Uncorrelated,scaled,13050,42,261.0000,13051,626450,426128,200088,234,0.680227,13042,9,0.999310,19195,12784.5916,21148000.4096,166851705,391.5530,32.650985
517,50,Uncorrelated,scaled,11985,42,239.7000,11986,575329,398451,176791,87,0.692562,11966,20,0.998331,22764,15812.7777,25798418.5423,189531954,475.6719,33.243034
518,50,Uncorrelated,scaled,11065,42,221.3000,11066,531169,374624,155971,574,0.705282,11034,32,0.997108,20693,13801.3172,24471848.3890,152725376,407.6764,33.853606
519,50,Uncorrelated,scaled,13580,42,271.6000,13581,651889,438332,213164,393,0.672403,13549,32,0.997644,21305,13660.3255,30396541.1825,185520881,423.2428,32.275385
520,50,Uncorrelated,scaled,11972,42,239.4400,11973,574706,368368,205840,498,0.640968,11960,13,0.998914,18407,11568.3236,22877027.6090,138507538,376.0032,30.766558
521,50,Uncorrelated,scaled,11658,42,233.1600,11659,559633,375194,184339,100,0.670429,11604,55,0.995283,18032,11644.1136,18910916.5575,135758720,361.8361,32.180633
522,50,Uncorrelated,scaled,10457,42,209.1400,10458,501986,358649,143293,44,0.714460,10454,4,0.999618,19422,14019.9181,19409117.4867,146620304,408.8128,34.294225
523,50,Uncorrelated,scaled,13619,42,272.3800,13620,653761,434864,218654,243,0.665173,13606,14,0.998972,19228,11950.0249,23994424.9062,162759339,374.2764,31.928341
524,50,Uncorrelated,scaled,11682,42,233.6400,11683,560785,357029,203101,655,0.636659,11664,19,0.998374,20266,13481.9351,22760014.7560,157509448,441.1671,30.559702
525,50,Uncorrelated,scaled,11977,42,239.5400,11978,574946,350551,224234,161,0.609711,11968,10,0.999165,17610,11129.1404,19493403.4383,133304844,380.2723,29.266238
526,50,Uncorrelated,scaled,12755,42,255.1000,12756,612289,366362,245349,578,0.598348,12751,5,0.999608,18300,12055.3058,19655567.4382,153777481,419.7419,28.720759
527,50,Uncorrelated,scaled,11376,42,227.5200,11377,546098,388277,157740,81,0.711002,11375,2,0.999824,21641,15025.7315,23350441.1098,170947747,440.2727,34.128241
528,50,Uncorrelated,scaled,12143,42,242.8600,12144,582913,369326,213427,160,0.633587,12113,31,0.997447,23172,15707.6812,29879510.8109,190754081,516.4924,30.412220
529,50,Uncorrelated,scaled,11941,42,238.8200,11942,573217,397157,175861,199,0.692856,11938,4,0.999665,19494,13204.9558,18734472.1190,157693582,397.0560,33.257160
530,50,Uncorrelated,scaled,12497,42,249.9400,12498,599905,407786,191831,288,0.679751,12488,10,0.999200,19197,12373.7631,22657852.6292,154647291,379.2364,32.628100
531,50,Uncorrelated,scaled,12278,42,245.5600,12279,589393,366657,222301,435,0.622093,12260,19,0.998453,19831,13106.5303,22248400.7363,160935085,438.9254,29.860494
532,50,Uncorrelated,scaled,12870,42,257.4000,12871,617809,414628,202432,749,0.671127,12870,1,0.999922,20220,13644.2840,22859536.8018,175615580,423.5497,32.214125
533,50,Uncorrelated,scaled,10066,42,201.3200,10067,483217,318731,164049,437,0.659602,10066,1,0.999901,19686,13485.7025,19457447.8446,135760567,425.9409,31.660971
534,50,Uncorrelated,scaled,12330,42,246.6000,12331,591890,367713,223890,287,0.621252,12314,17,0.998621,19408,13091.6717,22106395.4520,161433404,439.0201,29.820209
535,50,Uncorrelated,scaled,13131,42,262.6200,13132,630337,413387,216787,163,0.655819,13120,12,0.999086,19135,13776.3033,19822095.7395,180910415,437.6297,31.479363
536,50,Uncorrelated,scaled,11454,42,229.0800,11455,549841,364616,185041,184,0.663130,11437,18,0.998429,19843,13976.2712,17213665.5960,160098187,439.0871,31.830292
537,50,Uncorrelated,scaled,12578,42,251.5600,12579,603793,430396,173065,332,0.712820,12575,4,0.999682,21365,14493.6272,21548430.5739,182315336,423.5990,34.215438
538,50,Uncorrelated,scaled,13161,42,263.2200,13162,631777,377755,253402,620,0.597925,13149,13,0.999012,17501,10877.3305,19857587.2333,143167424,378.9954,28.700425
539,50,Uncorrelated,scaled,13682,42,273.6400,13683,656786,447574,209130,82,0.681461,13621,62,0.995469,17871,12032.5828,17463130.9886,164641830,367.8539,32.710224
540,50,Uncorrelated,scaled,10776,42,215.5200,10777,517297,334912,182307,78,0.647427,10776,1,0.999907,20743,14286.7494,20644920.0599,153968298,459.7276,31.076552
541,50,Uncorrelated,scaled,12289,42,245.7800,12290,589921,398016,191859,46,0.674694,12266,24,0.998047,19546,13619.4914,20382881.4008,167383549,420.5448,32.385354
542,50,Uncorrelated,scaled,12553,42,251.0600,12554,602594,398363,203423,808,0.661080,12543,11,0.999124,17593,11998.2776,18064574.3563,150626377,378.1134,31.731958
543,50,Uncorrelated,scaled,12001,42,240.0200,12002,576098,401650,174412,36,0.697190,11967,35,0.997084,19108,12831.3503,22309513.9085,154001866,383.4230,33.465256
544,50,Uncorrelated,scaled,14343,42,286.8600,14344,688513,442458,245780,275,0.642628,14320,24,0.998327,18561,11712.3947,22914544.4407,168002590,379.7029,30.846207
545,50,Uncorrelated,scaled,11465,42,229.3000,11466,550369,365733,184140,496,0.664523,11465,1,0.999913,18060,11653.1180,17270203.9323,133614651,365.3339,31.897174
546,50,Uncorrelated,scaled,14853,42,297.0600,14854,712993,423215,289346,432,0.593575,14787,67,0.995489,18774,11474.1719,25320278.2365,170437350,402.7205,28.491652
547,50,Uncorrelated,scaled,13339,42,266.7800,13340,640321,386292,253946,83,0.603279,13295,45,0.996627,20648,13889.1711,24352405.7844,185281543,479.6412,28.957421
548,50,Uncorrelated,scaled,12416,42,248.3200,12417,596018,392124,203812,82,0.657906,12403,14,0.998873,22234,15778.0714,22943579.7794,195916312,499.6285,31.579609
549,50,Uncorrelated,scaled,13052,42,261.0400,13053,626545,410230,216130,185,0.654749,13044,9,0.999311,22278,14981.1387,27817162.6902,195548803,476.6809,31.428024
550,50,Uncorrelated,scaled,13114,42,262.2800,13115,629522,381859,247446,217,0.606586,13109,6,0.999543,22870,15270.5255,28229602.3418,200272942,524.4683,29.116203
551,50,Uncorrelated,scaled,12072,42,241.4400,12073,579505,400669,178437,399,0.691399,12026,47,0.996107,22775,15377.6364,29111672.9606,185654204,463.3605,33.187195
552,50,Uncorrelated,scaled,11041,42,220.8200,11042,530017,351403,178566,48,0.663003,11009,33,0.997011,21714,15443.9313,25706307.2971,170531889,485.2887,31.824217
553,50,Uncorrelated,scaled,11215,42,224.3000,11216,538369,364559,172869,941,0.677155,11207,9,0.999198,20176,14088.1214,19405243.7759,158012370,433.4343,32.503477
554,50,Uncorrelated,scaled,12018,42,240.3600,12019,576914,360454,212948,3512,0.624797,11997,22,0.998170,19095,12791.4609,20949029.0845,153740569,426.5192,29.990349
555,50,Uncorrelated,scaled,10674,42,213.4800,10675,512401,347541,164203,657,0.678260,10662,13,0.998782,22257,15581.7406,27080456.8181,166335081,478.6056,32.556534
556,50,Uncorrelated,scaled,12210,42,244.2000,12211,586130,369942,215661,527,0.631160,12207,4,0.999672,16414,10152.8521,17855126.3432,123976477,335.1241,30.295799
557,50,Uncorrelated,scaled,13393,42,267.8600,13394,642914,388276,254516,122,0.603931,13374,20,0.998507,18172,11406.2750,22424082.1244,152775647,393.4718,28.988801
558,50,Uncorrelated,scaled,11713,42,234.2600,11714,562274,369589,192580,105,0.657311,11681,33,0.997183,21040,14438.4494,26111417.8469,169131996,457.6218,31.551050
559,50,Uncorrelated,scaled,13294,42,265.8800,13295,638161,393451,244046,664,0.616539,13274,21,0.998420,19694,12135.9220,26614951.0321,161347083,410.0818,29.593907
560,50,Uncorrelated,scaled,13395,42,267.9000,13396,643009,398651,244324,34,0.619977,13386,10,0.999254,21505,14764.9103,22652914.2461,197790738,496.1501,29.758958
561,50,Uncorrelated,scaled,11131,42,222.6200,11132,534338,353334,180814,190,0.661256,11113,19,0.998293,18769,12248.9410,20762650.8798,136355211,385.9102,31.740388
562,50,Uncorrelated,scaled,12333,42,246.6600,12334,592033,404553,187480,0,0.683328,12318,16,0.998703,22261,14587.2647,29941832.9488,179919323,444.7361,32.799822
563,50,Uncorrelated,scaled,12196,42,243.9200,12197,585458,421233,163854,371,0.719493,12189,8,0.999344,18676,12147.4489,19195591.3644,148162434,351.7351,34.535787
564,50,Uncorrelated,scaled,11760,42,235.2000,11761,564529,385905,178276,348,0.683588,11751,10,0.999150,23339,16065.6039,28261206.5368,188947567,489.6220,32.812261
565,50,Uncorrelated,scaled,12565,42,251.3000,12566,603170,370120,232865,185,0.613625,12543,23,0.998170,19368,12316.1546,22662830.1283,154764799,418.1476,29.454082
566,50,Uncorrelated,scaled,12787,42,255.7400,12788,613826,364830,248883,113,0.594354,12772,16,0.998749,20405,13435.2064,24529843.0021,171809420,470.9301,28.529090
567,50,Uncorrelated,scaled,12482,42,249.6400,12483,599185,408818,190311,56,0.682290,12477,6,0.999519,20768,13986.8004,25718599.2552,174597229,427.0781,32.749980
568,50,Uncorrelated,scaled,12199,42,243.9800,12200,585602,355289,230115,198,0.606707,12191,9,0.999262,18415,12157.0794,20235746.9628,148316369,417.4527,29.122049
569,50,Uncorrelated,scaled,12261,42,245.2200,12262,588577,362725,225140,712,0.616275,12250,12,0.999021,18551,11946.5241,21917693.5680,146488279,403.8549,29.581227
570,50,Uncorrelated,scaled,10952,42,219.0400,10953,525745,344738,180670,337,0.655713,10935,18,0.998357,21244,14580.3570,25852082.6882,159698650,463.2464,31.474299
571,50,Uncorrelated,scaled,11998,42,239.9600,11999,575954,381839,193343,772,0.662968,11985,14,0.998833,21188,14137.3544,24425503.2472,169634115,444.2556,31.822569
572,50,Uncorrelated,scaled,11021,42,220.4200,11022,529058,346226,182600,232,0.654420,10994,28,0.997460,20447,13641.7997,24166922.1264,150359916,434.2826,31.412266
573,50,Uncorrelated,scaled,8545,42,170.9000,8546,410209,284165,125974,70,0.692732,8535,11,0.998713,24097,16011.2532,34821830.8282,136832170,481.5237,33.251229
574,50,Uncorrelated,scaled,13070,42,261.4000,13071,627409,432184,195085,140,0.688839,13048,23,0.998240,19633,12209.1230,24235325.7251,159585447,369.2535,33.064341
575,50,Uncorrelated,scaled,12926,42,258.5200,12927,620498,388898,231251,349,0.626751,12908,19,0.998530,20235,13533.6703,22670665.3869,174949756,449.8603,30.084165
576,50,Uncorrelated,scaled,12953,42,259.0600,12954,621794,406364,215330,100,0.653535,12944,10,0.999228,18889,11850.8697,24416694.4694,153516166,377.7799,31.369770
577,50,Uncorrelated,scaled,11044,42,220.8800,11045,530162,360177,169757,228,0.679372,11041,4,0.999638,19461,13226.2686,20536710.8695,146084137,405.5899,32.609959
578,50,Uncorrelated,scaled,13073,42,261.4600,13074,627553,457784,169193,576,0.729475,13038,36,0.997246,19405,13081.3839,21799114.1391,171026013,373.5954,35.014839
579,50,Uncorrelated,scaled,13077,42,261.5400,13078,627746,410389,216907,450,0.653750,13057,21,0.998394,20329,13723.2659,23580148.1236,179472872,437.3238,31.380104
580,50,Uncorrelated,scaled,12186,42,243.7200,12187,584978,376724,207976,278,0.643997,12175,12,0.999015,20447,13331.5091,25581221.5621,162471102,431.2736,30.911955
581,50,Uncorrelated,scaled,12176,42,243.5200,12177,584497,384622,199824,51,0.658039,12174,3,0.999754,20978,14102.8184,24145350.8225,171730020,446.4904,31.585941
582,50,Uncorrelated,scaled,13289,42,265.7800,13290,637922,412517,224870,535,0.646657,13254,36,0.997291,19482,12662.8440,23187816.9827,168289197,407.9570,31.039654
583,50,Uncorrelated,scaled,13507,42,270.1400,13508,648385,400822,247460,103,0.618185,13504,4,0.999704,18545,12084.5199,20889345.0675,163237695,407.2573,29.672935
584,50,Uncorrelated,scaled,13023,42,260.4600,13024,625153,413021,211854,278,0.660672,13010,14,0.998925,19147,12129.2076,25358843.1811,157970800,382.4764,31.712300
585,50,Uncorrelated,scaled,14209,42,284.1800,14210,682082,485347,196506,229,0.711567,14194,16,0.998874,20365,13389.7529,24136309.4501,190268388,392.0255,34.155313
586,50,Uncorrelated,scaled,12092,42,241.8400,12093,580465,398768,181277,420,0.686980,12057,36,0.997023,22404,14485.1315,31243010.0821,175168695,439.2747,32.975110
587,50,Uncorrelated,scaled,15382,42,307.6400,15383,738385,432490,305209,686,0.585724,15382,1,0.999935,20441,12866.8232,26259966.9363,197930342,457.6530,28.114802
588,50,Uncorrelated,scaled,11518,42,230.3600,11519,552914,337383,215457,74,0.610191,11489,30,0.997396,20725,13663.4793,27329760.7826,157389618,466.5013,29.289261
589,50,Uncorrelated,scaled,15891,42,317.8200,15892,762817,471988,290727,102,0.618743,15832,60,0.996225,16656,10333.3669,19239704.4292,164217866,347.9281,29.699723
590,50,Uncorrelated,scaled,12052,42,241.0400,12053,578545,381120,197189,236,0.658756,12040,13,0.998921,18466,11636.3977,22452368.0636,140253501,368.0035,31.620343
591,50,Uncorrelated,scaled,12329,42,246.5800,12330,591842,369090,222589,163,0.623629,12327,3,0.999757,20719,13867.7651,24023311.5362,170989544,463.2733,29.934307
592,50,Uncorrelated,scaled,11992,42,239.8400,11993,575665,381260,194278,127,0.662295,11978,15,0.998749,19073,12406.6884,20875331.2765,148793414,390.2676,31.790211
593,50,Uncorrelated,scaled,12596,42,251.9200,12597,604658,379075,225483,100,0.626925,12588,9,0.999286,20023,13183.8902,24599898.7701,166077465,438.1124,30.092482
594,50,Uncorrelated,scaled,11760,42,235.2000,11761,564529,372617,191808,104,0.660049,11757,4,0.999660,19615,12602.4408,24690014.7131,148217306,397.7739,31.682425
595,50,Uncorrelated,scaled,12080,42,241.6000,12081,579889,390197,189332,360,0.672882,12042,39,0.996772,20014,14032.1433,22216721.8082,169522323,434.4532,32.298402
596,50,Uncorrelated,scaled,13818,42,276.3600,13819,663313,447310,215296,707,0.674357,13802,17,0.998770,18689,12502.8059,18731759.4462,172776275,386.2562,32.369202
597,50,Uncorrelated,scaled,11114,42,222.2800,11115,533522,378282,154968,272,0.709028,11109,6,0.999460,19608,13122.4043,19875708.8879,145855524,385.5735,34.033468
598,50,Uncorrelated,scaled,13108,42,262.1600,13109,629233,409840,219092,301,0.651333,13074,35,0.997330,21308,14145.3891,26715649.4166,185431906,452.4495,31.264017
599,50,Uncorrelated,scaled,13281,42,265.6200,13282,637537,371013,266275,249,0.581947,13268,14,0.998946,19949,12826.4955,24181519.3476,170361513,459.1794,27.933519
600,50,WeaklyCorrelated,scaled,11384,42,227.6800,11385,546481,336397,208547,1537,0.615569,11374,11,0.999034,12374,6493.7045,12415811.5782,73930826,219.7725,29.547387
601,50,WeaklyCorrelated,scaled,13077,42,261.5400,13078,627745,372030,252426,3289,0.592645,13047,31,0.997630,14079,7328.1795,15876009.7417,95837931,257.6081,28.447010
602,50,WeaklyCorrelated,scaled,10865,42,217.3000,10866,521570,324924,194701,1945,0.622973,10835,31,0.997147,11701,6144.6777,11043535.1091,66768068,205.4883,29.902816
603,50,WeaklyCorrelated,scaled,12049,42,240.9800,12050,578401,353318,223079,2004,0.610853,12049,1,0.999917,13284,6841.0756,14433941.3353,82434961,233.3166,29.320996
604,50,WeaklyCorrelated,scaled,11679,42,233.5800,11680,560642,334893,223873,1876,0.597338,11666,14,0.998801,12596,6539.2408,12818153.8576,76378332,228.0679,28.672346
605,50,WeaklyCorrelated,scaled,13578,42,271.5600,13579,651793,376647,273407,1739,0.577863,13536,43,0.996833,14772,7628.2957,17843635.6623,103584627,275.0178,27.737462
606,50,WeaklyCorrelated,scaled,12767,42,255.3400,12768,612865,385267,224861,2737,0.628633,12728,40,0.996867,14123,7342.4800,16349884.5670,93748785,243.3346,30.174420
607,50,WeaklyCorrelated,scaled,12937,42,258.7400,12938,621026,295965,323607,1454,0.476574,12933,5,0.999614,13838,7087.8444,15827600.1863,91702531,309.8425,22.875638
608,50,WeaklyCorrelated,scaled,11660,42,233.2000,11661,559730,330731,227781,1218,0.590876,11624,37,0.996827,12979,6763.0088,13632288.4864,78863446,238.4519,28.362147
609,50,WeaklyCorrelated,scaled,13066,42,261.3200,13067,627217,355250,269684,2283,0.566391,13039,28,0.997857,14149,7345.1605,16097959.0168,95979212,270.1737,27.186806
610,50,WeaklyCorrelated,scaled,13371,42,267.4200,13372,641857,416264,224233,1360,0.648531,13355,17,0.998729,14879,7678.7487,17914356.7206,102680227,246.6709,31.129524
611,50,WeaklyCorrelated,scaled,13646,42,272.9200,13647,655057,429985,222739,2333,0.656409,13628,19,0.998608,14918,7692.1595,17995079.3874,104974901,244.1362,31.507657
612,50,WeaklyCorrelated,scaled,12194,42,243.8800,12195,585362,363406,220571,1385,0.620823,12187,8,0.999344,13502,7025.9981,14755717.2788,85682047,235.7750,29.799590
613,50,WeaklyCorrelated,scaled,13069,42,261.3800,13070,627362,382942,242088,2332,0.610400,13027,43,0.996710,14077,7366.6144,15877842.7636,96281650,251.4262,29.299311
614,50,WeaklyCorrelated,scaled,13599,42,271.9800,13600,652802,384883,266370,1549,0.589586,13595,5,0.999632,14999,7740.8347,18621206.9108,105275352,273.5256,28.300221
615,50,WeaklyCorrelated,scaled,13065,42,261.3000,13066,627170,378611,245559,3000,0.603682,13035,31,0.997627,14316,7333.9081,16826115.4796,95824843,253.0958,28.976810
616,50,WeaklyCorrelated,scaled,10603,42,212.0600,10604,508994,277674,229502,1818,0.545535,10587,17,0.998397,11731,6169.9070,10961955.2199,65425694,235.6205,26.185779
617,50,WeaklyCorrelated,scaled,13832,42,276.6400,13833,663985,355523,306622,1840,0.535438,13811,22,0.998410,15357,8004.3926,19197229.5346,110724763,311.4419,25.701077
618,50,WeaklyCorrelated,scaled,12981,42,259.6200,12982,623137,366165,255807,1165,0.587616,12973,9,0.999307,14885,7801.7996,17462929.3798,101282962,276.6047,28.205592
619,50,WeaklyCorrelated,scaled,12448,42,248.9600,12449,597553,347649,246521,3383,0.581788,12447,2,0.999839,13668,7084.1108,15273970.2863,88190095,253.6757,27.925857
620,50,WeaklyCorrelated,scaled,11468,42,229.3600,11469,550513,277556,270172,2785,0.504177,11436,33,0.997123,12031,6327.3938,11715581.5628,72568880,261.4567,24.200541
621,50,WeaklyCorrelated,scaled,11640,42,232.8000,11641,558770,285424,269014,4332,0.510808,11640,1,0.999914,12573,6551.8836,12631164.3209,76270477,267.2182,24.518856
622,50,WeaklyCorrelated,scaled,12868,42,257.3600,12869,617714,404029,211881,1804,0.654071,12864,5,0.999611,14084,7314.1731,15912205.3585,94126094,232.9687,31.395524
623,50,WeaklyCorrelated,scaled,11693,42,233.8600,11694,561313,334867,224580,1866,0.596578,11670,24,0.997948,13067,6863.9878,13644994.9319,80267473,239.6996,28.635796
624,50,WeaklyCorrelated,scaled,13718,42,274.3600,13719,658513,349726,307397,1390,0.531084,13715,4,0.999708,14934,7742.3830,18447209.6243,106217753,303.7171,25.492091
625,50,WeaklyCorrelated,scaled,12444,42,248.8800,12445,597361,356901,237797,2663,0.597463,12422,23,0.998152,13287,6979.6284,14205155.9722,86861475,243.3769,28.678264
626,50,WeaklyCorrelated,scaled,13178,42,263.5600,13179,632594,364442,264841,3311,0.576107,13178,1,0.999924,14025,7241.6080,16099447.0865,95437152,261.8720,27.653236
627,50,WeaklyCorrelated,scaled,13396,42,267.9200,13397,643058,415168,224982,2908,0.645615,13369,28,0.997910,14656,7530.3618,17738759.6179,100884257,242.9962,30.989625
628,50,WeaklyCorrelated,scaled,13492,42,269.8400,13493,647665,347323,299023,1319,0.536270,13455,38,0.997184,14842,7669.1015,18051400.0892,103479186,297.9336,25.740977
629,50,WeaklyCorrelated,scaled,11108,42,222.1600,11109,533233,300176,231360,1697,0.562936,11105,4,0.999640,12234,6435.1018,11982057.1018,71487546,238.1521,27.020974
630,50,WeaklyCorrelated,scaled,12991,42,259.8200,12992,623618,364701,257261,1656,0.584815,12984,8,0.999384,14324,7455.3056,16849038.2815,96859330,265.5856,28.071198
631,50,WeaklyCorrelated,scaled,13422,42,268.4400,13423,644305,389569,253329,1407,0.604634,13380,43,0.996797,14932,7818.0959,17981074.0625,104942301,269.3805,29.022499
632,50,WeaklyCorrelated,scaled,11754,42,235.0800,11755,564242,309565,252131,2546,0.548639,11751,4,0.999660,12801,6698.6790,13391158.4645,78742972,254.3665,26.334751
633,50,WeaklyCorrelated,scaled,13973,42,279.4600,13974,670753,366022,301943,2788,0.545688,13966,8,0.999428,15086,7779.4747,18525305.0951,108710380,297.0050,26.193073
634,50,WeaklyCorrelated,scaled,12706,42,254.1200,12707,609937,395396,212078,2463,0.648257,12683,24,0.998111,14143,7406.4752,16252045.1859,94114080,238.0249,31.116393
635,50,WeaklyCorrelated,scaled,11902,42,238.0400,11903,571345,328601,238766,3978,0.575136,11877,26,0.997816,13309,6906.5021,14342158.2360,82208095,250.1760,27.606570
636,50,WeaklyCorrelated,scaled,11984,42,239.6800,11985,575282,318180,255082,2020,0.553085,11955,30,0.997497,13098,6833.1527,13884263.9735,81895335,257.3868,26.548185
637,50,WeaklyCorrelated,scaled,13352,42,267.0400,13353,640946,343719,295470,1757,0.536268,13341,12,0.999101,14607,7491.9302,17610891.7757,100039744,291.0510,25.740957
638,50,WeaklyCorrelated,scaled,13955,42,279.1000,13956,669890,371006,296716,2168,0.553831,13886,70,0.994984,15365,7931.1730,19229484.2169,110687451,298.3441,26.583978
639,50,WeaklyCorrelated,scaled,10450,42,209.0000,10451,501650,294067,206371,1212,0.586200,10444,7,0.999330,12161,6392.8945,11788271.7503,66812140,227.2004,28.137690
640,50,WeaklyCorrelated,scaled,10770,42,215.4000,10771,517010,324019,192059,932,0.626717,10763,8,0.999257,11986,6422.4837,11214284.7115,69176572,213.4954,30.082536
641,50,WeaklyCorrelated,scaled,13799,42,275.9800,13800,662401,335009,325160,2232,0.505750,13779,21,0.998478,14859,7585.8118,18405278.8699,104684203,312.4818,24.276014
642,50,WeaklyCorrelated,scaled,12303,42,246.0600,12304,590593,364237,224821,1535,0.616731,12303,1,0.999919,13677,7235.4484,14831870.0864,89024957,244.4149,29.603137
643,50,WeaklyCorrelated,scaled,12247,42,244.9400,12248,587906,296931,289869,1106,0.505065,12238,10,0.999184,13817,7224.0260,15304850.2636,88479871,297.9813,24.243223
644,50,WeaklyCorrelated,scaled,11882,42,237.6400,11883,570385,315390,252769,2226,0.552942,11858,25,0.997896,13062,6735.1697,13904615.0185,80034022,253.7621,26.541277
645,50,WeaklyCorrelated,scaled,10594,42,211.8800,10595,508561,284873,218105,5583,0.560155,10592,3,0.999717,11967,6252.9349,11363619.8636,66249845,232.5592,26.887494
646,50,WeaklyCorrelated,scaled,12256,42,245.1200,12257,588338,349181,237640,1517,0.593504,12245,12,0.999021,13537,7022.8224,14969868.1854,86078734,246.5161,28.488292
647,50,WeaklyCorrelated,scaled,12342,42,246.8400,12343,592466,293634,296609,2223,0.495613,12339,4,0.999676,13283,6880.5817,14414765.9029,84927020,289.2275,23.789516
648,50,WeaklyCorrelated,scaled,12844,42,256.8800,12845,616561,390214,224594,1753,0.632888,12821,24,0.998132,14337,7419.3657,16850385.6742,95301753,244.2295,30.378669
649,50,WeaklyCorrelated,scaled,14105,42,282.1000,14106,677090,424960,250518,1612,0.627627,14084,22,0.998440,15753,8184.5139,20179385.7581,115450753,271.6744,30.126187
650,50,WeaklyCorrelated,scaled,12648,42,252.9600,12649,607154,360291,245433,1430,0.593410,12644,5,0.999605,14392,7480.5925,16645774.5211,94622015,262.6266,28.483754
651,50,WeaklyCorrelated,scaled,14010,42,280.2000,14011,672529,371856,298058,2615,0.552922,13961,50,0.996431,15058,7767.9492,18630570.4027,108836736,292.6852,26.540290
652,50,WeaklyCorrelated,scaled,11913,42,238.2600,11914,571873,367217,201835,2821,0.642130,11913,1,0.999916,13239,6928.8725,14193693.1603,82550587,224.8006,30.822310
653,50,WeaklyCorrelated,scaled,11661,42,233.2200,11662,559777,319185,238354,2238,0.570200,11633,29,0.997513,13180,6902.0543,14040209.7399,80491757,252.1790,27.369662
654,50,WeaklyCorrelated,scaled,12709,42,254.1800,12710,610081,329502,277171,3408,0.540095,12708,2,0.999843,13873,7208.6572,15637944.9674,91622033,278.0621,25.924626
655,50,WeaklyCorrelated,scaled,13958,42,279.1600,13959,670034,405216,262990,1828,0.604769,13933,26,0.998137,15450,7950.2996,19489863.6594,110978232,273.8743,29.029014
656,50,WeaklyCorrelated,scaled,14013,42,280.2600,14014,672674,397847,272387,2440,0.591441,13995,19,0.998644,15039,7876.0264,17783340.1556,110374634,277.4299,28.389254
657,50,WeaklyCorrelated,scaled,11409,42,228.1800,11410,547681,289076,255850,2755,0.527818,11402,8,0.999299,12585,6559.8256,12729870.1840,74847610,258.9202,25.335320
658,50,WeaklyCorrelated,scaled,10337,42,206.7400,10338,496225,268249,226380,1596,0.540579,10310,28,0.997292,11290,6017.7497,10119228.5369,62211496,231.9170,25.947862
659,50,WeaklyCorrelated,scaled,12268,42,245.3600,12269,588913,349364,237619,1930,0.593235,12233,36,0.997066,13617,7177.9227,14685949.8370,88065934,252.0750,28.475344
660,50,WeaklyCorrelated,scaled,11642,42,232.8400,11643,558866,317119,239310,2437,0.567433,11613,30,0.997423,12565,6564.1143,12797701.2415,76425983,241.0010,27.236881
661,50,WeaklyCorrelated,scaled,11313,42,226.2600,11314,543074,319976,220750,2348,0.589194,11292,22,0.998056,12438,6501.2950,12329835.5660,73555652,229.8787,28.281421
662,50,WeaklyCorrelated,scaled,13685,42,273.7000,13686,656929,374684,280626,1619,0.570357,13685,1,0.999927,15186,7878.7713,18737764.0669,107828864,287.7861,27.377174
663,50,WeaklyCorrelated,scaled,13489,42,269.7800,13490,647522,359802,286067,1653,0.555660,13390,100,0.992587,14768,7584.0179,17845631.5764,102308402,284.3464,26.671757
664,50,WeaklyCorrelated,scaled,12873,42,257.4600,12874,617954,335248,280155,2551,0.542513,12862,12,0.999068,14452,7502.2945,16859623.1598,96584540,288.0988,26.040702
665,50,WeaklyCorrelated,scaled,12586,42,251.7200,12587,604177,318193,282651,3333,0.526655,12580,7,0.999444,13632,7011.6041,15244897.5048,88255061,277.3633,25.279495
666,50,WeaklyCorrelated,scaled,12580,42,251.6000,12581,603889,421768,180982,1139,0.698420,12574,7,0.999444,13838,7300.1846,15170191.5283,91843622,217.7586,33.524203
667,50,WeaklyCorrelated,scaled,12812,42,256.2400,12813,615026,321654,291811,1561,0.522993,12757,56,0.995629,13822,7135.2861,15781347.9759,91424421,284.2322,25.103723
668,50,WeaklyCorrelated,scaled,14207,42,284.1400,14208,681986,387598,291627,2761,0.568337,14207,1,0.999930,15187,7790.1464,19028719.4428,110682400,285.5598,27.280265
669,50,WeaklyCorrelated,scaled,12273,42,245.4600,12274,589153,323073,264594,1486,0.548369,12264,10,0.999185,13549,7088.7117,14872614.8524,87006848,269.3102,26.321737
670,50,WeaklyCorrelated,scaled,12767,42,255.3400,12768,612865,345335,264474,3056,0.563476,12754,14,0.998904,13839,7228.8430,15348468.4054,92297867,267.2705,27.046914
671,50,WeaklyCorrelated,scaled,13188,42,263.7600,13189,633073,379018,251877,2178,0.598696,13168,21,0.998408,14454,7555.5906,16575284.9747,99650684,262.9181,28.737433
672,50,WeaklyCorrelated,scaled,11636,42,232.7200,11637,558577,284816,270756,3005,0.509896,11634,3,0.999742,12782,6531.9117,13494213.7137,76011857,266.8806,24.475037
673,50,WeaklyCorrelated,scaled,12640,42,252.8000,12641,606769,379037,225554,2178,0.624681,12633,8,0.999367,13996,7372.6340,15511610.4248,93197466,245.8796,29.984732
674,50,WeaklyCorrelated,scaled,12194,42,243.8800,12195,585362,336105,247694,1563,0.574183,12192,3,0.999754,13533,7094.4231,14478790.2592,86516490,257.4091,27.560886
675,50,WeaklyCorrelated,scaled,13935,42,278.7000,13936,668929,386952,280865,1112,0.578465,13928,8,0.999426,14826,7677.5230,18083764.6880,106993961,276.5045,27.766361
676,50,WeaklyCorrelated,scaled,12928,42,258.5600,12929,620594,383529,232800,4265,0.618003,12918,11,0.999149,14159,7416.4209,16135527.6737,95886906,250.0121,29.664243
677,50,WeaklyCorrelated,scaled,9830,42,196.6000,9831,471889,300898,169322,1669,0.637646,9827,4,0.999593,10842,5694.9352,9469397.8712,55986908,186.0661,30.607059
678,50,WeaklyCorrelated,scaled,12110,42,242.2000,12111,581330,346902,232376,2052,0.596739,12086,25,0.997936,13433,7020.4915,14405515.4891,85025172,245.0985,28.643547
679,50,WeaklyCorrelated,scaled,12241,42,244.8200,12242,587618,339676,245783,2159,0.578056,12236,6,0.999510,13663,7123.1102,15032260.0842,87201115,256.7185,27.746773
680,50,WeaklyCorrelated,scaled,12707,42,254.1400,12708,609986,353449,252206,4331,0.579438,12689,19,0.998505,13773,7077.1218,15511593.8600,89936064,254.4527,27.813110
681,50,WeaklyCorrelated,scaled,11704,42,234.0800,11705,561842,303039,257199,1604,0.539367,11676,29,0.997522,12810,6612.1364,13436573.5112,77395057,255.3964,25.889705
682,50,WeaklyCorrelated,scaled,12410,42,248.2000,12411,595729,339126,254776,1827,0.569262,12305,106,0.991459,13375,6944.0193,14874027.2602,86182223,254.1304,27.324631
683,50,WeaklyCorrelated,scaled,13519,42,270.3800,13520,648962,372279,274489,2194,0.573653,13510,10,0.999260,14280,7348.8453,16826800.3503,99356389,266.8869,27.535429
684,50,WeaklyCorrelated,scaled,11225,42,224.5000,11226,538850,336804,200705,1341,0.625042,11196,30,0.997328,12597,6616.0192,12499120.9199,74271431,220.5183,30.002138
685,50,WeaklyCorrelated,scaled,12137,42,242.7400,12138,582625,350446,230934,1245,0.601495,12130,8,0.999341,13198,6839.6905,14232301.7003,83020163,236.8986,28.871808
686,50,WeaklyCorrelated,scaled,14159,42,283.1800,14160,679682,381381,295923,2378,0.561117,14138,22,0.998446,15228,7851.5193,18928054.8756,111177513,291.5130,26.933686
687,50,WeaklyCorrelated,scaled,12697,42,253.9400,12698,609506,372279,234779,2448,0.610788,12690,8,0.999370,13859,7240.3454,15473515.9376,91937906,246.9597,29.317924
688,50,WeaklyCorrelated,scaled,12738,42,254.7600,12739,611473,347869,262660,944,0.568903,12730,9,0.999294,13972,7252.3876,15849749.5774,92388166,265.5832,27.307402
689,50,WeaklyCorrelated,scaled,10735,42,214.7000,10736,515329,322717,190116,2496,0.626235,10730,6,0.999441,12255,6416.7863,11919179.3211,68890618,213.4707,30.059333
690,50,WeaklyCorrelated,scaled,12205,42,244.1000,12206,585889,307382,276744,1763,0.524642,12169,37,0.996969,13445,6942.0686,14753675.2911,84734889,275.6664,25.182861
691,50,WeaklyCorrelated,scaled,12614,42,252.2800,12615,605521,332777,270187,2557,0.549571,12605,10,0.999207,13922,7313.4966,15478090.4914,92259760,277.2420,26.379469
692,50,WeaklyCorrelated,scaled,12962,42,259.2400,12963,622226,351673,268890,1663,0.565185,12932,31,0.997609,13837,7155.1415,15544285.1035,92752099,263.7453,27.128982
693,50,WeaklyCorrelated,scaled,13288,42,265.7600,13289,637873,379627,256096,2150,0.595145,13237,52,0.996087,14516,7444.2490,17324207.4473,98926625,260.5890,28.567010
694,50,WeaklyCorrelated,scaled,13150,42,263.0000,13151,631250,369784,259748,1718,0.585796,13081,70,0.994677,14136,7240.6958,16690428.3059,95222391,257.5081,28.118318
695,50,WeaklyCorrelated,scaled,11692,42,233.8400,11693,561266,294207,265533,1526,0.524185,11667,26,0.997776,12865,6610.0708,13652754.0258,77291558,262.7115,25.160951
696,50,WeaklyCorrelated,scaled,13754,42,275.0800,13755,660242,411321,247497,1424,0.622985,13715,40,0.997092,14736,7670.8822,17401058.5970,105512984,256.5222,29.903381
697,50,WeaklyCorrelated,scaled,12125,42,242.5000,12126,582049,324705,255042,2302,0.557865,12083,43,0.996454,13356,6916.6352,14406106.3757,83871118,258.2994,26.777585
698,50,WeaklyCorrelated,scaled,12585,42,251.7000,12586,604130,360831,241769,1530,0.597274,12582,4,0.999682,13825,7235.3789,15469425.3782,91064479,252.3743,28.669236
699,50,WeaklyCorrelated,scaled,13435,42,268.7000,13436,644930,346665,297458,807,0.537523,13401,35,0.997395,14266,7455.9301,16407185.5823,100177877,288.9760,25.801206
700,50,StronglyCorrelated,scaled,11460,42,229.2000,11461,550129,372836,156710,20583,0.677725,11449,12,0.998953,11685,5888.9531,11276132.5808,67493291,181.0268,32.530844
701,50,StronglyCorrelated,scaled,13938,42,278.7600,13939,669074,403785,233511,31778,0.603498,13922,17,0.998780,14125,7091.3346,16566144.3691,98846113,244.7989,28.968003
702,50,StronglyCorrelated,scaled,12048,42,240.9600,12049,578353,361654,183991,32708,0.625317,12042,7,0.999419,12254,6158.7148,12449628.5018,74206355,205.1860,30.015271
703,50,StronglyCorrelated,scaled,11557,42,231.1400,11558,554785,353811,163635,37339,0.637744,11529,29,0.997491,11754,5907.5087,11452921.1712,68278986,192.9815,30.611784
704,50,StronglyCorrelated,scaled,12245,42,244.9000,12246,587809,379566,186449,21794,0.645730,12209,37,0.996979,12478,6273.4918,12911727.3517,76825180,202.4027,30.995100
705,50,StronglyCorrelated,scaled,13877,42,277.5400,13878,666145,412474,220175,33496,0.619196,13849,29,0.997910,14089,7073.5465,16478285.5796,98166678,237.9948,29.721430
706,50,StronglyCorrelated,scaled,11021,42,220.4200,11022,529058,334167,166127,28764,0.631626,11019,3,0.999728,11239,5651.7073,10467435.8998,62293118,186.4131,30.318182
707,50,StronglyCorrelated,scaled,14264,42,285.2800,14265,684721,406179,247100,31442,0.593204,14238,27,0.998107,14459,7257.8641,17354738.7887,103533431,254.8961,28.473817
708,50,StronglyCorrelated,scaled,12932,42,258.6400,12933,620786,395087,193902,31797,0.636430,12924,9,0.999304,13142,6602.7458,14325799.0921,85393312,216.1380,30.548751
709,50,StronglyCorrelated,scaled,13133,42,262.6600,13134,630433,370121,218591,41721,0.587090,13117,17,0.998706,13323,6687.0802,14738139.7499,87828111,237.2957,28.180372
710,50,StronglyCorrelated,scaled,13042,42,260.8400,13043,626066,388279,209096,28691,0.620189,13041,2,0.999847,13237,6647.8912,14550882.2946,86708445,223.3148,29.769148
711,50,StronglyCorrelated,scaled,13884,42,277.6800,13885,666482,446389,191194,28899,0.669769,13869,16,0.998848,14097,7080.8956,16483310.7118,98318236,220.2524,32.149010
712,50,StronglyCorrelated,scaled,11770,42,235.4000,11771,565010,348425,186877,29708,0.616671,11746,25,0.997876,11985,6022.0639,11923869.1280,70885714,203.4461,29.600289
713,50,StronglyCorrelated,scaled,11636,42,232.7200,11637,558578,358620,173571,26387,0.642023,11607,30,0.997422,11858,5961.5357,11658180.5653,69374391,193.4482,30.817221
714,50,StronglyCorrelated,scaled,10681,42,213.6200,10682,512737,323278,164447,25012,0.630495,10638,44,0.995881,10914,5493.5696,9856894.8572,58682310,181.5227,30.263808
715,50,StronglyCorrelated,scaled,11553,42,231.0600,11554,554593,362019,166482,26092,0.652765,11536,18,0.998442,11766,5916.7095,11465784.4708,68361662,188.8345,31.332785
716,50,StronglyCorrelated,scaled,12880,42,257.6000,12881,618290,357897,226859,33534,0.578850,12873,8,0.999379,13081,6570.3634,14188194.7681,84632851,236.4726,27.784877
717,50,StronglyCorrelated,scaled,13599,42,271.9800,13600,652801,409255,210620,32926,0.626922,13574,26,0.998088,13816,6944.0590,15799391.2294,94439203,230.7588,30.092279
718,50,StronglyCorrelated,scaled,11524,42,230.4800,11525,553202,329837,197311,26054,0.596232,11521,4,0.999653,11715,5882.6027,11389802.2920,67796996,205.5470,28.619262
719,50,StronglyCorrelated,scaled,12404,42,248.0800,12405,595442,392689,175963,26790,0.659492,12348,57,0.995405,12615,6338.0016,13222850.8397,78622910,200.2167,31.655703
720,50,StronglyCorrelated,scaled,13296,42,265.9200,13297,638258,398476,206789,32993,0.624318,13289,8,0.999398,13488,6773.3590,15094642.7765,90065354,226.0245,29.967361
721,50,StronglyCorrelated,scaled,13311,42,266.2200,13312,638977,388371,215452,35154,0.607801,13235,77,0.994216,13518,6785.0464,15184822.5031,90322538,232.5677,29.174504
722,50,StronglyCorrelated,scaled,9898,42,197.9600,9899,475154,312402,143734,19018,0.657475,9888,11,0.998889,10132,5113.7909,8455162.4097,50621416,162.0393,31.558945
723,50,StronglyCorrelated,scaled,11901,42,238.0200,11902,571297,356153,186624,28520,0.623411,11894,8,0.999328,12103,6083.1234,12170599.4512,72401335,203.2872,29.923794
724,50,StronglyCorrelated,scaled,11219,42,224.3800,11220,538561,386541,126544,25476,0.717729,11208,12,0.998930,11420,5746.4585,10794032.8001,64475264,166.8006,34.451070
725,50,StronglyCorrelated,scaled,12687,42,253.7400,12688,609026,378104,194929,35993,0.620834,12671,17,0.998660,12896,6478.9465,13791779.2406,82204873,217.4134,29.800126
726,50,StronglyCorrelated,scaled,12465,42,249.3000,12466,598370,357687,207083,33600,0.597769,12409,57,0.995428,12652,6347.0039,13327659.6956,79121750,221.2039,28.693005
727,50,StronglyCorrelated,scaled,12148,42,242.9600,12149,583153,373585,183730,25838,0.640629,12143,6,0.999506,12367,6223.0469,12637679.0175,75603797,202.3737,30.750268
728,50,StronglyCorrelated,scaled,13685,42,273.7000,13686,656929,447531,182020,27378,0.681247,13685,1,0.999927,13913,6997.3919,16030096.3468,95766306,213.9881,32.699912
729,50,StronglyCorrelated,scaled,11434,42,228.6800,11435,548881,341352,176811,30718,0.621905,11430,5,0.999563,11628,5839.9592,11229478.7076,66779934,195.6336,29.851509
730,50,StronglyCorrelated,scaled,12512,42,250.2400,12513,600625,367416,202044,31165,0.611723,12512,1,0.999920,12724,6386.1584,13450974.6358,79910000,217.4919,29.362743
731,50,StronglyCorrelated,scaled,11940,42,238.8000,11941,573170,345064,198077,30029,0.602027,11887,54,0.995478,12157,6108.8155,12265833.7997,72945366,211.3966,28.897412
732,50,StronglyCorrelated,scaled,12114,42,242.2800,12115,581521,393939,164437,23145,0.677429,12087,28,0.997689,12338,6204.5686,12603672.1976,75168349,190.8122,32.516632
733,50,StronglyCorrelated,scaled,13096,42,261.9200,13097,628658,400322,201097,27239,0.636788,13088,9,0.999313,13319,6695.1355,14682667.9110,87686190,219.0391,30.565931
734,50,StronglyCorrelated,scaled,15114,42,302.2800,15115,725522,412353,279870,33299,0.568354,15066,49,0.996758,15338,7695.2262,19539610.3449,116313344,282.0723,27.281045
735,50,StronglyCorrelated,scaled,12583,42,251.6600,12584,604033,391521,181162,31350,0.648178,12537,47,0.996265,12777,6420.7322,13540376.3018,80798494,206.3708,31.112603
736,50,StronglyCorrelated,scaled,13599,42,271.9800,13600,652802,421957,201389,29456,0.646378,13593,7,0.999485,13792,6924.2948,15800503.0383,94170409,223.1754,31.026250
737,50,StronglyCorrelated,scaled,11378,42,227.5600,11379,546193,334731,184878,26584,0.612844,11371,8,0.999297,11600,5826.8777,11173931.3969,66304041,198.0816,29.416557
738,50,StronglyCorrelated,scaled,11389,42,227.7800,11390,546722,359008,163582,24132,0.656655,11310,80,0.992976,11602,5840.2779,11154720.3322,66520765,185.2905,31.519579
739,50,StronglyCorrelated,scaled,11131,42,222.6200,11132,534338,348337,159729,26272,0.651904,11120,12,0.998922,11353,5712.0003,10672604.3517,63585987,182.5416,31.291502
740,50,StronglyCorrelated,scaled,12532,42,250.6400,12533,601585,358010,215169,28406,0.595111,12529,4,0.999681,12721,6386.5558,13438770.1963,80042704,223.5767,28.565387
741,50,StronglyCorrelated,scaled,12966,42,259.3200,12967,622417,384894,201288,36235,0.618386,12956,11,0.999152,13170,6613.5426,14393361.4608,85757807,222.8089,29.682579
742,50,StronglyCorrelated,scaled,12049,42,240.9800,12050,578401,360596,191805,26000,0.623436,12049,1,0.999917,12286,6177.8163,12512775.0454,74442686,206.4435,29.924979
743,50,StronglyCorrelated,scaled,12230,42,244.6000,12231,587089,374396,185438,27255,0.637716,12140,91,0.992560,12451,6260.6245,12846613.1922,76573698,204.5260,30.610416
744,50,StronglyCorrelated,scaled,12810,42,256.2000,12811,614929,383439,204447,27043,0.623550,12797,14,0.998907,13010,6551.2827,13985180.0228,83928483,218.8835,29.930450
745,50,StronglyCorrelated,scaled,13827,42,276.5400,13828,663745,410455,230834,22456,0.618393,13784,44,0.996818,14057,7064.2823,16395853.8387,97684895,237.9917,29.682890
746,50,StronglyCorrelated,scaled,12640,42,252.8000,12641,606769,376657,206648,23464,0.620758,12588,53,0.995807,12867,6463.3594,13738699.1132,81703326,216.9171,29.796456
747,50,StronglyCorrelated,scaled,12080,42,241.6000,12081,579890,388342,165184,26364,0.669682,12051,30,0.997517,12322,6200.4572,12572094.0714,74907724,192.8911,32.144856
748,50,StronglyCorrelated,scaled,11865,42,237.3000,11866,569570,355169,182895,31506,0.623574,11843,23,0.998062,12066,6060.7689,12079439.8686,71917084,202.4869,29.931653
749,50,StronglyCorrelated,scaled,11029,42,220.5800,11030,529441,327038,180246,22157,0.617704,11020,10,0.999093,11255,5665.0885,10501352.6458,62485926,191.0663,29.649864
750,50,StronglyCorrelated,scaled,13358,42,267.1600,13359,641233,383702,224847,32684,0.598382,13354,5,0.999626,13587,6825.7862,15302294.3587,91185678,237.6471,28.722359
751,50,StronglyCorrelated,scaled,13320,42,266.4000,13321,639410,379629,229660,30121,0.593718,13315,6,0.999550,13542,6802.9038,15208651.3663,90621481,238.7106,28.498536
752,50,StronglyCorrelated,scaled,10308,42,206.1600,10309,494833,332115,142755,19963,0.671166,10293,16,0.998448,10557,5327.0913,9199172.9835,54916984,165.3553,32.216025
753,50,StronglyCorrelated,scaled,13102,42,262.0400,13103,628946,369410,232838,26698,0.587348,13094,9,0.999313,13279,6662.9260,14643156.9152,87304320,236.3345,28.192780
754,50,StronglyCorrelated,scaled,12661,42,253.2200,12662,607777,373707,205887,28183,0.614875,12649,13,0.998973,12869,6462.4686,13735267.4697,81827777,218.9624,29.514058
755,50,StronglyCorrelated,scaled,12195,42,243.9000,12196,585409,383114,170074,32221,0.654438,12157,39,0.996802,12418,6237.9602,12789349.2551,76078162,198.5784,31.413086
756,50,StronglyCorrelated,scaled,12019,42,240.3800,12020,576962,373050,179355,24557,0.646576,12002,18,0.998502,12232,6146.4707,12411500.1901,73880578,198.0447,31.035774
757,50,StronglyCorrelated,scaled,12361,42,247.2200,12362,593377,348711,221821,22845,0.587672,12360,2,0.999838,12598,6336.8676,13134896.2349,78336357,224.6455,28.208300
758,50,StronglyCorrelated,scaled,11773,42,235.4600,11774,565154,356180,175156,33818,0.630235,11749,25,0.997877,11990,6025.5817,11919268.3120,70945199,199.1836,30.251401
759,50,StronglyCorrelated,scaled,12418,42,248.3600,12419,596113,385914,180495,29704,0.647384,12418,1,0.999919,12616,6342.4078,13181882.4119,78766362,204.1034,31.074483
760,50,StronglyCorrelated,scaled,11130,42,222.6000,11131,534289,332488,178043,23758,0.622300,11119,12,0.998922,11340,5706.8538,10650692.1906,63522990,191.0535,29.870452
761,50,StronglyCorrelated,scaled,10943,42,218.8600,10944,525314,335398,166850,23066,0.638471,10943,1,0.999909,11146,5609.2622,10271434.6836,61387765,183.0296,30.646747
762,50,StronglyCorrelated,scaled,14662,42,293.2400,14663,703825,420958,246466,36401,0.598100,14605,58,0.996044,14855,7450.2610,18349771.4221,109243177,259.5109,28.708859
763,50,StronglyCorrelated,scaled,10511,42,210.2200,10512,504577,310177,169214,25186,0.614727,10467,45,0.995719,10712,5386.6011,9518337.4481,56623951,182.5537,29.506944
764,50,StronglyCorrelated,scaled,11980,42,239.6000,11981,575089,357011,191772,26306,0.620793,11959,22,0.998164,12202,6141.3276,12319779.2624,73579246,206.0980,29.798097
765,50,StronglyCorrelated,scaled,12532,42,250.6400,12533,601586,367307,208407,25872,0.610564,12511,22,0.998245,12748,6410.0041,13454981.7773,80336581,218.7178,29.307189
766,50,StronglyCorrelated,scaled,12350,42,247.0000,12351,592850,373024,190177,29649,0.629205,12348,3,0.999757,12582,6329.2480,13093230.1833,78172542,209.5644,30.201927
767,50,StronglyCorrelated,scaled,11046,42,220.9200,11047,530258,346052,155941,28265,0.652611,11041,6,0.999457,11250,5662.4507,10464108.7291,62553093,180.7621,31.325428
768,50,StronglyCorrelated,scaled,12324,42,246.4800,12325,591602,363601,203487,24514,0.614604,12309,16,0.998702,12547,6303.3013,13059419.7146,77688188,213.6633,29.501095
769,50,StronglyCorrelated,scaled,12237,42,244.7400,12238,587426,409775,152259,25392,0.697577,12237,1,0.999918,12456,6262.9488,12852287.3074,76645968,187.0440,33.483821
770,50,StronglyCorrelated,scaled,11922,42,238.4400,11923,572306,338682,203097,30527,0.591785,11886,37,0.996897,12123,6090.3853,12200213.6310,72615664,214.4066,28.405770
771,50,StronglyCorrelated,scaled,12951,42,259.0200,12952,621697,377083,226153,18461,0.606538,12949,3,0.999768,13196,6641.2792,14411209.9105,86017848,228.1138,29.113882
772,50,StronglyCorrelated,scaled,13267,42,265.3400,13268,636865,421716,190873,24276,0.662175,13261,7,0.999472,13508,6798.9980,15085027.7853,90209105,213.9096,31.784444
773,50,StronglyCorrelated,scaled,13179,42,263.5800,13180,632641,386251,209476,36914,0.610537,13138,42,0.996813,13360,6707.2021,14817649.2264,88400924,228.8691,29.305842
774,50,StronglyCorrelated,scaled,12194,42,243.8800,12195,585362,369365,190727,25270,0.631003,12163,32,0.997376,12396,6232.9200,12738426.0188,76010460,205.7869,30.288233
775,50,StronglyCorrelated,scaled,12152,42,243.0400,12153,583346,353968,198816,30562,0.606789,12104,49,0.995968,12342,6196.9141,12650228.1708,75311097,212.7624,29.125977
776,50,StronglyCorrelated,scaled,13627,42,272.5400,13628,654145,375943,243250,34952,0.574709,13612,16,0.998826,13830,6941.6211,15888672.2807,94600412,251.6350,27.586073
777,50,StronglyCorrelated,scaled,11455,42,229.1000,11456,549889,364825,162554,22510,0.663452,11450,6,0.999476,11660,5867.5615,11246254.9241,67218784,184.2494,31.845758
778,50,StronglyCorrelated,scaled,12562,42,251.2400,12563,603025,381531,191454,30040,0.632695,12494,69,0.994508,12790,6425.6941,13587732.6681,80725995,211.5844,30.369418
779,50,StronglyCorrelated,scaled,13750,42,275.0000,13751,660050,409273,221175,29602,0.620064,13744,7,0.999491,13962,7012.9892,16159143.0820,96435615,235.6266,29.763144
780,50,StronglyCorrelated,scaled,13264,42,265.2800,13265,636721,419920,189413,27388,0.659504,13238,27,0.997965,13485,6776.8276,15095570.2948,89894618,214.0756,31.656238
781,50,StronglyCorrelated,scaled,12395,42,247.9000,12396,595009,354832,206145,34032,0.596347,12380,16,0.998709,12604,6333.6876,13174800.5149,78512392,221.2664,28.624718
782,50,StronglyCorrelated,scaled,11402,42,228.0400,11403,547345,352230,171516,23599,0.643525,11401,2,0.999825,11650,5865.5172,11220261.9245,66884493,189.8887,30.889240
783,50,StronglyCorrelated,scaled,13099,42,261.9800,13100,628802,390232,213438,25132,0.620596,13075,25,0.998092,13326,6692.1718,14749517.2174,87667450,224.6547,29.788702
784,50,StronglyCorrelated,scaled,12766,42,255.3200,12767,612817,423515,165539,23763,0.691095,12715,52,0.995927,12977,6521.7429,13971048.4249,83263091,196.6001,33.172633
785,50,StronglyCorrelated,scaled,14385,42,287.7000,14386,690529,363539,292712,34278,0.526464,14328,58,0.995968,14590,7319.5712,17711607.5037,105299351,289.6508,25.270332
786,50,StronglyCorrelated,scaled,10764,42,215.2800,10765,516721,330880,162941,22900,0.640346,10755,10,0.999071,10991,5531.6693,9989278.4911,59548420,179.9698,30.736647
787,50,StronglyCorrelated,scaled,13812,42,276.2400,13813,663025,398269,232778,31978,0.600685,13808,5,0.999638,14005,7030.6351,16276364.2183,97114163,243.8406,28.832911
788,50,StronglyCorrelated,scaled,12031,42,240.6200,12032,577537,390122,161645,25770,0.675493,12009,23,0.998088,12257,6164.7189,12438062.0334,74173898,190.1300,32.423703
789,50,StronglyCorrelated,scaled,13731,42,274.6200,13732,659137,443667,192754,22716,0.673103,13695,37,0.997306,13981,7031.9720,16188101.2767,96563040,217.6476,32.308986
790,50,StronglyCorrelated,scaled,12321,42,246.4200,12322,591458,348466,210171,32821,0.589164,12310,12,0.999026,12517,6287.7509,13007408.2854,77477666,222.3392,28.279987
791,50,StronglyCorrelated,scaled,14411,42,288.2200,14412,691777,443552,218875,29350,0.641178,14381,31,0.997849,14632,7355.0381,17731755.3862,106000809,238.9817,30.776575
792,50,StronglyCorrelated,scaled,11337,42,226.7400,11338,544226,325750,198320,20156,0.598556,11317,21,0.998148,11576,5824.1787,11097713.3745,66034538,202.7154,28.730817
793,50,StronglyCorrelated,scaled,11580,42,231.6000,11581,555889,350102,173918,31869,0.629806,11580,1,0.999914,11784,5926.0298,11514360.6953,68629351,196.0267,30.230723
794,50,StronglyCorrelated,scaled,11882,42,237.6400,11883,570385,414913,131900,23572,0.727426,11881,2,0.999832,12117,6103.1947,12126715.9089,72524263,174.7939,34.916519
795,50,StronglyCorrelated,scaled,12217,42,244.3400,12218,586466,378274,189686,18506,0.645006,12211,7,0.999427,12457,6275.3100,12814938.7298,76671737,202.6884,30.960386
796,50,StronglyCorrelated,scaled,11147,42,222.9400,11148,535106,348518,165154,21434,0.651306,11129,19,0.998296,11369,5731.9949,10675196.3508,63900279,183.3486,31.262827
797,50,StronglyCorrelated,scaled,13581,42,271.6200,13582,651937,402623,215873,33441,0.617580,13564,18,0.998675,13780,6918.2581,15768974.5085,93963782,233.3791,29.643867
798,50,StronglyCorrelated,scaled,13440,42,268.8000,13441,645169,391872,219963,33334,0.607394,13430,11,0.999182,13659,6859.7228,15478974.3669,92201534,235.2848,29.154974
799,50,StronglyCorrelated,scaled,13765,42,275.3000,13766,660770,430273,199743,30754,0.651169,13744,22,0.998402,13984,7028.3210,16212510.9351,96751867,224.8616,31.256211
800,50,InverseCorrelated,scaled,12511,42,250.2200,12512,600578,407683,192604,291,0.678818,12503,9,0.999281,22929,17253.6601,24851718.4691,215877795,529.5237,32.583360
801,50,InverseCorrelated,scaled,12780,42,255.6000,12781,613489,436734,176755,0,0.711886,12780,1,0.999922,23299,18275.5417,24614724.8274,233579698,534.8329,34.170566
802,50,InverseCorrelated,scaled,14012,42,280.2400,14013,672625,458753,213872,0,0.682034,14012,1,0.999929,20113,14587.8469,21573526.6953,204419498,445.5982,32.737672
803,50,InverseCorrelated,scaled,13364,42,267.2800,13365,641522,437067,203763,692,0.681297,13358,7,0.999476,21342,16376.3419,19264076.2786,218869810,500.7695,32.702357
804,50,InverseCorrelated,scaled,14162,42,283.2400,14163,679825,465664,214161,0,0.684976,14147,16,0.998870,19936,15421.8291,16846563.6952,218419366,469.0493,32.878910
805,50,InverseCorrelated,scaled,11472,42,229.4400,11473,550706,370699,179355,652,0.673134,11465,8,0.999303,24705,19064.4661,25743483.7445,218726620,590.0383,32.310555
806,50,InverseCorrelated,scaled,15246,42,304.9200,15247,731857,493509,238348,0,0.674324,15187,60,0.996065,16886,11348.2496,17396768.0624,173026762,350.6051,32.367613
807,50,InverseCorrelated,scaled,12231,42,244.6200,12232,587138,373595,213087,456,0.636298,12210,22,0.998201,23112,16711.4759,31652408.6361,204414773,547.1561,30.542430
808,50,InverseCorrelated,scaled,12197,42,243.9400,12198,585506,402511,182532,463,0.687458,12195,3,0.999754,22918,17316.2360,21945717.0470,211223447,524.7644,32.998114
809,50,InverseCorrelated,scaled,11738,42,234.7600,11739,563474,412570,149486,1418,0.732190,11726,13,0.998893,23512,17274.0464,27682580.1240,202780031,491.5045,35.145242
810,50,InverseCorrelated,scaled,14314,42,286.2800,14315,687121,484885,202236,0,0.705676,14312,3,0.999790,19363,15208.2732,14348795.1661,217706431,448.9857,33.872511
811,50,InverseCorrelated,scaled,12609,42,252.1800,12610,605282,416068,189214,0,0.687395,12585,25,0.998017,22578,16758.7558,30075702.1173,211327911,507.9168,32.995083
812,50,InverseCorrelated,scaled,13162,42,263.2400,13163,631826,430774,201052,0,0.681792,13153,10,0.999240,21107,15464.0047,20679028.1660,203552694,472.5278,32.726126
813,50,InverseCorrelated,scaled,13631,42,272.6200,13632,654337,413795,239245,1297,0.632388,13602,30,0.997799,20012,15370.3603,17120947.0238,209528751,506.3588,30.354680
814,50,InverseCorrelated,scaled,11203,42,224.0600,11204,537794,382100,155694,0,0.710495,11194,10,0.999107,25440,19720.7414,28110384.8918,220951187,578.2549,34.103891
815,50,InverseCorrelated,scaled,11474,42,229.4800,11475,550802,396442,153679,681,0.719754,11451,24,0.997908,23936,17442.9161,27098672.7394,200157462,504.8846,34.548322
816,50,InverseCorrelated,scaled,11762,42,235.2400,11763,564625,398080,166144,401,0.705034,11735,28,0.997620,23851,17421.5367,34529811.8863,204929536,514.7949,33.841707
817,50,InverseCorrelated,scaled,11972,42,239.4400,11973,574706,401713,172993,0,0.698989,11960,13,0.998914,24244,17964.3446,30245281.8679,215087098,535.4248,33.551574
818,50,InverseCorrelated,scaled,12015,42,240.3000,12016,576770,414881,161238,651,0.719318,12013,3,0.999750,23628,16964.5761,33113468.7267,203846347,491.3369,34.527380
819,50,InverseCorrelated,scaled,11852,42,237.0400,11853,568946,413849,155097,0,0.727396,11850,3,0.999747,23628,17796.1306,22932492.9722,210937536,509.6969,34.915127
820,50,InverseCorrelated,scaled,11866,42,237.3200,11867,569617,402855,165774,988,0.707238,11864,3,0.999747,24655,18698.8808,27873648.6065,221899619,550.8176,33.947501
821,50,InverseCorrelated,scaled,12554,42,251.0800,12555,602642,429319,171951,1372,0.712395,12553,2,0.999841,21962,17000.7638,18101965.0792,213444590,497.1701,34.195062
822,50,InverseCorrelated,scaled,12631,42,252.6200,12632,606338,436763,169383,192,0.720329,12610,22,0.998258,22647,18126.1415,21249257.0211,228969420,524.2418,34.575918
823,50,InverseCorrelated,scaled,12960,42,259.2000,12961,622129,434195,187934,0,0.697918,12933,28,0.997840,21442,15415.8698,23018514.4018,199805089,460.1736,33.500116
824,50,InverseCorrelated,scaled,12174,42,243.4800,12175,584401,391046,193355,0,0.669140,12171,4,0.999671,23611,18164.3761,25839338.6051,221151279,565.5378,32.118768
825,50,InverseCorrelated,scaled,11811,42,236.2200,11812,566977,386005,180972,0,0.680812,11808,4,0.999661,23691,16900.7092,30679989.8187,199631177,517.1725,32.679055
826,50,InverseCorrelated,scaled,11158,42,223.1600,11159,535633,392709,141730,1194,0.733168,11141,18,0.998387,24480,19283.8527,23514380.1378,215188512,547.9592,35.192132
827,50,InverseCorrelated,scaled,13185,42,263.7000,13186,632930,433333,199085,512,0.684646,13153,33,0.997497,21405,16044.7695,23384971.4978,211566331,488.2304,32.863112
828,50,InverseCorrelated,scaled,13853,42,277.0600,13854,664993,490637,174356,0,0.737808,13827,27,0.998051,19669,14269.3999,20383238.0164,197688266,402.9216,35.414826
829,50,InverseCorrelated,scaled,10255,42,205.1000,10256,492290,345281,146463,546,0.701377,10255,1,0.999902,26270,19282.1883,33733165.8369,197758123,572.7455,33.666244
830,50,InverseCorrelated,scaled,12124,42,242.4800,12125,582002,391379,190560,63,0.672470,12092,33,0.997278,23434,18038.7649,25875330.2492,218720025,558.8446,32.278680
831,50,InverseCorrelated,scaled,11105,42,222.1000,11106,533089,383015,148797,1277,0.718482,11074,32,0.997119,25556,20178.7160,31427953.7629,224104820,585.1072,34.487214
832,50,InverseCorrelated,scaled,14478,42,289.5600,14479,694994,474755,218682,1557,0.683107,14470,9,0.999378,19752,15710.6957,15914097.2348,227475163,479.1422,32.789212
833,50,InverseCorrelated,scaled,14126,42,282.5200,14127,678098,428086,249168,844,0.631304,14113,14,0.999009,20042,15160.2315,17120657.1507,214168591,500.2934,30.302683
834,50,InverseCorrelated,scaled,12003,42,240.0600,12004,576194,402210,173303,681,0.698046,12001,3,0.999750,22598,16311.3381,29842808.2871,195801303,486.8136,33.506331
835,50,InverseCorrelated,scaled,11353,42,227.0600,11354,544993,382486,161998,509,0.701818,11336,18,0.998415,23796,17136.2824,27560042.0975,194565350,508.6862,33.687335
836,50,InverseCorrelated,scaled,12276,42,245.5200,12277,589297,434249,154127,921,0.736893,12257,20,0.998371,22789,17258.6463,21973515.4751,211884401,487.9330,35.370938
837,50,InverseCorrelated,scaled,13789,42,275.7800,13790,661921,454236,207685,0,0.686239,13769,21,0.998477,20656,16008.5396,19879266.5611,220757761,485.9979,32.939521
838,50,InverseCorrelated,scaled,12742,42,254.8400,12743,611665,417048,194617,0,0.681824,12712,31,0.997567,22406,16494.3702,26342144.8121,210187759,503.9894,32.727615
839,50,InverseCorrelated,scaled,12699,42,253.9800,12700,609602,414259,194466,877,0.679556,12695,5,0.999606,22635,17446.7986,21399267.3645,221574342,534.8691,32.618819
840,50,InverseCorrelated,scaled,12242,42,244.8400,12243,587665,399440,187837,388,0.679707,12231,12,0.999020,22303,16152.9333,28625834.0238,197760363,495.0940,32.625990
841,50,InverseCorrelated,scaled,13036,42,260.7200,13037,625777,418953,206824,0,0.669492,13027,10,0.999233,22341,16884.8712,24299085.7215,220128066,525.4243,32.135691
842,50,InverseCorrelated,scaled,13088,42,261.7600,13089,628273,434558,193088,627,0.691671,13076,13,0.999007,20580,14679.2511,25118448.5578,192136717,442.1429,33.200244
843,50,InverseCorrelated,scaled,11526,42,230.5200,11527,553297,364278,187069,1950,0.658377,11479,48,0.995836,22722,15339.5092,28880142.4769,176818523,485.3945,31.602151
844,50,InverseCorrelated,scaled,15201,42,304.0200,15202,729698,452784,275635,1279,0.620509,15195,7,0.999540,17543,12941.5032,15105407.6970,196736731,434.5046,29.784502
845,50,InverseCorrelated,scaled,12264,42,245.2800,12265,588721,425740,162723,258,0.723161,12251,14,0.998859,22923,17267.1095,21665666.5965,211781098,497.4423,34.711781
846,50,InverseCorrelated,scaled,11960,42,239.2000,11961,574130,422077,152053,0,0.735159,11960,1,0.999916,23642,17621.6142,28926440.7005,210772127,499.3689,35.287769
847,50,InverseCorrelated,scaled,14137,42,282.7400,14138,678625,435468,242462,695,0.641692,14104,34,0.997595,19345,14235.7196,18057307.8797,201264603,462.1800,30.801245
848,50,InverseCorrelated,scaled,11070,42,221.4000,11071,531410,397954,133456,0,0.748864,11067,4,0.999639,26154,20729.8492,26722035.7182,229500160,576.7002,35.945624
849,50,InverseCorrelated,scaled,12332,42,246.6400,12333,591986,405145,186157,684,0.684383,12299,34,0.997243,22792,16035.2635,28189296.0105,197762905,488.1287,32.850482
850,50,InverseCorrelated,scaled,15264,42,305.2800,15265,732721,483838,248165,718,0.660330,15236,29,0.998100,17524,13336.2583,12707799.1374,203577983,420.7565,31.695906
851,50,InverseCorrelated,scaled,12569,42,251.3800,12570,603362,419888,182660,814,0.695914,12557,13,0.998966,22965,17013.3611,29116822.2802,213857949,509.3214,33.403978
852,50,InverseCorrelated,scaled,12067,42,241.3400,12068,579266,387720,191109,437,0.669330,12042,26,0.997846,22611,16123.7952,31895316.3284,194581961,501.8621,32.127942
853,50,InverseCorrelated,scaled,11628,42,232.5600,11629,558194,404808,153299,87,0.725210,11627,2,0.999828,25085,19592.4606,26510941.2193,227840724,562.8365,34.810216
854,50,InverseCorrelated,scaled,13540,42,270.8000,13541,649970,460231,189739,0,0.708080,13484,57,0.995791,19885,14529.9948,22094328.0486,196750660,427.5041,33.987962
855,50,InverseCorrelated,scaled,11730,42,234.6000,11731,563089,414865,148224,0,0.736766,11721,10,0.999148,24490,18878.7215,27220264.8669,221466282,533.8273,35.364845
856,50,InverseCorrelated,scaled,12943,42,258.8600,12944,621313,454549,165971,793,0.731594,12910,34,0.997373,22565,17319.5796,24056128.1851,224184638,493.2024,35.116579
857,50,InverseCorrelated,scaled,12749,42,254.9800,12750,612002,417175,194827,0,0.681656,12747,3,0.999765,21697,16075.0389,22897405.1255,204956746,491.2968,32.719608
858,50,InverseCorrelated,scaled,10756,42,215.1200,10757,516337,344372,171455,510,0.666952,10756,1,0.999907,25351,18474.9772,29809376.8809,198735330,577.0949,32.013758
859,50,InverseCorrelated,scaled,14212,42,284.2400,14213,682225,461501,217700,3024,0.676465,14199,14,0.999015,20288,15268.1905,20078679.7630,217006792,470.2195,32.470344
860,50,InverseCorrelated,scaled,12330,42,246.6000,12331,591889,419029,172860,0,0.707952,12323,8,0.999351,23738,17843.3706,29750645.8695,220026603,525.0868,33.981753
861,50,InverseCorrelated,scaled,11244,42,224.8800,11245,539762,352471,186941,350,0.653012,11231,14,0.998755,24228,18017.2835,27459354.7262,202604353,574.8114,31.344687
862,50,InverseCorrelated,scaled,10290,42,205.8000,10291,493970,342774,150763,433,0.693917,10270,21,0.997959,26003,18676.6861,32793678.4519,192201777,560.7245,33.308133
863,50,InverseCorrelated,scaled,12123,42,242.4600,12124,581954,391766,189923,265,0.673191,12099,25,0.997938,23339,17447.8522,27924656.2611,211537760,539.9595,32.313263
864,50,InverseCorrelated,scaled,10362,42,207.2400,10363,497426,356324,140986,116,0.716336,10355,8,0.999228,25859,19431.0510,30130175.2667,201363981,565.1148,34.384252
865,50,InverseCorrelated,scaled,14593,42,291.8600,14594,700513,469876,229632,1005,0.670760,14587,7,0.999520,19059,14162.3165,16972271.8211,206684847,439.8710,32.196519
866,50,InverseCorrelated,scaled,12944,42,258.8800,12945,621362,458757,162605,0,0.738309,12910,35,0.997296,21766,15593.7771,26379266.6768,201861444,440.0182,35.438934
867,50,InverseCorrelated,scaled,12372,42,247.4400,12373,593906,405062,188844,0,0.682030,12352,21,0.998303,22940,17927.8287,22590696.0595,221821025,547.6224,32.737574
868,50,InverseCorrelated,scaled,13104,42,262.0800,13105,629041,446572,182469,0,0.709925,13101,4,0.999695,21543,16070.5475,20777945.8766,210604525,471.6026,34.076459
869,50,InverseCorrelated,scaled,13515,42,270.3000,13516,648770,475163,173018,589,0.732406,13492,24,0.998224,21703,16565.6515,26005230.4335,223901346,471.2096,35.155593
870,50,InverseCorrelated,scaled,11735,42,234.7000,11736,563329,396733,166054,542,0.704265,11735,1,0.999915,23698,18027.9899,22675981.7606,211576490,533.2969,33.804789
871,50,InverseCorrelated,scaled,11099,42,221.9800,11100,532802,405986,126800,16,0.761983,11097,3,0.999730,25960,20371.8844,26405390.4361,226127917,556.9845,36.575315
872,50,InverseCorrelated,scaled,12720,42,254.4000,12721,610610,439635,170171,804,0.719993,12720,1,0.999921,22572,17696.8515,19650920.0518,225121648,512.0649,34.559783
873,50,InverseCorrelated,scaled,11984,42,239.6800,11985,575281,419184,155685,412,0.728660,11981,4,0.999666,24411,19121.7620,23364760.2069,229174318,546.7153,34.975720
874,50,InverseCorrelated,scaled,12295,42,245.9000,12296,590209,398572,190236,1401,0.675307,12267,29,0.997642,23037,17148.6761,26366804.4379,210860121,529.0390,32.414769
875,50,InverseCorrelated,scaled,12883,42,257.6600,12884,618434,384768,233019,647,0.622165,12837,47,0.996352,21252,15941.8556,20916724.3218,205394868,533.8148,29.864017
876,50,InverseCorrelated,scaled,13102,42,262.0400,13103,628945,420933,208012,0,0.669268,13101,2,0.999847,21424,15969.8366,21832879.9630,209252769,497.1166,32.124933
877,50,InverseCorrelated,scaled,11750,42,235.0000,11751,564050,378066,184603,1381,0.670270,11749,2,0.999830,24539,18728.4522,23683950.6329,220078042,582.1154,32.173092
878,50,InverseCorrelated,scaled,12450,42,249.0000,12451,597650,418208,179229,213,0.699754,12412,39,0.996868,23048,16712.8550,30289078.7706,208091758,497.5796,33.588306
879,50,InverseCorrelated,scaled,12265,42,245.3000,12266,588770,398189,190581,0,0.676307,12261,5,0.999592,22373,17040.4599,20340451.6203,209018281,524.9223,32.462824
880,50,InverseCorrelated,scaled,12859,42,257.1800,12860,617282,435599,181683,0,0.705673,12826,34,0.997356,22450,16651.9961,23127426.6303,214144670,491.6096,33.872395
881,50,InverseCorrelated,scaled,13397,42,267.9400,13398,643106,432979,209165,962,0.673262,13388,10,0.999254,20818,15292.9478,19093616.2313,204894915,473.2214,32.316689
882,50,InverseCorrelated,scaled,13178,42,263.5600,13179,632594,449420,182869,305,0.710440,13169,10,0.999241,22071,16873.2172,22785451.7245,222372130,494.7980,34.101222
883,50,InverseCorrelated,scaled,11527,42,230.5400,11528,553345,365875,184880,2590,0.661206,11502,26,0.997745,23117,17144.1879,29146364.9997,197638198,540.1796,31.737942
884,50,InverseCorrelated,scaled,13406,42,268.1200,13407,643537,444398,199139,0,0.690555,13349,58,0.995674,21909,16220.3146,27775663.3134,217465758,489.3491,33.146714
885,50,InverseCorrelated,scaled,13920,42,278.4000,13921,668210,446569,221314,327,0.668306,13883,38,0.997270,20247,14931.8578,21720428.8816,207866392,465.4743,32.078802
886,50,InverseCorrelated,scaled,12356,42,247.1200,12357,593137,403141,189981,15,0.679676,12342,15,0.998786,22771,16886.4564,25204407.6805,208665942,517.6004,32.624504
887,50,InverseCorrelated,scaled,13339,42,266.7800,13340,640322,434624,205154,544,0.678758,13321,19,0.998576,20229,15136.3335,16958368.1101,201918689,464.5825,32.580510
888,50,InverseCorrelated,scaled,12277,42,245.5400,12278,589345,404204,184870,271,0.685853,12270,8,0.999348,23405,17592.4305,28913128.8674,215999862,534.3833,32.920997
889,50,InverseCorrelated,scaled,12983,42,259.6600,12984,623234,442626,177618,2990,0.710208,12960,24,0.998152,21547,16679.7195,18449418.2861,216569478,489.2832,34.090111
890,50,InverseCorrelated,scaled,14084,42,281.6800,14085,676082,500416,174639,1027,0.740171,14083,2,0.999858,20097,15744.5119,14103929.3077,221761450,443.1542,35.528293
891,50,InverseCorrelated,scaled,12375,42,247.5000,12376,594049,396719,196863,467,0.667822,12333,43,0.996526,22693,16551.2506,26678450.2433,204838278,516.3309,32.055511
892,50,InverseCorrelated,scaled,13022,42,260.4400,13023,625105,422918,202187,0,0.676555,13009,14,0.998925,22200,16760.5022,26934399.6997,218272020,516.1096,32.474699
893,50,InverseCorrelated,scaled,11957,42,239.1400,11958,573986,392259,181727,0,0.683395,11954,4,0.999665,23183,17275.6555,19992685.1813,206582288,526.6477,32.803061
894,50,InverseCorrelated,scaled,13416,42,268.3200,13417,644018,456208,187486,324,0.708378,13391,26,0.998062,21782,16684.9800,24138796.4144,223862377,490.7024,34.002236
895,50,InverseCorrelated,scaled,11381,42,227.6200,11382,546338,407104,139234,0,0.745150,11372,10,0.999121,24972,19420.4200,29875015.6144,221043220,542.9650,35.767352
896,50,InverseCorrelated,scaled,12149,42,242.9800,12150,583202,397597,185488,117,0.681748,12145,5,0.999588,24446,19195.9492,27485963.1397,233230783,586.6010,32.724033
897,50,InverseCorrelated,scaled,12810,42,256.2000,12811,614929,443720,170496,713,0.721579,12810,1,0.999922,22330,17725.4022,17818105.0640,227080128,511.7645,34.635860
898,50,InverseCorrelated,scaled,11993,42,239.8600,11994,575714,405412,170302,0,0.704190,11986,8,0.999333,24090,18267.8122,28668815.5572,219104140,540.4481,33.801234
899,50,InverseCorrelated,scaled,12094,42,241.8800,12095,580561,399446,180299,816,0.688035,12093,2,0.999835,23297,17277.6728,28457379.7932,208973452,523.1582,33.025713
900,50,AlmostEqualRatios,scaled,9580,42,191.6000,9581,459889,273855,178933,7101,0.595481,9579,2,0.999791,10008,5067.8310,8369594.8222,48554889,177.3015,28.583133
901,50,AlmostEqualRatios,scaled,11553,42,231.0600,11554,554593,309544,238351,6698,0.558146,11541,13,0.998875,12077,6103.5180,12138808.6405,70520047,227.8191,26.791068
902,50,AlmostEqualRatios,scaled,12146,42,242.9200,12147,583058,375757,200275,7026,0.644459,12113,34,0.997201,12812,6494.3124,13701990.8250,78886413,209.9400,30.934140
903,50,AlmostEqualRatios,scaled,11801,42,236.0200,11802,566497,341126,214057,11314,0.602167,11794,8,0.999322,12378,6292.2315,12739952.8320,74260916,217.6935,28.904084
904,50,AlmostEqualRatios,scaled,12847,42,256.9400,12848,616705,354265,254731,7709,0.574448,12837,11,0.999144,13230,6729.6434,14592574.4896,86462458,244.0615,27.573552
905,50,AlmostEqualRatios,scaled,13472,42,269.4400,13473,646706,372438,269159,5109,0.575900,13443,30,0.997773,13949,7090.3664,16323552.5540,95528506,256.4951,27.643287
906,50,AlmostEqualRatios,scaled,11970,42,239.4000,11971,574610,347451,220615,6544,0.604673,11955,16,0.998663,12536,6355.6883,13130465.2542,76083945,218.9775,29.024392
907,50,AlmostEqualRatios,scaled,12289,42,245.7800,12290,589921,302676,281084,6161,0.513079,12287,3,0.999756,12797,6501.9552,13598725.7779,79909029,264.0085,24.627828
908,50,AlmostEqualRatios,scaled,10771,42,215.4200,10772,517058,282879,229569,4610,0.547093,10721,51,0.995266,11379,5754.2044,10816349.7031,61984290,219.1194,26.260583
909,50,AlmostEqualRatios,scaled,12985,42,259.7000,12986,623329,338102,278665,6562,0.542413,12961,25,0.998075,13622,6917.1458,15469894.5940,89826055,265.6774,26.035885
910,50,AlmostEqualRatios,scaled,10903,42,218.0600,10904,523394,281546,234428,7420,0.537924,10897,7,0.999358,11466,5788.3329,10960378.8378,63115982,224.1764,25.820433
911,50,AlmostEqualRatios,scaled,11187,42,223.7400,11188,537025,310624,217565,8836,0.578416,11180,8,0.999285,11530,5874.7482,11080702.3478,65726683,211.5956,27.764033
912,50,AlmostEqualRatios,scaled,11725,42,234.5000,11726,562850,322742,233438,6670,0.573407,11709,17,0.998550,12461,6287.0710,12976679.5454,73722194,228.4245,27.523623
913,50,AlmostEqualRatios,scaled,12356,42,247.1200,12357,593137,310288,277971,4878,0.523130,12320,37,0.997006,12820,6514.3261,13762768.0377,80497527,259.4284,25.110302
914,50,AlmostEqualRatios,scaled,12439,42,248.7800,12440,597121,313378,275411,8332,0.524815,12387,53,0.995740,13031,6613.0410,14155422.6355,82266230,262.5144,25.191158
915,50,AlmostEqualRatios,scaled,13151,42,263.0200,13152,631297,344037,281027,6233,0.544969,13072,80,0.993917,13821,7025.3947,15978257.7642,92397991,268.5699,26.158531
916,50,AlmostEqualRatios,scaled,13149,42,262.9800,13150,631202,326679,299514,5009,0.517551,13099,51,0.996122,13687,6952.5878,15636127.4923,91426530,279.8666,24.842510
917,50,AlmostEqualRatios,scaled,12128,42,242.5600,12129,582194,351083,226349,4762,0.603034,12125,4,0.999670,12346,6287.3391,12606770.4855,76259136,217.2111,28.945750
918,50,AlmostEqualRatios,scaled,12573,42,251.4600,12574,603554,363696,233522,6336,0.602591,12535,39,0.996898,13081,6679.5211,14302287.1077,83988298,230.9299,28.924447
919,50,AlmostEqualRatios,scaled,12032,42,240.6400,12033,577586,338241,233068,6277,0.585611,12018,15,0.998753,12775,6455.7043,13603624.0748,77681490,229.6631,28.109449
920,50,AlmostEqualRatios,scaled,12604,42,252.0800,12605,605041,368770,229539,6732,0.609496,12596,9,0.999286,13196,6692.0624,14536120.2182,84353446,228.7427,29.255851
921,50,AlmostEqualRatios,scaled,12667,42,253.3400,12668,608066,325845,277307,4914,0.535871,12556,112,0.991159,13202,6717.4153,14622403.7591,85096217,261.1555,25.721898
922,50,AlmostEqualRatios,scaled,12705,42,254.1000,12706,609890,343585,260936,5369,0.563356,12690,16,0.998741,13587,6858.3932,15448505.7036,87142744,253.6279,27.041162
923,50,AlmostEqualRatios,scaled,13256,42,265.1200,13257,636337,409033,223079,4225,0.642793,13253,4,0.999698,13848,7026.3711,16015381.9710,93148602,227.7288,30.854115
924,50,AlmostEqualRatios,scaled,11147,42,222.9400,11148,535105,276069,251271,7765,0.515916,11124,24,0.997847,11677,5918.2564,11405398.0678,65976722,238.9863,24.763994
925,50,AlmostEqualRatios,scaled,12420,42,248.4000,12421,596209,317942,270550,7717,0.533273,12416,5,0.999597,12941,6565.4665,13978784.6498,81549660,256.4923,25.597134
926,50,AlmostEqualRatios,scaled,13403,42,268.0600,13404,643393,348625,290146,4622,0.541854,13400,4,0.999702,14205,7175.5730,16844062.7826,96181380,275.8878,26.009027
927,50,AlmostEqualRatios,scaled,12534,42,250.6800,12535,601681,346042,250008,5631,0.575125,12527,8,0.999362,13219,6686.6953,14574166.7126,83817725,242.2184,27.606063
928,50,AlmostEqualRatios,scaled,12944,42,258.8800,12945,621361,364870,251078,5413,0.587211,12922,23,0.998223,13393,6796.8421,14960641.5262,87985121,241.1410,28.186172
929,50,AlmostEqualRatios,scaled,11551,42,231.0200,11552,554498,336164,211115,7219,0.606249,11527,25,0.997836,11979,6068.7443,11956513.4891,70106134,208.5474,29.100069
930,50,AlmostEqualRatios,scaled,11249,42,224.9800,11250,540001,289837,240618,9546,0.536734,11237,13,0.998844,11842,5992.5270,11692871.2050,67415929,232.5995,25.763289
931,50,AlmostEqualRatios,scaled,11201,42,224.0200,11202,537698,328176,202084,7438,0.610335,11178,24,0.997858,11827,6009.9381,11702522.4149,67323327,205.1440,29.296197
932,50,AlmostEqualRatios,scaled,13733,42,274.6600,13734,659233,412333,241721,5179,0.625474,13675,59,0.995704,14317,7275.6291,17103949.6910,99923490,242.3369,30.022790
933,50,AlmostEqualRatios,scaled,11383,42,227.6600,11384,546433,281271,258282,6880,0.514740,11368,16,0.998595,11949,6075.8319,11884782.8166,69167270,245.9097,24.707572
934,50,AlmostEqualRatios,scaled,10855,42,217.1000,10856,521090,297969,217855,5266,0.571819,10853,3,0.999724,11380,5775.5228,10794752.4794,62699075,210.4215,27.447402
935,50,AlmostEqualRatios,scaled,12527,42,250.5400,12528,601346,359920,230964,10462,0.598524,12519,9,0.999282,13212,6681.4263,14539754.0664,83704909,232.5653,28.729246
936,50,AlmostEqualRatios,scaled,13104,42,262.0800,13105,629041,369919,252317,6805,0.588068,13098,7,0.999466,13467,6831.5918,15082244.2133,89528010,242.0206,28.227318
937,50,AlmostEqualRatios,scaled,13903,42,278.0600,13904,667393,381973,278113,7307,0.572336,13889,15,0.998921,14738,7454.8444,18124690.5553,103652157,271.3599,27.472166
938,50,AlmostEqualRatios,scaled,14271,42,285.4200,14272,685058,418897,261060,5101,0.611477,14249,23,0.998388,14761,7509.7098,18094126.7761,107178578,255.8590,29.350967
939,50,AlmostEqualRatios,scaled,12314,42,246.2800,12315,591121,302280,282413,6428,0.511367,12276,39,0.996833,13047,6584.9236,14233810.0834,81093334,268.2722,24.545676
940,50,AlmostEqualRatios,scaled,13829,42,276.5800,13830,663841,357131,300446,6264,0.537977,13740,90,0.993492,14302,7297.6577,17089871.8665,100926606,282.6039,25.822921
941,50,AlmostEqualRatios,scaled,13086,42,261.7200,13087,628178,355316,264917,7945,0.565629,13036,51,0.996103,13796,6991.3662,15952328.2581,91496009,257.5060,27.150302
942,50,AlmostEqualRatios,scaled,13595,42,271.9000,13596,652609,377448,271299,3862,0.578368,13561,35,0.997426,14355,7277.0415,17253299.6760,98938656,262.1253,27.761695
943,50,AlmostEqualRatios,scaled,12773,42,255.4600,12774,613153,348725,258462,5966,0.568741,12772,2,0.999843,13328,6778.5249,14786298.4182,86588877,248.3013,27.299593
944,50,AlmostEqualRatios,scaled,12587,42,251.7400,12588,604226,333850,262428,7948,0.552525,12542,46,0.996346,12993,6602.1102,14046443.0348,83107363,248.9362,26.521290
945,50,AlmostEqualRatios,scaled,12666,42,253.3200,12667,608018,365745,236638,5635,0.601536,12661,6,0.999526,13127,6675.9693,14326786.6005,84564503,231.2116,28.873845
946,50,AlmostEqualRatios,scaled,14952,42,299.0400,14953,717745,342907,370903,3935,0.477756,14946,7,0.999532,15826,8005.8893,20999187.1262,119712062,349.1094,22.932321
947,50,AlmostEqualRatios,scaled,14047,42,280.9400,14048,674306,399239,270346,4721,0.592074,14020,28,0.998007,14682,7435.8899,17962240.5090,104459381,261.6462,28.419633
948,50,AlmostEqualRatios,scaled,12662,42,253.2400,12663,607826,347735,254493,5598,0.572096,12615,48,0.996209,13139,6687.2743,14356090.8927,84680954,243.5215,27.460712
949,50,AlmostEqualRatios,scaled,12815,42,256.3000,12816,615170,341846,265912,7412,0.555694,12768,48,0.996255,13487,6820.9146,15174100.1144,87416842,255.7199,26.673377
950,50,AlmostEqualRatios,scaled,13663,42,273.2600,13664,655873,389224,260508,6141,0.593444,13635,29,0.997878,14562,7355.2089,17732563.9760,100501574,258.2101,28.485363
951,50,AlmostEqualRatios,scaled,11835,42,236.7000,11836,568130,366480,196778,4872,0.645064,11809,27,0.997719,12304,6291.4701,12681325.4078,74465840,203.1921,30.963163
952,50,AlmostEqualRatios,scaled,11879,42,237.5800,11880,570241,363909,200563,5769,0.638167,11818,62,0.994781,12328,6244.4892,12631269.0566,74184532,203.8546,30.632071
953,50,AlmostEqualRatios,scaled,12451,42,249.0200,12452,597698,349053,239833,8812,0.583996,12444,8,0.999358,13215,6685.4698,14528973.1005,83247470,238.4952,28.031882
954,50,AlmostEqualRatios,scaled,12510,42,250.2000,12511,600529,308136,280919,11474,0.513108,12508,3,0.999760,13285,6715.6255,14781481.8493,84019191,272.6692,24.629206
955,50,AlmostEqualRatios,scaled,12689,42,253.7800,12690,609122,331852,269887,7383,0.544804,12644,46,0.996375,13335,6720.2313,14774398.7113,85279735,256.9812,26.150670
956,50,AlmostEqualRatios,scaled,12042,42,240.8400,12043,578066,376379,196866,4821,0.651100,12026,17,0.998588,12407,6322.5343,12886644.4785,76142280,202.3021,31.252927
957,50,AlmostEqualRatios,scaled,11255,42,225.1000,11256,540290,300551,234700,5039,0.556277,11224,32,0.997157,11577,5901.3297,11180193.4474,66425367,221.0120,26.701404
958,50,AlmostEqualRatios,scaled,11314,42,226.2800,11315,543122,303793,232864,6465,0.559346,11270,45,0.996023,11797,5997.2912,11604475.6307,67859350,223.3736,26.848696
959,50,AlmostEqualRatios,scaled,11293,42,225.8600,11294,542114,268686,266503,6925,0.495626,11284,10,0.999115,12139,6122.0570,12338000.1329,69142512,257.3357,23.790154
960,50,AlmostEqualRatios,scaled,9311,42,186.2200,9312,446978,236038,203842,7098,0.528075,9308,4,0.999570,9403,4769.3090,7325532.3202,44411805,188.1553,25.347723
961,50,AlmostEqualRatios,scaled,14041,42,280.8200,14042,674017,333344,333103,7570,0.494563,14027,15,0.998932,14930,7542.1988,18630673.7662,105907556,317.7125,23.739069
962,50,AlmostEqualRatios,scaled,12845,42,256.9000,12846,616609,367188,243634,5787,0.595496,12845,1,0.999922,13372,6775.5107,14852547.4137,87038211,237.0399,28.583839
963,50,AlmostEqualRatios,scaled,12868,42,257.3600,12869,617714,363517,247617,6580,0.588488,12864,5,0.999611,13237,6708.8141,14627230.3021,86335729,237.5012,28.247494
964,50,AlmostEqualRatios,scaled,13230,42,264.6000,13231,635090,436732,193264,5094,0.687669,13160,71,0.994634,13984,7083.4895,16314458.3206,93721649,214.5976,33.008238
965,50,AlmostEqualRatios,scaled,12225,42,244.5000,12226,586850,314603,265886,6361,0.536088,12218,8,0.999346,12813,6508.0351,13738420.9211,79567237,252.9132,25.732292
966,50,AlmostEqualRatios,scaled,12384,42,247.6800,12385,594481,296653,292221,5607,0.499012,12358,27,0.997820,13078,6632.9581,14300727.5483,82149186,276.9201,23.952604
967,50,AlmostEqualRatios,scaled,12840,42,256.8000,12841,616369,320648,281788,13933,0.520221,12832,9,0.999299,13367,6807.3367,14868389.5866,87413011,272.6136,24.970641
968,50,AlmostEqualRatios,scaled,13546,42,270.9200,13547,650257,376360,267802,6095,0.578787,13466,81,0.994021,14140,7179.5720,16743694.3549,97261662,258.4272,27.781797
969,50,AlmostEqualRatios,scaled,13199,42,263.9800,13200,633602,395843,230319,7440,0.624750,13173,27,0.997955,14097,7116.7809,16638138.0864,93941508,237.3201,29.988106
970,50,AlmostEqualRatios,scaled,12540,42,250.8000,12541,601970,373324,220496,8150,0.620170,12538,3,0.999761,13322,6745.2804,14836615.1859,84592561,226.5929,29.768280
971,50,AlmostEqualRatios,scaled,12647,42,252.9400,12648,607105,316378,286033,4694,0.521126,12642,6,0.999526,13360,6768.9657,14908312.1141,85613878,270.6063,25.014073
972,50,AlmostEqualRatios,scaled,11910,42,238.2000,11911,571730,297601,266840,7289,0.520527,11887,24,0.997985,12652,6417.2011,13376045.0202,76435282,256.8381,24.985392
973,50,AlmostEqualRatios,scaled,13189,42,263.7800,13190,633121,407981,219519,5621,0.644397,13172,18,0.998635,13568,6926.2064,15285465.9242,91356663,223.9238,30.931084
974,50,AlmostEqualRatios,scaled,12382,42,247.6400,12383,594386,347747,241053,5586,0.585052,12377,6,0.999515,13156,6669.2103,14457036.3920,82584831,237.4854,28.082613
975,50,AlmostEqualRatios,scaled,12252,42,245.0400,12253,588146,289325,291486,7335,0.491927,12250,3,0.999755,12953,6574.0993,14059742.6353,80552439,278.4151,23.612585
976,50,AlmostEqualRatios,scaled,14399,42,287.9800,14400,691202,420938,264978,5286,0.608994,14391,9,0.999375,15111,7654.0097,19045186.8836,110217739,261.8384,29.231806
977,50,AlmostEqualRatios,scaled,13536,42,270.7200,13537,649777,340012,301868,7897,0.523275,13523,14,0.998966,14229,7215.1087,16944711.3776,97670926,287.2573,25.117234
978,50,AlmostEqualRatios,scaled,12797,42,255.9400,12798,614305,310571,297465,6269,0.505565,12784,14,0.998906,13708,6916.6422,15684940.4514,88519187,285.0208,24.267151
979,50,AlmostEqualRatios,scaled,11319,42,226.3800,11320,543362,291261,245767,6334,0.536035,11296,24,0.997880,11917,6015.2129,11840500.5881,68092210,233.7842,25.729770
980,50,AlmostEqualRatios,scaled,11896,42,237.9200,11897,571058,300434,263868,6756,0.526101,11896,1,0.999916,12681,6402.5098,13436794.1566,76170659,253.5354,25.252921
981,50,AlmostEqualRatios,scaled,11486,42,229.7200,11487,551378,311552,234602,5224,0.565042,11477,10,0.999129,12160,6155.9995,12354790.2291,70713966,226.9732,27.122138
982,50,AlmostEqualRatios,scaled,13801,42,276.0200,13802,662498,316401,341665,4432,0.477588,13775,27,0.998044,14437,7321.0483,17393456.6429,101045109,319.3577,22.924286
983,50,AlmostEqualRatios,scaled,11765,42,235.3000,11766,564770,313527,243391,7852,0.555141,11738,28,0.997620,12432,6302.2453,12902107.4977,74152218,236.5098,26.646864
984,50,AlmostEqualRatios,scaled,12249,42,244.9800,12250,588002,299667,282141,6194,0.509636,12247,3,0.999755,12722,6477.6793,13504279.6381,79351571,264.7992,24.462612
985,50,AlmostEqualRatios,scaled,12731,42,254.6200,12732,611137,368637,235160,7340,0.603199,12728,4,0.999686,13403,6782.9701,14976207.7375,86360775,234.2705,28.953582
986,50,AlmostEqualRatios,scaled,13103,42,262.0600,13104,628993,349422,275044,4527,0.555526,13101,3,0.999771,13792,7005.8715,15903750.2341,91804940,262.7337,26.665293
987,50,AlmostEqualRatios,scaled,12387,42,247.7400,12388,594626,327273,260936,6417,0.550385,12358,30,0.997578,13035,6581.4592,14166832.7118,81531116,249.1226,26.418550
988,50,AlmostEqualRatios,scaled,13302,42,266.0400,13303,638546,355981,276674,5891,0.557487,13299,4,0.999699,14084,7133.0471,16574638.7377,94890926,266.5618,26.759453
989,50,AlmostEqualRatios,scaled,11624,42,232.4800,11625,558002,319064,234782,4156,0.571797,11612,13,0.998882,12242,6207.5718,12558758.2581,72163022,226.1710,27.446366
990,50,AlmostEqualRatios,scaled,12255,42,245.1000,12256,588289,338103,244045,6141,0.574723,12199,57,0.995349,12629,6391.9702,13287198.5116,78339987,231.7045,27.586733
991,50,AlmostEqualRatios,scaled,12891,42,257.8200,12892,618818,345564,266797,6457,0.558426,12862,30,0.997673,13402,6808.5025,15026335.3257,87775214,254.0057,26.804530
992,50,AlmostEqualRatios,scaled,11164,42,223.2800,11165,535921,333622,196242,6057,0.622521,11157,8,0.999283,11787,5981.6382,11644481.5957,66784990,200.1816,29.881057
993,50,AlmostEqualRatios,scaled,11897,42,237.9400,11898,571106,324961,238770,7375,0.569003,11887,11,0.999075,12735,6427.6567,13565893.5166,76476259,235.3398,27.312237
994,50,AlmostEqualRatios,scaled,12577,42,251.5400,12578,603746,327416,268824,7506,0.542308,12571,7,0.999443,13218,6711.4614,14603286.8271,84416762,257.8272,26.030848
995,50,AlmostEqualRatios,scaled,12730,42,254.6000,12731,611090,386620,219350,5120,0.632673,12730,1,0.999921,13477,6839.2932,15208334.9621,87071042,225.2109,30.368392
996,50,AlmostEqualRatios,scaled,10720,42,214.4000,10721,514610,263669,243058,7883,0.512367,10694,27,0.997482,11177,5675.0235,10414206.5733,60841927,230.7512,24.593695
997,50,AlmostEqualRatios,scaled,11567,42,231.3400,11568,555266,317850,227733,9683,0.572428,11557,11,0.999049,11973,6096.0830,11947868.5310,70519488,221.8640,27.476660
998,50,AlmostEqualRatios,scaled,12099,42,241.9800,12100,580801,297531,276697,6573,0.512277,12099,1,0.999917,12694,6416.1897,13459170.8426,77635895,260.9338,24.589339
999,50,AlmostEqualRatios,scaled,12809,42,256.1800,12810,614882,365989,243935,4958,0.595218,12760,50,0.996097,13493,6833.2121,15230181.4630,87533447,239.1696,28.570570
1000,100,Uncorrelated,scaled,25626,42,256.2600,25627,2511448,1552916,956495,2037,0.618335,25626,1,0.999961,41561,28007.5037,101224794.9760,717748298,462.1939,60.596870
1001,100,Uncorrelated,scaled,23519,42,235.1900,23520,2304962,1525785,777973,1204,0.661957,23516,4,0.999830,42976,27690.7577,114684299.3362,651286621,426.8535,64.871811
1002,100,Uncorrelated,scaled,26806,42,268.0600,26807,2627088,1829470,795860,1758,0.696387,26803,4,0.999851,41721,28631.3543,95800660.4668,767520714,419.5317,68.245981
1003,100,Uncorrelated,scaled,23613,42,236.1300,23614,2314174,1541925,771225,1024,0.666296,23607,7,0.999704,41150,27220.5660,101834307.5664,642786445,416.8727,65.297070
1004,100,Uncorrelated,scaled,24471,42,244.7100,24472,2398258,1503682,892939,1637,0.626989,24464,8,0.999673,43114,29241.8668,99933327.5596,715606964,475.9031,61.444998
1005,100,Uncorrelated,scaled,24754,42,247.5400,24755,2425991,1596728,827842,1421,0.658176,24746,9,0.999636,40249,25795.5506,99963239.4774,638568854,399.9234,64.501232
1006,100,Uncorrelated,scaled,24844,42,248.4400,24845,2434811,1623239,810241,1331,0.666680,24836,9,0.999638,40249,27429.4196,91620395.7942,681483929,419.8297,65.334635
1007,100,Uncorrelated,scaled,25950,42,259.5000,25951,2543199,1793798,747749,1652,0.705331,25941,10,0.999615,38273,25732.8416,81790273.3928,667792973,372.2788,69.122500
1008,100,Uncorrelated,scaled,24050,42,240.5000,24051,2356999,1510156,845874,969,0.640711,24030,21,0.999127,42466,29913.8270,93513657.0475,719457452,476.4127,62.789738
1009,100,Uncorrelated,scaled,25844,42,258.4400,25845,2532811,1623238,908819,754,0.640884,25809,36,0.998607,39529,26272.9638,91076015.3489,679024750,418.3150,62.806655
1010,100,Uncorrelated,scaled,24723,42,247.2300,24724,2422954,1641096,780665,1193,0.677312,24720,4,0.999838,42606,28270.8647,99861885.8828,698968858,425.9159,66.376638
1011,100,Uncorrelated,scaled,24662,42,246.6200,24663,2416976,1560775,852556,3645,0.645755,24656,7,0.999716,36925,25263.3980,74582323.9728,623071185,399.2063,63.284069
1012,100,Uncorrelated,scaled,24132,42,241.3200,24133,2365036,1524276,838093,2667,0.644504,24116,17,0.999296,42578,28548.7539,97330569.3335,688967078,451.9963,63.161480
1013,100,Uncorrelated,scaled,24726,42,247.2600,24727,2423247,1522283,900248,716,0.628200,24725,2,0.999919,39994,27382.6630,84395788.0854,677091107,444.7866,61.563594
1014,100,Uncorrelated,scaled,25415,42,254.1500,25416,2490769,1609493,880500,776,0.646183,25409,7,0.999725,38838,25392.9738,93852009.5519,645387823,400.9883,63.325976
1015,100,Uncorrelated,scaled,22834,42,228.3400,22835,2237832,1472035,764071,1726,0.657795,22823,12,0.999474,41622,28147.5420,89814984.3273,642749122,436.6398,64.463981
1016,100,Uncorrelated,scaled,23727,42,237.2700,23728,2325345,1504559,820050,736,0.647026,23719,9,0.999621,39896,26668.1489,86674587.1783,632781836,420.5763,63.408589
1017,100,Uncorrelated,scaled,21539,42,215.3900,21540,2110922,1378994,731086,842,0.653266,21539,1,0.999954,44198,30299.0536,101412098.6077,652641614,473.2737,64.020149
1018,100,Uncorrelated,scaled,25969,42,259.6900,25970,2545062,1719282,824638,1142,0.675536,25952,18,0.999307,43273,28218.2967,108227343.6439,732829166,426.2414,66.202618
1019,100,Uncorrelated,scaled,24773,42,247.7300,24774,2427854,1621994,804632,1228,0.668077,24767,7,0.999717,42868,28827.2374,91649143.8358,714165980,440.3012,65.471623
1020,100,Uncorrelated,scaled,27025,42,270.2500,27026,2648549,1629676,1015795,3078,0.615309,27022,4,0.999852,40302,25301.6722,103178798.2131,683802994,419.5944,60.300303
1021,100,Uncorrelated,scaled,23597,42,235.9700,23598,2312605,1537849,773460,1296,0.664986,23590,8,0.999661,38976,26479.4801,94290257.5710,624862771,406.3226,65.168616
1022,100,Uncorrelated,scaled,25331,42,253.3100,25332,2482538,1612721,868709,1108,0.649626,25324,8,0.999684,41210,27527.8361,93078900.1109,697335143,432.3966,63.663390
1023,100,Uncorrelated,scaled,22265,42,222.6500,22266,2182069,1389516,791548,1005,0.636788,22260,6,0.999731,38668,26351.9477,85796338.2984,586752467,422.2711,62.405282
1024,100,Uncorrelated,scaled,25141,42,251.4100,25142,2463918,1625721,837300,897,0.659811,25134,8,0.999682,40791,27488.6929,91242668.1969,691120718,425.1164,64.661562
1025,100,Uncorrelated,scaled,24910,42,249.1000,24911,2441279,1674651,765109,1519,0.685973,24909,2,0.999920,38151,25661.8471,85926068.0700,639262274,381.7287,67.225362
1026,100,Uncorrelated,scaled,26785,42,267.8500,26786,2625030,1880440,743220,1370,0.716350,26785,1,0.999963,39869,25503.2162,93529448.2647,683129149,363.2815,70.202345
1027,100,Uncorrelated,scaled,25357,42,253.5700,25358,2485085,1581693,902060,1332,0.636474,25325,33,0.998699,37556,25648.9496,77120822.5858,650406063,411.2088,62.374517
1028,100,Uncorrelated,scaled,24551,42,245.5100,24552,2406098,1611111,791991,2996,0.669595,24550,2,0.999919,41038,28187.4557,93056530.3635,692058412,429.5535,65.620357
1029,100,Uncorrelated,scaled,24164,42,241.6400,24165,2368172,1540696,826320,1156,0.650585,24153,12,0.999503,42804,27843.3638,113119204.7788,672834887,436.7084,63.757335
1030,100,Uncorrelated,scaled,22193,42,221.9300,22194,2175013,1498849,674676,1488,0.689122,22187,7,0.999685,42524,28299.0911,102219818.4278,628070028,419.0349,67.533973
1031,100,Uncorrelated,scaled,24383,42,243.8300,24384,2389633,1586545,801359,1729,0.663928,24377,7,0.999713,36789,25196.5441,75248799.2460,614392532,387.2519,65.065002
1032,100,Uncorrelated,scaled,23277,42,232.7700,23278,2281245,1434308,845764,1173,0.628739,23267,11,0.999527,39288,26753.4796,81922221.8793,622767498,434.1937,61.616462
1033,100,Uncorrelated,scaled,24247,42,242.4700,24248,2376305,1600034,775558,713,0.673329,24239,9,0.999629,43429,30180.3923,88911716.2160,731814153,457.3741,65.986226
1034,100,Uncorrelated,scaled,23613,42,236.1300,23614,2314174,1560732,752549,893,0.674423,23605,9,0.999619,38732,25876.1864,85005960.0942,611040266,391.5088,66.093504
1035,100,Uncorrelated,scaled,23326,42,233.2600,23327,2286047,1430196,854813,1038,0.625620,23313,14,0.999400,40610,26935.3995,96668707.5564,628322063,439.3258,61.310756
1036,100,Uncorrelated,scaled,24270,42,242.7000,24271,2378560,1565876,810410,2274,0.658329,24262,9,0.999629,36170,24505.6884,72824766.0347,594777562,379.8369,64.516336
1037,100,Uncorrelated,scaled,25599,42,255.9900,25600,2508801,1566180,940802,1819,0.624274,25583,17,0.999336,38603,26589.6730,77243037.6804,680695630,434.6216,61.178906
1038,100,Uncorrelated,scaled,23967,42,239.6700,23968,2348865,1519424,828213,1228,0.646876,23946,22,0.999082,36242,24770.3655,65891164.6173,593696120,390.7376,63.393858
1039,100,Uncorrelated,scaled,26106,42,261.0600,26107,2558487,1641380,913960,3147,0.641543,26091,16,0.999387,38604,26415.0175,83170570.3889,689616861,420.1445,62.871261
1040,100,Uncorrelated,scaled,24646,42,246.4600,24647,2415407,1521935,889246,4226,0.630095,24646,1,0.999959,41704,28365.5012,101961488.2562,699124508,459.3655,61.749300
1041,100,Uncorrelated,scaled,23737,42,237.3700,23738,2326326,1576337,748113,1876,0.677608,23724,14,0.999410,38855,26530.8332,75850541.2273,629788919,399.5268,66.405637
1042,100,Uncorrelated,scaled,26945,42,269.4500,26946,2640709,1659306,980577,826,0.628356,26942,4,0.999852,43132,28580.6801,107252944.4271,770135005,464.1308,61.578936
1043,100,Uncorrelated,scaled,24563,42,245.6300,24564,2407273,1580034,825405,1834,0.656358,24555,9,0.999634,42255,27478.9641,109242030.7415,674993275,427.2017,64.323156
1044,100,Uncorrelated,scaled,24410,42,244.1000,24411,2392280,1608516,782389,1375,0.672378,24390,21,0.999140,38262,24951.1396,86739130.3727,609082269,378.6610,65.893081
1045,100,Uncorrelated,scaled,22610,42,226.1000,22611,2215879,1494769,718878,2232,0.674572,22607,4,0.999823,42565,28810.3948,101388479.8122,651431837,435.8077,66.108045
1046,100,Uncorrelated,scaled,22971,42,229.7100,22972,2251258,1347833,901789,1636,0.598702,22969,3,0.999869,39679,26332.1070,90897009.5614,604901161,448.7953,58.672863
1047,100,Uncorrelated,scaled,23669,42,236.6900,23670,2319662,1515462,803241,959,0.653312,23666,4,0.999831,39384,27478.9541,76527262.1381,650426843,429.1938,64.024588
1048,100,Uncorrelated,scaled,25339,42,253.3900,25340,2483322,1566439,915765,1118,0.630784,25306,34,0.998658,41465,27662.5805,97445363.3779,700969791,447.4926,61.816851
1049,100,Uncorrelated,scaled,27165,42,271.6500,27166,2662269,1758023,903301,945,0.660348,27157,9,0.999669,39569,25060.2422,100514823.0043,680786539,387.2455,64.714091
1050,100,Uncorrelated,scaled,25693,42,256.9300,25694,2518013,1520636,996395,982,0.603903,25687,7,0.999728,39506,26763.6834,88607393.0650,687666082,452.2227,59.182533
1051,100,Uncorrelated,scaled,23968,42,239.6800,23969,2348964,1583170,762685,3109,0.673986,23960,9,0.999625,35067,24348.8333,66485773.9966,583617185,368.6384,66.050732
1052,100,Uncorrelated,scaled,23538,42,235.3800,23539,2306823,1457659,847564,1600,0.631890,23529,10,0.999575,39821,26322.0668,91761177.7615,619595130,425.0618,61.925273
1053,100,Uncorrelated,scaled,23135,42,231.3500,23136,2267329,1449917,816410,1002,0.639482,23129,7,0.999697,39552,26824.4725,80198033.2967,620610996,428.0321,62.669303
1054,100,Uncorrelated,scaled,25979,42,259.7900,25980,2546041,1560829,983981,1231,0.613042,25948,32,0.998768,38903,25195.4160,89590596.2840,654576907,419.3777,60.078099
1055,100,Uncorrelated,scaled,23622,42,236.2200,23623,2315056,1504765,809883,408,0.649991,23610,13,0.999450,43972,29751.1826,100195175.5225,702812187,467.0578,63.699149
1056,100,Uncorrelated,scaled,25320,42,253.2000,25321,2481459,1572211,908547,701,0.633583,25312,9,0.999645,41036,27553.0180,99197966.1517,697669969,443.7509,62.091189
1057,100,Uncorrelated,scaled,26295,42,262.9500,26296,2577010,1645976,930064,970,0.638715,26294,2,0.999924,40487,28290.7632,79906451.8892,743933909,451.9713,62.594159
1058,100,Uncorrelated,scaled,23454,42,234.5400,23455,2298592,1485648,811784,1160,0.646330,23426,29,0.998764,39488,27013.5532,87459807.1233,633602890,426.4825,63.340354
1059,100,Uncorrelated,scaled,26366,42,263.6600,26367,2583967,1721575,861007,1385,0.666253,26358,9,0.999659,40529,26254.1120,103276274.1888,692242170,402.0982,65.292790
1060,100,Uncorrelated,scaled,23753,42,237.5300,23754,2327893,1543178,783732,983,0.662908,23745,9,0.999621,40586,27014.4153,95478063.5284,641700421,415.8305,64.964974
1061,100,Uncorrelated,scaled,22485,42,224.8500,22486,2203630,1488423,714570,637,0.675441,22474,12,0.999466,41366,27936.2202,92141149.0177,628173847,422.0399,66.193320
1062,100,Uncorrelated,scaled,21654,42,216.5400,21655,2122192,1415008,705887,1297,0.666767,21634,21,0.999030,41448,28197.2558,92271012.0970,610611574,431.5252,65.343246
1063,100,Uncorrelated,scaled,25202,42,252.0200,25203,2469896,1649357,819242,1297,0.667784,25201,2,0.999921,38268,25812.3379,81303472.7966,650548353,394.4254,65.442884
1064,100,Uncorrelated,scaled,24685,42,246.8500,24686,2419230,1562620,855579,1031,0.645916,24683,3,0.999878,40418,26681.9270,96895986.8861,658670049,421.5165,63.299846
1065,100,Uncorrelated,scaled,26245,42,262.4500,26246,2572110,1668202,902131,1777,0.648573,26234,12,0.999543,38939,26600.4622,76890065.3892,698155730,418.5079,63.560238
1066,100,Uncorrelated,scaled,24495,42,244.9500,24496,2400610,1659210,740382,1018,0.691162,24490,6,0.999755,42750,29206.6273,98439790.0133,715445543,431.1965,67.733916
1067,100,Uncorrelated,scaled,27175,42,271.7500,27176,2663249,1637365,1024489,1395,0.614800,27141,35,0.998712,41700,26851.0309,112782020.3494,729703616,445.6573,60.250405
1068,100,Uncorrelated,scaled,24631,42,246.3100,24632,2413938,1571494,841183,1261,0.651008,24629,3,0.999878,46034,32611.8364,101816561.6853,803294754,511.1663,63.798880
1069,100,Uncorrelated,scaled,27909,42,279.0900,27910,2735181,1777563,955818,1800,0.649889,27905,5,0.999821,40421,26291.8404,92585620.0996,733805265,412.8153,63.689108
1070,100,Uncorrelated,scaled,27139,42,271.3900,27140,2659722,1756472,901631,1619,0.660397,27139,1,0.999963,41635,26909.1559,104725186.3368,730314492,415.7849,64.718939
1071,100,Uncorrelated,scaled,24158,42,241.5800,24159,2367583,1509158,857376,1049,0.637426,24156,3,0.999876,40287,27316.2903,91012639.6259,659934257,437.2864,62.467735
1072,100,Uncorrelated,scaled,24020,42,240.2000,24021,2354059,1465021,887437,1601,0.622338,23992,29,0.998793,39257,26219.7443,89443698.6839,629824478,429.9082,60.989176
1073,100,Uncorrelated,scaled,25095,42,250.9500,25096,2459410,1660984,796831,1595,0.675359,25082,14,0.999442,42184,27559.9492,108513089.8038,691644485,416.4065,66.185209
1074,100,Uncorrelated,scaled,24891,42,248.9100,24892,2439418,1651640,787003,775,0.677063,24886,6,0.999759,42588,29402.6215,97286936.5018,731890055,443.1293,66.352242
1075,100,Uncorrelated,scaled,24159,42,241.5900,24160,2367682,1685517,680649,1516,0.711885,24159,1,0.999959,43244,29713.8927,98484093.9878,717887648,425.9154,69.764776
1076,100,Uncorrelated,scaled,25185,42,251.8500,25186,2468229,1523969,942652,1608,0.617434,25176,10,0.999603,38990,26694.5711,78768878.6209,672329468,441.1700,60.508576
1077,100,Uncorrelated,scaled,28540,42,285.4000,28541,2797019,1670982,1125166,871,0.597415,28538,3,0.999895,40258,25612.6850,104089385.8050,731011642,437.4743,58.546722
1078,100,Uncorrelated,scaled,23106,42,231.0600,23107,2264488,1533091,729238,2159,0.677014,23106,1,0.999957,38762,26577.0601,76088311.2277,614116127,400.5738,66.347470
1079,100,Uncorrelated,scaled,25317,42,253.1700,25318,2481166,1680382,798558,2226,0.677255,25307,11,0.999566,41574,28241.6379,97994841.9326,715021789,425.5115,66.371040
1080,100,Uncorrelated,scaled,24477,42,244.7700,24478,2398845,1507581,888659,2605,0.628461,24468,10,0.999591,35537,24037.9809,69196700.3367,588401696,390.2952,61.589223
1081,100,Uncorrelated,scaled,24802,42,248.0200,24803,2430696,1624078,805296,1322,0.668153,24802,1,0.999960,40140,27879.4665,87563926.1845,691494408,425.7766,65.479095
1082,100,Uncorrelated,scaled,24586,42,245.8600,24587,2409527,1680028,728784,715,0.697244,24582,5,0.999797,45372,30598.3888,110843083.9331,752322586,447.8036,68.329930
1083,100,Uncorrelated,scaled,26345,42,263.4500,26346,2581910,1652509,927690,1711,0.640034,26321,25,0.999051,38959,24287.4218,103329573.2487,639876415,387.2151,62.723336
1084,100,Uncorrelated,scaled,25052,42,250.5200,25053,2455195,1575678,877980,1537,0.641773,25017,36,0.998563,42355,26730.4307,118127871.3109,669677480,425.0091,62.893785
1085,100,Uncorrelated,scaled,25384,42,253.8400,25385,2487731,1534739,951801,1191,0.616923,25381,4,0.999842,41960,27627.3702,100366811.6517,701320793,456.9642,60.458499
1086,100,Uncorrelated,scaled,24428,42,244.2800,24429,2394044,1543211,849933,900,0.644604,24393,36,0.998526,43626,29554.9794,105072250.2546,721998592,467.8547,63.171272
1087,100,Uncorrelated,scaled,24162,42,241.6200,24163,2367976,1537590,829105,1281,0.649327,24144,19,0.999214,42723,28920.9627,105530250.8901,698817222,454.4887,63.634069
1088,100,Uncorrelated,scaled,23016,42,230.1600,23017,2255667,1514440,739617,1610,0.671393,23003,14,0.999392,41083,27215.0078,98822962.8281,626407835,413.6234,65.796585
1089,100,Uncorrelated,scaled,25348,42,253.4800,25349,2484204,1600105,882576,1523,0.644112,25348,1,0.999961,39118,27093.6815,80521419.6600,686797732,429.2204,63.123003
1090,100,Uncorrelated,scaled,25428,42,254.2800,25429,2492043,1641457,848645,1941,0.658679,25423,6,0.999764,41185,27063.8211,110995301.7988,688205908,419.2653,64.550592
1091,100,Uncorrelated,scaled,25607,42,256.0700,25608,2509586,1575423,932375,1788,0.627762,25604,4,0.999844,41646,26633.6032,114521371.6928,682033310,432.9208,61.520736
1092,100,Uncorrelated,scaled,28233,42,282.3300,28234,2766933,1611860,1151830,3243,0.582544,28224,10,0.999646,37305,23995.9486,80857622.9226,677501613,420.3229,57.089325
1093,100,Uncorrelated,scaled,23858,42,238.5800,23859,2338184,1543747,793221,1216,0.660233,23848,11,0.999539,45582,30144.9222,119209434.9926,719227699,465.8974,64.702921
1094,100,Uncorrelated,scaled,25594,42,255.9400,25595,2508312,1586296,921421,595,0.632416,25586,9,0.999648,43653,30561.7777,95523374.8251,782228701,493.1165,61.976792
1095,100,Uncorrelated,scaled,24632,42,246.3200,24633,2414035,1604785,807522,1728,0.664773,24622,11,0.999553,37231,25198.6743,82360612.8121,620718945,386.7926,65.147769
1096,100,Uncorrelated,scaled,23358,42,233.5800,23359,2289183,1524471,762682,2030,0.665945,23357,2,0.999914,42001,28583.2695,96136542.7251,667676592,437.9726,65.262682
1097,100,Uncorrelated,scaled,28651,42,286.5100,28652,2807898,1791359,1015558,981,0.637972,28650,2,0.999930,41334,27902.1859,89155241.1742,799453430,446.2832,62.521255
1098,100,Uncorrelated,scaled,25146,42,251.4600,25147,2464408,1581976,880318,2114,0.641929,25142,5,0.999801,42537,27376.3215,108247417.0869,688432358,435.1724,62.909134
1099,100,Uncorrelated,scaled,24553,42,245.5300,24554,2406293,1491576,911710,3007,0.619865,24547,7,0.999715,36625,23502.1010,78353066.0930,577070587,386.8865,60.746762
1100,100,WeaklyCorrelated,scaled,24197,42,241.9700,24198,2371406,1297816,1066362,7228,0.547277,24185,13,0.999463,26811,13890.9684,58480682.5372,336133654,258.9995,53.633193
1101,100,WeaklyCorrelated,scaled,25925,42,259.2500,25926,2540750,1686719,842583,11448,0.663867,25920,6,0.999769,28651,15002.2214,65268569.7000,388947592,230.5942,65.058976
1102,100,WeaklyCorrelated,scaled,26330,42,263.3000,26331,2580439,1516446,1055257,8736,0.587670,26327,4,0.999848,29220,15300.1683,67599447.8539,402868732,265.6664,57.591660
1103,100,WeaklyCorrelated,scaled,26670,42,266.7000,26671,2613759,1541407,1060309,12043,0.589728,26658,13,0.999513,29844,15387.0863,72623904.6471,410388978,266.2431,57.793371
1104,100,WeaklyCorrelated,scaled,24778,42,247.7800,24779,2428344,1381753,1036981,9610,0.569010,24773,6,0.999758,26994,14062.1833,58704431.6082,348446839,252.1774,55.763065
1105,100,WeaklyCorrelated,scaled,25999,42,259.9900,26000,2548002,1364203,1172420,11379,0.535401,25999,1,0.999962,28060,14498.0014,64242538.2567,376948037,276.3137,52.469346
1106,100,WeaklyCorrelated,scaled,24569,42,245.6900,24570,2407862,1405293,994913,7656,0.583627,24554,16,0.999349,27140,14174.5388,59508104.1039,348268418,247.8262,57.195482
1107,100,WeaklyCorrelated,scaled,23287,42,232.8700,23288,2282225,1201881,1071022,9322,0.526627,23282,6,0.999742,25131,13167.8955,50484665.9506,306653950,255.1450,51.609456
1108,100,WeaklyCorrelated,scaled,26150,42,261.5000,26151,2562799,1415814,1139762,7223,0.552448,26137,14,0.999465,28948,15058.8406,67425244.3836,393803740,278.1465,54.139956
1109,100,WeaklyCorrelated,scaled,26639,42,266.3900,26640,2610721,1451740,1148684,10297,0.556069,26634,6,0.999775,29497,15436.7909,69568634.5706,411236109,283.2712,54.494745
1110,100,WeaklyCorrelated,scaled,22116,42,221.1600,22117,2167467,1323772,834981,8714,0.610746,22114,3,0.999864,25132,13291.9190,50222304.2652,293977372,222.0755,59.853145
1111,100,WeaklyCorrelated,scaled,24573,42,245.7300,24574,2408253,1222937,1178093,7223,0.507811,24572,2,0.999919,27157,14078.9209,60585285.6443,345975402,282.9053,49.765484
1112,100,WeaklyCorrelated,scaled,24462,42,244.6200,24463,2397376,1395544,993752,8080,0.582113,24437,26,0.998937,26832,14052.9144,58183970.0223,343776444,246.3387,57.047132
1113,100,WeaklyCorrelated,scaled,26189,42,261.8900,26190,2566622,1506006,1051690,8926,0.586766,26180,10,0.999618,29257,15162.3008,69188187.9554,397100659,263.6780,57.503093
1114,100,WeaklyCorrelated,scaled,25993,42,259.9300,25994,2547413,1548966,987776,10671,0.608055,25966,28,0.998923,28524,14895.1552,65331671.6331,387184664,249.9633,59.589367
1115,100,WeaklyCorrelated,scaled,22666,42,226.6600,22667,2221368,1266322,946768,8278,0.570064,22659,8,0.999647,25402,13258.8607,52229525.4900,300538596,237.3319,55.866325
1116,100,WeaklyCorrelated,scaled,25535,42,255.3500,25536,2502529,1432005,1062876,7648,0.572223,25517,19,0.999256,28607,14771.1669,66321685.8509,377196518,263.4045,56.077890
1117,100,WeaklyCorrelated,scaled,23381,42,233.8100,23382,2291437,1532647,752722,6068,0.668858,23373,9,0.999615,26002,13730.2606,53774409.7453,321040954,209.4683,65.548157
1118,100,WeaklyCorrelated,scaled,23353,42,233.5300,23354,2288694,1379914,897550,11230,0.602926,23351,3,0.999872,25717,13628.7301,51835345.1523,318285362,230.6559,59.086837
1119,100,WeaklyCorrelated,scaled,24656,42,246.5600,24657,2416388,1194820,1207085,14483,0.494465,24646,11,0.999554,26896,14008.8281,58706906.8714,345415674,289.0943,48.457639
1120,100,WeaklyCorrelated,scaled,24308,42,243.0800,24309,2382283,1463945,911753,6585,0.614513,24297,12,0.999506,26896,14139.8764,57592599.4574,343726256,234.7945,60.222346
1121,100,WeaklyCorrelated,scaled,25850,42,258.5000,25851,2533400,1576040,948372,8988,0.622105,25842,9,0.999652,28579,14809.6915,66196325.7590,382845335,242.9160,60.966307
1122,100,WeaklyCorrelated,scaled,26443,42,264.4300,26444,2591513,1441456,1143395,6662,0.556222,26442,2,0.999924,28859,14922.3484,67964634.0106,394606582,273.7556,54.509756
1123,100,WeaklyCorrelated,scaled,24640,42,246.4000,24641,2414820,1390472,1013531,10817,0.575808,24611,30,0.998783,27423,14241.3683,60780777.8569,350921557,252.3759,56.429203
1124,100,WeaklyCorrelated,scaled,25899,42,258.9900,25900,2538202,1427318,1104745,6139,0.562334,25865,35,0.998649,28478,14904.9647,65082513.1023,386038585,270.4643,55.108803
1125,100,WeaklyCorrelated,scaled,27027,42,270.2700,27028,2648745,1573756,1062747,12242,0.594152,27024,4,0.999852,29200,15182.7559,69104154.5914,410359526,260.7517,58.226876
1126,100,WeaklyCorrelated,scaled,22200,42,222.0000,22201,2175699,1367899,796460,11340,0.628717,22193,8,0.999640,24668,13044.8160,47803247.7932,289607961,211.7174,61.614297
1127,100,WeaklyCorrelated,scaled,24493,42,244.9300,24494,2400413,1379816,1005259,15338,0.574824,24493,1,0.999959,26941,14160.6854,57910282.8316,346851827,251.3754,56.332816
1128,100,WeaklyCorrelated,scaled,23789,42,237.8900,23790,2331422,1263380,1061486,6556,0.541892,23787,3,0.999874,26009,13576.7298,54313589.8681,322990401,255.6558,53.105507
1129,100,WeaklyCorrelated,scaled,25722,42,257.2200,25723,2520855,1543932,968074,8849,0.612464,25713,10,0.999611,28729,15096.5454,65505305.5601,388328438,251.5191,60.021459
1130,100,WeaklyCorrelated,scaled,25798,42,257.9800,25799,2528303,1412684,1104063,11556,0.558748,25795,4,0.999845,28763,15009.6779,66417828.9051,387234681,274.1127,54.757316
1131,100,WeaklyCorrelated,scaled,26651,42,266.5100,26652,2611897,1393165,1207419,11313,0.533392,26631,21,0.999212,28548,14774.0950,66726063.4097,393759181,282.6364,52.272437
1132,100,WeaklyCorrelated,scaled,25448,42,254.4800,25449,2494003,1317734,1166253,10016,0.528361,25406,43,0.998310,28028,14478.3659,64407272.9062,368459935,279.6163,51.779402
1133,100,WeaklyCorrelated,scaled,23772,42,237.7200,23773,2329756,1310847,1009789,9120,0.562654,23772,1,0.999958,26499,13836.6251,56764605.3120,328938088,250.9355,55.140159
1134,100,WeaklyCorrelated,scaled,27034,42,270.3400,27035,2649431,1587832,1055792,5807,0.599311,27025,10,0.999630,29709,15381.9639,72538838.1902,415851394,261.8989,58.732458
1135,100,WeaklyCorrelated,scaled,25875,42,258.7500,25876,2535850,1569276,956024,10550,0.618836,25865,11,0.999575,28418,14872.9646,64125699.8257,384852831,245.2423,60.646004
1136,100,WeaklyCorrelated,scaled,26911,42,269.1100,26912,2637378,1575358,1050393,11627,0.597320,26907,5,0.999814,29773,15522.9300,71039094.9500,417753091,265.1798,58.537381
1137,100,WeaklyCorrelated,scaled,23496,42,234.9600,23497,2302708,1292686,996786,13236,0.561376,23496,1,0.999957,25395,13197.6044,52184947.7745,310104110,239.8913,55.014938
1138,100,WeaklyCorrelated,scaled,27817,42,278.1700,27818,2726166,1543737,1171207,11222,0.566267,27785,33,0.998814,30298,15643.4317,75435694.9032,435168982,281.8932,55.494176
1139,100,WeaklyCorrelated,scaled,23316,42,233.1600,23317,2285067,1451670,825895,7502,0.635286,23314,3,0.999871,26325,13697.0985,56039436.8589,319375246,220.0054,62.258009
1140,100,WeaklyCorrelated,scaled,26524,42,265.2400,26525,2599452,1295602,1292733,11117,0.498414,26516,9,0.999661,28835,14869.0601,68017286.0774,394401818,304.4159,48.844562
1141,100,WeaklyCorrelated,scaled,26492,42,264.9200,26493,2596315,1482336,1107538,6441,0.570938,26477,16,0.999396,28690,14976.5372,66849402.5747,396773400,267.6677,55.951987
1142,100,WeaklyCorrelated,scaled,21904,42,219.0400,21905,2146692,1136790,1002512,7390,0.529554,21898,7,0.999680,24004,12656.1018,45455155.4359,277231909,243.8726,51.896371
1143,100,WeaklyCorrelated,scaled,24418,42,244.1800,24419,2393063,1461004,925358,6701,0.610516,24418,1,0.999959,26807,14076.2018,57190394.2000,343726772,235.2675,59.830624
1144,100,WeaklyCorrelated,scaled,24219,42,242.1900,24220,2373562,1425493,939458,8611,0.600571,24212,8,0.999670,27244,14220.3555,59146375.3718,344417010,241.6126,58.856028
1145,100,WeaklyCorrelated,scaled,26781,42,267.8100,26782,2624637,1501398,1113887,9352,0.572040,26780,2,0.999925,29413,15306.6147,70333052.4067,409941754,273.0400,56.059966
1146,100,WeaklyCorrelated,scaled,23555,42,235.5500,23556,2308489,1362252,934260,11977,0.590105,23547,9,0.999618,26541,13908.3524,55920370.6515,327625149,240.5026,57.830362
1147,100,WeaklyCorrelated,scaled,24896,42,248.9600,24897,2439908,1279516,1152509,7883,0.524412,24896,1,0.999960,27423,14399.8385,59836716.7808,358512780,280.1941,51.392377
1148,100,WeaklyCorrelated,scaled,22956,42,229.5600,22957,2249787,1350301,890702,8784,0.600191,22944,13,0.999434,25712,13388.1130,53550408.8212,307350910,227.6166,58.818705
1149,100,WeaklyCorrelated,scaled,24920,42,249.2000,24921,2442259,1403335,1028675,10249,0.574605,24918,3,0.999880,27675,14420.1578,61512197.7788,359364753,256.0791,56.311344
1150,100,WeaklyCorrelated,scaled,25365,42,253.6500,25366,2485869,1448748,1030561,6560,0.582793,25330,36,0.998581,28048,14647.0405,63948570.6911,371536829,256.4537,57.113774
1151,100,WeaklyCorrelated,scaled,23400,42,234.0000,23401,2293299,1394764,888138,10397,0.608191,23391,10,0.999573,26156,13593.7926,54788435.8161,318108341,228.0732,59.602752
1152,100,WeaklyCorrelated,scaled,23279,42,232.7900,23280,2281441,1237133,1029073,15235,0.542259,23275,5,0.999785,26113,13696.5056,54406031.2604,318854651,257.7368,53.141452
1153,100,WeaklyCorrelated,scaled,27886,42,278.8600,27887,2732927,1481462,1242422,9043,0.542079,27860,27,0.999032,30294,15675.5262,75285136.1962,437143398,295.0757,53.123749
1154,100,WeaklyCorrelated,scaled,25016,42,250.1600,25017,2451668,1474356,969211,8101,0.601369,25010,7,0.999720,27885,14546.3164,61645022.5525,363905197,246.8232,58.934165
1155,100,WeaklyCorrelated,scaled,23724,42,237.2400,23725,2325052,1417041,898649,9362,0.609466,23723,2,0.999916,26494,13952.9021,55531484.4764,331032602,233.6083,59.727756
1156,100,WeaklyCorrelated,scaled,22799,42,227.9900,22800,2234401,1356440,871385,6576,0.607071,22790,10,0.999561,25576,13508.0059,51579032.2331,307982535,227.0521,59.492982
1157,100,WeaklyCorrelated,scaled,26665,42,266.6500,26666,2613269,1476199,1128650,8420,0.564886,26661,5,0.999812,29190,15154.9106,69222295.1268,404120846,273.7577,55.358846
1158,100,WeaklyCorrelated,scaled,24734,42,247.3400,24735,2424031,1464989,950833,8209,0.604361,24732,3,0.999879,26711,13989.5657,57263282.6903,346031907,236.2010,59.227370
1159,100,WeaklyCorrelated,scaled,24175,42,241.7500,24176,2369249,1370244,992547,6458,0.578345,24164,12,0.999504,27031,14278.3475,58161465.3642,345193329,251.9211,56.677862
1160,100,WeaklyCorrelated,scaled,24046,42,240.4600,24047,2356607,1387975,961036,7596,0.588972,24046,1,0.999958,26166,13752.8643,55081795.6665,330715129,238.2717,57.719258
1161,100,WeaklyCorrelated,scaled,26928,42,269.2800,26929,2639043,1529488,1096893,12662,0.579562,26919,10,0.999629,28907,15022.7067,68485217.3001,404546469,264.4980,56.797059
1162,100,WeaklyCorrelated,scaled,24640,42,246.4000,24641,2414820,1462166,935801,16853,0.605497,24640,1,0.999959,26772,14048.8364,56798128.3158,346177378,236.7566,59.338744
1163,100,WeaklyCorrelated,scaled,25583,42,255.8300,25584,2507233,1342431,1155839,8963,0.535423,25566,18,0.999296,27961,14555.9940,62982178.2472,372400551,277.4076,52.471506
1164,100,WeaklyCorrelated,scaled,26032,42,260.3200,26033,2551236,1490203,1052859,8174,0.584110,26024,9,0.999654,28560,14859.3723,66002994.5634,386834039,259.5848,57.242846
1165,100,WeaklyCorrelated,scaled,26585,42,265.8500,26586,2605429,1435023,1160350,10056,0.550782,26569,17,0.999361,28837,14971.8717,67892344.2375,398042181,277.3769,53.976642
1166,100,WeaklyCorrelated,scaled,25726,42,257.2600,25727,2521248,1492057,1018447,10744,0.591793,25725,2,0.999922,28418,14727.0170,65113460.0158,378881966,253.9326,57.995763
1167,100,WeaklyCorrelated,scaled,26707,42,267.0700,26708,2617385,1480419,1125546,11420,0.565610,26699,9,0.999663,29304,15145.3954,69823314.0831,404503220,273.2356,55.429796
1168,100,WeaklyCorrelated,scaled,24931,42,249.3100,24932,2443337,1450391,986463,6483,0.593611,24919,13,0.999479,27532,14433.4943,60271618.2946,359855879,248.1096,58.173873
1169,100,WeaklyCorrelated,scaled,24763,42,247.6300,24764,2426874,1398930,1019745,8199,0.576433,24761,3,0.999879,27451,14290.4733,60087339.7205,353889282,252.9714,56.490470
1170,100,WeaklyCorrelated,scaled,22463,42,224.6300,22464,2201474,1308427,886287,6760,0.594341,22456,8,0.999644,25476,13417.8542,51471690.2059,301418676,230.3672,58.245504
1171,100,WeaklyCorrelated,scaled,22398,42,223.9800,22399,2195103,1204978,975838,14287,0.548939,22396,3,0.999866,25149,13283.5622,50079891.7490,297538509,246.9244,53.796062
1172,100,WeaklyCorrelated,scaled,23860,42,238.6000,23861,2338379,1433068,897356,7955,0.612847,23845,16,0.999329,26258,13752.5617,55735439.2369,328149875,228.9842,60.059008
1173,100,WeaklyCorrelated,scaled,21197,42,211.9700,21198,2077405,1259475,810303,7627,0.606273,21174,24,0.998868,23733,12530.9466,44529380.8534,265631005,210.9061,59.414803
1174,100,WeaklyCorrelated,scaled,25392,42,253.9200,25393,2488515,1382817,1097306,8392,0.555680,25391,2,0.999921,27557,14469.3840,60987335.3491,367421069,265.7048,54.456622
1175,100,WeaklyCorrelated,scaled,28294,42,282.9400,28295,2772911,1459555,1300358,12998,0.526362,28292,3,0.999894,30521,15721.6758,76580239.7027,444844818,304.7811,51.583495
1176,100,WeaklyCorrelated,scaled,28680,42,286.8000,28681,2810740,1622692,1173980,14068,0.577318,28676,5,0.999826,30882,16001.6521,77743204.1870,458943384,282.8284,56.577246
1177,100,WeaklyCorrelated,scaled,25358,42,253.5800,25359,2485183,1476727,999989,8467,0.594213,25356,3,0.999882,27547,14342.1783,61826657.9875,363703299,246.2901,58.232856
1178,100,WeaklyCorrelated,scaled,25905,42,259.0500,25906,2538790,1472498,1056424,9868,0.580000,25892,14,0.999460,28674,15023.1253,66514709.5842,389189083,264.3053,56.840037
1179,100,WeaklyCorrelated,scaled,24447,42,244.4700,24448,2395905,1378091,1007688,10126,0.575186,24446,2,0.999918,26727,13888.0371,57773354.7385,339534731,246.3805,56.368251
1180,100,WeaklyCorrelated,scaled,22695,42,226.9500,22696,2224209,1280035,935948,8226,0.575501,22687,9,0.999603,25384,13334.3889,51234175.0120,302637290,236.4289,56.399145
1181,100,WeaklyCorrelated,scaled,23559,42,235.5900,23560,2308882,1392498,909087,7297,0.603105,23554,6,0.999745,26091,13653.9615,54851956.3653,321687334,231.0146,59.104329
1182,100,WeaklyCorrelated,scaled,24451,42,244.5100,24452,2396298,1416419,969575,10304,0.591086,24451,1,0.999959,26768,13941.0640,57657750.1070,340886896,240.6681,57.926509
1183,100,WeaklyCorrelated,scaled,25391,42,253.9100,25392,2488417,1237344,1244861,6212,0.497241,25367,25,0.999015,27456,14387.0027,61147478.1940,365314773,295.2411,48.729679
1184,100,WeaklyCorrelated,scaled,24899,42,248.9900,24900,2440202,1415065,1016880,8257,0.579897,24895,5,0.999799,27462,14354.1262,60505311.4712,357417743,252.5804,56.829920
1185,100,WeaklyCorrelated,scaled,26536,42,265.3600,26537,2600627,1640486,951817,8324,0.630804,26525,12,0.999548,29154,15195.9117,68463601.5120,403253909,245.8137,61.818819
1186,100,WeaklyCorrelated,scaled,25615,42,256.1500,25616,2510370,1479705,1019291,11374,0.589437,25614,2,0.999922,28059,14668.7838,63080922.8910,375755565,253.9395,57.764874
1187,100,WeaklyCorrelated,scaled,24646,42,246.4600,24647,2415407,1407530,998941,8936,0.582730,24643,4,0.999838,26527,13849.0090,56786659.3582,341336524,242.5075,57.107559
1188,100,WeaklyCorrelated,scaled,24424,42,244.2400,24425,2393651,1452426,931356,9869,0.606783,24416,9,0.999632,26695,13931.0173,57107919.5053,340265098,234.2736,59.464729
1189,100,WeaklyCorrelated,scaled,26463,42,264.6300,26464,2593473,1512161,1073625,7687,0.583064,26461,3,0.999887,29048,15167.5533,68047727.0587,401394130,265.4440,57.140304
1190,100,WeaklyCorrelated,scaled,24429,42,244.2900,24430,2394142,1435598,948232,10312,0.599629,24427,3,0.999877,27031,14083.6669,59136624.2433,344063983,239.6660,58.763733
1191,100,WeaklyCorrelated,scaled,25534,42,255.3400,25535,2502431,1456846,1035266,10319,0.582172,25525,10,0.999608,28387,14772.6963,65396932.9580,377220801,258.9298,57.052908
1192,100,WeaklyCorrelated,scaled,25349,42,253.4900,25350,2484301,1380240,1095855,8206,0.555585,25343,7,0.999724,27427,14210.6996,60849625.5566,360241235,260.9990,54.447337
1193,100,WeaklyCorrelated,scaled,24497,42,244.9700,24498,2400806,1492900,900329,7577,0.621833,24480,18,0.999265,27031,14121.9698,58798901.0164,345960017,231.7369,60.939669
1194,100,WeaklyCorrelated,scaled,23386,42,233.8600,23387,2291928,1334469,952019,5440,0.582247,23380,7,0.999701,25870,13619.6404,53463829.6646,318522530,238.6886,57.060290
1195,100,WeaklyCorrelated,scaled,21834,42,218.3400,21835,2139831,1193179,939875,6777,0.557604,21834,1,0.999954,23757,12402.2776,45578635.4629,270803732,226.9599,54.645248
1196,100,WeaklyCorrelated,scaled,26300,42,263.0000,26301,2577500,1521596,1045540,10364,0.590338,26282,19,0.999278,28525,14713.6988,66227826.9271,386984991,254.3283,57.853161
1197,100,WeaklyCorrelated,scaled,27579,42,275.7900,27580,2702842,1602419,1091918,8505,0.592864,27529,51,0.998151,30391,15791.7190,75319573.5659,435535609,271.7988,58.100761
1198,100,WeaklyCorrelated,scaled,22998,42,229.9800,22999,2253903,1292602,952493,8808,0.573495,22995,4,0.999826,25818,13541.6530,52693644.7349,311444477,240.9438,56.202531
1199,100,WeaklyCorrelated,scaled,26477,42,264.7700,26478,2594845,1596927,987599,10319,0.615423,26477,1,0.999962,28986,15097.9092,67440765.8445,399762440,250.3323,60.311466
1200,100,StronglyCorrelated,scaled,24823,42,248.2300,24824,2432753,1570211,737375,125167,0.645446,24820,4,0.999839,25272,12706.7898,52873057.6419,315433349,200.8860,63.253746
1201,100,StronglyCorrelated,scaled,25661,42,256.6100,25662,2514877,1539433,850488,124956,0.612131,25646,16,0.999377,26098,13117.0791,56437903.9233,336610485,218.6587,59.988816
1202,100,StronglyCorrelated,scaled,23273,42,232.7300,23274,2280854,1477003,674231,129620,0.647566,23249,25,0.998926,23706,11927.5027,46507666.6143,277600697,187.9486,63.461502
1203,100,StronglyCorrelated,scaled,26957,42,269.5700,26958,2641886,1630274,869940,141672,0.617087,26957,1,0.999963,27396,13770.5330,62122222.7593,371226028,227.7078,60.474590
1204,100,StronglyCorrelated,scaled,25971,42,259.7100,25972,2545258,1546051,831315,167892,0.607424,25969,3,0.999884,26380,13253.5945,57690137.2175,344222356,222.6462,59.527607
1205,100,StronglyCorrelated,scaled,24294,42,242.9400,24295,2380912,1421899,851226,107787,0.597208,24288,7,0.999712,24759,12451.0584,50734954.7955,302498463,212.7426,58.526405
1206,100,StronglyCorrelated,scaled,24411,42,244.1100,24412,2392377,1439513,808220,144644,0.601708,24411,1,0.999959,24834,12481.2689,51094345.9406,304692737,211.6638,58.967434
1207,100,StronglyCorrelated,scaled,23964,42,239.6400,23965,2348572,1516203,708261,124108,0.645585,23962,3,0.999875,24389,12271.1764,49189666.3593,294078742,193.9574,63.267390
1208,100,StronglyCorrelated,scaled,26248,42,262.4800,26249,2572404,1683941,761992,126471,0.654618,26246,3,0.999886,26690,13419.1494,59012721.1901,352239253,209.1755,64.152577
1209,100,StronglyCorrelated,scaled,23344,42,233.4400,23345,2287811,1408588,742753,136470,0.615692,23337,8,0.999657,23768,11955.9577,46738857.9552,279111833,198.1501,60.337888
1210,100,StronglyCorrelated,scaled,22510,42,225.1000,22511,2206079,1446553,657868,101658,0.655712,22506,5,0.999778,22955,11555.6735,43594798.9695,260129767,179.8273,64.259829
1211,100,StronglyCorrelated,scaled,24440,42,244.4000,24441,2395219,1517626,728014,149579,0.633606,24438,3,0.999877,24888,12520.6749,51252221.4564,306017815,201.6424,62.093450
1212,100,StronglyCorrelated,scaled,25633,42,256.3300,25634,2512133,1590040,807475,114618,0.632944,25630,4,0.999844,26088,13128.5813,56268035.3192,336538053,211.6538,62.028556
1213,100,StronglyCorrelated,scaled,25208,42,252.0800,25209,2470484,1660629,678371,131484,0.672188,25205,4,0.999841,25644,12894.1136,54432976.1789,325047710,195.7377,65.874450
1214,100,StronglyCorrelated,scaled,20219,42,202.1900,20220,1981561,1448197,454952,78412,0.730836,20214,6,0.999703,20708,10446.7723,35370667.9383,211233736,145.8598,71.622008
1215,100,StronglyCorrelated,scaled,23586,42,235.8600,23587,2311527,1382634,761909,166984,0.598147,23575,12,0.999491,23977,12051.1607,47612542.6041,284250728,205.5864,58.618476
1216,100,StronglyCorrelated,scaled,25374,42,253.7400,25375,2486751,1531083,835895,119773,0.615696,25368,7,0.999724,25794,12969.5289,55047347.2152,329101795,214.9471,60.338246
1217,100,StronglyCorrelated,scaled,25434,42,254.3400,25435,2492632,1522438,833759,136435,0.610775,25424,11,0.999568,25859,12993.0865,55413762.4932,330479155,217.0723,59.856025
1218,100,StronglyCorrelated,scaled,24358,42,243.5800,24359,2387183,1423823,825820,137540,0.596445,24351,8,0.999672,24788,12454.8373,50912710.5813,303387381,213.0794,58.451620
1219,100,StronglyCorrelated,scaled,26167,42,261.6700,26168,2564465,1516276,879622,168567,0.591264,26159,9,0.999656,26580,13345.5920,58602321.2471,349227452,230.3192,57.943901
1220,100,StronglyCorrelated,scaled,22815,42,228.1500,22816,2235969,1407610,702503,125856,0.629530,22805,11,0.999518,23253,11707.0885,44673599.2736,267108932,189.7606,61.693987
1221,100,StronglyCorrelated,scaled,23114,42,231.1400,23115,2265272,1396631,743447,125194,0.616540,23096,19,0.999178,23533,11832.0002,45892338.1061,273496685,195.8260,60.420982
1222,100,StronglyCorrelated,scaled,24450,42,244.5000,24451,2396200,1457992,789578,148630,0.608460,24447,4,0.999836,24895,12523.5945,51278673.7139,306214410,210.0248,59.629136
1223,100,StronglyCorrelated,scaled,24543,42,245.4300,24544,2405313,1465720,817779,121814,0.609368,24535,9,0.999633,24982,12559.7203,51666376.2441,308265774,210.3170,59.718057
1224,100,StronglyCorrelated,scaled,27754,42,277.5400,27755,2719991,1615353,958201,146437,0.593882,27730,25,0.999099,28177,14145.7715,65900143.4123,392615889,243.0527,58.200432
1225,100,StronglyCorrelated,scaled,25643,42,256.4300,25644,2513114,1631675,708801,172638,0.649264,25623,21,0.999181,26038,13081.7919,56224851.9398,335469471,205.5982,63.627944
1226,100,StronglyCorrelated,scaled,25852,42,258.5200,25853,2533595,1538779,845390,149426,0.607350,25852,1,0.999961,26264,13193.4690,57202898.8043,341090754,221.6632,59.520326
1227,100,StronglyCorrelated,scaled,28912,42,289.1200,28913,2833475,1722372,956560,154543,0.607866,28906,7,0.999758,29336,14721.3494,71484266.6754,425638375,247.1234,59.570850
1228,100,StronglyCorrelated,scaled,23298,42,232.9800,23299,2283303,1488868,678781,115654,0.652068,23287,12,0.999485,23769,11957.0608,46792338.3192,278587560,187.1137,63.902657
1229,100,StronglyCorrelated,scaled,23904,42,239.0400,23905,2342692,1452275,759241,131176,0.619917,23904,1,0.999958,24346,12246.9616,49041068.0867,292763618,201.5897,60.751935
1230,100,StronglyCorrelated,scaled,26348,42,263.4800,26349,2582203,1518293,954777,109133,0.587984,26346,3,0.999886,26784,13454.3563,59480161.5566,354508834,233.4917,57.622415
1231,100,StronglyCorrelated,scaled,24886,42,248.8600,24887,2438927,1601954,719471,117502,0.656827,24883,4,0.999839,25340,12753.3796,53090878.3355,317393358,198.1289,64.369108
1232,100,StronglyCorrelated,scaled,25058,42,250.5800,25059,2455783,1545624,778006,132153,0.629381,25051,8,0.999681,25459,12802.4299,53696738.4801,320816092,207.5641,61.679397
1233,100,StronglyCorrelated,scaled,25323,42,253.2300,25324,2481753,1569444,783750,128559,0.632393,25320,4,0.999842,25753,12955.9767,54863789.4900,328097153,209.0531,61.974570
1234,100,StronglyCorrelated,scaled,26775,42,267.7500,26776,2624049,1611223,896317,116509,0.614022,26769,7,0.999739,27251,13693.0560,61549007.4352,366645267,227.5571,60.174148
1235,100,StronglyCorrelated,scaled,24349,42,243.4900,24350,2386301,1504138,771197,110966,0.630322,24332,18,0.999261,24820,12493.2205,50920797.4496,304209918,202.2487,61.771581
1236,100,StronglyCorrelated,scaled,26486,42,264.8600,26487,2595727,1630134,809622,155971,0.628007,26474,13,0.999509,26919,13531.1291,59965702.1456,358399016,219.8586,61.544682
1237,100,StronglyCorrelated,scaled,25943,42,259.4300,25944,2542514,1655168,740329,147017,0.650997,25936,8,0.999692,26370,13259.7611,57591277.2661,344011242,207.8407,63.797718
1238,100,StronglyCorrelated,scaled,27469,42,274.6900,27470,2692062,1630584,867040,194438,0.605701,27459,11,0.999600,27854,13980.2577,64385924.0641,384037678,235.5216,59.358719
1239,100,StronglyCorrelated,scaled,24696,42,246.9600,24697,2420307,1558015,729159,133133,0.643726,24692,5,0.999798,25121,12631.6964,52302898.5941,311965006,200.2324,63.085193
1240,100,StronglyCorrelated,scaled,23280,42,232.8000,23281,2281540,1503219,632322,145999,0.658862,23280,1,0.999957,23692,11914.5245,46469903.6994,277382044,184.5254,64.568489
1241,100,StronglyCorrelated,scaled,26575,42,265.7500,26576,2604449,1692502,782083,129864,0.649850,26559,17,0.999360,27020,13590.0612,60391229.9217,361169467,213.3938,63.685355
1242,100,StronglyCorrelated,scaled,23899,42,238.9900,23900,2342201,1445341,772341,124519,0.617087,23899,1,0.999958,24287,12208.7420,48857409.7239,291788933,201.8824,60.474519
1243,100,StronglyCorrelated,scaled,25293,42,252.9300,25294,2478814,1578950,762189,137675,0.636978,25272,22,0.999130,25722,12933.3632,54753786.5470,327136488,207.1861,62.423895
1244,100,StronglyCorrelated,scaled,24186,42,241.8600,24187,2370328,1495814,756698,117816,0.631058,24177,10,0.999587,24628,12401.5872,50133944.4975,299957190,200.5311,61.843718
1245,100,StronglyCorrelated,scaled,24560,42,245.6000,24561,2406980,1555713,738501,112766,0.646334,24556,5,0.999796,24982,12564.8164,51634751.1749,308604456,198.3685,63.340784
1246,100,StronglyCorrelated,scaled,23422,42,234.2200,23423,2295455,1460794,745647,89014,0.636385,23394,29,0.998762,23888,12033.9231,47181665.7454,281870580,192.9571,62.365794
1247,100,StronglyCorrelated,scaled,26920,42,269.2000,26921,2638260,1658022,848459,131779,0.628453,26881,40,0.998514,27353,13745.1906,62019037.1539,370034275,223.1781,61.588425
1248,100,StronglyCorrelated,scaled,25235,42,252.3500,25236,2473129,1565174,790742,117213,0.632872,25230,6,0.999762,25671,12908.5132,54570907.7853,325759239,208.1297,62.021477
1249,100,StronglyCorrelated,scaled,28194,42,281.9400,28195,2763112,1658284,932219,172609,0.600151,28193,2,0.999929,28606,14364.8444,67811435.2309,405016788,244.2385,58.814825
1250,100,StronglyCorrelated,scaled,24184,42,241.8400,24185,2370132,1434088,800998,135046,0.605067,24176,9,0.999628,24568,12346.5944,50029950.9412,298602386,208.2176,59.296589
1251,100,StronglyCorrelated,scaled,24094,42,240.9400,24095,2361311,1530527,717240,113544,0.648168,24074,21,0.999128,24544,12348.1661,49874032.1929,297529061,194.3965,63.520523
1252,100,StronglyCorrelated,scaled,25093,42,250.9300,25094,2459213,1540168,770786,148259,0.626285,25073,21,0.999163,25531,12827.4658,54053518.0726,321892427,208.9983,61.375946
1253,100,StronglyCorrelated,scaled,24211,42,242.1100,24212,2372777,1589275,686695,96807,0.669795,24209,3,0.999876,24676,12415.1536,50347472.7941,300595699,189.1401,65.639972
1254,100,StronglyCorrelated,scaled,25572,42,255.7200,25573,2506156,1508405,863040,134711,0.601880,25570,3,0.999883,26016,13087.2630,56020150.7073,334680576,221.8771,58.984280
1255,100,StronglyCorrelated,scaled,25249,42,252.4900,25250,2474501,1580722,742441,151338,0.638804,25246,4,0.999842,25656,12897.6366,54525269.4890,325665324,206.0231,62.602851
1256,100,StronglyCorrelated,scaled,25827,42,258.2700,25828,2531145,1597324,788481,145340,0.631068,25827,1,0.999961,26243,13200.4093,56986259.5431,340940172,213.4446,61.844665
1257,100,StronglyCorrelated,scaled,25703,42,257.0300,25704,2518993,1555612,817274,146107,0.617553,25698,6,0.999767,26142,13138.2371,56646299.3290,337705247,217.0884,60.520230
1258,100,StronglyCorrelated,scaled,24711,42,247.1100,24712,2421777,1463986,845376,112415,0.604509,24689,23,0.999069,25156,12644.7616,52451376.4320,312477348,213.4429,59.241907
1259,100,StronglyCorrelated,scaled,26074,42,260.7400,26075,2555352,1589373,849055,116924,0.621978,26069,6,0.999770,26530,13353.5681,58150903.1420,348194288,219.0765,60.953902
1260,100,StronglyCorrelated,scaled,27288,42,272.8800,27289,2674323,1585625,949709,138989,0.592907,27282,7,0.999743,27708,13920.5757,63628345.3959,379878590,239.5766,58.104914
1261,100,StronglyCorrelated,scaled,24611,42,246.1100,24612,2411978,1536606,745250,130122,0.637073,24604,8,0.999675,25049,12592.1273,51998591.9046,309917436,201.6896,62.433203
1262,100,StronglyCorrelated,scaled,24982,42,249.8200,24983,2448335,1480781,800608,166946,0.604811,24982,1,0.999960,25397,12764.1666,53449700.3844,318887174,215.3507,59.271545
1263,100,StronglyCorrelated,scaled,25863,42,258.6300,25864,2534673,1555808,860300,118565,0.613810,25845,19,0.999265,26322,13229.4227,57439446.4822,342165788,219.9280,60.153418
1264,100,StronglyCorrelated,scaled,25176,42,251.7600,25177,2467348,1511357,846641,109350,0.612543,25173,4,0.999841,25629,12878.3127,54481010.7754,324237279,214.5339,60.029273
1265,100,StronglyCorrelated,scaled,26134,42,261.3400,26135,2561232,1642937,808122,110173,0.641464,26129,6,0.999770,26579,13363.2707,58489794.9273,349249079,212.5761,62.863478
1266,100,StronglyCorrelated,scaled,23577,42,235.7700,23578,2310645,1413272,778991,118382,0.611635,23573,5,0.999788,24016,12074.6079,47806297.3802,284695104,201.4440,59.940283
1267,100,StronglyCorrelated,scaled,22347,42,223.4700,22348,2190106,1334139,725918,130049,0.609166,22347,1,0.999955,22776,11464.1876,42919851.7757,256201665,192.0352,59.698362
1268,100,StronglyCorrelated,scaled,26140,42,261.4000,26141,2561819,1650936,771854,139029,0.644439,26140,1,0.999962,26606,13378.0495,58573818.8654,349715591,211.8287,63.155044
1269,100,StronglyCorrelated,scaled,27108,42,271.0800,27109,2656684,1631469,891278,133937,0.614100,27102,7,0.999742,27549,13836.8733,62924128.3090,375103799,229.9178,60.181822
1270,100,StronglyCorrelated,scaled,22250,42,222.5000,22251,2180599,1397332,660269,122998,0.640802,22237,14,0.999371,22694,11421.2500,42643585.5876,254134233,181.8710,62.798616
1271,100,StronglyCorrelated,scaled,24466,42,244.6600,24467,2397768,1408881,858905,129982,0.587580,24459,8,0.999673,24879,12512.6198,51219223.1464,306146268,217.2975,57.582908
1272,100,StronglyCorrelated,scaled,24893,42,248.9300,24894,2439614,1578679,717027,143908,0.647102,24890,4,0.999839,25328,12743.0019,53036134.1839,317224290,200.9429,63.416044
1273,100,StronglyCorrelated,scaled,24534,42,245.3400,24535,2404431,1480864,784253,139314,0.615890,24521,14,0.999429,24917,12526.2547,51473702.8880,307331659,207.5354,60.357204
1274,100,StronglyCorrelated,scaled,23890,42,238.9000,23891,2341319,1549792,660457,131070,0.661931,23888,3,0.999874,24324,12244.0501,48932351.8461,292522602,188.7496,64.869281
1275,100,StronglyCorrelated,scaled,23666,42,236.6600,23667,2319367,1439092,763072,117203,0.620468,23662,5,0.999789,24099,12110.6196,48158330.7819,286622034,199.1687,60.805848
1276,100,StronglyCorrelated,scaled,23671,42,236.7100,23672,2319858,1524393,702655,92810,0.657106,23671,1,0.999958,24150,12166.5618,48121184.2706,288006850,188.9322,64.396460
1277,100,StronglyCorrelated,scaled,25844,42,258.4400,25845,2532812,1516218,868256,148338,0.598630,25843,2,0.999923,26257,13190.8866,57116775.5742,340918465,224.8479,58.665815
1278,100,StronglyCorrelated,scaled,23710,42,237.1000,23711,2323680,1531726,666263,125691,0.659181,23698,13,0.999452,24162,12163.7318,48282644.7246,288414244,188.2936,64.599806
1279,100,StronglyCorrelated,scaled,23585,42,235.8500,23586,2311429,1515247,682638,113544,0.655546,23572,14,0.999406,24052,12113.4814,47807887.0040,285708572,188.5558,64.243492
1280,100,StronglyCorrelated,scaled,26390,42,263.9000,26391,2586320,1622706,835810,127804,0.627419,26368,23,0.999128,26843,13496.8958,59670664.4077,356196576,219.5078,61.487098
1281,100,StronglyCorrelated,scaled,26094,42,260.9400,26095,2557312,1623107,797885,136320,0.634693,26094,1,0.999962,26559,13347.5521,58420423.9754,348304371,214.5911,62.199923
1282,100,StronglyCorrelated,scaled,22938,42,229.3800,22939,2248024,1376112,760613,111299,0.612143,22930,9,0.999608,23385,11774.1000,45176718.1062,270086079,196.2675,59.990061
1283,100,StronglyCorrelated,scaled,26519,42,265.1900,26520,2598961,1550001,914904,134056,0.596393,26513,7,0.999736,26919,13515.1733,60159895.6472,358422395,231.2401,58.446493
1284,100,StronglyCorrelated,scaled,24616,42,246.1600,24617,2412468,1444561,792930,174977,0.598790,24608,9,0.999634,25028,12572.7479,51872848.2596,309503335,214.2543,58.681440
1285,100,StronglyCorrelated,scaled,23221,42,232.2100,23222,2275757,1465018,670549,140190,0.643750,23215,7,0.999699,23658,11900.7072,46298544.3345,276358222,188.6381,63.087503
1286,100,StronglyCorrelated,scaled,26963,42,269.6300,26964,2642473,1580741,943741,117991,0.598205,26956,8,0.999703,27381,13755.0888,62231229.6307,370892215,234.6319,58.624128
1287,100,StronglyCorrelated,scaled,27252,42,272.5200,27253,2670796,1585800,953249,131747,0.593756,27233,20,0.999266,27690,13902.8444,63616530.5062,378894219,238.9294,58.188089
1288,100,StronglyCorrelated,scaled,27028,42,270.2800,27029,2648843,1576783,952147,119913,0.595272,27000,29,0.998927,27457,13806.1724,62447546.9530,373167035,236.6635,58.336712
1289,100,StronglyCorrelated,scaled,25115,42,251.1500,25116,2461370,1674674,683050,103646,0.680383,25104,12,0.999522,25586,12884.1470,54079094.5872,323598237,193.2306,66.677576
1290,100,StronglyCorrelated,scaled,25812,42,258.1200,25813,2529675,1454949,922770,151956,0.575153,25790,23,0.999109,26250,13184.2689,57175280.8646,340325534,233.9089,56.364971
1291,100,StronglyCorrelated,scaled,25718,42,257.1800,25719,2520464,1506858,883537,130069,0.597849,25717,2,0.999922,26125,13134.0961,56576357.6290,337795818,224.1723,58.589292
1292,100,StronglyCorrelated,scaled,26480,42,264.8000,26481,2595139,1654581,817182,123376,0.637569,26437,44,0.998338,26946,13532.6631,60293546.3350,358358452,216.5856,62.481817
1293,100,StronglyCorrelated,scaled,22690,42,226.9000,22691,2223719,1366817,730613,126289,0.614654,22689,2,0.999912,23121,11637.0355,44186193.9530,264055973,193.1904,60.236085
1294,100,StronglyCorrelated,scaled,26301,42,263.0100,26302,2577597,1505748,891389,180460,0.584167,26272,30,0.998859,26696,13408.5703,59090394.9744,352672216,234.2173,57.248422
1295,100,StronglyCorrelated,scaled,23190,42,231.9000,23191,2272719,1380902,790904,100913,0.607599,23184,7,0.999698,23599,11875.0026,46073449.4089,275393186,199.4299,59.544737
1296,100,StronglyCorrelated,scaled,23939,42,239.3900,23940,2346122,1570312,650042,125768,0.669322,23938,2,0.999916,24381,12281.3948,49103656.6730,294016592,187.2345,65.593651
1297,100,StronglyCorrelated,scaled,22471,42,224.7100,22472,2202258,1417651,690242,94365,0.643726,22460,12,0.999466,22938,11542.8617,43531184.3642,259391189,182.9725,63.085217
1298,100,StronglyCorrelated,scaled,25293,42,252.9300,25294,2478814,1641188,703679,133947,0.662086,25289,5,0.999802,25708,12927.3863,54660054.9303,326985309,199.2370,64.884479
1299,100,StronglyCorrelated,scaled,23933,42,239.3300,23934,2345533,1460963,770291,114279,0.622870,23924,10,0.999582,24407,12278.4423,49278219.0661,293872239,201.1497,61.041322
1300,100,InverseCorrelated,scaled,24350,42,243.5000,24351,2386399,1600422,784237,1740,0.670643,24343,8,0.999671,46147,33902.1007,109344069.6174,825550055,515.8327,65.723050
1301,100,InverseCorrelated,scaled,25884,42,258.8400,25885,2536731,1782690,753233,808,0.702751,25870,15,0.999421,44916,35092.1890,89237841.4019,908361311,509.5453,68.869616
1302,100,InverseCorrelated,scaled,25994,42,259.9400,25995,2547512,1735452,810956,1104,0.681234,25984,11,0.999577,43389,31760.8562,96290305.8277,825623456,475.7397,66.760992
1303,100,InverseCorrelated,scaled,23115,42,231.1500,23116,2265370,1575629,689622,119,0.695528,23113,3,0.999870,48967,36725.9623,104341763.2762,848957345,538.8054,68.161836
1304,100,InverseCorrelated,scaled,25175,42,251.7500,25176,2467250,1721792,743682,1776,0.697859,25152,24,0.999047,46187,35352.8047,102396495.7890,890042212,516.9278,68.390213
1305,100,InverseCorrelated,scaled,25495,42,254.9500,25496,2498610,1737144,760375,1091,0.695244,25490,6,0.999765,44824,33718.4717,95435634.8589,859686154,494.8848,68.133982
1306,100,InverseCorrelated,scaled,27740,42,277.4000,27741,2718620,1799179,916962,2479,0.661799,27719,22,0.999207,40784,30446.6826,87558913.9940,844621422,469.4482,64.856314
1307,100,InverseCorrelated,scaled,24293,42,242.9300,24294,2380813,1585156,793391,2266,0.665804,24286,8,0.999671,46419,34834.0370,110029078.0388,846258095,533.8642,65.248868
1308,100,InverseCorrelated,scaled,23903,42,239.0300,23904,2342594,1629910,710075,2609,0.695771,23891,13,0.999456,47381,36486.9690,91588249.8198,872184508,535.1121,68.185659
1309,100,InverseCorrelated,scaled,24360,42,243.6000,24361,2387380,1625561,757981,3838,0.680897,24359,2,0.999918,46141,33487.5174,119784424.1325,815789411,501.8510,66.728008
1310,100,InverseCorrelated,scaled,22248,42,222.4800,22249,2180403,1539599,638958,1846,0.706108,22246,3,0.999865,50250,37096.2510,131019072.3183,825354489,536.0841,69.198571
1311,100,InverseCorrelated,scaled,22312,42,223.1200,22313,2186676,1562734,622476,1466,0.714662,22309,4,0.999821,48036,34936.2848,115544306.2864,779533322,498.8266,70.036929
1312,100,InverseCorrelated,scaled,26382,42,263.8200,26383,2585535,1728044,856413,1078,0.668351,26369,14,0.999469,42095,30515.5706,98950131.8383,805092300,465.8980,65.498389
1313,100,InverseCorrelated,scaled,24444,42,244.4400,24445,2395612,1670738,722585,2289,0.697416,24444,1,0.999959,46011,32860.0075,117838160.3992,803262883,480.7833,68.346819
1314,100,InverseCorrelated,scaled,24471,42,244.7100,24472,2398258,1720126,676966,1166,0.717240,24470,2,0.999918,48056,37378.8590,102741617.3490,914735438,531.7840,70.289555
1315,100,InverseCorrelated,scaled,23088,42,230.8800,23089,2262723,1585202,676671,850,0.700573,23086,3,0.999870,49500,37298.4547,125654494.8008,861184020,543.2645,68.656157
1316,100,InverseCorrelated,scaled,25196,42,251.9600,25197,2469307,1607478,859723,2106,0.650983,25179,18,0.999286,44883,33545.6505,89357546.9006,845249755,525.8235,63.796404
1317,100,InverseCorrelated,scaled,25509,42,255.0900,25510,2499981,1697804,800449,1728,0.679127,25503,7,0.999726,43187,32894.6310,78218296.4660,839142038,494.2514,66.554449
1318,100,InverseCorrelated,scaled,24460,42,244.6000,24461,2397179,1662916,731270,2993,0.693697,24451,10,0.999591,45998,33248.0684,111530020.5733,813281001,489.0692,67.982339
1319,100,InverseCorrelated,scaled,26585,42,265.8500,26586,2605429,1785934,816224,3271,0.685466,26551,35,0.998684,41975,31228.2391,90715613.5100,830233965,464.8738,67.175732
1320,100,InverseCorrelated,scaled,23200,42,232.0000,23201,2273699,1549496,722422,1781,0.681487,23194,7,0.999698,48161,35271.5954,119742214.2993,818336286,528.1306,66.785742
1321,100,InverseCorrelated,scaled,24201,42,242.0100,24202,2371798,1617039,752626,2133,0.681778,24196,6,0.999752,47127,36127.3137,99260449.1132,874353245,540.7125,66.814272
1322,100,InverseCorrelated,scaled,24163,42,241.6300,24164,2368074,1746739,618515,2820,0.737620,24152,12,0.999503,48243,36605.9165,114892119.6246,884545367,506.3981,72.286832
1323,100,InverseCorrelated,scaled,26633,42,266.3300,26634,2610133,1827071,780121,2941,0.699992,26617,17,0.999362,42716,32604.2175,73799428.5232,868380728,475.2857,68.599197
1324,100,InverseCorrelated,scaled,24362,42,243.6200,24363,2387576,1617987,768501,1088,0.677669,24354,9,0.999631,46113,34276.5638,99100210.4962,835079924,516.1228,66.411649
1325,100,InverseCorrelated,scaled,27721,42,277.2100,27722,2716758,1766799,945947,4012,0.650334,27718,4,0.999856,39016,28568.6637,78859341.6106,791980494,448.2573,63.732739
1326,100,InverseCorrelated,scaled,24212,42,242.1200,24213,2372876,1642305,729111,1460,0.692116,24201,12,0.999504,46331,34659.0259,103343590.2802,839198995,510.9885,67.827407
1327,100,InverseCorrelated,scaled,24816,42,248.1600,24817,2432068,1742078,688775,1215,0.716295,24801,16,0.999355,45365,34044.4969,100311046.5723,844882280,484.9853,70.196962
1328,100,InverseCorrelated,scaled,23482,42,234.8200,23483,2301336,1541436,758737,1163,0.669800,23470,13,0.999446,47717,34482.0944,117539563.7016,809743023,525.3173,65.640506
1329,100,InverseCorrelated,scaled,25799,42,257.9900,25800,2528402,1665358,862132,912,0.658660,25797,3,0.999884,44304,32691.6446,90565965.1397,843444430,506.4643,64.548760
1330,100,InverseCorrelated,scaled,26191,42,261.9100,26192,2566818,1760592,805402,824,0.685904,26186,6,0.999771,44052,32450.5465,94195397.4353,849944714,482.7607,67.218693
1331,100,InverseCorrelated,scaled,24041,42,240.4100,24042,2356117,1598606,756582,929,0.678492,24041,1,0.999958,45378,33712.2764,95776132.7184,810510550,507.0108,66.492222
1332,100,InverseCorrelated,scaled,25556,42,255.5600,25557,2504587,1759856,743837,894,0.702653,25553,4,0.999843,44711,32982.9435,103923909.3935,842945086,478.9853,68.860038
1333,100,InverseCorrelated,scaled,24978,42,249.7800,24979,2447944,1695036,751321,1587,0.692433,24967,12,0.999520,45495,34269.9497,94790254.9733,856029073,505.0212,67.858441
1334,100,InverseCorrelated,scaled,26334,42,263.3400,26335,2580832,1803823,772560,4449,0.698931,26325,10,0.999620,43161,32404.4272,85424158.7162,853370590,473.0900,68.495272
1335,100,InverseCorrelated,scaled,23548,42,235.4800,23549,2307803,1550669,754516,2618,0.671924,23540,9,0.999618,48810,36178.8240,109635082.5036,851975127,549.4242,65.848614
1336,100,InverseCorrelated,scaled,21128,42,211.2800,21129,2070643,1493286,576481,876,0.721170,21126,3,0.999858,50427,35106.2547,154754283.1871,741760055,496.7301,70.674712
1337,100,InverseCorrelated,scaled,24522,42,245.2200,24523,2403256,1657126,744618,1512,0.689534,24521,2,0.999918,47733,36338.4613,100093741.3022,891128087,537.7552,67.574359
1338,100,InverseCorrelated,scaled,27495,42,274.9500,27496,2694610,1826903,866088,1619,0.677984,27476,20,0.999273,41164,31130.5381,81319332.5074,855965276,468.5335,66.442501
1339,100,InverseCorrelated,scaled,24534,42,245.3400,24535,2404431,1656195,745821,2415,0.688810,24507,28,0.998859,45951,34419.2761,101293033.0946,844476940,509.8898,67.503363
1340,100,InverseCorrelated,scaled,21230,42,212.3000,21231,2080639,1446163,632758,1718,0.695057,21224,7,0.999670,52038,38687.4681,127201432.1098,821373635,567.9675,68.115633
1341,100,InverseCorrelated,scaled,25560,42,255.6000,25561,2504980,1737746,765499,1735,0.693717,25554,7,0.999726,44519,32729.2852,98583653.4719,836593259,481.4244,67.984273
1342,100,InverseCorrelated,scaled,25897,42,258.9700,25898,2538006,1746421,790776,809,0.688108,25895,3,0.999884,43299,32536.7215,85777215.9795,842636013,482.4931,67.434590
1343,100,InverseCorrelated,scaled,24817,42,248.1700,24818,2432165,1659249,771501,1415,0.682211,24811,7,0.999718,45800,34498.2478,87392673.1602,856177514,516.0030,66.856677
1344,100,InverseCorrelated,scaled,24812,42,248.1200,24813,2431675,1727150,702116,2409,0.710272,24809,4,0.999839,44615,32481.9137,92847138.7080,805973725,466.6495,69.606658
1345,100,InverseCorrelated,scaled,24718,42,247.1800,24719,2422463,1729737,690127,2599,0.714041,24715,4,0.999838,45773,34517.8504,94181167.5466,853246745,493.2812,69.976010
1346,100,InverseCorrelated,scaled,24922,42,249.2200,24923,2442455,1638906,802054,1495,0.671008,24904,19,0.999238,44804,33713.3348,93362853.0155,840237443,512.6819,65.758777
1347,100,InverseCorrelated,scaled,25431,42,254.3100,25432,2492337,1805458,685749,1130,0.724404,25415,17,0.999332,44713,33023.6518,100888268.5385,839857512,465.1770,70.991585
1348,100,InverseCorrelated,scaled,22656,42,226.5600,22657,2220388,1608107,610741,1540,0.724246,22652,5,0.999779,50744,38273.5437,119206015.9966,867163679,539.2450,70.976166
1349,100,InverseCorrelated,scaled,28338,42,283.3800,28339,2777223,1827539,946665,3019,0.658045,28316,23,0.999188,40043,29479.7858,83067021.3701,835427649,457.1326,64.488479
1350,100,InverseCorrelated,scaled,24856,42,248.5600,24857,2435988,1747375,686931,1682,0.717317,24856,1,0.999960,46957,35156.6222,116326130.0300,873888158,500.1148,70.297099
1351,100,InverseCorrelated,scaled,25674,42,256.7400,25675,2516151,1773673,741479,999,0.704915,25656,19,0.999260,44483,34045.9214,86011054.3635,874129031,492.8355,69.081714
1352,100,InverseCorrelated,scaled,24490,42,244.9000,24491,2400120,1644448,754256,1416,0.685152,24485,6,0.999755,45143,33228.4511,95851095.8949,813797995,494.8761,67.144992
1353,100,InverseCorrelated,scaled,24040,42,240.4000,24041,2356020,1607458,746377,2185,0.682277,24036,5,0.999792,47269,35202.6234,100376829.7543,846306268,526.4873,66.863192
1354,100,InverseCorrelated,scaled,23457,42,234.5700,23458,2298885,1639541,655135,4209,0.713190,23452,6,0.999744,47978,35964.9108,103259796.6057,843664878,514.5738,69.892617
1355,100,InverseCorrelated,scaled,26580,42,265.8000,26581,2604939,1719524,883603,1812,0.660101,26566,15,0.999436,41705,29943.4634,89240777.5816,795927200,462.8765,64.689967
1356,100,InverseCorrelated,scaled,24682,42,246.8200,24683,2418936,1679955,736183,2798,0.694502,24671,12,0.999514,46489,34638.7538,108775165.2727,854988359,508.9353,68.061216
1357,100,InverseCorrelated,scaled,25567,42,255.6700,25568,2505665,1769860,734394,1411,0.706343,25563,5,0.999804,45738,34672.8740,95107089.1757,886516043,500.8961,69.221683
1358,100,InverseCorrelated,scaled,25845,42,258.4500,25846,2532909,1750114,780852,1943,0.690950,25837,9,0.999652,44647,33972.4524,89278135.2227,878052004,501.7113,67.713147
1359,100,InverseCorrelated,scaled,26277,42,262.7700,26278,2575245,1785696,787246,2303,0.693408,26275,3,0.999886,42888,33604.3802,74287201.7694,883055902,494.5164,67.954030
1360,100,InverseCorrelated,scaled,25576,42,255.7600,25577,2506548,1599197,905778,1573,0.638008,25565,12,0.999531,43820,32026.9041,104951158.1556,819152125,512.2272,62.524807
1361,100,InverseCorrelated,scaled,26166,42,261.6600,26167,2564367,1698949,863014,2404,0.662522,26147,20,0.999236,42080,30082.9860,89861516.5599,787181494,463.3344,64.927160
1362,100,InverseCorrelated,scaled,22547,42,225.4700,22548,2209705,1517602,688440,3663,0.686789,22543,5,0.999778,49623,36098.6060,127028383.0952,813951369,536.3405,67.305393
1363,100,InverseCorrelated,scaled,25663,42,256.6300,25664,2515073,1685406,827499,2168,0.670122,25656,8,0.999688,45766,35133.6695,93828461.9212,901670495,534.9871,65.671992
1364,100,InverseCorrelated,scaled,28302,42,283.0200,28303,2773696,1729772,1042458,1466,0.623634,28293,10,0.999647,39414,28776.4517,89049422.8334,814459913,470.8481,61.116207
1365,100,InverseCorrelated,scaled,26866,42,268.6600,26867,2632967,1803443,828626,898,0.684947,26846,21,0.999218,42880,32223.6582,96377915.9312,865753026,480.0557,67.124837
1366,100,InverseCorrelated,scaled,25060,42,250.6000,25061,2455979,1686927,767654,1398,0.686865,25042,19,0.999242,45638,34075.6235,102095286.3490,853969200,506.2277,67.312837
1367,100,InverseCorrelated,scaled,23099,42,230.9900,23100,2263801,1610666,652427,708,0.711487,23099,1,0.999957,48642,37112.7206,98557350.4406,857303845,532.2667,69.725801
1368,100,InverseCorrelated,scaled,26014,42,260.1400,26015,2549472,1784026,762913,2533,0.699763,26013,2,0.999923,44181,32863.8323,92526394.3078,854952597,479.2265,68.576821
1369,100,InverseCorrelated,scaled,21979,42,219.7900,21980,2154041,1551575,601504,962,0.720309,21977,3,0.999864,51471,39940.2014,120926821.5630,877885627,565.8029,70.590309
1370,100,InverseCorrelated,scaled,26907,42,269.0700,26908,2636985,1783172,851714,2099,0.676216,26899,9,0.999666,42476,31986.0936,87078111.0676,860681807,482.6690,66.269214
1371,100,InverseCorrelated,scaled,23749,42,237.4900,23750,2327501,1600864,725328,1309,0.687804,23744,6,0.999747,47892,35178.9339,108488228.3295,835499680,521.9055,67.404800
1372,100,InverseCorrelated,scaled,24158,42,241.5800,24159,2367583,1606920,759426,1237,0.678717,24158,1,0.999959,46491,35261.2005,92599493.6938,851875342,530.1293,66.514342
1373,100,InverseCorrelated,scaled,26729,42,267.2900,26730,2619542,1852968,765837,737,0.707363,26713,17,0.999364,41927,30882.4868,92180421.0005,825488873,445.4955,69.321661
1374,100,InverseCorrelated,scaled,24084,42,240.8400,24085,2360331,1641349,718121,861,0.695389,24065,20,0.999170,47649,36392.4786,115419991.6592,876512847,534.0198,68.148184
1375,100,InverseCorrelated,scaled,24165,42,241.6500,24166,2368269,1676284,690665,1320,0.707810,24161,5,0.999793,48173,35552.5424,118042109.5124,859162739,512.5401,69.365389
1376,100,InverseCorrelated,scaled,25267,42,252.6700,25268,2476265,1728695,746780,790,0.698106,25266,2,0.999921,46101,34842.7682,106099739.4345,880407068,509.2900,68.414398
1377,100,InverseCorrelated,scaled,22474,42,224.7400,22475,2202551,1487141,712918,2492,0.675190,22446,29,0.998710,48798,34558.7996,141706180.0865,776709021,522.2834,66.168676
1378,100,InverseCorrelated,scaled,27743,42,277.4300,27744,2718913,1799904,917201,1808,0.661994,27739,5,0.999820,40797,30308.6591,77870967.7979,840883439,467.1824,64.875433
1379,100,InverseCorrelated,scaled,23214,42,232.1400,23215,2275071,1586386,687351,1334,0.697291,23188,27,0.998837,49046,35476.9201,127212040.1744,823596700,519.1654,68.334525
1380,100,InverseCorrelated,scaled,24034,42,240.3400,24035,2355432,1670604,683457,1371,0.709256,24033,2,0.999917,47572,35743.0491,108289225.9434,859084185,514.2357,69.507135
1381,100,InverseCorrelated,scaled,23492,42,234.9200,23493,2302315,1517288,782876,2151,0.659027,23489,4,0.999830,48052,34828.2224,114076739.9618,818219428,539.2644,64.584685
1382,100,InverseCorrelated,scaled,24101,42,241.0100,24102,2361997,1660429,700103,1465,0.702977,24094,8,0.999668,46594,34211.4678,108948433.0984,824564796,496.5974,68.891752
1383,100,InverseCorrelated,scaled,22668,42,226.6800,22669,2221563,1540336,680749,478,0.693357,22667,2,0.999912,50453,39652.0251,94108719.0078,898871757,583.5556,67.949005
1384,100,InverseCorrelated,scaled,27404,42,274.0400,27405,2685691,1811405,873518,768,0.674465,27389,16,0.999416,41118,30448.3840,74125769.2706,834437964,460.6579,66.097610
1385,100,InverseCorrelated,scaled,24409,42,244.0900,24410,2392181,1699572,690087,2522,0.710470,24407,3,0.999877,47788,37680.3965,89572258.7298,919778479,541.1824,69.626055
1386,100,InverseCorrelated,scaled,26026,42,260.2600,26027,2550647,1742873,804833,2941,0.683306,26017,10,0.999616,44768,34697.5864,94595320.6699,903074080,518.1525,66.964037
1387,100,InverseCorrelated,scaled,23018,42,230.1800,23019,2255863,1592698,660603,2562,0.706026,23013,6,0.999739,49626,36344.4364,125508472.4528,836612581,525.2801,69.190582
1388,100,InverseCorrelated,scaled,25132,42,251.3200,25133,2463036,1689073,773542,421,0.685769,25129,4,0.999841,45004,34230.7542,87139311.9784,860321546,509.3454,67.205387
1389,100,InverseCorrelated,scaled,23869,42,238.6900,23870,2339262,1608139,729537,1586,0.687456,23867,3,0.999874,46610,33996.2749,103570419.1043,811491083,504.6150,67.370716
1390,100,InverseCorrelated,scaled,25837,42,258.3700,25838,2532126,1701869,827253,3004,0.672111,25830,8,0.999690,44325,33856.6287,84535765.7035,874787572,514.0158,65.866901
1391,100,InverseCorrelated,scaled,24599,42,245.9900,24600,2410801,1710000,700283,518,0.709308,24588,12,0.999512,45992,34898.3734,98528495.7807,858499986,502.0468,69.512195
1392,100,InverseCorrelated,scaled,25541,42,255.4100,25542,2503117,1792265,710774,78,0.716013,25533,9,0.999648,44179,33811.7050,90243536.5921,863618570,481.8587,70.169329
1393,100,InverseCorrelated,scaled,26233,42,262.3300,26234,2570933,1762856,806589,1488,0.685687,26215,19,0.999276,42267,31407.7753,80571694.6942,823951577,467.3958,67.197377
1394,100,InverseCorrelated,scaled,26674,42,266.7400,26675,2614152,1836003,775518,2631,0.702332,26665,10,0.999625,43070,32762.1327,92295104.5096,873929891,475.9959,68.828604
1395,100,InverseCorrelated,scaled,25607,42,256.0700,25608,2509585,1711186,797390,1009,0.681860,25599,9,0.999649,43924,32021.0866,103447225.7628,819995986,479.1975,66.822321
1396,100,InverseCorrelated,scaled,24047,42,240.4700,24048,2356706,1659163,695933,1610,0.704018,24029,19,0.999210,45341,33130.4694,99336508.6595,796721529,480.1949,68.993804
1397,100,InverseCorrelated,scaled,28263,42,282.6300,28264,2769873,1840607,926587,2679,0.664510,28263,1,0.999965,40427,32211.9365,63798608.4745,910438174,494.6402,65.121957
1398,100,InverseCorrelated,scaled,25345,42,253.4500,25346,2483909,1695393,787802,714,0.682550,25344,2,0.999921,44838,34504.6881,84883434.3094,874555824,515.8425,66.889963
1399,100,InverseCorrelated,scaled,25025,42,250.2500,25026,2452549,1700522,751336,691,0.693369,25020,6,0.999760,45561,35096.9256,91025149.1461,878335661,516.5094,67.950212
1400,100,AlmostEqualRatios,scaled,26115,42,261.1500,26116,2559369,1447326,1081351,30692,0.565501,26114,2,0.999923,27395,13886.2944,62597444.1458,362654464,250.5686,55.419130
1401,100,AlmostEqualRatios,scaled,25736,42,257.3600,25737,2522228,1489708,999723,32797,0.590632,25723,14,0.999456,26726,13575.5954,59529033.1280,349395100,234.5393,57.881960
1402,100,AlmostEqualRatios,scaled,24739,42,247.3900,24740,2424521,1335331,1064190,25000,0.550761,24737,3,0.999879,25919,13164.2247,55897440.2770,325682919,243.8968,53.974576
1403,100,AlmostEqualRatios,scaled,25293,42,252.9300,25294,2478813,1439499,1007494,31820,0.580721,25289,5,0.999802,26512,13451.9936,58539837.3980,340254725,236.3702,56.910690
1404,100,AlmostEqualRatios,scaled,26586,42,265.8600,26587,2605527,1550962,1025059,29506,0.595258,26578,9,0.999661,28155,14301.9877,66386311.3750,380246948,245.1684,58.335352
1405,100,AlmostEqualRatios,scaled,24388,42,243.8800,24389,2390124,1447499,913105,29520,0.605617,24378,11,0.999549,25361,12898.9091,53608386.7194,314591493,217.3345,59.350486
1406,100,AlmostEqualRatios,scaled,24298,42,242.9800,24299,2381304,1394409,949795,37100,0.585565,24295,4,0.999835,25294,12898.5872,53402234.0860,313422770,224.7710,57.385448
1407,100,AlmostEqualRatios,scaled,26480,42,264.8000,26481,2595139,1512153,1053691,29295,0.582687,26476,5,0.999811,27683,14057.0086,63805340.8213,372243645,246.1680,57.103319
1408,100,AlmostEqualRatios,scaled,26825,42,268.2500,26826,2628949,1401700,1205359,21890,0.533179,26804,22,0.999180,28222,14307.9881,66400691.9502,383826089,273.8290,52.251547
1409,100,AlmostEqualRatios,scaled,25238,42,252.3800,25239,2473424,1370207,1074527,28690,0.553972,25209,30,0.998811,26409,13414.3443,58082601.3592,338564635,247.0901,54.289275
1410,100,AlmostEqualRatios,scaled,26067,42,260.6700,26068,2554665,1395196,1129420,30049,0.546137,26060,8,0.999693,27644,14018.0056,63809764.1604,365421369,261.9140,53.521406
1411,100,AlmostEqualRatios,scaled,25193,42,251.9300,25194,2469014,1266448,1169087,33479,0.512937,25186,8,0.999682,26469,13444.8800,58514576.3317,338730307,267.4648,50.267842
1412,100,AlmostEqualRatios,scaled,25219,42,252.1900,25220,2471561,1359612,1090329,21620,0.550103,25210,10,0.999603,26288,13367.6896,57701992.5556,337133131,247.9628,53.910071
1413,100,AlmostEqualRatios,scaled,24791,42,247.9100,24792,2429618,1312941,1067277,49400,0.540390,24788,4,0.999839,25716,13065.2588,55051278.2512,323913897,246.7086,52.958253
1414,100,AlmostEqualRatios,scaled,20688,42,206.8800,20689,2027523,1062381,931578,33564,0.523980,20673,16,0.999227,21859,11088.4031,39865278.4312,229407972,215.9376,51.350041
1415,100,AlmostEqualRatios,scaled,25672,42,256.7200,25673,2515956,1488007,987268,40681,0.591428,25658,15,0.999416,27125,13754.5750,61439174.7585,353121203,237.3115,57.959997
1416,100,AlmostEqualRatios,scaled,26234,42,262.3400,26235,2571031,1396912,1146478,27641,0.543328,26228,7,0.999733,27273,13855.7246,61898974.9676,363504934,260.2204,53.246122
1417,100,AlmostEqualRatios,scaled,26035,42,260.3500,26036,2551529,1433623,1078533,39373,0.561868,26026,10,0.999616,27485,13944.8878,63092488.2413,363069100,253.2528,55.063105
1418,100,AlmostEqualRatios,scaled,25062,42,250.6200,25063,2456176,1258129,1165878,32169,0.512231,25047,16,0.999362,26413,13383.6496,58039700.5409,335434410,266.6137,50.198659
1419,100,AlmostEqualRatios,scaled,25145,42,251.4500,25146,2464309,1317900,1118926,27483,0.534795,25136,10,0.999602,26655,13528.4676,59330008.6568,340186847,258.1280,52.409926
1420,100,AlmostEqualRatios,scaled,24494,42,244.9400,24495,2400511,1276166,1094639,29706,0.531623,24478,17,0.999306,25642,13012.9393,54871384.7101,318751948,249.7731,52.099041
1421,100,AlmostEqualRatios,scaled,25292,42,252.9200,25293,2478716,1395540,1038886,44290,0.563009,25292,1,0.999960,26315,13402.4530,57770089.8483,338988243,242.9083,55.174950
1422,100,AlmostEqualRatios,scaled,26678,42,266.7800,26679,2614543,1390166,1185790,38587,0.531705,26664,15,0.999438,28052,14229.3441,65726208.9640,379624672,273.0787,52.107125
1423,100,AlmostEqualRatios,scaled,27609,42,276.0900,27610,2705781,1607824,1072671,25286,0.594218,27590,20,0.999276,29090,14726.1035,70505200.4232,406587719,252.8807,58.233394
1424,100,AlmostEqualRatios,scaled,26291,42,262.9100,26292,2576618,1329756,1218536,28326,0.516086,26282,10,0.999620,27989,14171.3610,65409235.2467,372593423,280.1968,50.576449
1425,100,AlmostEqualRatios,scaled,26262,42,262.6200,26263,2573775,1375150,1172939,25686,0.534293,26213,50,0.998096,27309,13875.1699,62094205.5115,364403586,264.9919,52.360736
1426,100,AlmostEqualRatios,scaled,25375,42,253.7500,25376,2486850,1255264,1206803,24783,0.504761,25347,29,0.998857,26527,13494.7922,58650724.3625,342443847,272.8062,49.466583
1427,100,AlmostEqualRatios,scaled,27135,42,271.3500,27136,2659330,1549506,1083698,26126,0.582668,27132,4,0.999853,28505,14482.7544,67854776.7643,393004024,253.6318,57.101489
1428,100,AlmostEqualRatios,scaled,24916,42,249.1600,24917,2441868,1314173,1089641,38054,0.538183,24899,18,0.999278,26262,13297.4457,57474958.1852,331332455,252.1224,52.742024
1429,100,AlmostEqualRatios,scaled,24303,42,243.0300,24304,2381793,1194076,1148971,38746,0.501335,24282,22,0.999095,25236,12814.8631,53008753.9241,311452432,260.8313,49.130843
1430,100,AlmostEqualRatios,scaled,21983,42,219.8300,21984,2154433,1119819,995049,39565,0.519774,21975,9,0.999591,23048,11685.6127,44182484.4236,256896509,229.4090,50.937909
1431,100,AlmostEqualRatios,scaled,24396,42,243.9600,24397,2390907,1147330,1216798,26779,0.479872,24378,19,0.999221,25741,13074.7068,55412466.6713,318983622,278.0226,47.027503
1432,100,AlmostEqualRatios,scaled,27992,42,279.9200,27993,2743315,1489292,1220166,33857,0.542880,27977,16,0.999428,29176,14797.7634,70794075.0329,414233790,278.1414,53.202301
1433,100,AlmostEqualRatios,scaled,27102,42,271.0200,27103,2656095,1442385,1183372,30338,0.543047,27085,18,0.999336,28472,14475.0459,67717003.9312,392317170,271.9920,53.218647
1434,100,AlmostEqualRatios,scaled,26387,42,263.8700,26388,2586026,1442702,1107859,35465,0.557884,26385,3,0.999886,28014,14195.3781,65502072.2623,374587637,259.6431,54.672654
1435,100,AlmostEqualRatios,scaled,26991,42,269.9100,26992,2645218,1473063,1139547,32608,0.556878,26949,43,0.998407,28155,14302.2745,65977711.2248,386046994,262.0709,54.574059
1436,100,AlmostEqualRatios,scaled,25219,42,252.1900,25220,2471561,1265872,1172054,33635,0.512175,25219,1,0.999960,26589,13499.7719,58971184.3402,340464247,268.9563,50.193180
1437,100,AlmostEqualRatios,scaled,25180,42,251.8000,25181,2467739,1536679,889757,41303,0.622707,25172,9,0.999643,26290,13371.2777,57740930.9674,336702144,219.1103,61.025337
1438,100,AlmostEqualRatios,scaled,28197,42,281.9700,28198,2763405,1506771,1234507,22127,0.545259,28177,21,0.999255,29688,15072.3680,73511312.8009,425010634,282.0672,53.435385
1439,100,AlmostEqualRatios,scaled,25289,42,252.8900,25290,2478422,1129435,1296393,52594,0.455707,25276,14,0.999446,26478,13471.3472,58488734.7617,340690371,301.6467,44.659352
1440,100,AlmostEqualRatios,scaled,22490,42,224.9000,22491,2204120,1122661,1051505,29954,0.509347,22482,9,0.999600,23632,11986.0439,46559306.2171,269578113,240.1242,49.916011
1441,100,AlmostEqualRatios,scaled,26031,42,260.3100,26032,2551137,1449589,1065847,35701,0.568213,26027,5,0.999808,27263,13848.3411,61966398.6988,360500016,248.6912,55.684888
1442,100,AlmostEqualRatios,scaled,22741,42,227.4100,22742,2228717,1222488,970986,35243,0.548516,22734,8,0.999648,23753,12059.0904,46866060.2140,274247833,224.3358,53.754639
1443,100,AlmostEqualRatios,scaled,24219,42,242.1900,24220,2373561,1274901,1067478,31182,0.537126,24212,8,0.999670,25146,12778.7048,52525405.4052,309500231,242.7641,52.638357
1444,100,AlmostEqualRatios,scaled,26464,42,264.6400,26465,2593571,1420640,1145916,27015,0.547754,26459,6,0.999773,28130,14248.5177,66151271.5736,377087020,265.4346,53.679955
1445,100,AlmostEqualRatios,scaled,24069,42,240.6900,24070,2358861,1416186,919444,23231,0.600369,24041,29,0.998795,25194,12816.5354,52976396.0617,308494008,217.8344,58.836145
1446,100,AlmostEqualRatios,scaled,24980,42,249.8000,24981,2448139,1407682,1014507,25950,0.575001,24957,24,0.999039,26111,13253.2807,56767088.7846,331080206,235.1953,56.350106
1447,100,AlmostEqualRatios,scaled,25394,42,253.9400,25395,2488712,1397664,1058273,32775,0.561601,25388,7,0.999724,26746,13562.7957,59615449.9201,344427196,246.4306,55.036976
1448,100,AlmostEqualRatios,scaled,25097,42,250.9700,25098,2459606,1468583,954411,36612,0.597081,25096,2,0.999920,26502,13431.2824,58605889.5762,337098326,229.5399,58.513945
1449,100,AlmostEqualRatios,scaled,24025,42,240.2500,24026,2354549,1400459,925202,28888,0.594789,24024,2,0.999917,24999,12715.1903,52121693.7722,305495161,218.1393,58.289312
1450,100,AlmostEqualRatios,scaled,25863,42,258.6300,25864,2534674,1433346,1069811,31517,0.565495,25860,4,0.999845,26988,13704.9647,60491076.7897,354465207,247.2991,55.418574
1451,100,AlmostEqualRatios,scaled,26108,42,261.0800,26109,2558683,1366781,1154889,37013,0.534174,26073,36,0.998621,27626,13978.5639,63633035.4139,364966325,267.0262,52.349037
1452,100,AlmostEqualRatios,scaled,24238,42,242.3800,24239,2375424,1440399,903062,31963,0.606376,24226,13,0.999464,25419,12885.8380,53838754.6978,312339828,216.8426,59.424853
1453,100,AlmostEqualRatios,scaled,22176,42,221.7600,22177,2173348,1088550,1047708,37090,0.500863,22174,3,0.999865,23151,11738.2148,44705779.8756,260318390,239.1423,49.084637
1454,100,AlmostEqualRatios,scaled,24027,42,240.2700,24028,2354746,1455634,861094,38018,0.618170,24011,17,0.999292,25028,12719.8153,52023104.5678,305631723,209.9647,60.580739
1455,100,AlmostEqualRatios,scaled,24767,42,247.6700,24768,2427266,1309179,1092986,25101,0.539364,24747,21,0.999152,26153,13282.0073,57188874.4391,328968756,251.2787,52.857679
1456,100,AlmostEqualRatios,scaled,23922,42,239.2200,23923,2344456,1292230,1017283,34943,0.551185,23880,43,0.998203,24948,12691.7619,51903319.1247,303625021,234.9621,54.016219
1457,100,AlmostEqualRatios,scaled,22738,42,227.3800,22739,2228423,1151646,1034914,41863,0.516799,22736,3,0.999868,23904,12144.2665,47610059.6774,276148477,239.7859,50.646291
1458,100,AlmostEqualRatios,scaled,27458,42,274.5800,27459,2690984,1530848,1126803,33333,0.568880,27445,14,0.999490,28818,14599.0441,69111405.7029,400875152,261.8648,55.750319
1459,100,AlmostEqualRatios,scaled,23044,42,230.4400,23045,2258412,1355277,855615,47520,0.600102,23031,14,0.999392,23784,12077.9153,46950540.6572,278335559,205.3717,58.810024
1460,100,AlmostEqualRatios,scaled,25172,42,251.7200,25173,2466955,1397608,1040014,29333,0.566532,25168,5,0.999801,26315,13374.1470,57730704.1762,336667402,240.8883,55.520121
1461,100,AlmostEqualRatios,scaled,26347,42,263.4700,26348,2582105,1421777,1120409,39919,0.550627,26341,7,0.999734,27593,14014.3403,63558685.4298,369249839,259.7101,53.961477
1462,100,AlmostEqualRatios,scaled,22027,42,220.2700,22028,2158746,1188288,939536,30922,0.550453,22025,3,0.999864,23446,11872.8106,46068782.5121,261534272,220.0933,53.944434
1463,100,AlmostEqualRatios,scaled,24196,42,241.9600,24197,2371307,1179501,1150746,41060,0.497405,24192,5,0.999793,25112,12808.3874,52500139.1035,309924549,262.7590,48.745754
1464,100,AlmostEqualRatios,scaled,23980,42,239.8000,23981,2350139,1260919,1044738,44482,0.536530,23978,3,0.999875,25259,12787.5691,53073895.4865,306658694,243.2025,52.579917
1465,100,AlmostEqualRatios,scaled,24684,42,246.8400,24685,2419131,1591004,792114,36013,0.657676,24674,11,0.999554,25726,13082.8737,55350710.9029,322950737,202.9855,64.452258
1466,100,AlmostEqualRatios,scaled,25781,42,257.8100,25782,2526637,1326709,1166448,33480,0.525089,25772,10,0.999612,27268,13837.8319,62067143.9949,356766982,268.9113,51.458731
1467,100,AlmostEqualRatios,scaled,24876,42,248.7600,24877,2437947,1345795,1059731,32421,0.552020,24850,27,0.998915,26323,13324.2443,57790498.6864,331467226,246.2985,54.097962
1468,100,AlmostEqualRatios,scaled,28410,42,284.1000,28411,2784280,1481920,1276402,25958,0.532245,28409,2,0.999930,29817,15164.7666,74137078.4311,430846185,290.7351,52.160079
1469,100,AlmostEqualRatios,scaled,25504,42,255.0400,25505,2499491,1356513,1110717,32261,0.542716,25498,7,0.999726,26560,13467.8627,58668701.4925,343497838,253.2212,53.186160
1470,100,AlmostEqualRatios,scaled,23142,42,231.4200,23143,2268016,1218342,1018329,31345,0.537184,23134,9,0.999611,24280,12337.9633,49182994.0373,285537485,234.3656,52.644082
1471,100,AlmostEqualRatios,scaled,25342,42,253.4200,25343,2483616,1350613,1092183,40820,0.543809,25333,10,0.999605,26432,13418.9500,58025028.6772,340076449,251.7941,53.293335
1472,100,AlmostEqualRatios,scaled,24701,42,247.0100,24702,2420797,1163466,1225334,31997,0.480613,24700,2,0.999919,25929,13183.3917,56032448.6012,325656141,279.9017,47.100073
1473,100,AlmostEqualRatios,scaled,23448,42,234.4800,23449,2298003,1237065,1010938,50000,0.538322,23447,2,0.999915,24657,12523.6182,50712838.8021,293666324,237.3896,52.755555
1474,100,AlmostEqualRatios,scaled,24310,42,243.1000,24311,2382480,1329079,1024228,29173,0.557855,24310,1,0.999959,25400,12907.8409,53774719.9835,313802521,236.1052,54.669861
1475,100,AlmostEqualRatios,scaled,26344,42,263.4400,26345,2581812,1312383,1242271,27158,0.508319,26328,17,0.999355,27849,14134.9463,64723923.0752,372385160,283.7473,49.815259
1476,100,AlmostEqualRatios,scaled,26337,42,263.3700,26338,2581125,1526913,1029734,24478,0.591569,26337,1,0.999962,27876,14119.5669,64709816.0587,371881153,243.5510,57.973764
1477,100,AlmostEqualRatios,scaled,24324,42,243.2400,24325,2383852,1337461,1013497,32894,0.561050,24321,4,0.999836,25575,12992.7650,54516317.3765,316049009,236.3052,54.982980
1478,100,AlmostEqualRatios,scaled,24242,42,242.4200,24243,2375815,1339525,1004272,32018,0.563817,24234,9,0.999629,25194,12798.3163,52836194.9658,310269583,231.6266,55.254094
1479,100,AlmostEqualRatios,scaled,26220,42,262.2000,26221,2569660,1234379,1307910,27371,0.480367,26206,15,0.999428,27612,14043.3641,63652696.1408,368231050,298.3128,47.075970
1480,100,AlmostEqualRatios,scaled,27493,42,274.9300,27494,2694414,1428165,1237406,28843,0.530047,27483,11,0.999600,29121,14724.8178,70840084.3304,404844140,283.4715,51.944606
1481,100,AlmostEqualRatios,scaled,24863,42,248.6300,24864,2436674,1381631,1020873,34170,0.567015,24859,5,0.999799,25918,13188.9933,55996435.0108,327931130,237.3507,55.567527
1482,100,AlmostEqualRatios,scaled,25264,42,252.6400,25265,2475971,1334989,1094129,46853,0.539178,25263,2,0.999921,26411,13443.3588,58358084.9595,339646460,254.4189,52.839462
1483,100,AlmostEqualRatios,scaled,24738,42,247.3800,24739,2424423,1307353,1080810,36260,0.539243,24738,1,0.999960,25841,13155.8348,55609616.1614,325462197,248.9475,52.845830
1484,100,AlmostEqualRatios,scaled,24100,42,241.0000,24101,2361900,1401281,912195,48424,0.593285,24093,8,0.999668,25193,12808.4713,52937983.1640,308696966,220.2963,58.142027
1485,100,AlmostEqualRatios,scaled,25288,42,252.8800,25289,2478323,1351470,1085976,40877,0.545316,25275,14,0.999446,26568,13484.6552,58756293.7697,341013446,252.3278,53.441022
1486,100,AlmostEqualRatios,scaled,24106,42,241.0600,24107,2362488,1527343,794928,40217,0.646498,24105,2,0.999917,24937,12677.0017,51593148.9337,305604481,200.0890,63.356826
1487,100,AlmostEqualRatios,scaled,24622,42,246.2200,24623,2413056,1258822,1116188,38046,0.521671,24612,11,0.999553,25927,13150.2605,56141132.7628,323798864,257.2237,51.123827
1488,100,AlmostEqualRatios,scaled,24803,42,248.0300,24804,2430793,1287538,1107327,35928,0.529678,24789,15,0.999395,26124,13260.7052,56984657.8461,328918531,255.4632,51.908483
1489,100,AlmostEqualRatios,scaled,23634,42,236.3400,23635,2316232,1189350,1091430,35452,0.513485,23628,7,0.999704,24677,12544.5213,50645828.4527,296489761,249.2872,50.321557
1490,100,AlmostEqualRatios,scaled,25162,42,251.6200,25163,2465976,1474328,955606,36042,0.597868,25162,1,0.999960,26451,13413.9572,58350417.0971,337535406,228.9419,58.591106
1491,100,AlmostEqualRatios,scaled,23552,42,235.5200,23553,2308196,1149739,1122766,35691,0.498112,23543,10,0.999575,24888,12607.9592,51711639.5539,296955264,258.2806,48.814970
1492,100,AlmostEqualRatios,scaled,24655,42,246.5500,24656,2416290,1335558,1046365,34367,0.552731,24644,12,0.999513,25904,13168.3756,56009989.9201,324679468,243.1040,54.167667
1493,100,AlmostEqualRatios,scaled,24588,42,245.8800,24589,2409723,1266309,1079238,64176,0.525500,24583,6,0.999756,25690,13056.7189,55041889.6245,321051662,253.5334,51.499004
1494,100,AlmostEqualRatios,scaled,25188,42,251.8800,25189,2468524,1262567,1174864,31093,0.511466,25134,55,0.997817,26270,13313.7845,57451946.8850,335360917,265.6183,50.123744
1495,100,AlmostEqualRatios,scaled,24676,42,246.7600,24677,2418347,1352846,1021274,44227,0.559409,24676,1,0.999959,25502,12983.4821,54197679.6453,320393388,236.8292,54.822142
1496,100,AlmostEqualRatios,scaled,21843,42,218.4300,21844,2140713,1285303,820730,34680,0.600409,21825,19,0.999130,22542,11436.2864,42190410.3103,249814240,194.3621,58.840093
1497,100,AlmostEqualRatios,scaled,22671,42,226.7100,22672,2221858,1241990,949421,30447,0.558987,22671,1,0.999956,23877,12118.2036,47573975.3944,274743913,221.2127,54.780787
1498,100,AlmostEqualRatios,scaled,24513,42,245.1300,24514,2402373,1406168,969666,26539,0.585325,24509,5,0.999796,25606,13035.9915,54640964.2034,319564296,227.2590,57.361834
1499,100,AlmostEqualRatios,scaled,24667,42,246.6700,24668,2417465,1125503,1262939,29023,0.465572,24656,12,0.999514,26334,13310.0421,57922061.8910,328332118,291.7203,45.626034
1500,200,Uncorrelated,scaled,52161,42,260.8050,52162,10328077,6676543,3641625,9909,0.646446,52161,1,0.999981,82521,55669.3976,359457171.4861,2903827116,434.9297,127.996300
1501,200,Uncorrelated,scaled,48450,42,242.2500,48451,9593300,6143593,3445291,4416,0.640405,48443,8,0.999835,83845,54954.2733,407732989.6512,2662589497,433.3929,126.800128
1502,200,Uncorrelated,scaled,48158,42,240.7900,48159,9535483,6253994,3275114,6375,0.655865,48158,1,0.999979,77718,52824.5047,340688811.6756,2543975323,406.7761,129.861376
1503,200,Uncorrelated,scaled,48555,42,242.7750,48556,9614090,6222897,3384138,7055,0.647268,48553,3,0.999938,79825,53857.9013,355816918.2759,2615124257,420.2423,128.159177
1504,200,Uncorrelated,scaled,48662,42,243.3100,48663,9635276,6322026,3307111,6139,0.656133,48656,7,0.999856,82752,55428.5215,383057855.9191,2697318144,426.6541,129.914432
1505,200,Uncorrelated,scaled,50637,42,253.1850,50638,10026326,6438826,3580927,6573,0.642192,50637,1,0.999980,84054,57273.7757,389271297.6480,2900229453,450.4283,127.154035
1506,200,Uncorrelated,scaled,48552,42,242.7600,48553,9613496,6157228,3451355,4913,0.640478,48552,1,0.999979,80945,55283.0736,348399147.6966,2684159071,435.9363,126.814574
1507,200,Uncorrelated,scaled,50849,42,254.2450,50850,10068302,6772869,3287658,7775,0.672692,50836,14,0.999725,79342,52608.4327,352521866.3064,2675138802,394.9787,133.193097
1508,200,Uncorrelated,scaled,49295,42,246.4750,49296,9760609,6326943,3426250,7416,0.648212,49294,2,0.999959,77071,51295.2476,339930390.7392,2528650525,399.6639,128.345971
1509,200,Uncorrelated,scaled,51465,42,257.3250,51466,10190270,6844865,3338012,7393,0.671706,51465,1,0.999981,80733,54918.3055,347668237.4002,2826425511,412.9264,132.997804
1510,200,Uncorrelated,scaled,50910,42,254.5500,50911,10080379,6693724,3378815,7840,0.664035,50907,4,0.999921,80735,54971.9326,367724843.3155,2798676059,418.1045,131.478934
1511,200,Uncorrelated,scaled,50183,42,250.9150,50184,9936433,6623226,3308455,4752,0.666560,50181,3,0.999940,81960,57347.6314,351392715.1271,2877933535,434.5214,131.978838
1512,200,Uncorrelated,scaled,50462,42,252.3100,50463,9991676,6495911,3490424,5341,0.650132,50461,2,0.999960,83621,55362.8128,393139776.4618,2793773624,430.0819,128.726215
1513,200,Uncorrelated,scaled,49512,42,247.5600,49513,9803576,6139975,3657336,6265,0.626300,49511,2,0.999960,80419,52421.1038,391914184.6657,2595526113,422.7258,124.007331
1514,200,Uncorrelated,scaled,50988,42,254.9400,50989,10095824,6447535,3643724,4565,0.638634,50988,1,0.999980,78936,53172.7847,341330455.2018,2711227119,420.5060,126.449528
1515,200,Uncorrelated,scaled,50640,42,253.2000,50641,10026919,6774425,3241574,10920,0.675624,50624,17,0.999664,81356,54851.5511,373303295.7627,2777737399,410.0329,133.773523
1516,200,Uncorrelated,scaled,50241,42,251.2050,50242,9947917,6308541,3632681,6695,0.634157,50236,6,0.999881,75571,50502.8080,312730610.6414,2537362078,402.2106,125.563095
1517,200,Uncorrelated,scaled,50347,42,251.7350,50348,9968905,6375501,3586664,6740,0.639539,50346,2,0.999960,81737,56337.0243,338118126.2700,2836456500,444.8994,126.628684
1518,200,Uncorrelated,scaled,47721,42,238.6050,47722,9448957,5971315,3473879,3763,0.631955,47713,9,0.999811,84500,56829.0156,401969469.3202,2711994282,454.1704,125.127090
1519,200,Uncorrelated,scaled,47337,42,236.6850,47338,9372926,6149136,3214772,9018,0.656053,47337,1,0.999979,80921,53964.2639,356271482.7149,2554560324,415.4340,129.898517
1520,200,Uncorrelated,scaled,46229,42,231.1450,46230,9153541,5982515,3163991,7035,0.653574,46222,8,0.999827,82547,55588.6816,383656711.4204,2569864751,429.5626,129.407636
1521,200,Uncorrelated,scaled,49874,42,249.3700,49875,9875252,6501802,3367642,5808,0.658394,49873,2,0.999960,78199,52727.4525,329804755.3597,2629781693,404.4697,130.361945
1522,200,Uncorrelated,scaled,49521,42,247.6050,49522,9805357,6499490,3301000,4867,0.662851,49521,1,0.999980,78656,53179.0508,332307363.3772,2633532952,405.1907,131.244497
1523,200,Uncorrelated,scaled,49625,42,248.1250,49626,9825950,6533394,3286786,5770,0.664912,49622,4,0.999919,83068,54119.9921,421566086.5475,2685758729,411.0817,131.652642
1524,200,Uncorrelated,scaled,51447,42,257.2350,51448,10186705,6618575,3562437,5693,0.649727,51447,1,0.999981,78629,52813.7964,356075438.0872,2717164198,410.5361,128.645914
1525,200,Uncorrelated,scaled,48103,42,240.5150,48104,9524593,6125117,3391114,8362,0.643084,48094,10,0.999792,80344,54980.6595,353283579.4522,2644789644,431.7941,127.330721
1526,200,Uncorrelated,scaled,50012,42,250.0600,50013,9902575,6393229,3504374,4972,0.645613,50012,1,0.999980,76618,52335.1622,300733639.1862,2617438466,409.4079,127.831344
1527,200,Uncorrelated,scaled,51973,42,259.8650,51974,10290853,7003885,3281469,5499,0.680593,51973,1,0.999981,84013,56800.7157,373055021.5214,2952160399,421.5033,134.757475
1528,200,Uncorrelated,scaled,47900,42,239.5000,47901,9484400,6127982,3350858,5560,0.646112,47897,4,0.999916,80147,53699.4035,362224279.6154,2572255127,419.7557,127.930148
1529,200,Uncorrelated,scaled,48597,42,242.9850,48598,9622405,5964973,3652789,4643,0.619905,48595,3,0.999938,77958,52565.3088,338234898.5607,2554568877,428.2616,122.741121
1530,200,Uncorrelated,scaled,43247,42,216.2350,43248,8563105,5492697,3063433,6975,0.641438,43247,1,0.999977,85394,57730.3391,427926324.2567,2496721705,454.5530,127.004648
1531,200,Uncorrelated,scaled,49950,42,249.7500,49951,9890300,6533831,3349797,6672,0.660630,49942,9,0.999820,81449,53839.3698,389829305.9042,2689330363,411.6008,130.804809
1532,200,Uncorrelated,scaled,52082,42,260.4100,52083,10312436,6772112,3534293,6031,0.656694,52078,5,0.999904,81651,53707.0827,402452709.2488,2797225990,413.0508,130.025383
1533,200,Uncorrelated,scaled,49781,42,248.9050,49782,9856837,6331661,3519166,6010,0.642362,49779,3,0.999940,82158,55927.8160,368467940.3079,2784198536,439.7264,127.187759
1534,200,Uncorrelated,scaled,46830,42,234.1500,46831,9272540,5884019,3382875,5646,0.634564,46829,2,0.999957,81129,55311.5536,357768843.8360,2590295367,440.2255,125.643676
1535,200,Uncorrelated,scaled,49278,42,246.3900,49279,9757244,6224233,3526602,6409,0.637909,49274,5,0.999899,78780,52956.8263,341887399.4521,2609659445,419.2741,126.305992
1536,200,Uncorrelated,scaled,47193,42,235.9650,47194,9344413,6166393,3174064,3956,0.659902,47193,1,0.999979,84542,57112.0501,379774532.2843,2695346093,437.1025,130.660529
1537,200,Uncorrelated,scaled,50991,42,254.9550,50992,10096417,6473344,3618033,5040,0.641153,50990,2,0.999961,78836,51437.4825,371581623.2669,2622900108,405.1847,126.948227
1538,200,Uncorrelated,scaled,49821,42,249.1050,49822,9864758,6258875,3598971,6912,0.634468,49819,3,0.999940,84241,56518.0555,388851050.3045,2815842561,449.8960,125.624724
1539,200,Uncorrelated,scaled,52325,42,261.6250,52326,10360550,6583979,3769732,6839,0.635485,52325,1,0.999981,77475,51019.1442,343818913.8637,2669627742,405.4733,125.826148
1540,200,Uncorrelated,scaled,54063,42,270.3150,54064,10704673,6889603,3806266,8804,0.643607,54063,1,0.999982,78072,50940.8271,343397544.6962,2754064878,399.7422,127.434208
1541,200,Uncorrelated,scaled,47965,42,239.8250,47966,9497269,6126864,3362582,7823,0.645119,47957,9,0.999812,80989,54009.3065,380678581.9327,2590610395,422.8281,127.733478
1542,200,Uncorrelated,scaled,46383,42,231.9150,46384,9184034,6062550,3117187,4297,0.660118,46383,1,0.999978,80215,54992.2616,333730504.2780,2550761063,420.7406,130.703475
1543,200,Uncorrelated,scaled,50756,42,253.7800,50757,10049888,6487714,3553408,8766,0.645551,50755,2,0.999961,76280,50959.0554,332835342.5631,2586528774,398.6811,127.819099
1544,200,Uncorrelated,scaled,48900,42,244.5000,48901,9682399,6509729,3167848,4822,0.672326,48899,2,0.999959,82528,55669.2336,396561101.1123,2722281190,418.1866,133.120570
1545,200,Uncorrelated,scaled,51322,42,256.6100,51323,10161956,6476518,3680546,4892,0.637330,51322,1,0.999981,82084,54395.3670,385856322.8136,2791733420,431.0547,126.191337
1546,200,Uncorrelated,scaled,45963,42,229.8150,45964,9100873,6033030,3061634,6209,0.662907,45958,6,0.999869,80179,55612.7794,330242757.9240,2556185794,423.6985,131.255548
1547,200,Uncorrelated,scaled,48516,42,242.5800,48517,9606367,6238164,3364144,4059,0.649378,48516,1,0.999979,79742,52982.3859,385446896.4797,2570546418,412.0678,128.576870
1548,200,Uncorrelated,scaled,50935,42,254.6750,50936,10085330,6669459,3408846,7025,0.661303,50924,12,0.999764,85610,57479.1924,423739551.2608,2927760146,438.9802,130.938020
1549,200,Uncorrelated,scaled,50092,42,250.4600,50093,9918415,6355862,3555460,7093,0.640814,50089,4,0.999920,80744,53885.3981,381761794.9458,2699281249,424.6916,126.881241
1550,200,Uncorrelated,scaled,49178,42,245.8900,49179,9737443,6405427,3324435,7581,0.657814,49177,2,0.999959,81092,54667.4371,363538836.7115,2688489888,419.7206,130.247199
1551,200,Uncorrelated,scaled,52268,42,261.3400,52269,10349264,6641324,3700528,7412,0.641719,52262,7,0.999866,82262,52965.6668,408485262.5234,2768462440,416.8540,127.060476
1552,200,Uncorrelated,scaled,51469,42,257.3450,51470,10191062,6421792,3762824,6446,0.630140,51457,13,0.999747,76902,49732.0518,359468774.6270,2559708706,398.5973,124.767670
1553,200,Uncorrelated,scaled,48184,42,240.9200,48185,9540632,6350203,3183280,7149,0.665596,48179,6,0.999875,80113,55263.5909,339936116.9515,2662876127,419.3372,131.787963
1554,200,Uncorrelated,scaled,47528,42,237.6400,47529,9410744,6270230,3135772,4742,0.666284,47528,1,0.999979,84521,56521.5081,401714298.9717,2686410757,428.4389,131.924299
1555,200,Uncorrelated,scaled,52061,42,260.3050,52062,10308278,6637113,3662307,8858,0.643862,52058,4,0.999923,81882,54395.8020,383961436.1760,2831954246,426.6847,127.484787
1556,200,Uncorrelated,scaled,52247,42,261.2350,52248,10345105,6816470,3522434,6201,0.658908,52246,2,0.999962,86459,56692.6071,446368616.3907,2962075338,434.5468,130.463750
1557,200,Uncorrelated,scaled,51553,42,257.7650,51554,10207693,6462489,3739861,5343,0.633100,51550,4,0.999922,80145,52977.2996,375944017.5318,2731191703,422.6223,125.353784
1558,200,Uncorrelated,scaled,48007,42,240.0350,48008,9505585,6444375,3055230,5980,0.677957,48002,6,0.999875,88100,60909.1325,396075993.2620,2924125633,453.7485,134.235440
1559,200,Uncorrelated,scaled,49383,42,246.9150,49384,9778034,6602269,3170733,5032,0.675214,49377,7,0.999858,82332,53846.0625,400278061.5342,2659133950,402.7606,133.692471
1560,200,Uncorrelated,scaled,47054,42,235.2700,47055,9316891,6408386,2902540,5965,0.687825,47051,4,0.999915,80701,55109.2024,351258337.7186,2593163520,404.6516,136.189268
1561,200,Uncorrelated,scaled,48267,42,241.3350,48268,9557065,6353179,3196593,7293,0.664763,48266,2,0.999959,82054,55418.2552,374944867.1863,2674928340,421.0378,131.623001
1562,200,Uncorrelated,scaled,51625,42,258.1250,51626,10221950,6750171,3463963,7816,0.660360,51616,10,0.999806,77055,49984.5346,347346470.3651,2580501583,382.2868,130.751385
1563,200,Uncorrelated,scaled,51449,42,257.2450,51450,10187101,6416212,3763880,7009,0.629837,51448,2,0.999961,79653,53452.8519,327042411.6951,2750149231,428.6251,124.707716
1564,200,Uncorrelated,scaled,53716,42,268.5800,53717,10635967,6925826,3702624,7517,0.651170,53709,8,0.999851,78214,51208.5973,380462704.5619,2750772222,397.1761,128.931735
1565,200,Uncorrelated,scaled,48331,42,241.6550,48332,9569738,6343336,3221312,5090,0.662854,48324,8,0.999834,80654,54343.4169,360189304.7466,2626526028,414.0607,131.245055
1566,200,Uncorrelated,scaled,54071,42,270.3550,54072,10706257,6808877,3890576,6804,0.635972,54067,5,0.999908,81092,52219.9671,393039256.0293,2823638059,414.6995,125.922418
1567,200,Uncorrelated,scaled,49512,42,247.5600,49513,9803576,6454756,3342585,6235,0.658408,49509,4,0.999919,77476,51638.2129,341528887.2145,2556762833,396.1053,130.364874
1568,200,Uncorrelated,scaled,52975,42,264.8750,52976,10489249,6935666,3548317,5266,0.661217,52973,3,0.999943,82527,55851.3027,363693610.5572,2958778612,426.6034,130.920908
1569,200,Uncorrelated,scaled,48497,42,242.4850,48498,9602605,6259139,3340218,3248,0.651817,48492,6,0.999876,83498,57512.3869,377928616.6611,2789235742,445.6261,129.059734
1570,200,Uncorrelated,scaled,46676,42,233.3800,46677,9242048,6148841,3090500,2707,0.665312,46670,7,0.999850,83982,57282.3353,390412105.7515,2673767566,434.8409,131.731709
1571,200,Uncorrelated,scaled,45702,42,228.5100,45703,9049195,5743713,3298962,6520,0.634721,45700,3,0.999934,79750,55607.1493,349523189.2917,2541413544,442.4688,125.674748
1572,200,Uncorrelated,scaled,50014,42,250.0700,50015,9902971,6412586,3485165,5220,0.647542,49993,22,0.999560,79677,52477.9252,391074656.8867,2624683430,409.3019,128.213256
1573,200,Uncorrelated,scaled,51859,42,259.2950,51860,10268281,6721036,3540183,7062,0.654543,51856,4,0.999923,77979,50964.3536,365275802.0985,2643011379,393.2446,129.599614
1574,200,Uncorrelated,scaled,53698,42,268.4900,53699,10632403,6945087,3679170,8146,0.653200,53698,1,0.999981,83294,55129.8114,389556796.9152,2960415743,426.2604,129.333637
1575,200,Uncorrelated,scaled,51686,42,258.4300,51687,10234028,6608195,3616815,9018,0.645708,51683,4,0.999923,84152,55991.1003,410169021.1261,2894011999,437.9429,127.850233
1576,200,Uncorrelated,scaled,49238,42,246.1900,49239,9749323,6381411,3362666,5246,0.654549,49238,1,0.999980,80263,53104.0238,377253502.0745,2614789028,409.7509,129.600743
1577,200,Uncorrelated,scaled,52736,42,263.6800,52737,10441927,6715405,3720628,5894,0.643119,52736,1,0.999981,80108,53493.9652,344824121.3510,2821111242,420.0955,127.337638
1578,200,Uncorrelated,scaled,54283,42,271.4150,54284,10748234,6973703,3766958,7573,0.648823,54283,1,0.999982,80259,52798.6195,364629997.9858,2866120259,410.9897,128.467007
1579,200,Uncorrelated,scaled,52485,42,262.4250,52486,10392229,6290057,4094998,7174,0.605265,52479,7,0.999867,75853,49331.1508,354137198.7525,2589194779,411.6330,119.842568
1580,200,Uncorrelated,scaled,46174,42,230.8700,46175,9142651,6236823,2899486,6342,0.682168,46170,5,0.999892,84126,58401.3333,342700513.1020,2696681565,432.3806,135.069258
1581,200,Uncorrelated,scaled,48382,42,241.9100,48383,9579835,6262519,3312964,4352,0.653719,48381,2,0.999959,82745,55190.8132,379069950.8926,2670297113,426.3935,129.436352
1582,200,Uncorrelated,scaled,50662,42,253.3100,50663,10031276,6460051,3564083,7142,0.643991,50658,5,0.999901,82149,55624.8612,373444496.5429,2818122345,436.2384,127.510234
1583,200,Uncorrelated,scaled,51767,42,258.8350,51768,10250065,6561961,3682590,5514,0.640187,51758,10,0.999807,83994,54622.9021,443123076.3043,2827718397,430.9258,126.757089
1584,200,Uncorrelated,scaled,48164,42,240.8200,48165,9536671,6321254,3210507,4910,0.662837,48157,8,0.999834,83275,56763.7030,373112515.0030,2734023753,432.5129,131.241648
1585,200,Uncorrelated,scaled,51086,42,255.4300,51087,10115228,6602758,3504363,8107,0.652754,51078,9,0.999824,80431,52562.9625,385139029.5328,2685284065,406.6913,129.245366
1586,200,Uncorrelated,scaled,52364,42,261.8200,52365,10368272,6875614,3486096,6562,0.663140,52364,1,0.999981,85766,56169.9916,433389517.6802,2941341609,427.7933,131.301709
1587,200,Uncorrelated,scaled,52790,42,263.9500,52791,10452620,6566143,3880616,5861,0.628182,52768,23,0.999564,77208,51461.7464,352697518.8403,2716717054,413.7463,124.379970
1588,200,Uncorrelated,scaled,49212,42,246.0600,49213,9744176,6359522,3378392,6262,0.652649,49212,1,0.999980,81352,54554.1429,361706460.8886,2684773034,422.1659,129.224433
1589,200,Uncorrelated,scaled,48167,42,240.8350,48168,9537265,6485853,3046834,4578,0.680054,48166,2,0.999958,87354,61214.3119,371736418.9837,2948570976,454.6158,134.650660
1590,200,Uncorrelated,scaled,46989,42,234.9450,46990,9304022,6075129,3223423,5470,0.652957,46983,7,0.999851,86874,56621.4913,452174377.7026,2660643874,437.9568,129.285571
1591,200,Uncorrelated,scaled,47812,42,239.0600,47813,9466975,6134788,3328851,3336,0.648020,47794,19,0.999603,85542,57680.8381,386720793.1336,2757893913,449.5500,128.307950
1592,200,Uncorrelated,scaled,49240,42,246.2000,49241,9749720,6381876,3362471,5373,0.654570,49239,2,0.999959,79746,53123.0421,366060551.0863,2615831715,409.8844,129.604923
1593,200,Uncorrelated,scaled,49556,42,247.7800,49557,9812287,6296851,3510188,5248,0.641731,49553,4,0.999919,81621,54077.7642,391872962.5149,2679931762,425.5987,127.062796
1594,200,Uncorrelated,scaled,53779,42,268.8950,53780,10648441,6785812,3857767,4862,0.637259,53777,3,0.999944,81756,53778.3629,393964144.3890,2892200357,426.2129,126.177241
1595,200,Uncorrelated,scaled,46768,42,233.8400,46769,9260264,5915577,3333935,10752,0.638813,46768,1,0.999979,77207,51898.8734,334344936.4922,2427258410,410.3164,126.485001
1596,200,Uncorrelated,scaled,48359,42,241.7950,48360,9575281,6528162,3042553,4566,0.681772,48357,3,0.999938,82635,56148.4856,366190916.6433,2715340765,415.9426,134.990943
1597,200,Uncorrelated,scaled,49280,42,246.4000,49281,9757639,6269544,3481363,6732,0.642527,49276,5,0.999899,81379,54178.1210,374844273.4342,2669951982,425.8606,127.220308
1598,200,Uncorrelated,scaled,51437,42,257.1850,51438,10184725,6627590,3549262,7873,0.650738,51432,6,0.999883,77760,52164.1868,340797951.8959,2683221443,404.8563,128.846184
1599,200,Uncorrelated,scaled,49339,42,246.6950,49340,9769321,6274905,3489642,4774,0.642307,49333,7,0.999858,75277,50871.5421,300143617.1408,2510001888,400.0064,127.176834
1600,200,WeaklyCorrelated,scaled,51865,42,259.3250,51866,10269469,6114910,4118949,35610,0.595446,51865,1,0.999981,57040,29517.0543,264339870.6846,1530931539,250.3604,117.898238
1601,200,WeaklyCorrelated,scaled,48194,42,240.9700,48195,9542611,5249498,4251605,41508,0.550111,48194,1,0.999979,52246,27262.0691,220562410.2031,1313895419,250.2897,108.922046
1602,200,WeaklyCorrelated,scaled,47023,42,235.1150,47024,9310754,5494451,3790390,25913,0.590119,47021,3,0.999936,51542,27115.1318,212155981.4871,1275061959,232.0636,116.843548
1603,200,WeaklyCorrelated,scaled,46928,42,234.6400,46929,9291944,5219104,4027123,45717,0.561681,46928,1,0.999979,52722,27495.6436,221589170.5740,1290343057,247.2346,111.212768
1604,200,WeaklyCorrelated,scaled,52766,42,263.8300,52767,10447868,5659828,4749651,38389,0.541721,52757,10,0.999810,57679,30009.5891,269720999.1970,1583515989,279.7816,107.260750
1605,200,WeaklyCorrelated,scaled,52882,42,264.4100,52883,10470836,6181285,4238321,51230,0.590333,52878,5,0.999905,57059,29745.0757,264889343.7155,1573008837,254.4793,116.886050
1606,200,WeaklyCorrelated,scaled,49786,42,248.9300,49787,9857827,5150781,4661107,45939,0.522507,49785,2,0.999960,54202,28055.6044,237212577.4128,1396804377,271.1830,103.456344
1607,200,WeaklyCorrelated,scaled,53015,42,265.0750,53016,10497170,5653120,4812514,31536,0.538538,53007,9,0.999830,58132,30135.0422,273986960.1971,1597639395,282.6120,106.630451
1608,200,WeaklyCorrelated,scaled,51501,42,257.5050,51502,10197397,6294530,3871579,31288,0.617268,51488,14,0.999728,57011,29895.2904,260871582.9068,1539667244,244.6040,122.219137
1609,200,WeaklyCorrelated,scaled,52769,42,263.8450,52770,10448461,5985934,4426341,36186,0.572901,52763,7,0.999867,57741,29998.6576,270268557.0838,1583029160,264.4582,113.434413
1610,200,WeaklyCorrelated,scaled,46109,42,230.5450,46110,9129781,5088124,4011713,29944,0.557311,46108,2,0.999957,50954,26526.2632,210029916.3240,1223125995,240.3884,110.347517
1611,200,WeaklyCorrelated,scaled,51272,42,256.3600,51273,10152056,5876053,4239863,36140,0.578804,51269,4,0.999922,55763,29083.0672,252242898.7628,1491176107,253.7717,114.603261
1612,200,WeaklyCorrelated,scaled,52481,42,262.4050,52482,10391437,5922947,4435979,32511,0.569983,52478,4,0.999924,57449,29901.5926,267725247.7145,1569295383,264.9518,112.856732
1613,200,WeaklyCorrelated,scaled,51259,42,256.2950,51260,10149481,5648408,4461348,39725,0.556522,51251,9,0.999824,56053,29216.6758,252604569.1646,1497646800,265.1449,110.191338
1614,200,WeaklyCorrelated,scaled,50580,42,252.9000,50581,10015040,5691353,4288059,35628,0.568281,50580,1,0.999980,55399,29122.8159,244031016.7934,1473061153,258.8244,112.519582
1615,200,WeaklyCorrelated,scaled,51410,42,257.0500,51411,10179380,5679644,4446737,52999,0.557956,51410,1,0.999981,56237,29101.1477,258995393.0813,1496119102,263.4178,110.475268
1616,200,WeaklyCorrelated,scaled,53047,42,265.2350,53048,10503506,5369297,5098474,35735,0.511191,53041,7,0.999868,57801,29827.2611,273603983.6414,1582276547,294.6897,101.215823
1617,200,WeaklyCorrelated,scaled,47574,42,237.8700,47575,9419852,5160561,4226480,32811,0.547839,47565,10,0.999790,52368,27436.1044,220132562.3300,1305272665,252.9323,108.472118
1618,200,WeaklyCorrelated,scaled,49104,42,245.5200,49105,9722791,5693409,3986551,42831,0.585574,49104,1,0.999980,54057,28184.2370,233645399.7454,1383986959,243.0858,115.943570
1619,200,WeaklyCorrelated,scaled,48237,42,241.1850,48238,9551125,5290465,4227442,33218,0.553910,48234,4,0.999917,53310,27882.1239,229054393.3396,1344977892,254.2268,109.674219
1620,200,WeaklyCorrelated,scaled,48126,42,240.6300,48127,9529147,5489339,4004139,35669,0.576058,48123,4,0.999917,52578,27709.9886,221901326.1032,1333598619,242.9434,114.059447
1621,200,WeaklyCorrelated,scaled,53814,42,269.0700,53815,10655371,6251607,4367284,36480,0.586709,53796,19,0.999647,59725,31005.5240,287937862.7591,1668562273,266.9013,116.168485
1622,200,WeaklyCorrelated,scaled,50168,42,250.8400,50169,9933464,5256776,4633726,42962,0.529199,50166,3,0.999940,55175,28560.7840,246980659.9865,1432865974,272.5750,104.781359
1623,200,WeaklyCorrelated,scaled,46351,42,231.7550,46352,9177698,4851441,4299822,26435,0.528612,46345,7,0.999849,50694,26616.9965,205430593.2848,1233751021,254.3061,104.665192
1624,200,WeaklyCorrelated,scaled,50155,42,250.7750,50156,9930889,5636654,4261118,33117,0.567588,50154,2,0.999960,55085,28760.0860,245070492.7567,1442490875,255.9126,112.382447
1625,200,WeaklyCorrelated,scaled,54132,42,270.6600,54133,10718335,6009247,4668900,40188,0.560651,54130,3,0.999945,59337,30820.6848,283956781.7923,1668416130,277.6415,111.008941
1626,200,WeaklyCorrelated,scaled,51991,42,259.9550,51992,10294418,5698340,4561525,34553,0.553537,51990,2,0.999962,56119,29227.4819,252951038.4565,1519595240,266.6733,109.600323
1627,200,WeaklyCorrelated,scaled,49075,42,245.3750,49076,9717049,5452531,4230473,34045,0.561130,49073,3,0.999939,53246,27821.1692,226779694.6226,1365351700,250.4070,111.103819
1628,200,WeaklyCorrelated,scaled,49396,42,246.9800,49397,9780608,5442935,4296504,41169,0.556503,49385,12,0.999757,54669,28267.2360,241919131.7091,1396316656,256.5374,110.187562
1629,200,WeaklyCorrelated,scaled,51333,42,256.6650,51334,10164133,5847892,4277961,38280,0.575346,51331,3,0.999942,56613,29488.7954,258478639.0132,1513777823,258.8587,113.918495
1630,200,WeaklyCorrelated,scaled,48082,42,240.4100,48083,9520436,5322712,4164864,32860,0.559083,48078,5,0.999896,52687,27440.9029,224145015.9874,1319440932,247.8888,110.698417
1631,200,WeaklyCorrelated,scaled,51208,42,256.0400,51209,10139383,5850872,4256179,32332,0.577044,51203,6,0.999883,56402,29339.3791,257333733.5923,1502440266,256.7891,114.254760
1632,200,WeaklyCorrelated,scaled,51107,42,255.5350,51108,10119385,5884526,4195998,38861,0.581510,51098,10,0.999804,56551,29577.3524,257091828.2391,1511639324,256.8838,115.139039
1633,200,WeaklyCorrelated,scaled,48741,42,243.7050,48742,9650917,5388343,4226390,36184,0.558324,48741,1,0.999979,52906,27526.7797,225698087.7021,1341710296,249.0024,110.548254
1634,200,WeaklyCorrelated,scaled,45950,42,229.7500,45951,9098299,5094900,3970154,33245,0.559984,45949,2,0.999956,50395,26206.0946,204682063.7326,1204196254,236.3533,110.876804
1635,200,WeaklyCorrelated,scaled,49762,42,248.8100,49763,9853076,5664486,4148239,40351,0.574895,49761,2,0.999960,54615,28478.6901,238561069.3172,1417185056,250.1878,113.829271
1636,200,WeaklyCorrelated,scaled,52304,42,261.5200,52305,10356391,6013621,4305236,37534,0.580668,52302,3,0.999943,57208,29698.8226,264606121.9975,1553396918,258.3131,114.972202
1637,200,WeaklyCorrelated,scaled,48580,42,242.9000,48581,9619040,5510822,4052827,55391,0.572908,48579,2,0.999959,54307,28467.2096,235895585.1162,1382965511,250.9545,113.435746
1638,200,WeaklyCorrelated,scaled,54002,42,270.0100,54003,10692596,6008960,4650247,33389,0.561974,54001,2,0.999963,58999,30927.3087,280312607.6980,1670167454,277.9462,111.270855
1639,200,WeaklyCorrelated,scaled,51463,42,257.3150,51464,10189874,5586232,4564598,39044,0.548214,51450,14,0.999728,56712,29487.7216,258241855.7247,1517556106,271.6601,108.546401
1640,200,WeaklyCorrelated,scaled,47685,42,238.4250,47686,9441830,5581267,3824629,35934,0.591121,47676,10,0.999790,53201,27989.7311,223648355.8801,1334718317,239.1425,117.042046
1641,200,WeaklyCorrelated,scaled,54252,42,271.2600,54253,10742096,5960343,4727584,54169,0.554858,54252,1,0.999982,58998,30660.7252,283365931.2573,1663436325,279.0840,109.861998
1642,200,WeaklyCorrelated,scaled,46013,42,230.0650,46014,9110774,5138023,3922580,50171,0.563950,46008,6,0.999870,50565,26567.2500,205598249.1278,1222465443,237.9253,111.662168
1643,200,WeaklyCorrelated,scaled,49752,42,248.7600,49753,9851095,5401561,4414988,34546,0.548321,49750,3,0.999940,55355,29038.5404,243825069.4055,1444754502,267.4698,108.567544
1644,200,WeaklyCorrelated,scaled,49773,42,248.8650,49774,9855254,5861143,3959761,34350,0.594723,49769,5,0.999900,55385,28953.3745,244621291.5066,1441125261,245.8779,117.755113
1645,200,WeaklyCorrelated,scaled,52642,42,263.2100,52643,10423315,5942797,4438507,42011,0.570145,52630,13,0.999753,57759,29803.7867,272084167.6383,1568960744,264.0105,112.888646
1646,200,WeaklyCorrelated,scaled,50302,42,251.5100,50303,9959996,5412224,4500643,47129,0.543396,50302,1,0.999980,54532,28337.7509,241240261.1697,1425473883,263.3804,107.592470
1647,200,WeaklyCorrelated,scaled,48590,42,242.9500,48591,9621020,5905496,3689809,25715,0.613812,48589,2,0.999959,54584,28874.3470,235074603.1652,1403033395,237.5810,121.534770
1648,200,WeaklyCorrelated,scaled,52782,42,263.9100,52783,10451035,5542750,4870658,37627,0.530354,52771,12,0.999773,57032,29680.1237,263692572.1794,1566605967,282.6406,105.010136
1649,200,WeaklyCorrelated,scaled,50327,42,251.6350,50328,9964946,5472285,4455192,37469,0.549154,50326,2,0.999960,54931,28590.3709,244183881.8125,1438896189,262.9425,108.732415
1650,200,WeaklyCorrelated,scaled,51431,42,257.1550,51432,10183538,5671659,4472128,39751,0.556944,51427,5,0.999903,57116,29877.5834,262008524.1769,1536663867,270.9373,110.274907
1651,200,WeaklyCorrelated,scaled,48045,42,240.2250,48046,9513109,5191974,4271249,49886,0.545770,48044,2,0.999958,52950,27641.0997,227161401.2426,1328044274,255.7879,108.062565
1652,200,WeaklyCorrelated,scaled,53008,42,265.0400,53009,10495784,5890587,4567037,38160,0.561234,53004,5,0.999906,57992,30260.8786,272063937.8756,1604098914,272.3156,111.124281
1653,200,WeaklyCorrelated,scaled,49875,42,249.3750,49876,9875450,5635030,4203361,37059,0.570610,49874,2,0.999960,54276,28516.4436,234755590.5898,1422286143,252.4008,112.980792
1654,200,WeaklyCorrelated,scaled,50935,42,254.6750,50936,10085330,5950045,4098838,36447,0.589970,50933,3,0.999941,56572,29428.3673,257740506.9797,1498963317,251.9247,116.814139
1655,200,WeaklyCorrelated,scaled,52190,42,260.9500,52191,10333819,5810807,4486738,36274,0.562310,52187,4,0.999923,56458,29466.9319,256211414.4755,1537908644,264.6635,111.337338
1656,200,WeaklyCorrelated,scaled,49519,42,247.5950,49520,9804961,5393871,4372854,38236,0.550117,49512,8,0.999838,54527,28341.6044,239529118.3182,1403476249,260.1983,108.923082
1657,200,WeaklyCorrelated,scaled,48282,42,241.4100,48283,9560036,5329034,4185025,45977,0.557428,48280,3,0.999938,53772,28073.3360,233996873.2754,1355464882,254.3547,110.370814
1658,200,WeaklyCorrelated,scaled,59027,42,295.1350,59028,11687546,6377891,5271306,38349,0.545700,59007,21,0.999644,64126,33218.6073,334259825.5237,1960827954,307.4414,108.048570
1659,200,WeaklyCorrelated,scaled,49010,42,245.0500,49011,9704179,5678080,3988880,37219,0.585117,49010,1,0.999980,54439,28503.1058,237720899.6263,1396965716,246.0278,115.853176
1660,200,WeaklyCorrelated,scaled,51189,42,255.9450,51190,10135622,5520128,4576975,38519,0.544626,51184,6,0.999883,55170,28617.3987,245449445.5535,1464924638,265.3787,107.836062
1661,200,WeaklyCorrelated,scaled,50867,42,254.3350,50868,10071865,5654413,4373261,44191,0.561407,50867,1,0.999980,55155,28993.2251,242393002.7551,1474827372,260.8277,111.158548
1662,200,WeaklyCorrelated,scaled,52952,42,264.7600,52953,10484696,5616702,4813183,54811,0.535705,52950,3,0.999943,57709,30035.8943,268490971.5065,1590490713,283.1716,106.069571
1663,200,WeaklyCorrelated,scaled,51589,42,257.9450,51590,10214821,5766746,4412606,35469,0.564547,51583,7,0.999864,57026,29674.1430,263178346.7101,1530889039,265.4684,111.780306
1664,200,WeaklyCorrelated,scaled,48797,42,243.9850,48798,9662006,5411555,4221057,29394,0.560086,48784,14,0.999713,54145,28115.8693,235680678.3821,1371998191,253.5312,110.897065
1665,200,WeaklyCorrelated,scaled,50949,42,254.7450,50950,10088101,5624727,4431610,31764,0.557561,50945,5,0.999902,56270,29364.8728,255706004.7113,1496140270,265.9934,110.396997
1666,200,WeaklyCorrelated,scaled,52116,42,260.5800,52117,10319167,5870119,4422934,26114,0.568856,52105,12,0.999770,56893,29680.9753,260855605.5875,1546883388,263.5182,112.633479
1667,200,WeaklyCorrelated,scaled,53224,42,266.1200,53225,10538551,5913724,4594520,30307,0.561152,53216,9,0.999831,58687,30676.5938,274979283.1450,1632761707,276.0970,111.108013
1668,200,WeaklyCorrelated,scaled,49177,42,245.8850,49178,9737246,5618101,4085393,33752,0.576970,49171,7,0.999858,54558,28452.9077,238516314.9982,1399257094,249.0623,114.240128
1669,200,WeaklyCorrelated,scaled,50664,42,253.3200,50665,10031672,5295935,4686837,48900,0.527921,50658,7,0.999862,55374,28630.1147,248236434.6519,1450544761,273.8978,104.528471
1670,200,WeaklyCorrelated,scaled,50929,42,254.6450,50930,10084142,5614848,4434847,34447,0.556800,50927,3,0.999941,55400,29043.0363,244492072.2220,1479161839,263.4376,110.246377
1671,200,WeaklyCorrelated,scaled,47275,42,236.3750,47276,9360649,5149229,4176244,35176,0.550093,47274,2,0.999958,52465,27502.4237,220641112.5646,1300204584,252.5047,108.918458
1672,200,WeaklyCorrelated,scaled,46525,42,232.6250,46526,9212150,5170695,4013078,28377,0.561291,46519,7,0.999850,51887,27082.7726,215600880.5246,1260053076,243.6912,111.135602
1673,200,WeaklyCorrelated,scaled,53586,42,267.9300,53587,10610227,6012594,4559629,38004,0.566679,53579,8,0.999851,58605,30471.7144,276757067.2833,1632887760,271.5779,112.202474
1674,200,WeaklyCorrelated,scaled,49855,42,249.2750,49856,9871489,5812568,4019511,39410,0.588824,49853,3,0.999940,55345,29048.8987,244399413.6679,1448261894,249.1604,116.587131
1675,200,WeaklyCorrelated,scaled,50884,42,254.4200,50885,10075232,5862155,4160221,52856,0.581838,50879,6,0.999882,56252,29290.5123,255490777.2062,1490447719,254.2491,115.203989
1676,200,WeaklyCorrelated,scaled,51982,42,259.9100,51983,10292636,5748762,4504357,39517,0.558532,51981,2,0.999962,57243,29755.0470,265685056.4715,1546756610,269.0591,110.589270
1677,200,WeaklyCorrelated,scaled,51583,42,257.9150,51584,10213634,6117518,4054931,41185,0.598956,51583,1,0.999981,57255,29729.5908,264629253.7762,1533571212,250.6852,118.593324
1678,200,WeaklyCorrelated,scaled,50352,42,251.7600,50353,9969896,5591649,4329453,48794,0.560853,50336,17,0.999662,55537,28806.5055,250144168.3092,1450493970,259.4036,111.048974
1679,200,WeaklyCorrelated,scaled,51111,42,255.5550,51112,10120178,6005383,4078786,36009,0.593407,51107,5,0.999902,56494,29647.1375,254623847.3047,1515324492,252.3277,117.494581
1680,200,WeaklyCorrelated,scaled,50515,42,252.5750,50516,10002170,5764194,4196237,41739,0.576294,50504,12,0.999762,55688,29102.1694,247770453.7009,1470125188,255.0444,114.106303
1681,200,WeaklyCorrelated,scaled,54273,42,271.3650,54274,10746254,6197229,4492663,56362,0.576687,54273,1,0.999982,59719,31018.7004,287719548.5718,1683508948,271.6551,114.184121
1682,200,WeaklyCorrelated,scaled,52289,42,261.4450,52290,10353421,5468347,4848003,37071,0.528168,52286,4,0.999924,56377,29387.8306,256246931.0192,1536689664,281.0154,104.577300
1683,200,WeaklyCorrelated,scaled,52874,42,264.3700,52875,10469252,5815937,4625690,27625,0.555526,52863,12,0.999773,57875,30124.0247,271746939.3006,1592807808,273.8695,109.994080
1684,200,WeaklyCorrelated,scaled,47501,42,237.5050,47502,9405397,5411422,3965181,28794,0.575353,47495,7,0.999853,52836,27672.0648,223255846.8753,1314478423,242.9081,113.919877
1685,200,WeaklyCorrelated,scaled,50647,42,253.2350,50648,10028305,5680142,4312560,35603,0.566411,50647,1,0.999980,55116,28660.6577,247209008.5058,1451604989,255.5579,112.149384
1686,200,WeaklyCorrelated,scaled,49768,42,248.8400,49769,9854263,5923160,3898377,32726,0.601076,49766,3,0.999940,54578,28645.1555,238963069.8206,1425640742,240.6892,119.013040
1687,200,WeaklyCorrelated,scaled,51132,42,255.6600,51133,10124336,5974134,4098084,52118,0.590077,51125,8,0.999844,55960,29153.2982,253102054.2844,1490695597,249.5250,116.835194
1688,200,WeaklyCorrelated,scaled,47312,42,236.5600,47313,9367976,5354545,3972484,40947,0.571580,47300,13,0.999725,52115,27215.6834,217886881.5159,1287655631,240.4790,113.172807
1689,200,WeaklyCorrelated,scaled,49778,42,248.8900,49779,9856244,5374074,4423623,58547,0.545246,49778,1,0.999980,53347,27871.8492,229084942.7719,1387432781,258.1715,107.958657
1690,200,WeaklyCorrelated,scaled,46861,42,234.3050,46862,9278677,5078354,4171143,29180,0.547314,46849,13,0.999723,52987,27847.9838,223501765.0468,1305012215,256.9754,108.368273
1691,200,WeaklyCorrelated,scaled,52446,42,262.2300,52447,10384507,5738265,4602597,43645,0.552579,52445,2,0.999962,58293,30261.3740,272371548.5583,1587118283,276.5850,109.410738
1692,200,WeaklyCorrelated,scaled,49557,42,247.7850,49558,9812485,5366994,4412795,32696,0.546956,49548,10,0.999798,54612,28460.0277,240779310.6823,1410422051,262.7955,108.297227
1693,200,WeaklyCorrelated,scaled,50173,42,250.8650,50174,9934454,5835074,4051037,48343,0.587357,50171,3,0.999940,54470,28375.2045,240286863.5004,1423697513,243.9896,116.296767
1694,200,WeaklyCorrelated,scaled,52067,42,260.3350,52068,10309465,5610239,4670212,29014,0.544183,52062,6,0.999885,56513,29329.8965,258637380.0897,1527149052,272.2075,107.748310
1695,200,WeaklyCorrelated,scaled,47861,42,239.3050,47862,9476677,4995274,4430763,50640,0.527112,47861,1,0.999979,52786,27497.5960,223104734.0633,1316089940,263.4670,104.368267
1696,200,WeaklyCorrelated,scaled,49598,42,247.9900,49599,9820603,5638647,4146375,35581,0.574165,49586,13,0.999738,55285,29010.7517,242411530.3175,1438904276,255.1861,113.684691
1697,200,WeaklyCorrelated,scaled,49498,42,247.4900,49499,9800804,5866676,3893525,40603,0.598591,49493,6,0.999879,54530,28508.2309,241028287.4893,1411128920,240.5330,118.521101
1698,200,WeaklyCorrelated,scaled,48864,42,244.3200,48865,9675272,5501617,4137733,35922,0.568627,48855,10,0.999795,53633,28043.2681,231133565.2359,1370334298,249.0785,112.588090
1699,200,WeaklyCorrelated,scaled,48988,42,244.9400,48989,9699824,5499507,4162249,38068,0.566970,48978,11,0.999775,53589,27814.5119,234360653.5517,1362605124,247.7686,112.260038
1700,200,StronglyCorrelated,scaled,48230,42,241.1500,48231,9549739,6042906,2997862,508971,0.632782,48224,7,0.999855,49099,24704.3651,199324172.6877,1191516231,197.1760,125.290912
1701,200,StronglyCorrelated,scaled,49190,42,245.9500,49191,9739819,6082327,3081403,576089,0.624480,49184,7,0.999858,50062,25161.9346,207791560.4187,1237740726,203.4979,123.647151
1702,200,StronglyCorrelated,scaled,49742,42,248.7100,49743,9849115,6037610,3165495,646010,0.613010,49739,4,0.999920,50556,25407.6896,211787025.8437,1263854704,209.3303,121.376073
1703,200,StronglyCorrelated,scaled,50594,42,252.9700,50595,10017812,6104251,3378172,535389,0.609340,50587,8,0.999842,51496,25892.4598,219825921.4396,1310029005,214.6093,120.649293
1704,200,StronglyCorrelated,scaled,50579,42,252.8950,50580,10014841,6231501,3162550,620790,0.622227,50572,8,0.999842,51442,25864.0925,218994101.3900,1308205801,209.9343,123.200890
1705,200,StronglyCorrelated,scaled,48757,42,243.7850,48758,9654086,6259406,2874809,519871,0.648369,48749,9,0.999815,49676,25001.4913,204073318.9029,1219022713,194.7505,128.377005
1706,200,StronglyCorrelated,scaled,50138,42,250.6900,50139,9927524,6369125,3005817,552582,0.641562,50131,8,0.999840,51024,25659.1045,215560418.3523,1286521839,201.9935,127.029358
1707,200,StronglyCorrelated,scaled,49653,42,248.2650,49654,9831493,5814050,3397162,620281,0.591370,49645,9,0.999819,50502,25377.1182,211394573.8144,1260075429,216.7294,117.091272
1708,200,StronglyCorrelated,scaled,46067,42,230.3350,46068,9121466,6063295,2551337,506834,0.664728,46067,1,0.999978,46940,23627.8141,182096522.5757,1088486142,179.5206,131.616198
1709,200,StronglyCorrelated,scaled,48667,42,243.3350,48668,9636266,6233843,2770455,631968,0.646915,48663,5,0.999897,49541,24906.9378,203347396.9408,1212170847,194.4500,128.089155
1710,200,StronglyCorrelated,scaled,46066,42,230.3300,46067,9121268,6230690,2407315,483263,0.683095,46065,2,0.999957,46980,23654.0892,182397471.5275,1089672928,174.8880,135.252784
1711,200,StronglyCorrelated,scaled,48105,42,240.5250,48106,9524990,6031947,2954513,538530,0.633276,48098,8,0.999834,48974,24642.5288,198449455.3379,1185453490,196.5292,125.388663
1712,200,StronglyCorrelated,scaled,49626,42,248.1300,49627,9826148,6374273,2870648,581227,0.648705,49624,3,0.999940,50539,25420.7193,211486586.8273,1261554038,197.9134,128.443650
1713,200,StronglyCorrelated,scaled,51883,42,259.4150,51884,10273034,6401625,3398801,472608,0.623148,51878,6,0.999884,52828,26579.6800,230816877.1186,1379060117,215.4234,123.383413
1714,200,StronglyCorrelated,scaled,47490,42,237.4500,47491,9403219,6128655,2761068,513496,0.651761,47489,2,0.999958,48404,24372.0681,193523084.2904,1157453888,188.8594,129.048767
1715,200,StronglyCorrelated,scaled,50744,42,253.7200,50745,10047511,6193347,3255319,598845,0.616406,50744,1,0.999980,51601,25945.1306,220405799.1838,1316585653,212.5806,122.048419
1716,200,StronglyCorrelated,scaled,47120,42,235.6000,47121,9329960,5986720,2894975,448265,0.641666,47120,1,0.999979,47983,24152.7875,190340742.6227,1138103498,190.1047,127.049935
1717,200,StronglyCorrelated,scaled,49094,42,245.4700,49095,9720811,5970748,3138278,611785,0.614223,49088,7,0.999857,49911,25091.1989,206330417.3882,1231852410,206.3146,121.616213
1718,200,StronglyCorrelated,scaled,47412,42,237.0600,47413,9387775,5848068,2999803,539904,0.622945,47412,1,0.999979,48253,24277.9173,192710802.1861,1151088891,196.8323,123.343134
1719,200,StronglyCorrelated,scaled,53978,42,269.8900,53979,10687844,6856874,3276996,553974,0.641558,53968,11,0.999796,54880,27572.7023,249703195.3622,1488346895,217.0591,127.028548
1720,200,StronglyCorrelated,scaled,48055,42,240.2750,48056,9515089,5778222,3199788,537079,0.607269,48050,6,0.999875,48887,24583.3819,197919744.8068,1181379002,204.4537,120.239346
1721,200,StronglyCorrelated,scaled,48694,42,243.4700,48695,9641612,6206840,2950854,483918,0.643755,48686,9,0.999815,49578,24950.3896,203108302.2511,1214959223,195.7452,127.463600
1722,200,StronglyCorrelated,scaled,50983,42,254.9150,50984,10094833,6311839,3219724,563270,0.625254,50969,15,0.999706,51831,26050.3613,222573850.8115,1328151620,210.4223,123.800388
1723,200,StronglyCorrelated,scaled,51511,42,257.5550,51512,10199378,6206539,3379845,612994,0.608521,51500,12,0.999767,52408,26339.1909,227633561.1994,1356784404,218.6056,120.487246
1724,200,StronglyCorrelated,scaled,44918,42,224.5900,44919,8893964,5669974,2680324,543666,0.637508,44911,8,0.999822,45768,23016.4622,173532233.2022,1033876466,182.3424,126.226630
1725,200,StronglyCorrelated,scaled,48129,42,240.6450,48130,9529741,6248965,2809617,471159,0.655733,48128,2,0.999958,49063,24693.6321,198960636.5968,1188504515,190.1922,129.835134
1726,200,StronglyCorrelated,scaled,53602,42,268.0100,53603,10613395,6759850,3225507,628038,0.636917,53599,4,0.999925,54486,27382.0193,245874628.2228,1467758381,217.1288,126.109546
1727,200,StronglyCorrelated,scaled,51989,42,259.9450,51990,10294021,6616012,3109234,568775,0.642704,51985,5,0.999904,52861,26583.9314,231428973.1062,1382098592,208.9021,127.255472
1728,200,StronglyCorrelated,scaled,50323,42,251.6150,50324,9964153,6314900,3135795,513458,0.633762,50309,15,0.999702,51212,25766.4063,216951454.3586,1296668632,205.3348,125.484858
1729,200,StronglyCorrelated,scaled,49929,42,249.6450,49930,9886142,6186229,3144035,555878,0.625748,49929,1,0.999980,50782,25532.7234,213480099.6317,1274848879,206.0785,123.898037
1730,200,StronglyCorrelated,scaled,53391,42,266.9550,53392,10571618,6515726,3463058,592834,0.616341,53391,1,0.999981,54288,27281.9897,244091948.3477,1456639996,223.5576,122.035623
1731,200,StronglyCorrelated,scaled,49251,42,246.2550,49252,9751898,5815529,3340038,596331,0.596348,49244,8,0.999838,50117,25188.5911,208173566.2300,1240588488,213.3234,118.077012
1732,200,StronglyCorrelated,scaled,51839,42,259.1950,51840,10264322,6186693,3445775,631854,0.602738,51835,5,0.999904,52755,26520.8817,230304052.9181,1374842507,222.2258,119.342072
1733,200,StronglyCorrelated,scaled,51080,42,255.4000,51081,10114039,5966353,3532387,615299,0.589908,51078,3,0.999941,51921,26093.3579,223268741.7949,1332874817,223.3986,116.801805
1734,200,StronglyCorrelated,scaled,53905,42,269.5250,53906,10673389,6485485,3606377,581527,0.607631,53897,9,0.999833,54758,27512.6604,248468798.0100,1483097472,228.6795,120.311004
1735,200,StronglyCorrelated,scaled,50407,42,252.0350,50408,9980786,6111919,3261291,607576,0.612369,50407,1,0.999980,51254,25769.4174,217512810.2587,1298984793,212.5331,121.248988
1736,200,StronglyCorrelated,scaled,48843,42,244.2150,48844,9671114,6371468,2666777,632869,0.658814,48840,4,0.999918,49697,24994.3705,204377043.7906,1220825035,191.6081,130.445254
1737,200,StronglyCorrelated,scaled,50769,42,253.8450,50770,10052462,6090327,3389396,572739,0.605854,50768,2,0.999961,51648,25980.9318,220504164.8545,1319051906,216.5815,119.959169
1738,200,StronglyCorrelated,scaled,50043,42,250.2150,50044,9908714,6192829,3160106,555779,0.624988,50034,10,0.999800,50887,25583.0250,214379974.9618,1280276904,206.7354,123.747682
1739,200,StronglyCorrelated,scaled,51134,42,255.6700,51135,10124732,6239659,3197088,687985,0.616279,51131,4,0.999922,51996,26153.6826,223546009.3097,1337368559,214.3336,122.023252
1740,200,StronglyCorrelated,scaled,48651,42,243.2550,48652,9633098,6124034,2984764,524300,0.635728,48627,25,0.999486,49550,24920.4070,203342413.0922,1212427640,197.9786,125.874250
1741,200,StronglyCorrelated,scaled,50649,42,253.2450,50650,10028702,6318304,3202936,507462,0.630022,50645,5,0.999901,51533,25904.6670,220076017.9041,1312071386,207.6620,124.744403
1742,200,StronglyCorrelated,scaled,52019,42,260.0950,52020,10299962,6503652,3211732,584578,0.631425,52014,6,0.999885,52891,26588.4551,231680182.8524,1383131432,212.6700,125.022145
1743,200,StronglyCorrelated,scaled,50043,42,250.2150,50044,9908713,6302075,3018967,587671,0.636013,50040,4,0.999920,50910,25586.2702,214667597.2950,1280439304,203.1774,125.930681
1744,200,StronglyCorrelated,scaled,45737,42,228.6850,45738,9056125,5871660,2615734,568731,0.648363,45736,2,0.999956,46601,23459.3526,179380959.9639,1072983868,182.7394,128.375967
1745,200,StronglyCorrelated,scaled,54171,42,270.8550,54172,10726058,6618232,3434804,673022,0.617024,54168,4,0.999926,55048,27677.8805,250787923.4359,1499366140,226.5509,122.170715
1746,200,StronglyCorrelated,scaled,49228,42,246.1400,49229,9747344,6359262,2878572,509510,0.652410,49227,2,0.999959,50061,25180.7797,207292085.6950,1239624602,194.9321,129.177152
1747,200,StronglyCorrelated,scaled,53815,42,269.0750,53816,10655569,6500324,3566272,588973,0.610040,53809,7,0.999870,54650,27467.3778,247329039.4055,1478184403,227.4016,120.787944
1748,200,StronglyCorrelated,scaled,53463,42,267.3150,53464,10585874,6377352,3590324,618198,0.602440,53463,1,0.999981,54302,27288.9493,244347112.2828,1458976384,228.7746,119.283106
1749,200,StronglyCorrelated,scaled,49729,42,248.6450,49730,9846541,6312032,3062792,471717,0.641041,49725,5,0.999899,50654,25502.3562,211993910.2441,1268232176,200.9230,126.926041
1750,200,StronglyCorrelated,scaled,49276,42,246.3800,49277,9756848,6086413,3141367,529068,0.623809,49275,2,0.999959,50184,25253.7429,208151239.0324,1244428687,204.4601,123.514276
1751,200,StronglyCorrelated,scaled,49935,42,249.6750,49936,9887330,5973558,3383379,530393,0.604163,49932,4,0.999920,50802,25551.3620,213734970.3756,1275932815,213.5968,119.624279
1752,200,StronglyCorrelated,scaled,47116,42,235.5800,47117,9329167,5943969,2848169,537029,0.637138,47114,3,0.999936,47980,24148.1133,190231088.9552,1137786655,191.4187,126.153384
1753,200,StronglyCorrelated,scaled,47090,42,235.4500,47091,9324020,5993164,2767783,563073,0.642766,47083,8,0.999830,47972,24152.3457,190226018.9169,1137358113,189.7759,127.267716
1754,200,StronglyCorrelated,scaled,50013,42,250.0650,50014,9902774,6249271,3093145,560358,0.631063,50012,2,0.999960,50897,25591.2332,214496193.5039,1279919936,204.8111,124.950434
1755,200,StronglyCorrelated,scaled,53346,42,266.7300,53347,10562708,6652600,3281976,628132,0.629820,53343,4,0.999925,54198,27239.4952,243412107.4891,1453145350,218.4327,124.704295
1756,200,StronglyCorrelated,scaled,53288,42,266.4400,53289,10551224,6554136,3403840,593248,0.621173,53282,7,0.999869,54149,27215.3165,242829483.1056,1450277001,221.2766,122.992287
1757,200,StronglyCorrelated,scaled,44887,42,224.4350,44888,8887825,5895702,2518055,474068,0.663346,44885,3,0.999933,45771,23055.1721,172981009.2837,1034900563,175.5347,131.342497
1758,200,StronglyCorrelated,scaled,52501,42,262.5050,52502,10395398,6618052,3272619,504727,0.636633,52490,12,0.999771,53388,26826.5403,236265740.6713,1408447021,212.8190,126.053331
1759,200,StronglyCorrelated,scaled,50904,42,254.5200,50905,10079192,6514584,2980840,583768,0.646340,50904,1,0.999980,51794,26046.0818,221976678.5122,1325875792,203.5242,127.975327
1760,200,StronglyCorrelated,scaled,49102,42,245.5100,49103,9722396,6006619,3123161,592616,0.617813,49094,9,0.999817,49936,25086.7643,206814277.3436,1231835386,205.0797,122.326925
1761,200,StronglyCorrelated,scaled,51805,42,259.0250,51806,10257589,6314623,3277074,665892,0.615605,51795,11,0.999788,52657,26460.6050,229774694.0955,1370818101,217.0863,121.889800
1762,200,StronglyCorrelated,scaled,52079,42,260.3950,52080,10311841,6548674,3213539,549628,0.635064,52071,9,0.999827,52969,26616.1060,232558696.0517,1386166799,211.6714,125.742588
1763,200,StronglyCorrelated,scaled,53608,42,268.0400,53609,10614584,6341240,3706938,566406,0.597408,53596,13,0.999758,54464,27363.7647,245861324.0076,1466944064,231.3339,118.286855
1764,200,StronglyCorrelated,scaled,49803,42,249.0150,49804,9861193,5891540,3391475,578178,0.597447,49791,13,0.999739,50653,25456.8325,212545058.7918,1267852086,215.1988,118.294514
1765,200,StronglyCorrelated,scaled,52930,42,264.6500,52931,10480340,6509426,3470316,500598,0.621108,52924,7,0.999868,53780,27039.5059,239552059.8994,1431228088,219.8701,122.979464
1766,200,StronglyCorrelated,scaled,50266,42,251.3300,50267,9952868,6169914,3106739,676215,0.619913,50263,4,0.999920,51083,25678.8256,215971825.4468,1290797526,209.2083,122.742833
1767,200,StronglyCorrelated,scaled,52172,42,260.8600,52173,10330256,6399152,3311123,619981,0.619457,52169,4,0.999923,53001,26623.7271,232883461.0117,1389039716,217.0662,122.652560
1768,200,StronglyCorrelated,scaled,47902,42,239.5100,47903,9484795,5990382,2963182,531231,0.631577,47902,1,0.999979,48770,24532.8627,196887131.1362,1175197722,196.1808,125.052335
1769,200,StronglyCorrelated,scaled,52428,42,262.1400,52429,10380944,6274366,3504429,602149,0.604412,52424,5,0.999905,53301,26779.2905,235402393.5519,1404011423,223.7694,119.673578
1770,200,StronglyCorrelated,scaled,45924,42,229.6200,45925,9093152,5821882,2789185,482085,0.640249,45922,3,0.999935,46801,23549.6418,181302961.2873,1081517299,185.7676,126.769341
1771,200,StronglyCorrelated,scaled,49447,42,247.2350,49448,9790705,6283281,2997185,510239,0.641760,49442,6,0.999879,50345,25320.0803,209795067.4184,1252027329,199.2633,127.068456
1772,200,StronglyCorrelated,scaled,49535,42,247.6750,49536,9808130,6059188,3139879,609063,0.617772,49533,3,0.999939,50410,25345.4676,210398511.3600,1255513081,207.2081,122.318879
1773,200,StronglyCorrelated,scaled,46946,42,234.7300,46947,9295507,6043946,2752661,498900,0.650201,46938,9,0.999808,47841,24070.7608,189561921.2980,1130050008,186.9722,128.739770
1774,200,StronglyCorrelated,scaled,49893,42,249.4650,49894,9879013,6077832,3262956,538225,0.615227,49882,12,0.999759,50738,25526.4005,212935560.4008,1273614226,209.5507,121.814888
1775,200,StronglyCorrelated,scaled,49452,42,247.2600,49453,9791696,6167557,2969116,655023,0.629876,49444,9,0.999818,50317,25302.5032,209560490.2783,1251284692,202.8817,124.715528
1776,200,StronglyCorrelated,scaled,50790,42,253.9500,50791,10056620,6365465,3136124,555031,0.632963,50790,1,0.999980,51651,25965.5578,221011279.5526,1318816647,207.1831,125.326633
1777,200,StronglyCorrelated,scaled,45757,42,228.7850,45758,9060085,5880121,2734879,445085,0.649014,45755,3,0.999934,46643,23490.3600,179763318.5135,1074871893,182.7976,128.504764
1778,200,StronglyCorrelated,scaled,47704,42,238.5200,47705,9445592,6061464,2905084,479044,0.641724,47699,6,0.999874,48630,24459.6727,195780029.5011,1166848685,192.5028,127.061398
1779,200,StronglyCorrelated,scaled,47620,42,238.1000,47621,9428959,5902167,2947903,578889,0.625962,47619,2,0.999958,48504,24400.3992,194565165.1093,1161971410,196.8720,123.940425
1780,200,StronglyCorrelated,scaled,48837,42,244.1850,48838,9669925,5973799,3172171,523955,0.617771,48831,7,0.999857,49691,24976.6620,204583292.3451,1219810218,204.1934,122.318666
1781,200,StronglyCorrelated,scaled,49243,42,246.2150,49244,9750314,6158314,2977871,614129,0.631602,49242,2,0.999959,50104,25201.3150,207740906.7390,1241013556,201.5184,125.057144
1782,200,StronglyCorrelated,scaled,49170,42,245.8500,49171,9735860,6246556,2971610,517694,0.641603,49169,2,0.999959,50047,25161.5036,207540000.3692,1237216294,198.0637,127.037400
1783,200,StronglyCorrelated,scaled,47037,42,235.1850,47038,9313526,5865490,2938921,509115,0.629782,47037,1,0.999979,47933,24130.9288,189876083.9774,1135070630,193.5168,124.696841
1784,200,StronglyCorrelated,scaled,51392,42,256.9600,51393,10175815,6086413,3498488,590914,0.598125,51391,2,0.999961,52239,26266.3101,225970333.3246,1349904475,221.7898,118.428833
1785,200,StronglyCorrelated,scaled,49207,42,246.0350,49208,9743185,5978262,3172185,592738,0.613584,49196,12,0.999756,50105,25184.6082,208032533.7852,1239284202,207.2984,121.489636
1786,200,StronglyCorrelated,scaled,48643,42,243.2150,48644,9631514,6174747,2940296,516471,0.641098,48639,5,0.999897,49512,24892.0753,203175170.1723,1210850110,196.0971,126.937485
1787,200,StronglyCorrelated,scaled,48886,42,244.4300,48887,9679628,6211084,2967177,501367,0.641666,48876,11,0.999775,49821,25060.1806,205470767.5949,1225117049,197.2469,127.049809
1788,200,StronglyCorrelated,scaled,49320,42,246.6000,49321,9765560,6201658,2938984,624918,0.635054,49308,13,0.999736,50185,25229.2834,208475139.2099,1244333485,200.6453,125.740719
1789,200,StronglyCorrelated,scaled,51316,42,256.5800,51317,10160767,6439721,3170000,551046,0.633783,51314,3,0.999942,52175,26228.4640,225519280.2646,1345966088,209.0100,125.489039
1790,200,StronglyCorrelated,scaled,49623,42,248.1150,49624,9825553,6212657,3109203,503693,0.632296,49623,1,0.999980,50525,25410.2850,211288793.3812,1260959984,202.9663,125.194603
1791,200,StronglyCorrelated,scaled,48396,42,241.9800,48397,9582608,5835849,3116742,630017,0.609004,48390,7,0.999855,49247,24765.7474,200761620.4266,1198587876,205.3836,120.582867
1792,200,StronglyCorrelated,scaled,56014,42,280.0700,56015,11090972,6873653,3653938,563381,0.619752,56006,9,0.999839,56924,28604.3401,268521301.9899,1602272111,233.1034,122.710935
1793,200,StronglyCorrelated,scaled,54100,42,270.5000,54101,10712000,6600012,3499475,612513,0.616133,54089,12,0.999778,54989,27629.6771,250668420.7108,1494793159,226.4834,121.994270
1794,200,StronglyCorrelated,scaled,47571,42,237.8550,47572,9419257,6120962,2671270,627025,0.649835,47566,6,0.999874,48419,24366.6442,193783369.8952,1159169996,189.3771,128.667325
1795,200,StronglyCorrelated,scaled,49196,42,245.9800,49197,9741007,5821055,3389818,530134,0.597582,49195,2,0.999959,50054,25168.9983,207387212.2060,1238239210,212.7173,118.321341
1796,200,StronglyCorrelated,scaled,51381,42,256.9050,51382,10173637,6541164,3056006,576467,0.642952,51358,24,0.999533,52271,26286.4516,226201410.6564,1350650458,206.4847,127.304581
1797,200,StronglyCorrelated,scaled,51761,42,258.8050,51762,10248878,6588013,3060742,600123,0.642803,51761,1,0.999981,52633,26471.5702,229220380.5879,1370221418,207.9871,127.275086
1798,200,StronglyCorrelated,scaled,53466,42,267.3300,53467,10586468,6869276,3162146,555046,0.648873,53464,3,0.999944,54336,27326.2485,244441665.2380,1461052529,212.6938,128.476930
1799,200,StronglyCorrelated,scaled,51928,42,259.6400,51929,10281944,6551534,3170065,560345,0.637188,51925,4,0.999923,52779,26530.1216,230595524.4230,1377682686,210.2840,126.163300
1800,200,InverseCorrelated,scaled,49728,42,248.6400,49729,9846344,6874833,2965403,6108,0.698212,49728,1,0.999980,92521,69717.5583,402087936.9577,3466984457,504.3009,138.245953
1801,200,InverseCorrelated,scaled,50735,42,253.6750,50736,10045730,6894788,3144453,6489,0.686340,50729,7,0.999862,90564,67434.8643,410958926.5345,3421375277,496.2263,135.895380
1802,200,InverseCorrelated,scaled,49551,42,247.7550,49552,9811297,6775583,3029632,6082,0.690590,49536,16,0.999677,90078,66120.8785,405412681.1704,3276421771,483.5631,136.736822
1803,200,InverseCorrelated,scaled,52726,42,263.6300,52727,10439948,7300960,3131371,7617,0.699329,52724,3,0.999943,87493,65860.3041,352200264.7217,3472616252,475.6383,138.467199
1804,200,InverseCorrelated,scaled,48618,42,243.0900,48619,9626563,6673228,2949909,3426,0.693210,48618,1,0.999979,95662,72713.4000,429202681.2345,3535252794,529.7665,137.255559
1805,200,InverseCorrelated,scaled,46337,42,231.6850,46338,9174925,6611325,2557368,6232,0.720586,46333,5,0.999892,100392,76652.7901,447917619.7150,3551936989,537.2504,142.676097
1806,200,InverseCorrelated,scaled,50952,42,254.7600,50953,10088695,6939612,3140650,8433,0.687860,50949,4,0.999921,89616,68579.6705,349309914.1947,3494339949,503.5353,136.196338
1807,200,InverseCorrelated,scaled,48760,42,243.8000,48761,9654680,6694025,2953364,7291,0.693345,48759,2,0.999959,94784,72098.2236,427406166.9930,3515581483,525.1820,137.282357
1808,200,InverseCorrelated,scaled,50568,42,252.8400,50569,10012663,7109350,2893071,10242,0.710036,50567,2,0.999960,90627,68294.5519,377962281.8745,3453587197,485.7810,140.587119
1809,200,InverseCorrelated,scaled,49148,42,245.7400,49149,9731504,6569754,3152633,9117,0.675102,49134,15,0.999695,91561,67468.4729,401574105.1641,3316007976,504.7385,133.670146
1810,200,InverseCorrelated,scaled,52387,42,261.9350,52388,10372825,7139544,3227414,5867,0.688293,52385,3,0.999943,87758,65970.5249,337002304.0539,3456063861,484.0735,136.282049
1811,200,InverseCorrelated,scaled,46394,42,231.9700,46395,9186212,6421038,2757431,7743,0.698986,46394,1,0.999978,97187,72322.8017,454085788.7762,3355416386,522.5660,138.399353
1812,200,InverseCorrelated,scaled,47714,42,238.5700,47715,9447571,6716602,2726251,4718,0.710934,47712,3,0.999937,98700,76558.2546,406237021.9642,3652977119,543.8728,140.765001
1813,200,InverseCorrelated,scaled,50226,42,251.1300,50227,9944947,6759424,3177080,8443,0.679684,50220,7,0.999861,91270,66522.8669,450591487.1947,3341244038,494.3090,134.577498
1814,200,InverseCorrelated,scaled,50148,42,250.7400,50149,9929503,6983899,2937749,7855,0.703348,50145,4,0.999920,91257,70120.9524,363586390.7688,3516495640,503.5147,139.262976
1815,200,InverseCorrelated,scaled,47560,42,237.8000,47561,9417080,6430104,2979431,7545,0.682813,47558,3,0.999937,93727,70502.4689,369344432.7875,3353167924,521.4796,135.196989
1816,200,InverseCorrelated,scaled,47395,42,236.9750,47396,9384409,6710822,2664650,8937,0.715103,47394,2,0.999958,95873,73790.2766,364370226.7143,3497363952,521.1528,141.590472
1817,200,InverseCorrelated,scaled,52857,42,264.2850,52858,10465885,7162887,3296222,6776,0.684403,52855,3,0.999943,86635,66600.4815,322898310.8868,3520368253,491.4734,135.511881
1818,200,InverseCorrelated,scaled,49241,42,246.2050,49242,9749918,6739899,3005315,4704,0.691278,49226,16,0.999675,92526,67278.1820,464197421.4141,3312912240,491.5374,136.872974
1819,200,InverseCorrelated,scaled,46611,42,233.0550,46612,9229178,6503451,2718254,7473,0.704662,46611,1,0.999979,97768,74969.3741,416965964.1234,3494472467,537.3259,139.523106
1820,200,InverseCorrelated,scaled,47987,42,239.9350,47988,9501625,6527869,2967891,5865,0.687027,47985,3,0.999937,94561,69799.7493,465318013.9093,3349550370,513.1154,136.031279
1821,200,InverseCorrelated,scaled,51440,42,257.2000,51441,10185319,6924208,3249946,11165,0.679822,51439,2,0.999961,89108,67109.1693,376141036.9541,3452162778,498.5643,134.604848
1822,200,InverseCorrelated,scaled,49695,42,248.4750,49696,9839810,6784417,3048345,7048,0.689487,49695,1,0.999980,89814,66030.8262,381498575.1083,3281467941,483.6772,136.518372
1823,200,InverseCorrelated,scaled,51160,42,255.8000,51161,10129879,6990309,3133633,5937,0.690068,51160,1,0.999980,88312,65734.2556,370481766.0907,3363030251,481.0989,136.633549
1824,200,InverseCorrelated,scaled,51128,42,255.6400,51129,10123544,6960002,3154056,9486,0.687506,51128,1,0.999980,89254,65201.1970,398548887.0234,3333672001,478.9757,136.126308
1825,200,InverseCorrelated,scaled,49767,42,248.8350,49768,9854065,6864535,2980155,9375,0.696620,49760,8,0.999839,89521,66951.4753,363888734.1444,3332041023,485.3994,137.930698
1826,200,InverseCorrelated,scaled,47388,42,236.9400,47389,9383023,6510725,2863656,8642,0.693884,47387,2,0.999958,97088,72943.6587,440390374.2088,3456727041,530.9281,137.388951
1827,200,InverseCorrelated,scaled,48931,42,244.6550,48932,9688537,6750686,2932209,5642,0.696770,48926,6,0.999877,94563,72780.5849,359386814.9035,3561299579,527.5463,137.960558
1828,200,InverseCorrelated,scaled,55380,42,276.9000,55381,10965440,7405263,3551627,8550,0.675327,55377,4,0.999928,80347,59102.3609,305453317.9643,3273147849,442.0029,133.714866
1829,200,InverseCorrelated,scaled,49609,42,248.0450,49610,9822781,6827113,2988425,7243,0.695029,49607,3,0.999940,92647,70702.0219,374257061.5711,3507527308,513.7644,137.615662
1830,200,InverseCorrelated,scaled,50733,42,253.6650,50734,10045334,7066101,2974949,4284,0.703421,50731,3,0.999941,91662,70674.3283,355754818.0583,3585591372,507.4356,139.277427
1831,200,InverseCorrelated,scaled,50436,42,252.1800,50437,9986527,7041616,2939101,5810,0.705112,50428,9,0.999822,91274,68635.3510,402035310.4716,3461761200,491.6146,139.612110
1832,200,InverseCorrelated,scaled,49548,42,247.7400,49549,9810703,6817291,2986534,6878,0.694883,49547,2,0.999960,92055,69790.7852,366561769.0372,3458063616,507.2489,137.586853
1833,200,InverseCorrelated,scaled,48479,42,242.3950,48480,9599042,6623091,2969213,6738,0.689974,48479,1,0.999979,94264,70747.0268,396129739.3328,3429815861,517.8573,136.614913
1834,200,InverseCorrelated,scaled,48297,42,241.4850,48298,9563005,6502511,3052317,8177,0.679965,48295,3,0.999938,94327,70073.4843,427766098.1428,3384409147,520.4773,134.633132
1835,200,InverseCorrelated,scaled,49857,42,249.2850,49858,9871885,6872252,2991028,8605,0.696144,49857,1,0.999980,91435,69272.0811,378476685.5105,3453767421,502.5671,137.836496
1836,200,InverseCorrelated,scaled,51090,42,255.4500,51091,10116020,7014662,3097795,3563,0.693421,51088,3,0.999941,90485,67862.5277,391253834.8875,3467164403,494.2739,137.297411
1837,200,InverseCorrelated,scaled,49527,42,247.6350,49528,9806546,6966849,2830426,9271,0.710428,49525,3,0.999939,92627,71111.7052,384936596.6417,3522020537,505.5400,140.664856
1838,200,InverseCorrelated,scaled,48178,42,240.8900,48179,9539443,6746808,2787623,5012,0.707254,48178,1,0.999979,94253,72400.9602,377024020.3413,3488205861,517.0157,140.036281
1839,200,InverseCorrelated,scaled,50700,42,253.5000,50701,10038800,6898839,3129973,9988,0.687217,50695,6,0.999882,90464,69206.4560,334462962.3914,3508836524,508.6126,136.069091
1840,200,InverseCorrelated,scaled,50206,42,251.0300,50207,9940987,6940377,2990243,10367,0.698158,50202,5,0.999900,91040,67047.0631,399668782.6517,3366231895,485.0215,138.235246
1841,200,InverseCorrelated,scaled,50347,42,251.7350,50348,9968906,6859736,3102324,6846,0.688113,50347,1,0.999980,90516,69067.2025,367028108.9309,3477395510,506.9285,136.246445
1842,200,InverseCorrelated,scaled,50708,42,253.5400,50709,10040384,6896139,3136789,7456,0.686840,50707,2,0.999961,90704,68236.8260,394345934.8120,3460221208,501.7621,135.994380
1843,200,InverseCorrelated,scaled,51859,42,259.2950,51860,10268281,6991180,3266083,11018,0.680852,51858,2,0.999961,86883,66113.0408,312605003.7047,3428622294,490.4211,134.808716
1844,200,InverseCorrelated,scaled,49890,42,249.4500,49891,9878420,6849105,3021024,8291,0.693340,49890,1,0.999980,90801,68418.3842,393560503.6666,3413461604,498.3807,137.281373
1845,200,InverseCorrelated,scaled,49942,42,249.7100,49943,9888715,6932594,2948397,7724,0.701061,49937,6,0.999880,91872,67612.5059,432341839.8120,3376771382,487.0863,138.810124
1846,200,InverseCorrelated,scaled,52545,42,262.7250,52546,10404110,7027716,3370529,5865,0.675475,52543,3,0.999943,86990,65618.5710,353115285.6180,3447993430,490.6279,133.744072
1847,200,InverseCorrelated,scaled,51358,42,256.7900,51359,10169083,7012776,3143629,12678,0.689617,51354,5,0.999903,89245,69071.8178,353393018.1071,3547459490,505.8567,136.544247
1848,200,InverseCorrelated,scaled,47717,42,238.5850,47718,9448165,6505071,2937745,5349,0.688501,47708,10,0.999790,92893,69209.2170,389209542.5345,3302525419,507.6848,136.323211
1849,200,InverseCorrelated,scaled,54344,42,271.7200,54345,10760312,7507252,3241893,11167,0.697680,54342,3,0.999945,84054,64357.0535,300243057.8484,3497484071,465.8807,138.140620
1850,200,InverseCorrelated,scaled,50630,42,253.1500,50631,10024940,7335573,2680800,8567,0.731732,50628,3,0.999941,89959,69963.8142,342158753.5336,3542337875,482.8986,144.883036
1851,200,InverseCorrelated,scaled,51827,42,259.1350,51828,10261946,6872104,3375654,14188,0.669669,51823,5,0.999904,86851,65737.7616,353517447.6983,3407056707,495.7807,132.594428
1852,200,InverseCorrelated,scaled,50646,42,253.2300,50647,10028107,7016332,3005016,6759,0.699667,50627,20,0.999605,89733,67162.3419,396971835.9246,3401571128,484.8076,138.534010
1853,200,InverseCorrelated,scaled,50251,42,251.2550,50252,9949898,6796746,3146213,6939,0.683097,50246,6,0.999881,92153,70161.7789,407049944.2155,3525769712,518.7438,135.253244
1854,200,InverseCorrelated,scaled,49552,42,247.7600,49553,9811496,6710247,3094142,7107,0.683917,49550,3,0.999939,92928,69687.2805,396757311.7821,3453213812,514.6180,135.415555
1855,200,InverseCorrelated,scaled,49991,42,249.9550,49992,9898417,6754793,3136845,6779,0.682411,49990,2,0.999960,91276,69054.9031,372661934.4603,3452192717,511.0731,135.117479
1856,200,InverseCorrelated,scaled,49299,42,246.4950,49300,9761401,7050251,2703987,7163,0.722258,49290,10,0.999797,91364,69211.3045,369984486.8991,3412117312,483.9710,143.007120
1857,200,InverseCorrelated,scaled,51003,42,255.0150,51004,10098793,7025160,3065140,8493,0.695644,50986,18,0.999647,91240,67811.1305,454132499.6861,3458638901,492.3217,137.737432
1858,200,InverseCorrelated,scaled,48492,42,242.4600,48493,9601616,6925613,2668833,7170,0.721297,48490,3,0.999938,94807,73184.5538,409697996.8157,3548938568,512.4367,142.816757
1859,200,InverseCorrelated,scaled,49308,42,246.5400,49309,9763183,6747377,3010091,5715,0.691104,49305,4,0.999919,93432,71131.8217,421986875.4097,3507438995,519.8226,136.838650
1860,200,InverseCorrelated,scaled,51338,42,256.6900,51339,10165124,7194874,2962372,7878,0.707800,51335,4,0.999922,90058,69378.8674,352150577.3158,3561841676,495.0527,140.144413
1861,200,InverseCorrelated,scaled,46219,42,231.0950,46220,9151561,6655720,2491341,4500,0.727277,46219,1,0.999978,98256,74830.9924,425988255.1258,3458688471,519.6565,144.000865
1862,200,InverseCorrelated,scaled,48497,42,242.4850,48498,9602606,6781180,2812206,9220,0.706181,48486,12,0.999753,93340,70605.9587,419920556.7676,3424247786,504.9634,139.823910
1863,200,InverseCorrelated,scaled,49964,42,249.8200,49965,9893072,6853796,3030493,8783,0.692787,49962,3,0.999940,90543,69316.5001,346975539.8846,3463398927,505.3257,137.171940
1864,200,InverseCorrelated,scaled,53352,42,266.7600,53353,10563896,7168933,3387453,7510,0.678626,53336,17,0.999681,83928,61425.5181,363630946.4050,3277235667,457.1441,134.367946
1865,200,InverseCorrelated,scaled,51944,42,259.7200,51945,10285111,7012172,3262429,10510,0.681779,51944,1,0.999981,86805,64726.7569,349644544.4356,3362231385,479.4850,134.992242
1866,200,InverseCorrelated,scaled,50110,42,250.5500,50111,9921980,6956743,2956310,8927,0.701145,50107,4,0.999920,92079,70731.6481,334646494.3299,3544433619,509.4961,138.826665
1867,200,InverseCorrelated,scaled,49977,42,249.8850,49978,9895646,6954535,2933134,7977,0.702787,49967,11,0.999780,92535,70674.4148,407375152.5459,3532165901,507.8939,139.151927
1868,200,InverseCorrelated,scaled,50234,42,251.1700,50235,9946531,6912509,3025423,8599,0.694967,50234,1,0.999980,90168,68806.3310,345941227.3619,3456486039,500.0335,137.603444
1869,200,InverseCorrelated,scaled,54269,42,271.3450,54270,10745462,7418879,3317517,9066,0.690420,54265,5,0.999908,84140,64060.0708,342393913.7287,3476540040,468.6072,136.703132
1870,200,InverseCorrelated,scaled,50913,42,254.5650,50914,10080973,6749650,3325845,5478,0.669544,50905,9,0.999823,90252,69891.4283,338040381.3668,3558452179,527.2054,132.569627
1871,200,InverseCorrelated,scaled,50998,42,254.9900,50999,10097804,7069515,3020643,7646,0.700104,50997,2,0.999961,88351,67795.4196,312403822.3353,3457498602,489.0715,138.620659
1872,200,InverseCorrelated,scaled,51164,42,255.8200,51165,10130672,7036477,3086060,8135,0.694572,51160,5,0.999902,89572,69655.2445,355491199.9742,3563910584,506.4908,137.525203
1873,200,InverseCorrelated,scaled,51547,42,257.7350,51548,10206505,7098033,3099904,8568,0.695442,51538,10,0.999806,89605,68258.8992,376702511.1818,3518609735,495.7162,137.697544
1874,200,InverseCorrelated,scaled,46805,42,234.0250,46806,9267589,6310852,2951275,5462,0.680959,46805,1,0.999979,97722,72996.9214,453012371.4507,3416693901,541.3998,134.829979
1875,200,InverseCorrelated,scaled,50795,42,253.9750,50796,10057609,6953384,3097427,6798,0.691356,50783,13,0.999744,91356,69974.1003,351355302.4284,3554404400,511.1762,136.888416
1876,200,InverseCorrelated,scaled,51170,42,255.8500,51171,10131859,6996425,3130576,4858,0.690537,51170,1,0.999980,89552,67988.9563,351513080.8891,3479062882,497.2629,136.726368
1877,200,InverseCorrelated,scaled,51349,42,256.7450,51350,10167301,6987347,3170870,9084,0.687237,51338,12,0.999766,89427,68999.9151,348722994.2527,3543145642,507.0802,136.072970
1878,200,InverseCorrelated,scaled,50109,42,250.5450,50110,9921781,6964334,2951953,5494,0.701924,50109,1,0.999980,92560,70601.3247,368379625.1587,3537832383,507.9929,138.980922
1879,200,InverseCorrelated,scaled,49320,42,246.6000,49321,9765559,6775638,2984326,5595,0.693830,49319,2,0.999959,91469,69183.8649,385713406.9541,3412217400,503.6009,137.378358
1880,200,InverseCorrelated,scaled,49596,42,247.9800,49597,9820208,6728701,3081133,10374,0.685189,49595,2,0.999960,89555,66618.4378,370446330.8112,3304074660,491.0420,135.667500
1881,200,InverseCorrelated,scaled,48793,42,243.9650,48794,9661213,6564388,3088558,8267,0.679458,48787,7,0.999857,92427,69205.9573,396573640.8956,3376835482,514.4174,134.532688
1882,200,InverseCorrelated,scaled,53759,42,268.7950,53760,10644481,7424977,3205411,14093,0.697542,53744,16,0.999702,84515,63093.1304,348793427.5851,3391886691,456.8212,138.113411
1883,200,InverseCorrelated,scaled,47648,42,238.2400,47649,9434504,6684978,2740979,8547,0.708567,47647,2,0.999958,96786,75094.8192,376431979.3847,3578193039,535.2588,140.296292
1884,200,InverseCorrelated,scaled,50966,42,254.8300,50967,10091468,6916155,3169476,5837,0.685347,50955,12,0.999765,89514,66076.6943,397309839.3208,3367730879,486.9369,135.698687
1885,200,InverseCorrelated,scaled,47716,42,238.5800,47717,9447967,6534844,2905994,7129,0.691667,47702,15,0.999686,95467,72061.1244,409916219.2205,3438540673,526.1856,136.950018
1886,200,InverseCorrelated,scaled,51144,42,255.7200,51145,10126711,6979621,3141206,5884,0.689229,51142,3,0.999941,88173,64447.6991,379962329.0680,3296177571,472.2574,136.467318
1887,200,InverseCorrelated,scaled,50078,42,250.3900,50079,9915644,6662849,3247323,5472,0.671953,50072,7,0.999860,91214,68878.1810,400649171.2268,3449350426,517.6990,133.046766
1888,200,InverseCorrelated,scaled,52374,42,261.8700,52375,10370252,7132136,3232447,5669,0.687750,52372,3,0.999943,86059,64986.5629,327391976.7685,3403671233,477.2303,136.174434
1889,200,InverseCorrelated,scaled,54067,42,270.3350,54068,10705466,7302087,3391638,11741,0.682090,54065,3,0.999945,83546,63078.5804,325937927.3989,3410532687,467.0627,135.053766
1890,200,InverseCorrelated,scaled,51972,42,259.8600,51973,10290656,7043821,3237558,9277,0.684487,51957,16,0.999692,87210,64033.1860,386959888.2070,3327996775,472.4704,135.528467
1891,200,InverseCorrelated,scaled,53375,42,266.8750,53376,10568449,7439044,3122372,7033,0.703892,53371,5,0.999906,85391,64831.4769,352423286.0971,3460444910,465.1733,139.370579
1892,200,InverseCorrelated,scaled,49272,42,246.3600,49273,9756056,6768569,2980955,6532,0.693781,49269,4,0.999919,93535,69806.3942,409789494.6696,3439570462,508.1680,137.368721
1893,200,InverseCorrelated,scaled,52556,42,262.7800,52557,10406288,7128706,3268981,8601,0.685038,52556,1,0.999981,87003,66127.1042,334588637.0876,3475442213,487.5278,135.637612
1894,200,InverseCorrelated,scaled,49706,42,248.5300,49707,9841987,6761301,3075059,5627,0.686985,49696,11,0.999779,91993,68654.7489,395554093.3564,3412621606,504.7285,136.023115
1895,200,InverseCorrelated,scaled,49823,42,249.1150,49824,9865154,6779478,3076667,9009,0.687215,49814,10,0.999799,88699,64394.3990,408238355.6064,3208386537,473.2498,136.068521
1896,200,InverseCorrelated,scaled,49098,42,245.4900,49099,9721603,6817176,2895693,8734,0.701240,49098,1,0.999980,92524,70964.6049,388671671.7630,3484291137,511.1048,138.845516
1897,200,InverseCorrelated,scaled,50937,42,254.6850,50938,10085725,7013497,3061740,10488,0.695388,50933,5,0.999902,89652,68404.1746,351401161.5497,3484371846,496.8095,137.686933
1898,200,InverseCorrelated,scaled,48302,42,241.5100,48303,9563995,6688868,2869091,6036,0.699380,48296,7,0.999855,93454,68568.4091,444546551.9216,3312059865,495.1600,138.477279
1899,200,InverseCorrelated,scaled,48070,42,240.3500,48071,9518060,6729843,2783194,5023,0.707060,48063,8,0.999834,96217,73449.8182,428714069.2334,3530806213,524.6491,139.997982
1900,200,AlmostEqualRatios,scaled,48662,42,243.3100,48663,9635276,5204850,4266605,163821,0.540187,48657,6,0.999877,50902,25793.9586,215302138.5697,1255211408,241.1619,106.957031
1901,200,AlmostEqualRatios,scaled,49862,42,249.3100,49863,9872876,5150490,4553100,169286,0.521681,49855,8,0.999840,52184,26516.1158,226980864.1633,1322173083,256.7082,103.292822
1902,200,AlmostEqualRatios,scaled,51233,42,256.1650,51234,10144333,5687853,4323283,133197,0.560693,51223,11,0.999785,53781,27300.1772,241429800.0810,1398697277,245.9095,111.017157
1903,200,AlmostEqualRatios,scaled,48029,42,240.1450,48030,9509942,4859707,4441628,208607,0.511013,48026,4,0.999917,50732,25729.7612,214840540.4880,1235800432,254.2953,101.180658
1904,200,AlmostEqualRatios,scaled,53587,42,267.9350,53588,10610425,5805482,4632160,172783,0.547149,53580,8,0.999851,56274,28558.1277,263373804.0568,1530372946,263.6082,108.335486
1905,200,AlmostEqualRatios,scaled,48409,42,242.0450,48410,9585182,5144748,4290012,150422,0.536740,48397,13,0.999731,50657,25705.3426,213329976.6467,1244395633,241.8769,106.274489
1906,200,AlmostEqualRatios,scaled,51068,42,255.3400,51069,10111663,5954320,4015016,142327,0.588857,51067,2,0.999961,53740,27223.0244,240685800.4412,1390252632,233.4864,116.593628
1907,200,AlmostEqualRatios,scaled,52427,42,262.1350,52428,10380746,5303787,4881000,195959,0.510925,52424,4,0.999924,55303,28076.8867,255324720.5379,1472015018,277.5404,101.163252
1908,200,AlmostEqualRatios,scaled,46906,42,234.5300,46907,9287588,5076296,4066661,144631,0.546568,46897,10,0.999787,49176,25031.3549,201872281.2509,1174145762,231.2997,108.220436
1909,200,AlmostEqualRatios,scaled,52731,42,263.6550,52732,10440938,5552606,4764135,124197,0.531811,52724,8,0.999848,55723,28286.8181,258914341.3360,1491620490,268.6343,105.298604
1910,200,AlmostEqualRatios,scaled,47898,42,239.4900,47899,9484004,5403791,3949535,130678,0.569779,47891,8,0.999833,50061,25490.0323,209104038.6506,1220947055,225.9427,112.816364
1911,200,AlmostEqualRatios,scaled,51002,42,255.0100,51003,10098596,5764577,4179387,154632,0.570830,50995,8,0.999843,53615,27199.8106,239594541.5588,1387271940,240.6546,113.024273
1912,200,AlmostEqualRatios,scaled,50230,42,251.1500,50231,9945740,5795488,4014597,135655,0.582711,50218,13,0.999741,52335,26662.8960,228069019.4700,1339303930,231.0942,115.376720
1913,200,AlmostEqualRatios,scaled,51124,42,255.6200,51125,10122752,5692257,4228588,201907,0.562323,51124,1,0.999980,53908,27377.5834,242613469.4846,1399678950,245.8917,111.339990
1914,200,AlmostEqualRatios,scaled,50917,42,254.5850,50918,10081766,5585051,4288078,208637,0.553975,50913,5,0.999902,53547,27231.8423,239554541.2483,1386590945,248.2683,109.687164
1915,200,AlmostEqualRatios,scaled,47481,42,237.4050,47482,9401437,4808904,4391506,201027,0.511507,47480,2,0.999958,49444,25160.9316,203461876.5766,1194691353,248.4332,101.278463
1916,200,AlmostEqualRatios,scaled,49640,42,248.2000,49641,9828920,5518864,4143804,166252,0.561492,49633,8,0.999839,52063,26487.1748,226010411.5566,1314849843,238.2465,111.175520
1917,200,AlmostEqualRatios,scaled,52257,42,261.2850,52258,10347086,5619341,4576307,151438,0.543084,52251,7,0.999866,54786,27842.6865,250095490.5652,1455003110,258.9277,107.530732
1918,200,AlmostEqualRatios,scaled,48489,42,242.4450,48490,9601021,5484464,4003181,113376,0.571238,48480,10,0.999794,50569,25733.5230,213427877.2186,1247818528,227.5188,113.105053
1919,200,AlmostEqualRatios,scaled,49545,42,247.7250,49546,9810109,5474100,4196042,139967,0.558006,49536,10,0.999798,51899,26383.0248,224334712.4680,1307173347,238.7924,110.485206
1920,200,AlmostEqualRatios,scaled,49273,42,246.3650,49274,9756254,5054985,4566952,134317,0.518128,49268,6,0.999878,51597,26244.0279,221841121.3219,1293148232,255.8164,102.589297
1921,200,AlmostEqualRatios,scaled,49655,42,248.2750,49656,9831890,5204212,4478724,148954,0.529320,49644,12,0.999758,52495,26634.8722,229980309.1657,1322581214,254.1367,104.805300
1922,200,AlmostEqualRatios,scaled,52289,42,261.4450,52290,10353421,5690245,4541630,121546,0.549600,52257,33,0.999369,54906,27867.6188,251199100.7301,1457197786,256.0870,108.820903
1923,200,AlmostEqualRatios,scaled,49410,42,247.0500,49411,9783380,5529438,4103478,150464,0.565187,49408,3,0.999939,51454,26122.1614,220328148.8171,1290722117,233.4274,111.907025
1924,200,AlmostEqualRatios,scaled,49676,42,248.3800,49677,9836047,5135360,4526495,174192,0.522096,49668,9,0.999819,52322,26502.9178,227966586.1955,1316585446,256.3765,103.375003
1925,200,AlmostEqualRatios,scaled,50290,42,251.4500,50291,9957620,5224588,4541262,191770,0.524682,50290,1,0.999980,52423,26628.6454,228391256.8329,1339181205,256.3228,103.887137
1926,200,AlmostEqualRatios,scaled,47369,42,236.8450,47370,9379261,5500402,3736769,142090,0.586443,47353,17,0.999641,49794,25266.5404,206619690.0412,1196876017,217.5979,116.115727
1927,200,AlmostEqualRatios,scaled,46700,42,233.5000,46701,9246799,5150937,3939818,156044,0.557051,46696,5,0.999893,49189,24970.0565,201501601.0672,1166126607,226.3912,110.296075
1928,200,AlmostEqualRatios,scaled,47180,42,235.9000,47181,9341839,4904887,4289644,147308,0.525045,47178,3,0.999936,49388,25091.1054,203001314.9823,1183823443,241.3559,103.958945
1929,200,AlmostEqualRatios,scaled,48590,42,242.9500,48591,9621020,5426922,4048871,145227,0.564069,48586,5,0.999897,51170,26008.2362,218519463.8892,1263766205,232.8698,111.685744
1930,200,AlmostEqualRatios,scaled,50515,42,252.5750,50516,10002170,5315493,4464773,221904,0.531434,50514,2,0.999960,52993,26901.1537,233802324.2663,1358938679,255.6562,105.223949
1931,200,AlmostEqualRatios,scaled,50493,42,252.4650,50494,9997813,5406002,4457376,134435,0.540718,50491,3,0.999941,52827,26842.5466,232355091.7603,1355387547,250.7190,107.062265
1932,200,AlmostEqualRatios,scaled,48473,42,242.3650,48474,9597854,5179682,4270072,148100,0.539671,48472,2,0.999959,50919,25815.2144,215928789.8765,1251366701,241.5914,106.854850
1933,200,AlmostEqualRatios,scaled,50070,42,250.3500,50071,9914059,5743210,3977904,192945,0.579300,50070,1,0.999980,52805,26831.1662,233334183.2178,1343463322,233.9220,114.701324
1934,200,AlmostEqualRatios,scaled,51449,42,257.2450,51450,10187101,5672549,4349628,164924,0.556836,51438,12,0.999767,54165,27497.1238,244946050.5056,1414727020,249.3988,110.253625
1935,200,AlmostEqualRatios,scaled,51052,42,255.2600,51053,10108495,5674646,4289148,144701,0.561374,51041,12,0.999765,53659,27216.5193,239945651.5991,1389484961,244.8584,111.152058
1936,200,AlmostEqualRatios,scaled,51245,42,256.2250,51246,10146710,5493063,4509493,144154,0.541364,51230,16,0.999688,53933,27341.5718,241936420.3812,1401146190,255.0756,107.190083
1937,200,AlmostEqualRatios,scaled,51047,42,255.2350,51048,10107505,5499306,4460202,147997,0.544081,51033,15,0.999706,53955,27390.9152,242891993.0903,1398251440,254.2596,107.728138
1938,200,AlmostEqualRatios,scaled,47380,42,236.9000,47381,9381439,5149670,4073275,158494,0.548921,47376,5,0.999894,49758,25231.8493,205896637.7459,1195510254,232.1528,108.686393
1939,200,AlmostEqualRatios,scaled,46333,42,231.6650,46334,9174133,4774819,4223603,175711,0.520465,46328,6,0.999871,48753,24787.2516,198465949.0797,1148492516,240.5311,103.052165
1940,200,AlmostEqualRatios,scaled,48763,42,243.8150,48764,9655273,5080241,4410461,164571,0.526162,48763,1,0.999979,51306,26043.9505,219336375.4059,1270007203,249.9896,104.180153
1941,200,AlmostEqualRatios,scaled,48422,42,242.1100,48423,9587755,5529119,3914073,144563,0.576685,48422,1,0.999979,50563,25678.4687,212827853.4791,1243428488,224.8873,114.183735
1942,200,AlmostEqualRatios,scaled,50449,42,252.2450,50450,9989101,5109853,4698481,180767,0.511543,50440,10,0.999802,52940,26901.3327,233710740.8721,1357172235,265.5991,101.285491
1943,200,AlmostEqualRatios,scaled,51870,42,259.3500,51871,10270460,5832044,4238766,199650,0.567846,51870,1,0.999981,54583,27692.7712,247982309.7890,1436451734,246.3033,112.433614
1944,200,AlmostEqualRatios,scaled,46974,42,234.8700,46975,9301052,4861214,4247431,192407,0.522652,46970,5,0.999894,49227,25021.5425,201837752.3462,1175386959,241.7888,103.485130
1945,200,AlmostEqualRatios,scaled,52674,42,263.3700,52675,10429651,5663843,4596353,169455,0.543052,52672,3,0.999943,55511,28194.5318,256864154.9966,1485146960,262.2154,107.524309
1946,200,AlmostEqualRatios,scaled,49617,42,248.0850,49618,9824366,4851606,4757747,215013,0.493834,49616,2,0.999960,51973,26368.3618,224965289.2851,1308345378,269.6726,97.779153
1947,200,AlmostEqualRatios,scaled,49399,42,246.9950,49400,9781202,5506544,4053760,220898,0.562972,49399,1,0.999980,51507,26159.4584,220631368.0770,1292277245,234.6803,111.468502
1948,200,AlmostEqualRatios,scaled,50622,42,253.1100,50623,10023356,5046297,4809761,167298,0.503454,50622,1,0.999980,53395,27050.2189,237602434.6838,1369363231,271.3600,99.683879
1949,200,AlmostEqualRatios,scaled,52155,42,260.7750,52156,10326889,5938059,4250692,138138,0.575009,52153,3,0.999942,55012,27913.1836,252321400.9462,1455840005,245.1710,113.851887
1950,200,AlmostEqualRatios,scaled,50768,42,253.8400,50769,10052263,5416162,4492550,143551,0.538800,50766,3,0.999941,53234,27111.0578,236151009.4516,1376401291,254.1285,106.682464
1951,200,AlmostEqualRatios,scaled,49951,42,249.7550,49952,9890498,5443843,4281518,165137,0.550411,49943,9,0.999820,52454,26603.7987,228964515.0694,1328912951,244.1130,108.981482
1952,200,AlmostEqualRatios,scaled,52608,42,263.0400,52609,10416584,5716978,4564302,135304,0.548834,52605,4,0.999924,54819,27897.6852,250314580.2123,1467669321,256.7212,108.669201
1953,200,AlmostEqualRatios,scaled,50423,42,252.1150,50424,9983953,5583607,4244664,155682,0.559258,50423,1,0.999980,52755,26797.7485,232124793.0636,1351249669,242.0030,110.733123
1954,200,AlmostEqualRatios,scaled,50218,42,251.0900,50219,9943364,5232975,4548876,161513,0.526278,50214,5,0.999900,52781,26800.4007,232527050.5126,1345889325,257.1939,104.203090
1955,200,AlmostEqualRatios,scaled,50812,42,254.0600,50813,10060976,5389299,4493808,177869,0.535664,50807,6,0.999882,53296,27075.9060,236606557.3239,1375808012,255.2852,106.061421
1956,200,AlmostEqualRatios,scaled,52578,42,262.8900,52579,10410643,5511498,4752199,146946,0.529410,52578,1,0.999981,55386,28082.2416,255093212.9675,1476536182,267.9011,104.823180
1957,200,AlmostEqualRatios,scaled,50040,42,250.2000,50041,9908120,5432684,4326535,148901,0.548306,50039,2,0.999960,52599,26752.3764,230966487.4993,1338715665,246.4188,108.564657
1958,200,AlmostEqualRatios,scaled,51880,42,259.4000,51881,10272439,5515077,4585315,172047,0.536881,51880,1,0.999981,54376,27626.7726,246296305.4141,1433304589,259.8884,106.302442
1959,200,AlmostEqualRatios,scaled,53820,42,269.1000,53821,10656559,5571460,4964855,120244,0.522820,53816,5,0.999907,56582,28761.0260,267076775.6896,1547947179,277.8351,103.518329
1960,200,AlmostEqualRatios,scaled,48615,42,243.0750,48616,9625969,5480479,3944327,201163,0.569343,48610,6,0.999877,51018,25907.1955,217107622.4670,1259504217,229.8164,112.729945
1961,200,AlmostEqualRatios,scaled,49486,42,247.4300,49487,9798428,5313702,4305303,179423,0.542301,49486,1,0.999980,51622,26237.7267,222268609.1099,1298426379,244.3544,107.375715
1962,200,AlmostEqualRatios,scaled,49465,42,247.3250,49466,9794269,5636756,4006617,150896,0.575516,49461,5,0.999899,51657,26353.2434,222831741.6826,1303589539,231.2659,113.952129
1963,200,AlmostEqualRatios,scaled,52103,42,260.5150,52104,10316594,5650030,4504281,162283,0.547664,52099,5,0.999904,55013,27869.4398,252208387.7347,1452109292,257.0091,108.437548
1964,200,AlmostEqualRatios,scaled,49813,42,249.0650,49814,9863173,5244350,4435237,183586,0.531710,49812,2,0.999960,52709,26704.8032,231949736.4486,1330273065,253.6583,105.278637
1965,200,AlmostEqualRatios,scaled,48246,42,241.2300,48247,9552908,5458764,3933293,160851,0.571424,48241,6,0.999876,50776,25787.9976,215141796.3162,1244193519,227.9259,113.142040
1966,200,AlmostEqualRatios,scaled,49018,42,245.0900,49019,9705764,5216617,4221699,267448,0.537476,49016,3,0.999939,51296,26114.9485,218802450.1580,1280128660,245.3944,106.420306
1967,200,AlmostEqualRatios,scaled,47314,42,236.5700,47315,9368372,5064656,4165571,138145,0.540612,47314,1,0.999979,49499,25115.9679,204150981.4689,1188362023,234.6383,107.041234
1968,200,AlmostEqualRatios,scaled,50304,42,251.5200,50305,9960391,5781340,4055495,123556,0.580433,50300,5,0.999901,52821,26890.0656,232876650.1459,1352704749,233.9777,114.925753
1969,200,AlmostEqualRatios,scaled,52413,42,262.0650,52414,10377973,5913207,4306422,158344,0.569784,52398,16,0.999695,54902,27915.3477,250567123.1823,1463155036,247.4385,112.817320
1970,200,AlmostEqualRatios,scaled,50693,42,253.4650,50694,10037414,5399777,4487629,150008,0.537965,50680,14,0.999724,53186,27010.6423,235391499.9704,1369277503,253.5804,106.517083
1971,200,AlmostEqualRatios,scaled,49430,42,247.1500,49431,9787340,5258614,4398650,130076,0.537287,49401,30,0.999393,51786,26277.7885,223013507.1463,1298937365,247.0114,106.382918
1972,200,AlmostEqualRatios,scaled,49296,42,246.4800,49297,9760808,5102253,4506698,151857,0.522729,49291,6,0.999878,51419,26155.9764,220113190.8199,1289411170,252.7141,103.500274
1973,200,AlmostEqualRatios,scaled,50340,42,251.7000,50341,9967519,5375518,4450348,141653,0.539304,50338,3,0.999940,52375,26659.9725,228663637.4617,1342089675,249.6670,106.782106
1974,200,AlmostEqualRatios,scaled,49579,42,247.8950,49580,9816842,5711857,3943845,161140,0.581843,49574,6,0.999879,51635,26250.9125,221803594.6103,1301520241,227.8629,115.204861
1975,200,AlmostEqualRatios,scaled,52083,42,260.4150,52084,10312633,5710397,4320347,281889,0.553728,52081,3,0.999942,54602,27740.3769,248458713.7744,1444829793,253.0174,109.638219
1976,200,AlmostEqualRatios,scaled,50433,42,252.1650,50434,9985934,5326436,4541288,118210,0.533394,50431,3,0.999941,53232,27062.2383,236735531.7789,1364856925,256.2421,105.612008
1977,200,AlmostEqualRatios,scaled,52319,42,261.5950,52320,10359361,5627586,4536573,195202,0.543237,52317,3,0.999943,54900,27819.9810,250829143.5335,1455541408,258.6440,107.560894
1978,200,AlmostEqualRatios,scaled,52525,42,262.6250,52526,10400150,6048221,4205003,146926,0.581551,52521,5,0.999905,54973,27966.7722,251951606.5412,1468982674,242.8785,115.147184
1979,200,AlmostEqualRatios,scaled,51036,42,255.1800,51037,10105327,5624694,4324619,156014,0.556607,51033,4,0.999922,53772,27299.1656,241193600.1775,1393267517,247.7055,110.208163
1980,200,AlmostEqualRatios,scaled,49026,42,245.1300,49027,9707347,4952706,4616017,138624,0.510202,49023,4,0.999918,51733,26191.9752,222857896.0774,1284113970,259.2752,101.019969
1981,200,AlmostEqualRatios,scaled,51948,42,259.7400,51949,10285903,5852610,4242994,190299,0.568993,51936,13,0.999750,54552,27658.9222,248235493.9299,1436853349,245.5064,112.660686
1982,200,AlmostEqualRatios,scaled,50196,42,250.9800,50197,9939007,5280614,4481074,177319,0.531302,50192,5,0.999900,52702,26716.1196,231163584.9546,1341069056,253.9608,105.197801
1983,200,AlmostEqualRatios,scaled,51587,42,257.9350,51588,10214425,5523915,4517505,173005,0.540795,51586,2,0.999961,53654,27335.4455,240217311.5985,1410180965,255.2865,107.077518
1984,200,AlmostEqualRatios,scaled,47239,42,236.1950,47240,9353521,5240834,3966019,146668,0.560306,47239,1,0.999979,49414,25115.5532,203703063.5060,1186458733,226.3874,110.940601
1985,200,AlmostEqualRatios,scaled,50751,42,253.7550,50752,10048898,5621048,4286863,140987,0.559370,50747,5,0.999901,53367,27097.3207,237521785.7352,1375243218,244.6596,110.755202
1986,200,AlmostEqualRatios,scaled,48266,42,241.3300,48267,9556868,5023974,4357369,175525,0.525693,48260,7,0.999855,50599,25742.8544,213429969.9991,1242530353,247.3202,104.087140
1987,200,AlmostEqualRatios,scaled,50448,42,252.2400,50449,9988903,5236345,4589108,163450,0.524216,50433,16,0.999683,53488,27088.9381,238544652.3097,1366609838,260.9854,103.794822
1988,200,AlmostEqualRatios,scaled,49987,42,249.9350,49988,9897626,5537994,4140564,219068,0.559528,49986,2,0.999960,52444,26684.1697,229551801.0551,1333888274,240.8613,110.786469
1989,200,AlmostEqualRatios,scaled,52728,42,263.6400,52729,10440344,5683505,4602503,154336,0.544379,52728,1,0.999981,55202,28098.6319,254879587.0897,1481612760,260.6865,107.787081
1990,200,AlmostEqualRatios,scaled,49698,42,248.4900,49699,9840404,5504321,4151127,184956,0.559359,49695,4,0.999920,51757,26350.7817,222822840.5015,1309607501,237.9235,110.753154
1991,200,AlmostEqualRatios,scaled,50030,42,250.1500,50031,9906139,5302276,4432207,171656,0.535252,50030,1,0.999980,52330,26579.2441,227992416.6483,1329786160,250.7953,105.979813
1992,200,AlmostEqualRatios,scaled,50394,42,251.9700,50395,9978212,5341173,4433461,203578,0.535284,50393,2,0.999960,52871,26850.5420,233108495.0267,1353133063,253.3401,105.986169
1993,200,AlmostEqualRatios,scaled,48972,42,244.8600,48973,9696656,5342897,4142414,211345,0.551004,48971,2,0.999959,51802,26249.3534,223850907.1414,1285509586,240.6016,109.098830
1994,200,AlmostEqualRatios,scaled,49832,42,249.1600,49833,9866935,5081059,4606496,179380,0.514958,49829,4,0.999920,52201,26548.6573,226927000.0299,1322999239,260.3786,101.961732
1995,200,AlmostEqualRatios,scaled,49995,42,249.9750,49996,9899209,5245122,4457610,196477,0.529853,49994,2,0.999960,53222,26954.5036,236706880.8412,1347617362,256.9277,104.910833
1996,200,AlmostEqualRatios,scaled,54299,42,271.4950,54300,10751401,6050271,4566763,134367,0.562743,54299,1,0.999982,57125,29038.2286,272469202.4981,1576775813,260.6124,111.423039
1997,200,AlmostEqualRatios,scaled,48735,42,243.6750,48736,9649729,5384008,4036301,229420,0.557944,48733,3,0.999938,51485,26102.8746,220950236.6786,1272149698,236.2830,110.472915
1998,200,AlmostEqualRatios,scaled,50055,42,250.2750,50056,9911090,5164179,4555747,191164,0.521051,50054,2,0.999960,52421,26654.2043,228672279.0038,1334202852,258.3572,103.168032
1999,200,AlmostEqualRatios,scaled,50703,42,253.5150,50704,10039394,5567675,4310571,161148,0.554583,50703,1,0.999980,53344,27029.5118,237027461.7809,1370504364,246.1538,109.807412
2000,500,Uncorrelated,scaled,122986,42,245.9720,122987,61247528,39353322,21856689,37517,0.642529,122985,2,0.999984,204947,135718.6093,2395471095.5230,16691624597,424.1478,319.979526
2001,500,Uncorrelated,scaled,127367,42,254.7340,127368,63429266,40654205,22736142,38919,0.640938,127362,6,0.999953,204145,136316.8366,2338610513.7134,17362402849,427.0752,319.186962
2002,500,Uncorrelated,scaled,125886,42,251.7720,125887,62691728,40855425,21797146,39157,0.651688,125882,5,0.999960,201419,133268.9876,2373056413.1486,16776833037,410.6391,324.540461
2003,500,Uncorrelated,scaled,131222,42,262.4440,131223,65349056,41855914,23445274,47868,0.640498,131222,1,0.999992,199668,130994.5366,2329496424.5387,17189496073,410.6826,318.967818
2004,500,Uncorrelated,scaled,123384,42,246.7680,123385,61445731,39419103,21988481,38147,0.641527,123383,2,0.999984,207552,140277.4151,2422345158.2714,17308128860,439.0797,319.480512
2005,500,Uncorrelated,scaled,124914,42,249.8280,124915,62207672,40976072,21192283,39317,0.658698,124910,5,0.999960,207927,139777.0520,2518424058.7213,17460250456,426.1084,328.031638
2006,500,Uncorrelated,scaled,128870,42,257.7400,128871,64177760,40145976,23990214,41570,0.625543,128869,2,0.999984,203856,136103.0680,2308757463.2355,17539738476,436.8990,311.520637
2007,500,Uncorrelated,scaled,125372,42,250.7440,125373,62435756,40332021,22066985,36750,0.645976,125369,4,0.999968,199844,133027.8583,2236109410.0012,16678101682,413.5201,321.696226
2008,500,Uncorrelated,scaled,121763,42,243.5260,121764,60638473,38667069,21941008,30396,0.637666,121763,1,0.999992,209202,141144.6012,2459851709.9201,17186331225,444.4695,317.557480
2009,500,Uncorrelated,scaled,131748,42,263.4960,131749,65611003,42458426,23110927,41650,0.647124,131748,1,0.999992,199071,134611.9199,2148523080.2187,17734985831,417.7024,322.267539
2010,500,Uncorrelated,scaled,128558,42,257.1160,128559,64022384,41080773,22901343,40268,0.641663,128556,3,0.999977,211861,139610.9993,2529009890.3013,17948250462,436.9015,319.548013
2011,500,Uncorrelated,scaled,123318,42,246.6360,123319,61412863,40330253,21041237,41373,0.656707,123317,2,0.999984,204363,136394.0669,2375201993.9811,16819979932,417.0561,327.040059
2012,500,Uncorrelated,scaled,127136,42,254.2720,127137,63314228,41312041,21961115,41072,0.652492,127135,2,0.999984,196126,130770.7418,2181080020.4713,16625799803,402.4444,324.941134
2013,500,Uncorrelated,scaled,127388,42,254.7760,127389,63439723,40793551,22610798,35374,0.643029,127388,1,0.999992,204322,136552.1698,2336165213.1844,17395244361,426.4214,320.228207
2014,500,Uncorrelated,scaled,120270,42,240.5400,120271,59894960,39081500,20775641,37819,0.652501,120270,1,0.999992,202017,139009.2607,2041867570.2190,16718782799,427.7928,324.945332
2015,500,Uncorrelated,scaled,123799,42,247.5980,123800,61652402,41039544,20574714,38144,0.665660,123799,1,0.999992,204292,136431.9041,2408778044.3892,16890269727,411.5609,331.498740
2016,500,Uncorrelated,scaled,124825,42,249.6500,124826,62163349,39375366,22745652,42331,0.633418,124825,1,0.999992,200405,132513.2707,2342130816.8280,16541101529,420.0876,315.442023
2017,500,Uncorrelated,scaled,126443,42,252.8860,126444,62969113,40968889,21961941,38283,0.650619,126442,2,0.999984,210950,142164.6501,2433946222.5243,17975867023,438.7687,324.008170
2018,500,Uncorrelated,scaled,124739,42,249.4780,124740,62120521,40330858,21754190,35473,0.649236,124737,3,0.999976,210354,142932.8655,2412367268.2588,17829445646,442.0795,323.319368
2019,500,Uncorrelated,scaled,125359,42,250.7180,125360,62429282,40452184,21944084,33014,0.647968,125359,1,0.999992,207888,138759.9392,2466944505.0789,17394945979,430.0125,322.688130
2020,500,Uncorrelated,scaled,124085,42,248.1700,124086,61794829,40683393,21078230,33206,0.658362,124082,4,0.999968,209825,142193.7449,2453526101.3147,17644253024,433.6967,327.864489
2021,500,Uncorrelated,scaled,128515,42,257.0300,128516,64000970,41462076,22494689,44205,0.647835,128511,5,0.999961,201230,134706.4284,2288210534.4373,17311931351,417.5365,322.621899
2022,500,Uncorrelated,scaled,125955,42,251.9100,125956,62726089,40298036,22387255,40798,0.642445,125953,3,0.999976,194041,128923.8312,2130935040.4510,16238730077,402.9658,319.937407
2023,500,Uncorrelated,scaled,124281,42,248.5620,124282,61892437,39534055,22307479,50903,0.638754,124277,5,0.999960,205208,136572.4418,2347247689.4490,16973496210,429.3386,318.099604
2024,500,Uncorrelated,scaled,122970,42,245.9400,122971,61239560,39672506,21522875,44179,0.647825,122970,1,0.999992,201501,135269.9656,2196354435.9933,16634282943,419.2899,322.616763
2025,500,Uncorrelated,scaled,125286,42,250.5720,125287,62392927,40562938,21795974,34015,0.650121,125286,1,0.999992,202261,135201.4688,2344191053.3288,16938986421,417.5976,323.760151
2026,500,Uncorrelated,scaled,124091,42,248.1820,124092,61797818,40089576,21668292,39950,0.648722,124090,2,0.999984,208343,140973.3145,2441987585.7496,17493660543,436.3643,323.063340
2027,500,Uncorrelated,scaled,129085,42,258.1700,129086,64284829,41659290,22579216,46323,0.648042,129083,3,0.999977,198548,132490.8125,2194347645.7818,17102709028,410.5377,322.725083
2028,500,Uncorrelated,scaled,124562,42,249.1240,124563,62032375,41283861,20709483,39031,0.665521,124559,4,0.999968,213907,143960.8822,2532773866.8541,17932199373,434.3634,331.429566
2029,500,Uncorrelated,scaled,129702,42,259.4040,129703,64592096,41826672,22725501,39923,0.647551,129698,5,0.999961,199938,133003.0078,2367143994.1047,17250889122,412.4375,322.480374
2030,500,Uncorrelated,scaled,125153,42,250.3060,125154,62326693,39940635,22339591,46467,0.640827,125153,1,0.999992,198115,130771.3408,2265868430.7672,16366556387,409.7721,319.131909
2031,500,Uncorrelated,scaled,122783,42,245.5660,122784,61146433,40347441,20763690,35302,0.659849,122783,1,0.999992,206131,138376.9268,2428130416.0639,16990472576,421.1041,328.605038
2032,500,Uncorrelated,scaled,125589,42,251.1780,125590,62543822,40876049,21621685,46088,0.653559,125588,2,0.999984,209180,141067.6623,2338746018.4671,17716687711,433.4247,325.472163
2033,500,Uncorrelated,scaled,123566,42,247.1320,123567,61536367,40873608,20631828,30931,0.664219,123566,1,0.999992,201470,133655.3563,2362604770.3169,16515391407,404.0600,330.780937
2034,500,Uncorrelated,scaled,131969,42,263.9380,131970,65721062,42977848,22703896,39318,0.653943,131966,4,0.999970,203707,136832.4597,2381645680.2620,18057779710,420.1648,325.663772
2035,500,Uncorrelated,scaled,122219,42,244.4380,122220,60865561,39928941,20906584,30036,0.656019,122217,3,0.999975,211970,142893.0535,2501998016.8838,17464388998,437.3867,326.697275
2036,500,Uncorrelated,scaled,122480,42,244.9600,122481,60995540,39791576,21167074,36890,0.652369,122480,1,0.999992,203291,135327.5128,2251596910.6178,16575049100,416.5467,324.879581
2037,500,Uncorrelated,scaled,123518,42,247.0360,123519,61512464,40005111,21475650,31703,0.650358,123518,1,0.999992,197469,133536.2191,2128078221.7715,16494260247,412.3038,323.878197
2038,500,Uncorrelated,scaled,127393,42,254.7860,127394,63442213,41909141,21492028,41044,0.660588,127393,1,0.999992,201019,134290.5855,2226409329.9548,17107814845,408.2120,328.972644
2039,500,Uncorrelated,scaled,121916,42,243.8320,121917,60714667,40717972,19951884,44811,0.670645,121916,1,0.999992,197552,135364.8608,2103004014.3179,16503277736,405.3070,333.981085
2040,500,Uncorrelated,scaled,113533,42,227.0660,113534,56539934,35991091,20515726,33117,0.636561,113530,4,0.999965,209944,140630.8582,2572637167.3362,15966383857,443.6204,317.007161
2041,500,Uncorrelated,scaled,127082,42,254.1640,127083,63287336,40896075,22352758,38503,0.646197,127076,7,0.999945,201941,132079.9283,2391918709.7396,16785113527,410.4334,321.806024
2042,500,Uncorrelated,scaled,126423,42,252.8460,126424,62959154,42225247,20697472,36435,0.670677,126423,1,0.999992,210364,140345.9630,2393616056.7259,17743098027,420.2012,333.997081
2043,500,Uncorrelated,scaled,129764,42,259.5280,129765,64622972,41514208,23062701,46063,0.642406,129764,1,0.999992,202574,135234.3011,2271865983.9519,17548679084,422.7150,319.918376
2044,500,Uncorrelated,scaled,125456,42,250.9120,125457,62477588,40485006,21953081,39501,0.647992,125453,4,0.999968,205830,140093.6521,2317804920.4665,17575729313,434.1293,322.700256
2045,500,Uncorrelated,scaled,126141,42,252.2820,126142,62818718,40960855,21817407,40456,0.652049,126140,2,0.999984,202934,136734.9335,2264164016.0136,17248017987,421.0854,324.720196
2046,500,Uncorrelated,scaled,126995,42,253.9900,126996,63244010,40707351,22500743,35916,0.643655,126994,2,0.999984,197875,133950.7350,2176247886.7210,17011207543,417.8903,320.540419
2047,500,Uncorrelated,scaled,126628,42,253.2560,126629,63061243,40377969,22646132,37142,0.640298,126623,6,0.999953,201477,134121.0964,2325296033.4522,16983620322,420.6160,318.868261
2048,500,Uncorrelated,scaled,128854,42,257.7080,128855,64169792,41520733,22600931,48128,0.647045,128853,2,0.999984,206279,138560.9060,2324962379.7237,17854265542,430.0084,322.228342
2049,500,Uncorrelated,scaled,129097,42,258.1940,129098,64290805,40727203,23511811,51791,0.633484,129097,1,0.999992,199562,131477.5906,2274322063.0805,16973493996,416.7606,315.475089
2050,500,Uncorrelated,scaled,125186,42,250.3720,125187,62343127,41513599,20788980,40548,0.665889,125185,2,0.999984,204290,134101.2010,2426346906.9242,16787727050,404.3910,331.612699
2051,500,Uncorrelated,scaled,124836,42,249.6720,124837,62168828,40010149,22124574,34105,0.643573,124835,2,0.999984,205189,137732.9478,2354234208.4382,17194167999,429.7452,320.499123
2052,500,Uncorrelated,scaled,124045,42,248.0900,124046,61774909,39885615,21848865,40429,0.645660,124045,1,0.999992,207241,141200.3204,2306959883.2535,17515334941,439.1391,321.538905
2053,500,Uncorrelated,scaled,130576,42,261.1520,130577,65027347,40277698,24707792,41857,0.619396,130572,5,0.999962,195219,129058.4084,2145555336.7999,16852059795,418.3968,308.459361
2054,500,Uncorrelated,scaled,124906,42,249.8120,124907,62203687,39674148,22493862,35677,0.637810,124905,2,0.999984,201512,134898.8453,2312214804.2673,16849810064,424.7050,317.629500
2055,500,Uncorrelated,scaled,127131,42,254.2620,127132,63311737,39677685,23593533,40519,0.626703,127130,2,0.999984,195888,129261.4458,2192537955.3060,16433266129,414.1690,312.098331
2056,500,Uncorrelated,scaled,126451,42,252.9020,126452,62973097,40960333,21968774,43990,0.650442,126449,3,0.999976,197101,135025.9930,2000290976.4937,17074306873,416.8498,323.920009
2057,500,Uncorrelated,scaled,125740,42,251.4800,125741,62619019,41239102,21343352,36565,0.658572,125740,1,0.999992,206651,139726.5458,2298616025.1647,17569355598,426.0363,327.968618
2058,500,Uncorrelated,scaled,122685,42,245.3700,122686,61097629,38548473,22516522,32634,0.630932,122684,2,0.999984,201734,134686.8096,2349701656.2475,16524185924,428.6599,314.204335
2059,500,Uncorrelated,scaled,124459,42,248.9180,124460,61981081,41050422,20890527,40132,0.662306,124457,3,0.999976,198801,132476.8779,2247734748.6459,16488072226,401.6541,329.828234
2060,500,Uncorrelated,scaled,122213,42,244.4260,122214,60862574,39114238,21684286,64050,0.642665,122212,2,0.999984,198279,133659.8841,2081233090.9670,16335109079,417.6257,320.047114
2061,500,Uncorrelated,scaled,123809,42,247.6180,123810,61657382,40147156,21476624,33602,0.651133,123805,5,0.999960,199473,135192.6009,2229371766.3120,16738195912,416.9211,324.264244
2062,500,Uncorrelated,scaled,121078,42,242.1560,121079,60297344,39424411,20840071,32862,0.653833,121078,1,0.999992,207590,140720.8864,2371984334.8880,17038344200,432.1775,325.608991
2063,500,Uncorrelated,scaled,128798,42,257.5960,128799,64141903,41155716,22939075,47112,0.641635,128797,2,0.999984,212043,140772.1974,2500181386.2773,18131318256,440.5541,319.534437
2064,500,Uncorrelated,scaled,125673,42,251.3460,125674,62585654,38872875,23674380,38399,0.621115,125670,4,0.999968,200067,132649.9659,2273196774.5155,16670651820,428.8505,309.315173
2065,500,Uncorrelated,scaled,127531,42,255.0620,127532,63510937,40445694,23031371,33872,0.636830,127531,1,0.999992,207081,137296.6786,2542766039.6343,17509720020,432.9193,317.141533
2066,500,Uncorrelated,scaled,124132,42,248.2640,124133,61818235,40426408,21343708,48119,0.653956,124132,1,0.999992,208076,142003.6434,2255706747.8603,17627338261,436.0352,325.670112
2067,500,Uncorrelated,scaled,121322,42,242.6440,121323,60418855,38377060,22003437,38358,0.635184,121322,1,0.999992,201973,137007.7851,2231093639.6473,16622195513,433.1284,316.321390
2068,500,Uncorrelated,scaled,130371,42,260.7420,130372,64925257,41834056,23056589,34612,0.644342,130371,1,0.999992,208812,137371.7560,2535664061.8952,17909430577,428.1065,320.882214
2069,500,Uncorrelated,scaled,118411,42,236.8220,118412,58969177,38301144,20633359,34674,0.649511,118411,1,0.999992,204657,136730.5762,2364220251.9942,16190540992,422.7169,323.456609
2070,500,Uncorrelated,scaled,124154,42,248.3080,124155,61829192,40492729,21295682,40781,0.654913,124145,10,0.999919,204324,138108.3292,2374039456.2163,17146839612,423.4548,326.146583
2071,500,Uncorrelated,scaled,126164,42,252.3280,126165,62830172,41312840,21482656,34676,0.657532,126162,3,0.999976,206567,137929.2682,2380885471.5853,17401846117,421.2213,327.450878
2072,500,Uncorrelated,scaled,128616,42,257.2320,128617,64051268,41907491,22106919,36858,0.654280,128614,3,0.999977,204132,136499.3308,2356629960.2874,17556134432,418.9259,325.831663
2073,500,Uncorrelated,scaled,122258,42,244.5160,122259,60884983,40567789,20279163,38031,0.666302,122258,1,0.999992,206513,138695.1267,2387335663.5610,16956727495,417.9850,331.818426
2074,500,Uncorrelated,scaled,122273,42,244.5460,122274,60892454,39242238,21607785,42431,0.644452,122273,1,0.999992,209315,139554.5354,2480399956.7025,17063891257,434.8348,320.936896
2075,500,Uncorrelated,scaled,124366,42,248.7320,124367,61934767,40091661,21809792,33314,0.647321,124362,5,0.999960,190867,127488.2734,2114712161.7686,15855334102,395.4771,322.365748
2076,500,Uncorrelated,scaled,123134,42,246.2680,123135,61321232,40137283,21152664,31285,0.654541,123134,1,0.999992,207578,138387.0383,2424673546.3357,17040287964,424.5501,325.961611
2077,500,Uncorrelated,scaled,127544,42,255.0880,127545,63517411,41945174,21531161,41076,0.660373,127544,1,0.999992,212186,140980.1997,2536743292.3001,17981319577,428.6863,328.865687
2078,500,Uncorrelated,scaled,121648,42,243.2960,121649,60581204,38829445,21708863,42896,0.640949,121648,1,0.999992,199754,132099.1174,2326864619.8756,16069725534,413.8541,319.192472
2079,500,Uncorrelated,scaled,121406,42,242.8120,121407,60460687,39822343,20604600,33744,0.658649,121406,1,0.999992,214804,144291.7228,2577063740.9999,17518025184,439.9044,328.006977
2080,500,Uncorrelated,scaled,122511,42,245.0220,122512,61010977,39581618,21389344,40015,0.648762,122511,1,0.999992,200593,133123.6409,2294065015.4972,16309243499,412.0408,323.083600
2081,500,Uncorrelated,scaled,127599,42,255.1980,127600,63544802,40828181,22676983,39638,0.642510,127595,5,0.999961,204342,135350.5328,2401706921.5451,17270727985,423.0100,319.970071
2082,500,Uncorrelated,scaled,124071,42,248.1420,124072,61787858,40608771,21140943,38144,0.657229,124066,6,0.999952,201065,134920.1184,2270254081.2873,16739808933,412.2215,327.300044
2083,500,Uncorrelated,scaled,128117,42,256.2340,128118,63802765,41173704,22589051,40010,0.645328,128117,1,0.999992,206546,137193.0608,2461002219.8948,17576900562,426.8963,321.373296
2084,500,Uncorrelated,scaled,120192,42,240.3840,120193,59856116,39235302,20583316,37498,0.655494,120192,1,0.999992,202756,138732.0471,2177691309.6043,16674620934,424.9903,326.435832
2085,500,Uncorrelated,scaled,128253,42,256.5060,128254,63870494,40970304,22860239,39951,0.641459,128252,2,0.999984,199649,134380.2159,2204588787.9461,17234800204,420.6657,319.446598
2086,500,Uncorrelated,scaled,124023,42,248.0460,124024,61763953,41354880,20367314,41759,0.669563,124021,3,0.999976,202324,136366.5795,2217914233.1089,16912728653,408.9657,333.442560
2087,500,Uncorrelated,scaled,124094,42,248.1880,124095,61799312,40120195,21639278,39839,0.649201,124088,7,0.999944,202911,132258.2750,2443632206.9739,16412590636,409.0855,323.302268
2088,500,Uncorrelated,scaled,125711,42,251.4220,125712,62604577,40698636,21870132,35809,0.650090,125708,4,0.999968,208420,140298.5599,2394928042.6029,17637212556,433.3613,323.745036
2089,500,Uncorrelated,scaled,133711,42,267.4220,133712,66588577,43036959,23512949,38669,0.646311,133710,2,0.999985,201809,133321.8683,2358176244.7513,17826733660,414.2192,321.863101
2090,500,Uncorrelated,scaled,120056,42,240.1120,120057,59788388,38495446,21251948,40994,0.643862,120055,2,0.999983,205154,137153.6566,2327529380.7524,16466256552,427.7456,320.643078
2091,500,Uncorrelated,scaled,125242,42,250.4840,125243,62371016,40558738,21775718,36560,0.650282,125239,4,0.999968,196065,129484.8918,2245840236.7052,16217076306,399.8417,323.840358
2092,500,Uncorrelated,scaled,124522,42,249.0440,124523,62012456,39626291,22344929,41236,0.639005,124522,1,0.999992,200024,133229.7154,2196984032.9272,16590163853,418.6656,318.224673
2093,500,Uncorrelated,scaled,121131,42,242.2620,121132,60323738,39926524,20358857,38357,0.661871,121131,1,0.999992,199305,133309.1599,2177846395.2276,16148005163,404.4431,329.611696
2094,500,Uncorrelated,scaled,123557,42,247.1140,123558,61531885,40589413,20902846,39626,0.659648,123556,2,0.999984,199848,135632.8579,2163295479.6189,16758524659,412.8792,328.504937
2095,500,Uncorrelated,scaled,129387,42,258.7740,129388,64435225,42512601,21884410,38214,0.659773,129387,1,0.999992,201715,134993.5285,2307143208.5501,17466542672,410.8557,328.566799
2096,500,Uncorrelated,scaled,122267,42,244.5340,122268,60889465,38375200,22476933,37332,0.630244,122262,6,0.999951,200006,135030.2452,2319453520.5443,16509878016,430.2226,313.861354
2097,500,Uncorrelated,scaled,121590,42,243.1800,121591,60552319,38669821,21835012,47486,0.638618,121589,2,0.999984,200381,134640.6434,2238917060.3508,16371090475,423.3557,318.031935
2098,500,Uncorrelated,scaled,127221,42,254.4420,127222,63356558,41319308,22002975,34275,0.652171,127220,2,0.999984,208934,140761.7086,2414573123.0769,17907986088,433.4048,324.781154
2099,500,Uncorrelated,scaled,129654,42,259.3080,129655,64568191,41327466,23202876,37849,0.640059,129651,4,0.999969,211724,138485.8626,2658111735.2635,17955384519,434.4661,318.749497
2100,500,WeaklyCorrelated,scaled,122771,42,245.5420,122772,61140458,35917455,25025368,197635,0.587458,122770,2,0.999984,135755,71155.3376,1469337763.9042,8735883105,243.2211,292.554125
2101,500,WeaklyCorrelated,scaled,125168,42,250.3360,125169,62334164,33506668,28643630,183866,0.537533,125163,6,0.999952,137568,72088.5415,1521740323.4624,9023250654,269.2972,267.691425
2102,500,WeaklyCorrelated,scaled,125706,42,251.4120,125707,62602087,36444669,25912036,245382,0.582164,125706,1,0.999992,137894,71616.1487,1534174843.0965,9002651209,247.0224,289.917578
2103,500,WeaklyCorrelated,scaled,123905,42,247.8100,123906,61705189,34283452,27182245,239492,0.555601,123905,1,0.999992,134822,70365.6550,1464358649.5797,8718726846,254.3130,276.689200
2104,500,WeaklyCorrelated,scaled,125972,42,251.9440,125973,62734555,35278045,27176478,280032,0.562338,125971,2,0.999984,138930,72814.9110,1536976468.8883,9172712789,260.0119,280.044494
2105,500,WeaklyCorrelated,scaled,121554,42,243.1080,121555,60534391,32929763,27395188,209440,0.543984,121554,1,0.999992,134192,70009.0623,1447184668.8781,8509951573,258.4274,270.904224
2106,500,WeaklyCorrelated,scaled,122154,42,244.3080,122155,60833191,34706394,25872384,254413,0.570517,122152,3,0.999975,135003,70161.2610,1465890113.0268,8570548832,246.9444,284.117670
2107,500,WeaklyCorrelated,scaled,125258,42,250.5160,125259,62378983,34291902,27740166,346915,0.549735,125258,1,0.999992,136439,71107.0738,1501307424.8255,8906800961,259.7348,273.767969
2108,500,WeaklyCorrelated,scaled,133431,42,266.8620,133432,66449137,38070486,28148977,229674,0.572927,133431,1,0.999993,146150,75854.4160,1731672634.2958,10121406437,265.8597,285.317510
2109,500,WeaklyCorrelated,scaled,122044,42,244.0880,122045,60778411,34887610,25693777,197024,0.574013,122037,8,0.999934,136407,71374.9469,1488366034.5863,8710955399,249.6862,285.858577
2110,500,WeaklyCorrelated,scaled,127145,42,254.2900,127146,63318710,35465925,27618302,234483,0.560118,127138,8,0.999937,138669,72033.0267,1559499430.8082,9158711211,258.2397,278.938582
2111,500,WeaklyCorrelated,scaled,124784,42,249.5680,124785,62142931,35890452,26001796,250683,0.577547,124782,3,0.999976,137329,71525.4400,1514060606.8006,8925302029,248.6818,287.618320
2112,500,WeaklyCorrelated,scaled,123456,42,246.9120,123457,61481587,33075573,28159084,246930,0.537975,123455,2,0.999984,135159,70421.8748,1471539154.6371,8694073400,262.8548,267.911686
2113,500,WeaklyCorrelated,scaled,130842,42,261.6840,130843,65159815,37341234,27576895,241686,0.573072,130840,3,0.999977,142877,74558.4695,1643819362.3741,9755453825,261.2515,285.389620
2114,500,WeaklyCorrelated,scaled,125977,42,251.9540,125978,62737045,36062762,26458295,215988,0.574824,125974,4,0.999968,138757,72281.5471,1557733919.8547,9105884738,252.5010,286.262379
2115,500,WeaklyCorrelated,scaled,125544,42,251.0880,125545,62521412,34040019,28229011,252382,0.544454,125544,1,0.999992,138567,72377.0902,1545714943.3674,9086581794,266.9382,271.137990
2116,500,WeaklyCorrelated,scaled,124381,42,248.7620,124382,61942237,35908790,25834596,198851,0.579714,124379,3,0.999976,136726,71515.8288,1500813061.7082,8895281822,247.7188,288.697641
2117,500,WeaklyCorrelated,scaled,125475,42,250.9500,125476,62487050,35186633,27091061,209356,0.563103,125475,1,0.999992,137123,71723.3664,1514095919.6055,8999561119,255.7665,280.425205
2118,500,WeaklyCorrelated,scaled,125833,42,251.6660,125834,62665333,34583102,27841625,240606,0.551870,125831,3,0.999976,137707,71964.7609,1521626021.6573,9055613718,261.8508,274.831143
2119,500,WeaklyCorrelated,scaled,124259,42,248.5180,124260,61881481,35598119,26065704,217658,0.575263,124259,1,0.999992,136612,71353.6960,1500300422.1155,8866410270,249.0696,286.480919
2120,500,WeaklyCorrelated,scaled,118234,42,236.4680,118235,58881031,34108870,24564067,208094,0.579285,118234,1,0.999992,131691,69164.5028,1379113280.2395,8177664992,239.7519,288.483698
2121,500,WeaklyCorrelated,scaled,127994,42,255.9880,127995,63741511,36269794,27206080,265637,0.569014,127994,1,0.999992,140359,72955.7127,1590193694.6005,9337966441,257.4585,283.368835
2122,500,WeaklyCorrelated,scaled,126015,42,252.0300,126016,62755969,35875573,26630699,249697,0.571668,126015,1,0.999992,138320,72269.0018,1532257880.0663,9107050525,253.8510,284.690619
2123,500,WeaklyCorrelated,scaled,122523,42,245.0460,122524,61016954,33400422,27436210,180322,0.547396,122522,2,0.999984,134958,70625.4838,1456040282.6288,8653316779,259.0781,272.603098
2124,500,WeaklyCorrelated,scaled,124326,42,248.6520,124327,61914847,35662220,26055291,197336,0.575988,124321,6,0.999952,136429,71161.3018,1495847035.1818,8847271166,248.0853,286.842118
2125,500,WeaklyCorrelated,scaled,121156,42,242.3120,121157,60336188,34725805,25425190,185193,0.575539,121148,9,0.999926,133767,70010.3914,1433947243.3940,8482248989,244.2636,286.618231
2126,500,WeaklyCorrelated,scaled,128518,42,257.0360,128519,64002464,35168827,28624489,209148,0.549492,128510,9,0.999930,140362,72979.3800,1591936475.9422,9379236938,266.6918,273.646908
2127,500,WeaklyCorrelated,scaled,131533,42,263.0660,131534,65503934,36242487,29022775,238672,0.553287,131531,3,0.999977,143352,74448.6879,1653081043.6166,9792533715,270.1949,275.537025
2128,500,WeaklyCorrelated,scaled,123278,42,246.5560,123279,61392943,35559900,25567216,265827,0.579218,123277,2,0.999984,135203,70640.3542,1472083036.8127,8708472220,244.8959,288.450588
2129,500,WeaklyCorrelated,scaled,123156,42,246.3120,123157,61332188,35809312,25300944,221932,0.583858,123156,1,0.999992,134813,70689.0683,1459248782.0779,8705853581,243.1170,290.761483
2130,500,WeaklyCorrelated,scaled,124666,42,249.3320,124667,62084167,34974981,26860672,248514,0.563348,124666,1,0.999992,137265,71269.5431,1526468027.0239,8884960130,254.0376,280.547226
2131,500,WeaklyCorrelated,scaled,126230,42,252.4600,126231,62863039,35824624,26832532,205883,0.569884,126224,7,0.999945,139470,72583.4138,1565537438.0787,9162276903,255.7536,283.802109
2132,500,WeaklyCorrelated,scaled,120721,42,241.4420,120722,60119558,32860932,27025144,233482,0.546593,120721,1,0.999992,133027,69469.5905,1419858408.5269,8386507903,255.2121,272.203343
2133,500,WeaklyCorrelated,scaled,125885,42,251.7700,125886,62691230,34029067,28410380,251783,0.542804,125883,3,0.999976,136686,71085.3105,1510688103.5636,8948645397,262.9706,270.316532
2134,500,WeaklyCorrelated,scaled,125431,42,250.8620,125432,62465138,33867840,28259774,337524,0.542188,125431,1,0.999992,137824,71772.4236,1528396891.4833,9002558632,265.8144,270.009567
2135,500,WeaklyCorrelated,scaled,127163,42,254.3260,127164,63327674,36746768,26358443,222463,0.580264,127162,2,0.999984,139195,72661.7176,1557673539.7942,9239954651,251.4495,288.971470
2136,500,WeaklyCorrelated,scaled,125480,42,250.9600,125481,62489539,35354189,26913449,221901,0.565762,125474,7,0.999944,137984,72443.8064,1518578544.6422,9090321268,257.1215,281.749341
2137,500,WeaklyCorrelated,scaled,126573,42,253.1460,126574,63033854,36592500,26221320,220034,0.580521,126571,3,0.999976,139863,73008.8154,1576127646.9370,9241017803,252.5386,289.099657
2138,500,WeaklyCorrelated,scaled,122137,42,244.2740,122138,60824725,35162253,25433968,228504,0.578091,122137,1,0.999992,135900,70984.9167,1485370563.4190,8669955760,246.5700,287.889543
2139,500,WeaklyCorrelated,scaled,129417,42,258.8340,129418,64450165,35767818,28405559,276788,0.554969,129417,1,0.999992,141022,73226.7958,1611592640.0348,9476865453,264.9551,276.374368
2140,500,WeaklyCorrelated,scaled,130249,42,260.4980,130250,64864501,36268165,28374392,221944,0.559137,130246,4,0.999969,143084,74481.4981,1650883671.1297,9701215128,267.4857,278.450403
2141,500,WeaklyCorrelated,scaled,119245,42,238.4900,119246,59384509,34290122,24914734,179653,0.577425,119245,1,0.999992,131430,68818.0037,1386426831.2350,8206271674,239.3188,287.557838
2142,500,WeaklyCorrelated,scaled,129272,42,258.5440,129273,64377955,36464948,27662695,250312,0.566420,129270,3,0.999977,141858,73714.2157,1626458642.7586,9529257812,261.3265,282.077062
2143,500,WeaklyCorrelated,scaled,126912,42,253.8240,126913,63202675,36958221,26048466,195988,0.584757,126908,5,0.999961,140444,73643.5221,1583227226.3877,9346320325,252.8888,291.209104
2144,500,WeaklyCorrelated,scaled,122023,42,244.0460,122024,60767953,34299546,26245529,222878,0.564435,122022,2,0.999984,134470,69956.7133,1457525961.3245,8536397980,248.8779,281.088524
2145,500,WeaklyCorrelated,scaled,121507,42,243.0140,121508,60510986,34469925,25856987,184074,0.569647,121506,2,0.999984,133940,70259.9268,1435659044.9884,8537143189,247.6693,283.684408
2146,500,WeaklyCorrelated,scaled,123299,42,246.5980,123300,61403402,34491913,26670712,240777,0.561726,123299,1,0.999992,135224,70527.0229,1464368793.3712,8695981925,252.1165,279.739765
2147,500,WeaklyCorrelated,scaled,124914,42,249.8280,124915,62207671,34396096,27608857,202718,0.552924,124910,5,0.999960,137664,72110.6122,1515975749.0320,9007697117,261.8814,275.356010
2148,500,WeaklyCorrelated,scaled,123857,42,247.7140,123858,61681285,34283803,27173203,224279,0.555822,123855,3,0.999976,135946,70908.6097,1490644223.9427,8782598585,256.1734,276.799262
2149,500,WeaklyCorrelated,scaled,126338,42,252.6760,126339,62916823,36704512,25948837,263474,0.583382,126334,5,0.999960,138078,72224.5187,1529325271.9071,9124773472,248.6009,290.524003
2150,500,WeaklyCorrelated,scaled,129722,42,259.4440,129723,64602056,36793609,27564805,243642,0.569542,129720,3,0.999977,141855,74044.7661,1618825749.9558,9605309197,261.0592,283.632116
2151,500,WeaklyCorrelated,scaled,123159,42,246.3180,123160,61333682,33914859,27199905,218918,0.552957,123159,1,0.999992,136165,70770.1775,1493921375.8011,8716055059,256.9981,275.372353
2152,500,WeaklyCorrelated,scaled,129460,42,258.9200,129461,64471580,37741316,26493732,236532,0.585395,129458,3,0.999977,141997,74000.3174,1627462995.2711,9580155085,253.8373,291.526529
2153,500,WeaklyCorrelated,scaled,123207,42,246.4140,123208,61357585,34553638,26606501,197446,0.563152,123204,4,0.999968,136015,70994.4806,1482483337.7131,8747087968,253.1452,280.449630
2154,500,WeaklyCorrelated,scaled,124939,42,249.8780,124940,62220121,35614377,26363321,242423,0.572393,124937,3,0.999976,137594,72106.3526,1521050196.2786,9008967695,252.9587,285.051841
2155,500,WeaklyCorrelated,scaled,121074,42,242.1480,121075,60295351,34343198,25737918,214235,0.569583,121074,1,0.999992,133775,70093.4880,1431605529.2145,8486569063,247.1106,283.652265
2156,500,WeaklyCorrelated,scaled,126518,42,253.0360,126519,63006463,35558416,27181018,267029,0.564361,126518,1,0.999992,139571,72839.9194,1553955202.4100,9215633762,259.1688,281.051984
2157,500,WeaklyCorrelated,scaled,124381,42,248.7620,124382,61942237,35346042,26326229,269966,0.570629,124381,1,0.999992,137385,71940.0908,1506556034.7076,8948052370,253.1557,284.173289
2158,500,WeaklyCorrelated,scaled,124156,42,248.3120,124157,61830188,35089693,26504942,235553,0.567517,124154,3,0.999976,136537,71372.5671,1498942518.2846,8861403818,252.5358,282.623557
2159,500,WeaklyCorrelated,scaled,122193,42,244.3860,122194,60852613,35078534,25581929,192150,0.576451,122192,2,0.999984,134810,70386.5139,1461117977.2732,8600809676,245.1873,287.072475
2160,500,WeaklyCorrelated,scaled,124216,42,248.4320,124217,61860068,35073884,26568072,218112,0.566987,124216,1,0.999992,136160,70992.4986,1493132470.3512,8818475201,251.4257,282.359774
2161,500,WeaklyCorrelated,scaled,120462,42,240.9240,120463,59990575,32331127,27457674,201774,0.538937,120462,1,0.999992,131707,69056.5079,1390556890.3850,8318754116,257.2986,268.390518
2162,500,WeaklyCorrelated,scaled,121707,42,243.4140,121708,60610585,34212682,26172244,225659,0.564467,121707,1,0.999992,134689,70215.4277,1465866233.7156,8545779280,249.7840,281.104627
2163,500,WeaklyCorrelated,scaled,127261,42,254.5220,127262,63376478,36157209,27013604,205665,0.570515,127257,5,0.999961,140027,73181.1579,1568319448.1619,9313180516,257.5747,284.116303
2164,500,WeaklyCorrelated,scaled,125840,42,251.6800,125841,62668819,34965832,27495250,207737,0.557946,125836,5,0.999960,138914,72489.3402,1548239556.4583,9122131056,260.8870,277.857233
2165,500,WeaklyCorrelated,scaled,127650,42,255.3000,127651,63570200,36480834,26878577,210789,0.573867,127646,5,0.999961,141662,73985.0067,1598532654.8431,9444260094,258.8828,285.785728
2166,500,WeaklyCorrelated,scaled,128361,42,256.7220,128362,63924277,35953808,27746204,224265,0.562444,128357,5,0.999961,140100,73091.1517,1578764971.4896,9382126411,260.9494,280.096976
2167,500,WeaklyCorrelated,scaled,126745,42,253.4900,126746,63119510,36196599,26595360,327551,0.573461,126744,2,0.999984,138822,72174.0122,1558789707.5797,9147767346,252.7245,285.583758
2168,500,WeaklyCorrelated,scaled,125614,42,251.2280,125615,62556272,35257675,27086567,212030,0.563615,125612,3,0.999976,138930,72464.4408,1544007466.0046,9102620731,258.1742,280.680452
2169,500,WeaklyCorrelated,scaled,125879,42,251.7580,125880,62688242,33283833,29211706,192703,0.530942,125872,8,0.999936,138707,72282.2544,1550144802.6795,9098890190,273.3727,264.409223
2170,500,WeaklyCorrelated,scaled,127009,42,254.0180,127010,63250982,35559778,27437237,253967,0.562201,127008,2,0.999984,139740,72695.3424,1574230040.9156,9233035438,259.6483,279.976207
2171,500,WeaklyCorrelated,scaled,127857,42,255.7140,127858,63673286,36083365,27373036,216885,0.566696,127855,3,0.999977,140743,73486.5819,1587387870.0664,9395847392,260.3928,282.214371
2172,500,WeaklyCorrelated,scaled,122740,42,245.4800,122741,61125019,34089582,26830708,204729,0.557703,122737,4,0.999967,135411,70929.1289,1473775248.2386,8705912211,255.3834,277.735899
2173,500,WeaklyCorrelated,scaled,126116,42,252.2320,126117,62806268,35021989,27531074,253205,0.557619,126115,2,0.999984,137808,71673.7104,1535193848.7494,9039273336,258.1028,277.694435
2174,500,WeaklyCorrelated,scaled,124911,42,249.8220,124912,62206177,35783188,26220639,202350,0.575235,124905,7,0.999944,138632,72743.7790,1537036384.9850,9086570927,253.9341,286.467177
2175,500,WeaklyCorrelated,scaled,120411,42,240.8220,120412,59965178,34044759,25688083,232336,0.567742,120411,1,0.999992,132821,69184.6213,1421430514.7627,8330658622,244.6972,282.735599
2176,500,WeaklyCorrelated,scaled,126467,42,252.9340,126468,62981065,33554115,29103175,323775,0.532765,126467,1,0.999992,138213,71673.9919,1547793551.7909,9064466413,270.1447,265.317037
2177,500,WeaklyCorrelated,scaled,123892,42,247.7840,123893,61698715,36282180,25218068,198467,0.588054,123891,2,0.999984,135626,70677.8391,1486449249.9325,8756489514,241.3441,292.850928
2178,500,WeaklyCorrelated,scaled,126163,42,252.3260,126164,62829673,34786135,27806289,237249,0.553658,126161,3,0.999976,137342,71381.6147,1529167187.3094,9005790036,258.8902,275.721561
2179,500,WeaklyCorrelated,scaled,118651,42,237.3020,118652,59088697,31849169,26990769,248759,0.539006,118651,1,0.999992,130597,68353.6379,1362917060.1963,8110295839,254.6470,268.425050
2180,500,WeaklyCorrelated,scaled,128141,42,256.2820,128142,63814718,35842974,27735924,235820,0.561673,128140,2,0.999984,140280,73031.9848,1590990127.9602,9358464602,261.0962,279.712928
2181,500,WeaklyCorrelated,scaled,120624,42,241.2480,120625,60071252,33928320,25884027,258905,0.564801,120624,1,0.999992,132075,68987.0329,1395227768.5405,8321560839,245.2689,281.271047
2182,500,WeaklyCorrelated,scaled,121463,42,242.9260,121464,60489073,34222240,25964513,302320,0.565759,121462,2,0.999984,133805,69874.0350,1442170497.7132,8487179784,248.0019,281.748008
2183,500,WeaklyCorrelated,scaled,125010,42,250.0200,125011,62255480,34716187,27322429,216864,0.557641,125010,1,0.999992,136966,71323.0278,1516219535.7748,8916163030,256.8301,277.705058
2184,500,WeaklyCorrelated,scaled,124245,42,248.4900,124246,61874509,32366272,29228006,280231,0.523095,124245,1,0.999992,136095,71265.0730,1489266616.6510,8854400259,273.5687,260.501521
2185,500,WeaklyCorrelated,scaled,123672,42,247.3440,123673,61589155,34697823,26680350,210982,0.563376,123665,8,0.999935,135709,71166.3634,1477346310.0108,8801357663,253.6573,280.561020
2186,500,WeaklyCorrelated,scaled,125045,42,250.0900,125046,62272909,35489670,26558128,225111,0.569905,125042,4,0.999968,137944,71868.9188,1535265254.7485,8986920816,253.2264,283.812917
2187,500,WeaklyCorrelated,scaled,122856,42,245.7120,122857,61182787,34815169,26135341,232277,0.569035,122856,1,0.999992,134990,70639.5611,1454086187.5121,8678564563,249.2754,283.379612
2188,500,WeaklyCorrelated,scaled,131679,42,263.3580,131680,65576642,36834702,28555764,186176,0.561705,131666,14,0.999894,144278,75225.1050,1681950793.3587,9905641826,268.9215,279.728903
2189,500,WeaklyCorrelated,scaled,127920,42,255.8400,127921,63704659,35213332,28276256,215071,0.552759,127918,3,0.999977,140314,73385.2270,1584683542.3442,9387511625,266.5897,275.274052
2190,500,WeaklyCorrelated,scaled,128816,42,257.6320,128817,64150868,36218455,27717792,214621,0.564582,128811,6,0.999953,140838,73316.2525,1607206723.1316,9444379694,260.7615,281.162075
2191,500,WeaklyCorrelated,scaled,129071,42,258.1420,129072,64277857,36646635,27352130,279092,0.570128,129068,4,0.999969,141092,73378.6097,1603771926.8104,9471123907,258.4446,283.923973
2192,500,WeaklyCorrelated,scaled,124131,42,248.2620,124132,61817737,33734663,27775178,307896,0.545712,124131,1,0.999992,135503,70843.8775,1481918978.5024,8793992196,260.6812,271.764436
2193,500,WeaklyCorrelated,scaled,126294,42,252.5880,126295,62894911,35358961,27323316,212634,0.562191,126294,1,0.999992,138694,72320.4835,1547250940.7327,9133715469,258.3140,279.971187
2194,500,WeaklyCorrelated,scaled,128145,42,256.2900,128146,63816710,36214691,27309861,292158,0.567480,128144,2,0.999984,140204,73048.4435,1580400186.2430,9360865843,258.4826,282.604927
2195,500,WeaklyCorrelated,scaled,126987,42,253.9740,126988,63240026,36192757,26812643,234626,0.572308,126986,2,0.999984,140374,73190.4012,1581748604.4471,9294302665,256.8001,285.009269
2196,500,WeaklyCorrelated,scaled,130975,42,261.9500,130976,65226049,36586852,28406110,233087,0.560924,130973,3,0.999977,143436,74522.7640,1665163622.3886,9760693534,266.7815,279.340123
2197,500,WeaklyCorrelated,scaled,123518,42,247.0360,123519,61512463,35759066,25514556,238841,0.581330,123518,1,0.999992,136781,71447.8194,1496083060.0191,8825163202,246.7951,289.502554
2198,500,WeaklyCorrelated,scaled,125517,42,251.0340,125518,62507965,35010637,27299849,197479,0.560099,125516,2,0.999984,138116,72304.1464,1530027424.7198,9075471849,259.2204,278.929213
2199,500,WeaklyCorrelated,scaled,124089,42,248.1780,124090,61796822,34566246,26994904,235672,0.559353,124087,3,0.999976,136249,71171.5757,1489282972.9279,8831680831,255.5001,278.557869
2200,500,StronglyCorrelated,scaled,128564,42,257.1280,128565,64025371,39288750,21171515,3565106,0.613643,128564,1,0.999992,130733,65716.1600,1415688766.7285,8448798110,215.0437,305.594446
2201,500,StronglyCorrelated,scaled,119880,42,239.7600,119881,59700740,37874601,18560924,3265215,0.634408,119880,1,0.999992,122071,61443.6973,1231632115.8218,7365931873,194.4821,315.934977
2202,500,StronglyCorrelated,scaled,123580,42,247.1600,123581,61543339,38513091,19597837,3432411,0.625788,123580,1,0.999992,125719,63230.3543,1308067330.0550,7814070417,202.8939,311.642494
2203,500,StronglyCorrelated,scaled,127125,42,254.2500,127126,63308749,39231395,20153694,3923660,0.619684,127122,4,0.999969,129293,64983.5413,1384974304.4233,8261097668,210.5736,308.602450
2204,500,StronglyCorrelated,scaled,118228,42,236.4560,118229,58878043,37171292,18565999,3140752,0.631327,118227,2,0.999983,120524,60671.1768,1200798869.3603,7173092559,192.9740,314.400798
2205,500,StronglyCorrelated,scaled,125534,42,251.0680,125535,62516432,38970629,20236237,3309566,0.623366,125533,2,0.999984,127721,64219.3557,1351149865.3636,8061776822,206.8680,310.436364
2206,500,StronglyCorrelated,scaled,123720,42,247.4400,123721,61613059,39875127,18281355,3456577,0.647186,123719,2,0.999984,125956,63366.1790,1312153068.1313,7839727035,196.6069,322.298777
2207,500,StronglyCorrelated,scaled,126405,42,252.8100,126406,62950189,38018786,21266086,3665317,0.603950,126404,2,0.999984,128619,64687.2156,1368886493.6035,8176852175,215.0740,300.767258
2208,500,StronglyCorrelated,scaled,126565,42,253.1300,126566,63029869,39014791,20247354,3767724,0.618989,126564,2,0.999984,128686,64712.7646,1371200932.9008,8190435769,209.9316,308.256491
2209,500,StronglyCorrelated,scaled,128705,42,257.4100,128706,64095590,38349388,22176330,3569872,0.598316,128702,4,0.999969,130891,65818.2995,1418000599.4116,8471210059,220.8956,297.961152
2210,500,StronglyCorrelated,scaled,126924,42,253.8480,126925,63208651,38925559,20797625,3485467,0.615826,126924,1,0.999992,129139,64949.5875,1379456668.4613,8243726390,211.7818,306.681576
2211,500,StronglyCorrelated,scaled,127790,42,255.5800,127791,63639920,40127607,20211732,3300581,0.630541,127788,3,0.999977,130000,65382.4624,1398992767.8674,8355290252,208.2180,314.009649
2212,500,StronglyCorrelated,scaled,121532,42,243.0640,121533,60523435,36964261,19832162,3727012,0.610743,121528,5,0.999959,123610,62145.7163,1265211039.3693,7552755341,204.3259,304.149992
2213,500,StronglyCorrelated,scaled,119127,42,238.2540,119128,59325745,37865786,17980714,3479245,0.638269,119126,2,0.999983,121311,61028.7648,1216895505.9934,7270234688,192.0001,317.857985
2214,500,StronglyCorrelated,scaled,120567,42,241.1340,120568,60042865,37239940,19081359,3721566,0.620223,120566,2,0.999983,122661,61667.2289,1246236129.3403,7435094453,199.6538,308.870845
2215,500,StronglyCorrelated,scaled,130230,42,260.4600,130231,64855039,39042793,21886569,3925677,0.602001,130228,3,0.999977,132355,66506.2083,1451798381.7115,8661170008,221.8379,299.796462
2216,500,StronglyCorrelated,scaled,119398,42,238.7960,119399,59460703,38075701,18058918,3326084,0.640351,119396,3,0.999975,121623,61199.9064,1223265700.8369,7307207627,191.9126,318.894639
2217,500,StronglyCorrelated,scaled,123267,42,246.5340,123268,61387466,39229726,18730957,3426783,0.639051,123267,1,0.999992,125473,63115.7961,1302711503.3463,7780157959,198.3230,318.247445
2218,500,StronglyCorrelated,scaled,121943,42,243.8860,121944,60728113,37422743,19844621,3460749,0.616234,121943,1,0.999992,124109,62416.7604,1274906938.4580,7611349428,203.3883,306.884660
2219,500,StronglyCorrelated,scaled,120227,42,240.4540,120228,59873546,38499803,18179301,3194442,0.643019,120227,1,0.999992,122552,61704.6478,1241857996.1385,7418626396,192.6926,320.223267
2220,500,StronglyCorrelated,scaled,120864,42,241.7280,120865,60190772,37409649,19592194,3188929,0.621518,120862,3,0.999975,123100,61918.3159,1254260329.9421,7483757248,200.0488,309.515981
2221,500,StronglyCorrelated,scaled,130523,42,261.0460,130524,65000954,39702870,21501247,3796837,0.610804,130521,3,0.999977,132751,66741.2028,1458350525.7046,8711328760,219.4131,304.180610
2222,500,StronglyCorrelated,scaled,123976,42,247.9520,123977,61740548,39037486,19051424,3651638,0.632283,123976,1,0.999992,126181,63444.7110,1318172942.4159,7865684936,201.4906,314.876840
2223,500,StronglyCorrelated,scaled,119805,42,239.6100,119806,59663389,37854817,18469013,3339559,0.634473,119805,1,0.999992,122046,61411.6609,1231804613.3899,7357485446,194.3606,315.967623
2224,500,StronglyCorrelated,scaled,123765,42,247.5300,123766,61635469,38637920,19561113,3436436,0.626878,123765,1,0.999992,125936,63319.1513,1313248947.1477,7836758075,202.8256,312.185253
2225,500,StronglyCorrelated,scaled,126854,42,253.7080,126855,63173791,40410671,19031334,3731786,0.639675,126853,2,0.999984,129004,64859.9358,1377975257.6054,8227807159,203.6048,318.557968
2226,500,StronglyCorrelated,scaled,128085,42,256.1700,128086,63786830,40614453,19655142,3517235,0.636722,128085,1,0.999992,130329,65528.9516,1405900822.8296,8393341292,206.6590,317.087371
2227,500,StronglyCorrelated,scaled,126850,42,253.7000,126851,63171799,40344565,18976130,3851104,0.638648,126850,1,0.999992,129047,64916.0744,1377011481.2406,8234668958,204.1085,318.046882
2228,500,StronglyCorrelated,scaled,120940,42,241.8800,120941,60228619,36798280,19832722,3597617,0.610977,120936,5,0.999959,123166,61951.5226,1255660391.6599,7492479097,203.6095,304.266378
2229,500,StronglyCorrelated,scaled,124971,42,249.9420,124972,62236058,39422832,19385712,3427514,0.633440,124971,1,0.999992,127184,63966.4714,1338812395.7143,7994017862,202.7763,315.453318
2230,500,StronglyCorrelated,scaled,118578,42,237.1560,118579,59052344,37156300,18495460,3400584,0.629210,118578,1,0.999992,120713,60717.4613,1206539543.3560,7199815849,193.7711,313.346377
2231,500,StronglyCorrelated,scaled,123865,42,247.7300,123866,61685270,38658317,19822899,3204054,0.626703,123865,1,0.999992,126071,63412.5750,1315658709.7958,7854662019,203.1817,312.097888
2232,500,StronglyCorrelated,scaled,123974,42,247.9480,123975,61739552,39548048,18534154,3657350,0.640563,123973,2,0.999984,126200,63487.5548,1317262378.0774,7870869602,199.0204,319.000186
2233,500,StronglyCorrelated,scaled,120968,42,241.9360,120969,60242563,37947775,18994310,3300478,0.629916,120968,1,0.999992,123224,62001.5529,1255943504.4397,7500265853,197.6471,313.698344
2234,500,StronglyCorrelated,scaled,130829,42,261.6580,130830,65153341,40805279,20680317,3667745,0.626296,130829,1,0.999992,133023,66881.3083,1465012628.3801,8750081564,214.4350,311.895429
2235,500,StronglyCorrelated,scaled,130704,42,261.4080,130705,65091092,40740214,21225101,3125777,0.625895,130704,1,0.999992,132925,66833.1802,1462421061.2935,8735430815,214.4179,311.695911
2236,500,StronglyCorrelated,scaled,127377,42,254.7540,127378,63434245,38899766,21103782,3430697,0.613230,127369,9,0.999929,129563,65134.5775,1390620724.5210,8296712211,213.2844,305.388419
2237,500,StronglyCorrelated,scaled,124745,42,249.4900,124746,62123510,39167979,19426721,3528810,0.630486,124745,1,0.999992,126900,63826.9282,1332971032.9202,7962153979,203.2822,313.981843
2238,500,StronglyCorrelated,scaled,124007,42,248.0140,124008,61755986,39515285,18109735,4130966,0.639862,124007,1,0.999992,126132,63426.6317,1316927062.1715,7865409742,199.0473,318.651095
2239,500,StronglyCorrelated,scaled,126742,42,253.4840,126743,63118016,38769987,20544272,3803757,0.614246,126742,1,0.999992,128947,64830.1523,1376626174.5261,8216767993,211.9363,305.894503
2240,500,StronglyCorrelated,scaled,125005,42,250.0100,125006,62252989,39975399,18731337,3546253,0.642144,125004,2,0.999984,127176,63948.3845,1339001359.8733,7993931759,199.9713,319.787842
2241,500,StronglyCorrelated,scaled,117661,42,235.3220,117662,58595678,37694962,17408450,3492266,0.643306,117660,2,0.999983,119874,60317.1929,1188467527.0888,7097041548,188.2756,320.366490
2242,500,StronglyCorrelated,scaled,121228,42,242.4560,121229,60372044,37384105,19734903,3253036,0.619229,121227,2,0.999984,123366,62049.9740,1260171918.6107,7522256299,201.2154,308.375925
2243,500,StronglyCorrelated,scaled,128635,42,257.2700,128636,64060729,40382055,19496021,4182653,0.630371,128635,1,0.999992,130769,65717.5818,1416885491.0507,8453646850,209.3417,313.924990
2244,500,StronglyCorrelated,scaled,128405,42,256.8100,128406,63946190,38728001,21453745,3764444,0.605634,128404,2,0.999984,130556,65600.0055,1412295269.2833,8423434300,217.5024,301.605852
2245,500,StronglyCorrelated,scaled,122273,42,244.5460,122274,60892453,37969673,19285019,3637761,0.623553,122267,7,0.999943,124438,62573.3016,1281677165.3442,7651087883,201.5052,310.529409
2246,500,StronglyCorrelated,scaled,124273,42,248.5460,124274,61888453,37939930,20187690,3760833,0.613037,124273,1,0.999992,126429,63578.1329,1323125511.9921,7901108893,208.2531,305.292579
2247,500,StronglyCorrelated,scaled,128575,42,257.1500,128576,64030850,39964479,20637092,3429279,0.624144,128575,1,0.999992,130804,65750.4965,1417504924.9202,8453935839,211.5362,310.823785
2248,500,StronglyCorrelated,scaled,124137,42,248.2740,124138,61820725,38821448,19587257,3412020,0.627968,124137,1,0.999992,126372,63568.8761,1321370031.2292,7891313141,203.2720,312.728157
2249,500,StronglyCorrelated,scaled,123533,42,247.0660,123534,61519933,37337637,20574332,3607964,0.606919,123530,4,0.999968,125709,63211.3828,1307743701.5234,7808754958,209.1390,302.245835
2250,500,StronglyCorrelated,scaled,120162,42,240.3240,120163,59841176,37874327,18484461,3482388,0.632914,120162,1,0.999992,122407,61602.7865,1238512809.6855,7402375630,195.4457,315.191257
2251,500,StronglyCorrelated,scaled,125744,42,251.4880,125745,62621012,38474968,20454547,3691497,0.614410,125743,2,0.999984,127937,64341.0676,1354711322.6508,8090567542,210.2813,305.976126
2252,500,StronglyCorrelated,scaled,123179,42,246.3580,123180,61343641,37959582,19730740,3653319,0.618802,123178,2,0.999984,125291,62989.8931,1299498918.9955,7759095026,204.4041,308.163517
2253,500,StronglyCorrelated,scaled,121001,42,242.0020,121002,60258998,37727111,19116985,3414902,0.626083,120996,6,0.999950,123234,62028.7916,1255556742.4038,7505607846,198.9447,311.789152
2254,500,StronglyCorrelated,scaled,127468,42,254.9360,127469,63479563,38889480,20826255,3763828,0.612630,127468,1,0.999992,129589,65147.5771,1390354317.5796,8304296501,213.5358,305.089708
2255,500,StronglyCorrelated,scaled,126131,42,252.2620,126132,62813737,39669594,19327245,3816898,0.631543,126129,3,0.999976,128346,64542.2555,1363157755.1469,8140843775,205.2162,314.508562
2256,500,StronglyCorrelated,scaled,126405,42,252.8100,126406,62950189,39602898,20189365,3157926,0.629115,126405,1,0.999992,128636,64689.2667,1369542471.4686,8177111446,206.4776,313.299195
2257,500,StronglyCorrelated,scaled,122247,42,244.4940,122248,60879506,38517088,19270620,3091798,0.632677,122247,1,0.999992,124505,62663.2531,1281338698.9423,7660457368,198.8846,315.073359
2258,500,StronglyCorrelated,scaled,119555,42,239.1100,119556,59538890,38332973,18030536,3175381,0.643831,119555,1,0.999992,121791,61289.7420,1226608274.2113,7327556391,191.1554,320.627764
2259,500,StronglyCorrelated,scaled,127046,42,254.0920,127047,63269407,38365443,21113891,3790073,0.606382,127041,6,0.999953,129233,64971.0074,1382716133.1197,8254371572,215.1512,301.978347
2260,500,StronglyCorrelated,scaled,122752,42,245.5040,122753,61130995,38113463,20112517,2905015,0.623472,122752,1,0.999992,124916,62831.1571,1291820003.8138,7712713031,202.3619,310.489055
2261,500,StronglyCorrelated,scaled,128400,42,256.8000,128401,63943699,40521159,19780289,3642251,0.633701,128398,3,0.999977,130528,65629.1731,1410316038.1136,8426851453,207.9618,315.582893
2262,500,StronglyCorrelated,scaled,130538,42,261.0760,130539,65008423,39215701,21368484,4424238,0.603240,130538,1,0.999992,132680,66666.4194,1459093411.5026,8702567718,221.9154,300.413677
2263,500,StronglyCorrelated,scaled,122964,42,245.9280,122965,61236572,37927871,19731798,3576903,0.619366,122963,2,0.999984,125091,62908.3299,1295112975.2649,7735522786,203.9535,308.444444
2264,500,StronglyCorrelated,scaled,125090,42,250.1800,125091,62295319,38764184,19948972,3582163,0.622265,125090,1,0.999992,127258,63999.5057,1340898632.1466,8005762164,206.5247,309.887874
2265,500,StronglyCorrelated,scaled,125931,42,251.8620,125932,62714138,40114260,18935627,3664251,0.639637,125931,1,0.999992,128174,64445.9497,1360422483.9394,8115807341,202.3173,318.539053
2266,500,StronglyCorrelated,scaled,123662,42,247.3240,123663,61584176,39248330,18553497,3782349,0.637312,123662,1,0.999992,125872,63323.4741,1310533966.6980,7830770778,199.5186,317.381351
2267,500,StronglyCorrelated,scaled,125419,42,250.8380,125420,62459162,39137701,19550857,3770604,0.626613,125418,2,0.999984,127657,64174.4715,1349570494.3058,8048762210,205.6524,312.053110
2268,500,StronglyCorrelated,scaled,131131,42,262.2620,131132,65303738,40635805,21244252,3423681,0.622258,131131,1,0.999992,133287,67008.6487,1471038060.6190,8786978118,216.2373,309.884734
2269,500,StronglyCorrelated,scaled,117238,42,234.4760,117239,58385024,37756642,17785206,2843176,0.646684,117238,1,0.999991,119497,60175.8517,1179700473.0071,7054956673,186.8534,322.048482
2270,500,StronglyCorrelated,scaled,124320,42,248.6400,124321,61911859,37964825,20061091,3885943,0.613208,124320,1,0.999992,126442,63571.2344,1323521502.9797,7903239428,208.1727,305.377410
2271,500,StronglyCorrelated,scaled,131375,42,262.7500,131376,65425249,41003709,20565245,3856295,0.626726,131375,1,0.999992,133521,67099.8624,1476985378.4483,8815311523,214.9881,312.109586
2272,500,StronglyCorrelated,scaled,132461,42,264.9220,132462,65966077,41677900,20375710,3912467,0.631808,132449,13,0.999902,134610,67653.7834,1500998732.1675,8961555453,215.0194,314.640425
2273,500,StronglyCorrelated,scaled,125069,42,250.1380,125070,62284862,38315012,20232609,3737241,0.615158,125068,2,0.999984,127252,63975.5302,1340531629.5945,8001419563,208.8325,306.348541
2274,500,StronglyCorrelated,scaled,131685,42,263.3700,131686,65579630,39481491,22244833,3853306,0.602039,131684,2,0.999985,133848,67285.7303,1482887268.2101,8860588685,224.4239,299.815402
2275,500,StronglyCorrelated,scaled,125703,42,251.4060,125704,62600593,38761209,20312393,3526991,0.619183,125702,2,0.999984,127924,64332.5074,1354238703.3335,8086853505,208.6326,308.353028
2276,500,StronglyCorrelated,scaled,124032,42,248.0640,124033,61768435,38599437,19483085,3685913,0.624906,124029,4,0.999968,126198,63504.9146,1316723031.0913,7876705072,204.0627,311.202962
2277,500,StronglyCorrelated,scaled,125221,42,250.4420,125222,62360557,38888063,19620852,3851642,0.623600,125214,8,0.999936,127411,64077.6255,1343306164.6029,8023928424,206.3340,310.552962
2278,500,StronglyCorrelated,scaled,123014,42,246.0280,123015,61261471,37301569,20745387,3214515,0.608891,123011,4,0.999967,125257,62987.8218,1299145008.2147,7748446900,207.7244,303.227810
2279,500,StronglyCorrelated,scaled,122386,42,244.7720,122387,60948727,38459833,19014727,3474167,0.631019,122381,6,0.999951,124587,62662.5035,1284751010.4740,7669075814,199.4048,314.247698
2280,500,StronglyCorrelated,scaled,131742,42,263.4840,131743,65608016,39513497,22223109,3871410,0.602266,131742,1,0.999992,133940,67311.6016,1486152136.8590,8867832328,224.4254,299.928626
2281,500,StronglyCorrelated,scaled,123244,42,246.4880,123245,61376011,38281726,19636236,3458049,0.623725,123244,1,0.999992,125398,63081.8799,1301087928.1185,7774526290,203.0871,310.614840
2282,500,StronglyCorrelated,scaled,123487,42,246.9740,123488,61497026,38578467,19542930,3375629,0.627322,123486,2,0.999984,125623,63184.0199,1306279840.1887,7802468249,202.2493,312.406606
2283,500,StronglyCorrelated,scaled,128966,42,257.9320,128967,64225568,39634115,21092852,3498601,0.617108,128965,2,0.999984,131143,65931.0223,1424272837.5360,8502926159,214.5355,307.319818
2284,500,StronglyCorrelated,scaled,128716,42,257.4320,128717,64101067,40954711,19274086,3872270,0.638908,128716,1,0.999992,130886,65801.0707,1418656368.2602,8469716411,206.8069,318.176395
2285,500,StronglyCorrelated,scaled,127004,42,254.0080,127005,63248491,39140599,20330814,3777078,0.618838,127002,3,0.999976,129156,64916.3717,1381915714.7132,8244703794,210.6433,308.181560
2286,500,StronglyCorrelated,scaled,125923,42,251.8460,125924,62710154,39860694,19137394,3712066,0.635634,125920,4,0.999968,128119,64438.8750,1358520395.9545,8114400891,203.5690,316.545647
2287,500,StronglyCorrelated,scaled,125945,42,251.8900,125946,62721109,39363157,19958112,3399840,0.627590,125945,1,0.999992,128143,64418.2260,1360323086.0070,8113217890,206.1120,312.539954
2288,500,StronglyCorrelated,scaled,131825,42,263.6500,131826,65649350,39877635,21834086,3937629,0.607434,131825,1,0.999992,133905,67278.1254,1485494024.1697,8869006157,222.4055,302.502048
2289,500,StronglyCorrelated,scaled,125306,42,250.6120,125307,62402888,39475216,19125788,3801884,0.632586,125306,1,0.999992,127513,64114.8254,1346228884.4007,8034036427,203.5210,315.028019
2290,500,StronglyCorrelated,scaled,127755,42,255.5100,127756,63622489,39982661,20506432,3133396,0.628436,127750,6,0.999953,130003,65387.3169,1398555427.5273,8353622059,208.9311,312.961121
2291,500,StronglyCorrelated,scaled,125469,42,250.9380,125470,62484061,39656592,19221845,3605624,0.634667,125468,2,0.999984,127677,64198.3846,1349666760.2800,8054971316,203.1181,316.064334
2292,500,StronglyCorrelated,scaled,123034,42,246.0680,123035,61271432,39267123,18314130,3690179,0.640872,123034,1,0.999992,125263,63036.0711,1296862444.6242,7755643012,197.5098,319.154086
2293,500,StronglyCorrelated,scaled,126796,42,253.5920,126797,63144908,38727665,21055619,3361624,0.613314,126793,4,0.999968,128942,64825.7251,1376613632.9719,8219707462,212.2438,305.430452
2294,500,StronglyCorrelated,scaled,126404,42,252.8080,126405,62949692,38617028,20664894,3667770,0.613459,126402,3,0.999976,128627,64681.1517,1369716390.7509,8176020981,211.7206,305.502377
2295,500,StronglyCorrelated,scaled,122550,42,245.1000,122551,61030399,38023895,19332235,3674269,0.623032,122549,2,0.999984,124736,62717.7791,1288251844.1420,7686126548,202.1394,310.269969
2296,500,StronglyCorrelated,scaled,126692,42,253.3840,126693,63093115,38944926,20382340,3765849,0.617261,126692,1,0.999992,128792,64760.3604,1372761307.1683,8204684345,210.6740,307.396036
2297,500,StronglyCorrelated,scaled,132266,42,264.5320,132267,65868968,41559468,20764284,3545216,0.630942,132265,2,0.999985,134500,67618.1012,1497534452.1390,8943643398,215.2011,314.208896
2298,500,StronglyCorrelated,scaled,130883,42,261.7660,130884,65180233,40399492,21282566,3498175,0.619812,130883,1,0.999992,133037,66885.3723,1465198409.1963,8754225066,216.6915,308.666392
2299,500,StronglyCorrelated,scaled,126413,42,252.8260,126414,62954174,38504519,20452468,3997187,0.611628,126413,1,0.999992,128609,64655.0530,1370099500.4454,8173303869,212.2687,304.590623
2300,500,InverseCorrelated,scaled,129681,42,259.3620,129682,64581638,43967531,20566230,47877,0.680805,129680,2,0.999985,219302,164759.8150,2220658524.9530,21366382335,485.9582,339.041124
2301,500,InverseCorrelated,scaled,124039,42,248.0780,124040,61771921,42894239,18837846,39836,0.694397,124039,1,0.999992,230700,175238.3581,2420517277.4282,21736565938,506.7479,345.809731
2302,500,InverseCorrelated,scaled,119003,42,238.0060,119004,59263993,40281838,18937211,44944,0.679702,119002,2,0.999983,234564,172423.8534,2675282437.9454,20519128255,509.3891,338.491462
2303,500,InverseCorrelated,scaled,122854,42,245.7080,122855,61181792,42954191,18191843,35758,0.702075,122854,1,0.999992,234073,178939.0790,2427165644.8813,21983560545,511.7908,349.633234
2304,500,InverseCorrelated,scaled,123071,42,246.1420,123072,61289857,42964405,18276820,48632,0.701004,123071,1,0.999992,231868,175501.5842,2460989797.6223,21599330972,502.7262,349.099755
2305,500,InverseCorrelated,scaled,122976,42,245.9520,122977,61242548,42906029,18288700,47819,0.700592,122974,3,0.999976,232583,175449.9564,2637206091.5340,21576309291,502.8736,348.894745
2306,500,InverseCorrelated,scaled,128858,42,257.7160,128859,64171784,43266093,20856276,49415,0.674223,128855,4,0.999969,221196,165628.6652,2319971529.0001,21342744167,493.2903,335.763067
2307,500,InverseCorrelated,scaled,124190,42,248.3800,124191,61847120,42903165,18901503,42452,0.693697,124190,1,0.999992,228804,172772.8638,2380258018.3731,21456834724,500.1224,345.461145
2308,500,InverseCorrelated,scaled,125242,42,250.4840,125243,62371016,42475398,19848036,47582,0.681012,125241,2,0.999984,228227,174356.3000,2267418037.4323,21836906076,514.1072,339.143888
2309,500,InverseCorrelated,scaled,128750,42,257.5000,128751,64118000,44729610,19343284,45106,0.697614,128749,2,0.999984,223777,169272.5574,2340696295.3981,21794011040,487.2390,347.411748
2310,500,InverseCorrelated,scaled,127128,42,254.2560,127129,63310244,44269085,18990280,50879,0.699240,127124,5,0.999961,226748,173611.0650,2419627120.6615,22071001081,498.5647,348.221767
2311,500,InverseCorrelated,scaled,122991,42,245.9820,122992,61250018,43117867,18084437,47714,0.703965,122991,1,0.999992,231674,174747.7753,2393749982.6854,21492578375,498.4611,350.574566
2312,500,InverseCorrelated,scaled,124140,42,248.2800,124141,61822220,42492301,19280276,49643,0.687331,124140,1,0.999992,228761,175121.0681,2247687294.5301,21739704509,511.6151,342.290629
2313,500,InverseCorrelated,scaled,121434,42,242.8680,121435,60474631,41980898,18445062,48671,0.694190,121434,1,0.999992,234018,172719.6727,2591420358.0042,20974213456,499.6133,345.706740
2314,500,InverseCorrelated,scaled,128669,42,257.3380,128670,64077661,43944609,20077740,55312,0.685802,128666,4,0.999969,222759,170961.1234,2191639290.2900,21997567753,500.5749,341.529564
2315,500,InverseCorrelated,scaled,129089,42,258.1780,129090,64286821,43873180,20356083,57558,0.682460,129089,1,0.999992,219604,165757.2300,2186876277.1674,21397600817,487.7148,339.865055
2316,500,InverseCorrelated,scaled,125681,42,251.3620,125682,62589637,42868089,19681817,39731,0.684907,125681,1,0.999992,226045,170535.9064,2290081533.9308,21433293791,499.9825,341.083759
2317,500,InverseCorrelated,scaled,129792,42,259.5840,129793,64636916,44532886,20050230,53800,0.688970,129789,4,0.999969,218969,166079.8936,2103289833.8732,21556007635,484.0469,343.106993
2318,500,InverseCorrelated,scaled,121993,42,243.9860,121994,60753013,42925059,17783792,44162,0.706550,121992,2,0.999984,237012,184599.0355,2329666475.8998,22519974742,524.6347,351.862051
2319,500,InverseCorrelated,scaled,128748,42,257.4960,128749,64117004,43901970,20162440,52594,0.684716,128747,2,0.999984,223031,167761.7349,2382114421.8753,21599155613,491.9860,340.988823
2320,500,InverseCorrelated,scaled,131713,42,263.4260,131714,65593574,44144775,21405322,43477,0.673005,131707,7,0.999947,216944,162647.8311,2180363986.5652,21422996428,485.2895,335.156286
2321,500,InverseCorrelated,scaled,128048,42,256.0960,128049,63768404,44580399,19138878,49127,0.699099,128044,5,0.999961,226744,171476.3998,2409291984.2034,21957381513,492.5344,348.151091
2322,500,InverseCorrelated,scaled,125914,42,251.8280,125915,62705671,43060302,19592771,52598,0.686705,125912,3,0.999976,226122,169810.0169,2394695206.4345,21381628284,496.5508,341.979129
2323,500,InverseCorrelated,scaled,121552,42,243.1040,121553,60533396,41948550,18540833,44013,0.692982,121550,3,0.999975,236463,182205.3871,2453110827.1791,22147611423,527.9708,345.105016
2324,500,InverseCorrelated,scaled,127660,42,255.3200,127661,63575180,43833327,19671834,70019,0.689472,127659,2,0.999984,223695,171365.9762,2031608132.1856,21876751883,499.0895,343.357227
2325,500,InverseCorrelated,scaled,130360,42,260.7200,130361,64919780,43374996,21489735,55049,0.668132,130353,8,0.999939,216269,160152.2299,2278459071.8374,20877604836,481.3281,332.729850
2326,500,InverseCorrelated,scaled,124582,42,249.1640,124583,62042335,43325287,18672086,44962,0.698318,124578,5,0.999960,229867,173092.0283,2459598432.8712,21564324166,497.7307,347.762431
2327,500,InverseCorrelated,scaled,124034,42,248.0680,124035,61769432,42518357,19210213,40862,0.688340,124033,2,0.999984,231563,176841.2891,2449263794.4088,21934509295,515.8833,342.793220
2328,500,InverseCorrelated,scaled,130331,42,260.6620,130332,64905338,44623823,20223961,57554,0.687522,130330,2,0.999985,216527,162119.8280,2154304442.6151,21129401418,473.5005,342.385776
2329,500,InverseCorrelated,scaled,122093,42,244.1860,122094,60802813,42868088,17891173,43552,0.705035,122090,4,0.999967,235527,181118.1073,2393860165.3681,22113434191,515.8484,351.107245
2330,500,InverseCorrelated,scaled,122813,42,245.6260,122814,61161374,42422323,18698222,40829,0.693613,122813,1,0.999992,234630,178082.8568,2601032148.7759,21871067972,515.5556,345.419276
2331,500,InverseCorrelated,scaled,119212,42,238.4240,119213,59368076,40423212,18907124,37740,0.680891,119212,1,0.999992,237686,177530.4499,2567043334.5752,21163937528,523.5590,339.083925
2332,500,InverseCorrelated,scaled,128130,42,256.2600,128131,63809240,43032120,20728559,48561,0.674387,128126,5,0.999961,220793,166207.3618,2170892837.5653,21296315481,494.8935,335.844721
2333,500,InverseCorrelated,scaled,122080,42,244.1600,122081,60796340,42990943,17761317,44080,0.707130,122080,1,0.999992,237284,182172.5714,2534068804.3939,22239809691,517.3138,352.150974
2334,500,InverseCorrelated,scaled,123622,42,247.2440,123623,61564256,41929634,19593301,41321,0.681071,123614,9,0.999927,229851,170819.7124,2644929475.9894,21117245311,503.6353,339.173406
2335,500,InverseCorrelated,scaled,127712,42,255.4240,127713,63601076,43719864,19831954,49258,0.687408,127710,3,0.999977,226709,172940.2180,2482906317.1870,22086714056,505.1872,342.329003
2336,500,InverseCorrelated,scaled,124330,42,248.6600,124331,61916839,42996749,18860818,59272,0.694427,124328,3,0.999976,227333,171794.0417,2243314224.5926,21359324999,496.7660,345.824847
2337,500,InverseCorrelated,scaled,117687,42,235.3740,117688,58608625,40476334,18095541,36750,0.690621,117685,3,0.999975,243898,186479.0591,2707413462.1424,21946347503,542.2020,343.929152
2338,500,InverseCorrelated,scaled,122253,42,244.5060,122254,60882493,42331900,18505515,45078,0.695305,122253,1,0.999992,233588,177047.8766,2414475845.4246,21644811100,511.3121,346.261881
2339,500,InverseCorrelated,scaled,123099,42,246.1980,123100,61303802,42927138,18336722,39942,0.700236,123098,2,0.999984,232398,176665.8276,2476412653.3203,21747563378,506.6157,348.717612
2340,500,InverseCorrelated,scaled,122133,42,244.2660,122134,60822733,42130935,18648204,43594,0.692684,122132,2,0.999984,231634,170710.4978,2727214704.9516,20849555944,494.8752,344.956646
2341,500,InverseCorrelated,scaled,131397,42,262.7940,131398,65436205,45684553,19706440,45212,0.698154,131395,3,0.999977,218536,167889.0857,2086525897.2510,22060290078,482.8829,347.680733
2342,500,InverseCorrelated,scaled,122053,42,244.1060,122054,60782893,43053468,17683833,45592,0.708316,122053,1,0.999992,236404,179665.6890,2587504207.1563,21928916002,509.3415,352.741147
2343,500,InverseCorrelated,scaled,131247,42,262.4940,131248,65361505,44803060,20519407,39038,0.685466,131243,5,0.999962,218232,165781.8658,2121700372.3540,21758538318,485.6485,341.361849
2344,500,InverseCorrelated,scaled,126110,42,252.2200,126111,62803279,42764465,19990890,47924,0.680927,126109,2,0.999984,228582,170573.4866,2575887062.3258,21511192967,503.0156,339.101783
2345,500,InverseCorrelated,scaled,122300,42,244.6000,122301,60905900,43034814,17828912,42174,0.706579,122298,3,0.999975,234105,179210.2199,2425663443.2505,21917589099,509.2990,351.876223
2346,500,InverseCorrelated,scaled,123221,42,246.4420,123222,61364557,41597328,19726280,40949,0.677872,123220,2,0.999984,232181,175840.8856,2409184002.2975,21667465607,520.8860,337.580367
2347,500,InverseCorrelated,scaled,131944,42,263.8880,131945,65708611,45205861,20458323,44427,0.687975,131941,4,0.999970,213828,160421.8688,2136278371.3561,21166863475,468.2327,342.611399
2348,500,InverseCorrelated,scaled,131116,42,262.2320,131117,65296267,45093200,20155516,47551,0.690594,131116,1,0.999992,219674,171012.5912,1976161703.6510,22422657925,497.2514,343.915739
2349,500,InverseCorrelated,scaled,124322,42,248.6440,124323,61912856,43061962,18800610,50284,0.695525,124320,3,0.999976,232142,177105.0512,2484883543.7283,22018231285,511.3151,346.371645
2350,500,InverseCorrelated,scaled,127405,42,254.8100,127406,63448189,43671863,19728248,48078,0.688307,127403,3,0.999976,227132,171117.0067,2384508978.5137,21801333357,499.2078,342.777130
2351,500,InverseCorrelated,scaled,125164,42,250.3280,125165,62332172,42846529,19438475,47168,0.687390,125162,3,0.999976,225848,169337.9040,2271033066.5491,21195178752,494.6767,342.320369
2352,500,InverseCorrelated,scaled,124739,42,249.4780,124740,62120521,42606699,19467871,45951,0.685872,124739,1,0.999992,227655,172346.1196,2250559975.7763,21498454956,504.5792,341.564045
2353,500,InverseCorrelated,scaled,123978,42,247.9560,123979,61741543,42935590,18755637,50316,0.695408,123978,1,0.999992,232917,176199.1427,2498063399.9670,21844993513,508.7852,346.313408
2354,500,InverseCorrelated,scaled,118728,42,237.4560,118729,59127043,41452775,17633180,41088,0.701080,118728,1,0.999992,236732,177886.3493,2592343023.7386,21120268363,509.5019,349.137742
2355,500,InverseCorrelated,scaled,125835,42,251.6700,125836,62666330,43524942,19092078,49310,0.694551,125835,1,0.999992,228201,176462.3314,2102459387.3189,22205313928,510.1745,345.886249
2356,500,InverseCorrelated,scaled,120042,42,240.0840,120043,59781415,41579030,18154438,47947,0.695518,120040,3,0.999975,239876,182878.4086,2567829290.0711,21953272809,527.9891,346.367802
2357,500,InverseCorrelated,scaled,126207,42,252.4140,126208,62851586,42839573,19963386,48627,0.681599,126201,7,0.999945,223807,166621.7311,2364317396.6915,21028995433,490.8778,339.436272
2358,500,InverseCorrelated,scaled,126800,42,253.6000,126801,63146900,42881854,20224040,41006,0.679081,126798,3,0.999976,223204,168108.3816,2265738041.7450,21316310898,497.0940,338.182301
2359,500,InverseCorrelated,scaled,126054,42,252.1080,126055,62775391,42915464,19810580,49347,0.683635,126052,3,0.999976,227336,170671.6351,2389702042.8461,21514012967,501.3114,340.450311
2360,500,InverseCorrelated,scaled,125652,42,251.3040,125653,62575196,43017910,19500893,56393,0.687459,125652,1,0.999992,223200,167506.7267,2368963927.3645,21047722729,489.2781,342.354818
2361,500,InverseCorrelated,scaled,127010,42,254.0200,127011,63251479,43655064,19550424,45991,0.690183,127005,6,0.999953,223491,168700.6436,2188132014.5905,21426837444,490.8213,343.710891
2362,500,InverseCorrelated,scaled,126094,42,252.1880,126095,62795312,43216481,19531386,47445,0.688212,126094,1,0.999992,225608,169351.1948,2342944999.6013,21354338914,494.1249,342.729537
2363,500,InverseCorrelated,scaled,125430,42,250.8600,125431,62464639,43589380,18832390,42869,0.697825,125429,2,0.999984,230095,176338.6267,2365020221.4271,22118330283,507.4248,347.516802
2364,500,InverseCorrelated,scaled,121955,42,243.9100,121956,60734089,42344243,18352411,37435,0.697207,121955,1,0.999992,232067,178015.8123,2306637472.9090,21710096409,512.7048,347.209182
2365,500,InverseCorrelated,scaled,126701,42,253.4020,126702,63097598,44019532,19021673,56393,0.697642,126699,3,0.999976,226051,171336.8352,2200600113.7657,21708719696,493.1611,347.425708
2366,500,InverseCorrelated,scaled,118361,42,236.7220,118362,58944278,41441895,17450733,51650,0.703069,118361,1,0.999992,238054,178490.0053,2544563769.8396,21126434002,509.7845,350.128377
2367,500,InverseCorrelated,scaled,128529,42,257.0580,128530,64007942,44047405,19914309,46228,0.688155,128528,2,0.999984,224930,170271.3601,2320179617.9840,21884977917,496.8506,342.701354
2368,500,InverseCorrelated,scaled,125515,42,251.0300,125516,62506969,43025915,19443386,37668,0.688338,125515,1,0.999992,225887,169746.1353,2459100503.1946,21305855917,495.1866,342.792273
2369,500,InverseCorrelated,scaled,125073,42,250.1460,125074,62286854,42672185,19574615,40054,0.685091,125071,3,0.999976,229336,173104.6930,2347105758.7405,21650896378,507.3773,341.175504
2370,500,InverseCorrelated,scaled,124041,42,248.0820,124042,61772918,42647150,19093380,32388,0.690386,124038,4,0.999968,232582,173324.6920,2693473862.0627,21499541440,504.1261,343.812177
2371,500,InverseCorrelated,scaled,124016,42,248.0320,124017,61760467,42694415,19018129,47923,0.691290,124015,2,0.999984,230999,175460.5648,2403707893.7461,21760092866,509.6707,344.262601
2372,500,InverseCorrelated,scaled,124247,42,248.4940,124248,61875506,42561264,19269565,44677,0.687853,124246,2,0.999984,230823,177067.6164,2390402630.3655,22000297198,516.9089,342.550898
2373,500,InverseCorrelated,scaled,125637,42,251.2740,125638,62567726,43189514,19332642,45570,0.690284,125631,7,0.999944,225730,167345.9670,2549403291.3277,21025012602,486.8083,343.761553
2374,500,InverseCorrelated,scaled,126082,42,252.1640,126083,62789335,43293988,19448824,46523,0.689512,126082,1,0.999992,226728,171170.5560,2318816533.3409,21581697208,498.4918,343.376887
2375,500,InverseCorrelated,scaled,123474,42,246.9480,123475,61490551,42279312,19169973,41266,0.687574,123464,11,0.999911,232498,176074.1493,2539987912.2001,21740755585,514.2173,342.411921
2376,500,InverseCorrelated,scaled,130572,42,261.1440,130573,65025355,44521487,20452844,51024,0.684679,130572,1,0.999992,218875,163657.5827,2225008469.1643,21369261544,479.9764,340.970086
2377,500,InverseCorrelated,scaled,125805,42,251.6100,125806,62651390,42904887,19693272,53231,0.684819,125802,4,0.999968,224554,170911.5055,2231377774.4699,21501692865,501.1479,341.040070
2378,500,InverseCorrelated,scaled,118459,42,236.9180,118460,58993081,40899709,18055124,38248,0.693297,118456,4,0.999966,241108,183722.2207,2528953126.9990,21763734263,532.1244,345.261768
2379,500,InverseCorrelated,scaled,122729,42,245.4580,122730,61119542,42830642,18245001,43899,0.700768,122729,1,0.999992,235964,179318.1812,2525482205.9297,22007720376,513.8312,348.982661
2380,500,InverseCorrelated,scaled,126042,42,252.0840,126043,62769416,44727343,17984703,57370,0.712566,126042,1,0.999992,224315,171001.0492,2339271326.9402,21553485249,481.8861,354.857810
2381,500,InverseCorrelated,scaled,125803,42,251.6060,125804,62650393,43478204,19125785,46404,0.693981,125801,3,0.999976,227964,173084.3548,2324355894.5126,21774704169,500.8189,345.602715
2382,500,InverseCorrelated,scaled,127965,42,255.9300,127966,63727069,45078106,18599489,49474,0.707362,127964,2,0.999984,225071,170669.2320,2384614246.2644,21839858947,484.4893,352.266274
2383,500,InverseCorrelated,scaled,123228,42,246.4560,123229,61368044,42999787,18320868,47389,0.700687,123226,3,0.999976,232361,177792.2677,2297265938.7414,21909163351,509.5180,348.942108
2384,500,InverseCorrelated,scaled,128378,42,256.7560,128379,63932744,43176465,20707119,49160,0.675342,128375,4,0.999969,222233,167696.2694,2325433367.8970,21528679374,498.6207,336.320309
2385,500,InverseCorrelated,scaled,122696,42,245.3920,122697,61103108,42278060,18780025,45023,0.691913,122694,3,0.999976,233857,176787.6151,2433188358.9652,21691310004,513.0630,344.572891
2386,500,InverseCorrelated,scaled,124613,42,249.2260,124614,62057774,42236639,19778873,42262,0.680602,124608,6,0.999952,227157,168049.6931,2408482011.7525,20941344460,495.8099,338.939758
2387,500,InverseCorrelated,scaled,126004,42,252.0080,126005,62750491,43448286,19256398,45807,0.692398,126004,1,0.999992,226811,171048.1543,2378380766.4694,21552922677,496.0592,344.813984
2388,500,InverseCorrelated,scaled,126563,42,253.1260,126564,63028874,44000482,18969864,58528,0.698100,126563,1,0.999992,223981,169805.2363,2270957131.6425,21491229926,488.4317,347.654009
2389,500,InverseCorrelated,scaled,131017,42,262.0340,131018,65246965,45654239,19534107,58619,0.699714,131011,7,0.999947,218664,165097.8921,2327574884.6138,21630795630,473.7960,348.457762
2390,500,InverseCorrelated,scaled,128161,42,256.3220,128162,63824678,44028285,19749503,46890,0.689832,128160,2,0.999984,224351,170971.3492,2157778897.5910,21912030053,497.6808,343.536189
2391,500,InverseCorrelated,scaled,129841,42,259.6820,129842,64661318,44148952,20459491,52875,0.682772,129841,1,0.999992,222959,170120.6282,2339103773.7538,22088802612,500.3245,340.020579
2392,500,InverseCorrelated,scaled,128224,42,256.4480,128225,63856052,43641949,20177499,36604,0.683443,128224,1,0.999992,223410,172273.4405,2050450325.2804,22089761905,506.1589,340.354447
2393,500,InverseCorrelated,scaled,122764,42,245.5280,122765,61136972,41992103,19085751,59118,0.686853,122759,6,0.999951,232614,174204.6527,2533771672.4428,21386234185,509.2918,342.052727
2394,500,InverseCorrelated,scaled,123805,42,247.6100,123806,61655390,43062714,18541761,50915,0.698442,123803,3,0.999976,230054,172714.8845,2534972617.8517,21383138987,496.5581,347.824128
2395,500,InverseCorrelated,scaled,127133,42,254.2660,127134,63312733,43418083,19848154,46496,0.685772,127133,1,0.999992,224312,167771.7044,2281272691.2330,21329487862,491.2582,341.514331
2396,500,InverseCorrelated,scaled,127786,42,255.5720,127787,63637927,43416319,20177303,44305,0.682240,127786,1,0.999992,223975,170831.8418,2260271138.8696,21830088569,502.8084,339.755366
2397,500,InverseCorrelated,scaled,117912,42,235.8240,117913,58720676,41492423,17186256,41997,0.706607,117912,1,0.999992,240012,181175.3909,2571351227.8128,21362933872,514.8635,351.890148
2398,500,InverseCorrelated,scaled,121838,42,243.6760,121839,60675824,41958181,18671781,45862,0.691514,121838,1,0.999992,235614,176919.3258,2591782366.8193,21555673739,513.7419,344.373977
2399,500,InverseCorrelated,scaled,124901,42,249.8020,124902,62201197,42878455,19275994,46748,0.689351,124900,2,0.999984,229684,171572.7139,2522831304.5963,21429775116,499.7796,343.296785
2400,500,AlmostEqualRatios,scaled,122354,42,244.7080,122355,60932791,33429957,26254560,1248274,0.548637,122353,2,0.999984,128445,65256.5427,1373156225.0411,7984464277,238.8416,273.221013
2401,500,AlmostEqualRatios,scaled,127755,42,255.5100,127756,63622489,36743048,25755713,1123728,0.577517,127755,1,0.999992,133555,67913.8595,1485901326.4558,8676403030,236.1373,287.603306
2402,500,AlmostEqualRatios,scaled,123868,42,247.7360,123869,61686764,33845411,26535011,1306342,0.548666,123867,2,0.999984,130642,66287.4617,1422610632.1866,8210961592,242.6019,273.235523
2403,500,AlmostEqualRatios,scaled,125875,42,251.7500,125876,62686249,34561582,27124521,1000146,0.551342,125874,2,0.999984,131919,67073.9665,1449479953.1773,8443002602,244.2887,274.568480
2404,500,AlmostEqualRatios,scaled,127218,42,254.4360,127219,63355063,33381558,28999313,974192,0.526896,127217,2,0.999984,134044,68018.6484,1498871891.4278,8653264437,259.2229,262.394438
2405,500,AlmostEqualRatios,scaled,117602,42,235.2040,117603,58566295,31221358,26229876,1115061,0.533094,117597,6,0.999949,123184,62525.7323,1263501522.1977,7353213693,235.5187,265.480966
2406,500,AlmostEqualRatios,scaled,127075,42,254.1500,127076,63283850,33166043,29011155,1106652,0.524084,127072,4,0.999969,133517,67865.8114,1488360649.3154,8624115852,260.0285,260.993760
2407,500,AlmostEqualRatios,scaled,118170,42,236.3400,118171,58849160,31166545,26193503,1489112,0.529601,118169,2,0.999983,123733,62868.7200,1274717533.2162,7429259517,238.3729,263.741062
2408,500,AlmostEqualRatios,scaled,127572,42,255.1440,127573,63531356,34250562,27994086,1286708,0.539113,127572,1,0.999992,134538,68261.3079,1507516671.7315,8708299834,254.2528,268.478142
2409,500,AlmostEqualRatios,scaled,122578,42,245.1560,122579,61044343,33125203,26652612,1266528,0.542642,122578,1,0.999992,127948,65003.8778,1362511000.2263,7968110342,240.5453,270.235546
2410,500,AlmostEqualRatios,scaled,125034,42,250.0680,125035,62267431,32166984,28953461,1146986,0.516594,125034,1,0.999992,132139,67029.4816,1457109934.8822,8381031236,260.5476,257.263838
2411,500,AlmostEqualRatios,scaled,128429,42,256.8580,128430,63958141,35795548,27092954,1069639,0.559671,128427,3,0.999977,134667,68377.7963,1508745224.6531,8781760375,245.3311,278.716406
2412,500,AlmostEqualRatios,scaled,121444,42,242.8880,121445,60479611,32153672,27212968,1112971,0.531645,121442,3,0.999975,127873,64922.0907,1361171213.2210,7884463300,245.2119,264.759126
2413,500,AlmostEqualRatios,scaled,129512,42,259.0240,129513,64497476,35274282,28303328,919866,0.546909,129510,3,0.999977,135848,69001.6919,1536970306.1580,8936616125,253.3465,272.360937
2414,500,AlmostEqualRatios,scaled,126048,42,252.0960,126049,62772403,34029837,27636619,1105947,0.542115,126044,5,0.999960,132849,67347.1451,1470167203.7480,8489040290,249.4587,269.973082
2415,500,AlmostEqualRatios,scaled,120877,42,241.7540,120878,60197245,31989021,26517291,1690933,0.531403,120876,2,0.999983,126692,64377.4174,1337889892.6747,7781813461,243.2651,264.638900
2416,500,AlmostEqualRatios,scaled,130967,42,261.9340,130968,65222066,35146138,29027915,1048013,0.538869,130965,3,0.999977,136296,69243.1847,1545114178.4817,9068641415,258.0267,268.356683
2417,500,AlmostEqualRatios,scaled,119959,42,239.9180,119960,59740081,32912882,25564245,1262954,0.550935,119957,3,0.999975,126882,64380.4057,1343219445.0353,7723073472,234.6520,274.365472
2418,500,AlmostEqualRatios,scaled,127487,42,254.9740,127488,63489026,34023148,28333016,1132862,0.535890,127486,2,0.999984,134149,68071.9336,1500203817.2805,8678354673,255.0721,266.873337
2419,500,AlmostEqualRatios,scaled,124072,42,248.1440,124073,61788356,34022038,26641232,1125086,0.550622,124072,1,0.999992,130803,66395.3716,1427842533.1631,8237872945,242.1334,274.209844
2420,500,AlmostEqualRatios,scaled,124413,42,248.8260,124414,61958173,34128911,26862945,966317,0.550838,124413,1,0.999992,130047,66056.6215,1406641998.0705,8218368510,240.8037,274.317287
2421,500,AlmostEqualRatios,scaled,125990,42,251.9800,125991,62743520,32653236,28926074,1164210,0.520424,125986,5,0.999960,132958,67410.4522,1473748081.3928,8493110287,260.1001,259.171179
2422,500,AlmostEqualRatios,scaled,123555,42,247.1100,123556,61530889,34272871,26103103,1154915,0.557003,123553,3,0.999976,129803,65915.0747,1403618230.4054,8144202975,237.6283,277.387347
2423,500,AlmostEqualRatios,scaled,126771,42,253.5420,126772,63132458,34510574,27323823,1298061,0.546638,126771,1,0.999992,132835,67495.4099,1471650961.8822,8556528099,247.9393,272.225523
2424,500,AlmostEqualRatios,scaled,124522,42,249.0440,124523,62012456,33576892,27022848,1412716,0.541454,124520,3,0.999976,130236,66232.1733,1413908994.8213,8247428920,245.6281,269.644098
2425,500,AlmostEqualRatios,scaled,125376,42,250.7520,125377,62437748,34444375,26826923,1166450,0.551659,125376,1,0.999992,132193,67096.4790,1459664983.2476,8412355253,244.2302,274.726425
2426,500,AlmostEqualRatios,scaled,122377,42,244.7540,122378,60944245,31726357,27965209,1252679,0.520580,122377,1,0.999992,128530,65257.6460,1376131403.0249,7986100197,251.7182,259.248860
2427,500,AlmostEqualRatios,scaled,128592,42,257.1840,128593,64039316,34706645,28114878,1217793,0.541958,128592,1,0.999992,134322,68389.1838,1504263774.3526,8794370313,253.3915,269.895290
2428,500,AlmostEqualRatios,scaled,126014,42,252.0280,126015,62755472,34335938,27282852,1136682,0.547139,126011,4,0.999968,132015,67128.2795,1453337717.2856,8459170141,246.3649,272.475007
2429,500,AlmostEqualRatios,scaled,127303,42,254.6060,127304,63397393,33798300,28470860,1128233,0.533118,127303,1,0.999992,133435,67776.4857,1484147649.7328,8628217732,255.2856,265.492836
2430,500,AlmostEqualRatios,scaled,124004,42,248.0080,124005,61754492,32526987,27586942,1640563,0.526715,124002,3,0.999976,130273,66219.3440,1417669053.6368,8211529747,252.4528,262.303835
2431,500,AlmostEqualRatios,scaled,126298,42,252.5960,126299,62896903,34299656,27122979,1474268,0.545331,126298,1,0.999992,132168,67140.5589,1455220148.3638,8479785446,247.2265,271.575040
2432,500,AlmostEqualRatios,scaled,122183,42,244.3660,122184,60847633,34130626,25531445,1185562,0.560920,122181,3,0.999975,128277,65198.2170,1371315027.3151,7966178946,233.4027,279.337933
2433,500,AlmostEqualRatios,scaled,121371,42,242.7420,121372,60443258,33067769,26176885,1198604,0.547088,121371,1,0.999992,128220,65064.7228,1372579940.2276,7897035530,238.8137,272.449733
2434,500,AlmostEqualRatios,scaled,124919,42,249.8380,124920,62210162,33533359,27258405,1418398,0.539033,124919,1,0.999992,131498,66701.9346,1439925869.8398,8332405664,248.4811,268.438673
2435,500,AlmostEqualRatios,scaled,129804,42,259.6080,129805,64642891,35929979,27577429,1135483,0.555823,129802,3,0.999977,136291,69244.4982,1546613550.8018,8988282093,250.1611,276.799653
2436,500,AlmostEqualRatios,scaled,129672,42,259.3440,129673,64577155,34342837,29102965,1131353,0.531811,129669,4,0.999969,135521,68917.4619,1530251045.9013,8936734042,260.2212,264.841848
2437,500,AlmostEqualRatios,scaled,128079,42,256.1580,128080,63783841,34550845,27733229,1499767,0.541686,128079,1,0.999992,134198,68174.6802,1501290732.5825,8731813046,252.7236,269.759877
2438,500,AlmostEqualRatios,scaled,127925,42,255.8500,127926,63707150,33905336,28616682,1185132,0.532206,127924,2,0.999984,134673,68326.6174,1511013749.6235,8740750863,257.7987,265.038663
2439,500,AlmostEqualRatios,scaled,128205,42,256.4100,128206,63846590,36626491,26026791,1193308,0.573664,128205,1,0.999992,134394,68272.0144,1503369332.6496,8752881884,238.9768,285.684687
2440,500,AlmostEqualRatios,scaled,126146,42,252.2920,126147,62821207,35353939,26138519,1328749,0.562771,126145,2,0.999984,132506,67308.8731,1462809459.4403,8490812410,240.1660,280.259848
2441,500,AlmostEqualRatios,scaled,126230,42,252.4600,126231,62863040,33014668,28433801,1414571,0.525184,126228,3,0.999976,132729,67424.6867,1469959329.0687,8511085629,257.7971,261.541682
2442,500,AlmostEqualRatios,scaled,120237,42,240.4740,120238,59878526,33666534,24701424,1510568,0.562247,120237,1,0.999992,125776,63945.1324,1316537608.7450,7688634832,228.3762,279.999118
2443,500,AlmostEqualRatios,scaled,125467,42,250.9340,125468,62483066,34732431,26773516,977119,0.555870,125462,6,0.999952,131616,66924.5984,1445017927.7050,8396895516,241.7595,276.823023
2444,500,AlmostEqualRatios,scaled,122565,42,245.1300,122566,61037870,32941652,26624020,1472198,0.539692,122565,1,0.999992,128784,65528.7212,1384861628.7090,8031593246,243.8127,268.766640
2445,500,AlmostEqualRatios,scaled,124148,42,248.2960,124149,61826203,33556475,26668359,1601369,0.542755,124148,1,0.999992,130584,66340.5331,1419356078.6378,8236110849,245.4403,270.291948
2446,500,AlmostEqualRatios,scaled,120703,42,241.4060,120704,60110594,32936622,25777626,1396346,0.547934,120702,2,0.999983,126408,64274.7986,1331246793.9324,7758225295,235.5501,272.871007
2447,500,AlmostEqualRatios,scaled,121826,42,243.6520,121827,60669848,34030228,25357345,1282275,0.560908,121826,1,0.999992,127134,64693.6541,1346504887.1679,7881433802,231.6010,279.332398
2448,500,AlmostEqualRatios,scaled,128657,42,257.3140,128658,64071685,35852420,26851017,1368248,0.559567,128656,2,0.999984,135263,68682.0574,1525177742.5757,8836496140,246.4686,278.664521
2449,500,AlmostEqualRatios,scaled,123694,42,247.3880,123695,61600112,32808638,27645909,1145565,0.532607,123693,2,0.999984,129614,65930.2679,1400036014.0728,8155244492,248.5700,265.238191
2450,500,AlmostEqualRatios,scaled,124805,42,249.6100,124806,62153389,33002792,28050360,1100237,0.530989,124805,1,0.999992,131001,66599.2383,1431346766.5847,8311984541,251.8570,264.432736
2451,500,AlmostEqualRatios,scaled,125002,42,250.0040,125003,62251496,34326300,26926770,998426,0.551413,124999,4,0.999968,130925,66530.6315,1428912157.8413,8316528525,242.2786,274.603810
2452,500,AlmostEqualRatios,scaled,128818,42,257.6360,128819,64151863,33931393,28969471,1250999,0.528923,128815,4,0.999969,134684,68414.3370,1509652877.1180,8813066474,259.7319,263.403636
2453,500,AlmostEqualRatios,scaled,122861,42,245.7220,122862,61185277,33764401,26006702,1414174,0.551839,122859,3,0.999976,129212,65465.6592,1391967574.6713,8043241821,238.2166,274.815655
2454,500,AlmostEqualRatios,scaled,129488,42,258.9760,129489,64485523,35069007,28056391,1360125,0.543828,129488,1,0.999992,135817,69054.1216,1538945725.0839,8941749152,254.9758,270.826147
2455,500,AlmostEqualRatios,scaled,120494,42,240.9880,120495,60006512,33902931,24916361,1187220,0.564988,120494,1,0.999992,125725,63948.2069,1314562708.0218,7705439187,227.2794,281.363799
2456,500,AlmostEqualRatios,scaled,125056,42,250.1120,125057,62278388,33677559,27390732,1210097,0.540758,125056,1,0.999992,131748,66896.9198,1448004626.5323,8365928103,248.4125,269.297672
2457,500,AlmostEqualRatios,scaled,123162,42,246.3240,123163,61335175,31924926,27729252,1680997,0.520499,123162,1,0.999992,129564,65717.8787,1397944251.8752,8094011099,253.5327,259.208740
2458,500,AlmostEqualRatios,scaled,129961,42,259.9220,129962,64721077,36377279,27358781,985017,0.562062,129960,2,0.999985,136417,69274.5852,1550443439.6212,9003063645,247.4914,279.907042
2459,500,AlmostEqualRatios,scaled,127362,42,254.7240,127363,63426775,36175226,26150185,1101364,0.570346,127361,2,0.999984,133089,67566.0602,1473365027.2941,8605416120,237.8815,284.032458
2460,500,AlmostEqualRatios,scaled,127142,42,254.2840,127143,63317216,34453498,27739629,1124089,0.544141,127142,1,0.999992,132129,67188.3772,1450582046.9019,8542531846,247.9438,270.982264
2461,500,AlmostEqualRatios,scaled,124024,42,248.0480,124025,61764452,33814581,26547947,1401924,0.547476,124024,1,0.999992,130059,66110.0535,1410261767.0963,8199299384,242.4782,272.643265
2462,500,AlmostEqualRatios,scaled,128283,42,256.5660,128284,63885434,34673523,28050206,1161705,0.542745,128281,3,0.999977,134555,68312.5079,1508775674.5908,8763401766,252.7404,270.287199
2463,500,AlmostEqualRatios,scaled,124182,42,248.3640,124183,61843136,33357218,27356070,1129848,0.539384,124182,1,0.999992,131105,66540.9529,1434102109.3131,8263255154,247.7202,268.613401
2464,500,AlmostEqualRatios,scaled,122799,42,245.5980,122800,61154401,32989421,26978738,1186242,0.539445,122799,1,0.999992,128471,65372.6787,1376136325.4459,8027764945,243.3436,268.643493
2465,500,AlmostEqualRatios,scaled,125210,42,250.4200,125211,62355079,34368016,26599168,1387895,0.551166,125210,1,0.999992,131547,66806.5287,1444616764.1874,8364912266,243.3924,274.480804
2466,500,AlmostEqualRatios,scaled,128150,42,256.3000,128151,63819199,33602257,28798786,1418156,0.526523,128150,1,0.999992,134797,68429.7142,1514730006.5386,8769336305,260.9746,262.208309
2467,500,AlmostEqualRatios,scaled,126437,42,252.8740,126438,62966125,34307324,27560532,1098269,0.544854,126436,2,0.999984,132755,67400.2852,1467279610.3437,8521957262,248.4005,271.337130
2468,500,AlmostEqualRatios,scaled,124173,42,248.3460,124174,61838654,33115843,27656735,1066076,0.535520,124168,6,0.999952,129303,65757.2937,1392269919.3475,8165346186,246.5692,266.689025
2469,500,AlmostEqualRatios,scaled,121618,42,243.2360,121619,60566264,32308085,26835418,1422761,0.533434,121615,4,0.999967,127599,64856.6200,1358310330.8020,7887797263,244.1431,265.649981
2470,500,AlmostEqualRatios,scaled,120468,42,240.9360,120469,59993564,32558169,26147849,1287546,0.542694,120467,2,0.999983,125997,63980.1910,1321169620.8147,7707629625,236.7341,270.261802
2471,500,AlmostEqualRatios,scaled,123780,42,247.5600,123781,61642939,31675584,28382323,1585032,0.513856,123780,1,0.999992,130722,66365.4870,1425896890.9554,8214786342,259.3413,255.900211
2472,500,AlmostEqualRatios,scaled,122356,42,244.7120,122357,60933787,33314098,26502651,1117038,0.546726,122354,3,0.999975,128667,65298.4686,1379378532.7519,7989724726,239.8301,272.269654
2473,500,AlmostEqualRatios,scaled,121314,42,242.6280,121315,60414872,32079880,26639726,1695266,0.530993,121314,1,0.999992,127698,64832.0046,1359520681.0277,7865094633,245.1722,264.434571
2474,500,AlmostEqualRatios,scaled,126519,42,253.0380,126520,63006961,34830005,26970449,1206507,0.552796,126510,10,0.999921,132255,67240.1136,1457815336.7478,8507219172,244.2497,275.292483
2475,500,AlmostEqualRatios,scaled,122549,42,245.0980,122550,61029902,32691508,27147554,1190840,0.535664,122547,3,0.999976,129184,65420.7663,1389784494.3477,8017314906,245.2415,266.760571
2476,500,AlmostEqualRatios,scaled,121481,42,242.9620,121482,60498037,32557604,26857725,1082708,0.538160,121473,9,0.999926,127379,64777.0788,1352442229.8240,7869249081,241.7023,268.003523
2477,500,AlmostEqualRatios,scaled,122131,42,244.2620,122132,60821738,30820580,28903662,1097496,0.506736,122131,1,0.999992,128197,65137.5111,1369337747.9814,7955374509,258.1189,252.354665
2478,500,AlmostEqualRatios,scaled,128383,42,256.7660,128384,63935233,35794349,26816726,1324158,0.559853,128382,2,0.999984,135001,68480.2860,1517093023.0041,8791773032,245.6190,278.806931
2479,500,AlmostEqualRatios,scaled,124143,42,248.2860,124144,61823714,32813831,27962582,1047301,0.530764,124140,4,0.999968,130239,66189.5668,1412270716.8891,8217037586,250.4138,264.320716
2480,500,AlmostEqualRatios,scaled,126976,42,253.9520,126977,63234547,35675863,26443871,1114813,0.564183,126974,3,0.999976,132769,67509.9410,1470003723.0722,8572209773,240.2804,280.963190
2481,500,AlmostEqualRatios,scaled,130554,42,261.1080,130555,65016392,35514991,28339299,1162102,0.546247,130548,7,0.999946,137031,69606.9560,1566439778.6346,9087536143,255.8789,272.030876
2482,500,AlmostEqualRatios,scaled,126035,42,252.0700,126036,62765929,33949066,27309824,1507039,0.540884,126035,1,0.999992,131902,67035.9292,1449415092.7111,8448940378,248.8711,269.360072
2483,500,AlmostEqualRatios,scaled,121017,42,242.0340,121018,60266966,32534631,26431660,1300675,0.539842,121016,2,0.999983,126738,64384.7744,1338810475.9878,7791716624,239.4899,268.841255
2484,500,AlmostEqualRatios,scaled,125955,42,251.9100,125956,62726090,34250256,27382194,1093640,0.546029,125955,1,0.999992,131885,67061.5924,1449260801.7950,8446809929,246.6203,271.922386
2485,500,AlmostEqualRatios,scaled,128893,42,257.7860,128894,64189213,36034791,27255535,898887,0.561384,128891,3,0.999977,134768,68542.2401,1514706624.1076,8834683495,245.1709,279.569189
2486,500,AlmostEqualRatios,scaled,130602,42,261.2040,130603,65040296,35508726,28400718,1130852,0.545950,130600,3,0.999977,136991,69537.2205,1563547351.1675,9081769611,255.7616,271.882928
2487,500,AlmostEqualRatios,scaled,118913,42,237.8260,118914,59219174,31549856,26425519,1243799,0.532764,118912,2,0.999983,124227,63110.7791,1285145561.0625,7504755189,237.8697,265.316582
2488,500,AlmostEqualRatios,scaled,126748,42,253.4960,126749,63121003,33087904,28711857,1321242,0.524198,126747,2,0.999984,133289,67595.6181,1481265847.6549,8567676999,258.9368,261.050612
2489,500,AlmostEqualRatios,scaled,125959,42,251.9180,125960,62728081,33591653,27849740,1286688,0.535512,125959,1,0.999992,132676,67380.0039,1466925012.0370,8487185297,252.6576,266.685083
2490,500,AlmostEqualRatios,scaled,126291,42,252.5820,126292,62893418,33598581,28204394,1090443,0.534215,126291,1,0.999992,131697,66889.0207,1444371549.0294,8447548198,251.4257,266.038870
2491,500,AlmostEqualRatios,scaled,123329,42,246.6580,123330,61418342,32915388,27158198,1344756,0.535921,123329,1,0.999992,129436,65751.2675,1396988193.1592,8109103815,246.3621,266.888738
2492,500,AlmostEqualRatios,scaled,122818,42,245.6360,122819,61163863,33417919,26695712,1050232,0.546367,122816,3,0.999976,128680,65366.5660,1380213797.5633,8028256272,240.2381,272.090792
2493,500,AlmostEqualRatios,scaled,123765,42,247.5300,123766,61635470,33595145,26758901,1281424,0.545062,123764,2,0.999984,129975,65956.6963,1406968831.0344,8163196474,242.9874,271.440824
2494,500,AlmostEqualRatios,scaled,126373,42,252.7460,126374,62934254,34084772,27698721,1150761,0.541593,126371,3,0.999976,132529,67331.7727,1461911116.7188,8508985437,249.6418,269.713485
2495,500,AlmostEqualRatios,scaled,120196,42,240.3920,120197,59858108,32117376,26362134,1378598,0.536558,120196,1,0.999992,125694,63864.9222,1315367906.1140,7676372054,239.0099,267.206137
2496,500,AlmostEqualRatios,scaled,128436,42,256.8720,128437,63961628,32109121,30417250,1435257,0.502006,128436,1,0.999992,135035,68539.5930,1520530321.2273,8803019708,274.1595,249.998996
2497,500,AlmostEqualRatios,scaled,129878,42,259.7560,129879,64679743,34199111,29149650,1330982,0.528745,129878,1,0.999992,136503,69398.3062,1556579261.1400,9013382614,263.5561,263.315170
2498,500,AlmostEqualRatios,scaled,124355,42,248.7100,124356,61929289,32464900,28121486,1342903,0.524225,124354,2,0.999984,130506,66356.6508,1421960184.6086,8251847673,254.1775,261.064203
2499,500,AlmostEqualRatios,scaled,129001,42,258.0020,129002,64242997,35737413,27442454,1063130,0.556285,129000,2,0.999984,135018,68589.9511,1518980423.6929,8848240876,247.5904,277.029914
2500,1000,Uncorrelated,scaled,252974,42,252.9740,252975,252469052,165927817,86384789,156446,0.657220,252973,2,0.999992,397952,262902.2341,9005564223.8816,66507692668,400.8230,655.905987
2501,1000,Uncorrelated,scaled,261565,42,261.5650,261566,261042870,167116034,93764531,162305,0.640186,261564,2,0.999992,396240,260521.1020,9388133045.4315,68143462577,407.7614,638.905798
2502,1000,Uncorrelated,scaled,248242,42,248.2420,248243,247746516,159777950,87802286,166280,0.644925,248242,1,0.999996,412889,279165.0375,9168506935.4710,69300766411,433.7317,643.635269
2503,1000,Uncorrelated,scaled,244815,42,244.8150,244816,244326370,158947738,85220658,157974,0.650555,244815,1,0.999996,405845,269411.9122,9446836486.1753,65956346706,414.9562,649.253880
2504,1000,Uncorrelated,scaled,247429,42,247.4290,247430,246935141,160007135,86754421,173585,0.647972,247429,1,0.999996,403026,270884.8052,8922133071.2889,67025027360,418.8877,646.676373
2505,1000,Uncorrelated,scaled,246335,42,246.3350,246336,245843330,160510272,85156385,176673,0.652897,246335,1,0.999996,395627,264701.0300,8717495141.5101,65205392914,406.2381,651.590803
2506,1000,Uncorrelated,scaled,248547,42,248.5470,248548,248050905,161110800,86781757,158348,0.649507,248547,1,0.999996,404889,269565.0679,9413975275.8358,66999858484,415.8620,648.207992
2507,1000,Uncorrelated,scaled,248445,42,248.4450,248446,247949110,163715873,84078499,154738,0.660280,248445,1,0.999996,400119,264816.2744,9171533976.1220,65792544113,401.8703,658.959585
2508,1000,Uncorrelated,scaled,250471,42,250.4710,250472,249971058,161151565,88659838,159655,0.644681,250471,1,0.999996,403324,269193.5408,9196448570.1953,67425444551,418.3977,643.391537
2509,1000,Uncorrelated,scaled,253847,42,253.8470,253848,253340305,165106176,88102898,131231,0.651717,253847,1,0.999996,416754,279059.7172,9583952817.9538,70838751090,429.0497,650.413539
2510,1000,Uncorrelated,scaled,251556,42,251.5560,251557,251053888,163322044,87573912,157932,0.650546,251553,4,0.999984,408774,273367.1799,9377982408.6028,68767427678,421.0542,649.244680
2511,1000,Uncorrelated,scaled,248848,42,248.8480,248849,248351304,162322723,85864102,164479,0.653601,248847,2,0.999992,416036,278861.0922,9473824404.9080,69394303940,427.5083,652.294054
2512,1000,Uncorrelated,scaled,250358,42,250.3580,250359,249858283,160094449,89609067,154767,0.640741,250358,1,0.999996,394941,266767.5802,8501183661.6794,66787664623,417.1766,639.459532
2513,1000,Uncorrelated,scaled,245686,42,245.6860,245687,245195628,159347226,85682643,165759,0.649878,245686,1,0.999996,402296,270415.3401,8970242801.9529,66437533654,416.9356,648.578175
2514,1000,Uncorrelated,scaled,254597,42,254.5970,254598,254088805,165202958,88702424,183423,0.650178,254591,7,0.999973,407223,266876.9818,9719961833.2605,67946345800,411.2901,648.877674
2515,1000,Uncorrelated,scaled,253144,42,253.1440,253145,252638711,160731621,91736375,170715,0.636211,253143,2,0.999992,406415,267746.9143,9703065414.3048,67778792627,421.6892,634.938952
2516,1000,Uncorrelated,scaled,247510,42,247.5100,247511,247015979,158386212,88463291,166476,0.641198,247509,2,0.999992,404299,269930.2070,8990281318.9961,66810695469,421.8214,639.915850
2517,1000,Uncorrelated,scaled,253595,42,253.5950,253596,253088810,162317944,90585268,185598,0.641348,253595,1,0.999996,391439,262083.9822,8589329007.1173,66463449551,409.4646,640.065080
2518,1000,Uncorrelated,scaled,251072,42,251.0720,251073,250570855,163054267,87355009,161579,0.650731,251072,1,0.999996,412792,274317.7738,9653524915.6484,68873786412,422.3979,649.429716
2519,1000,Uncorrelated,scaled,251535,42,251.5350,251536,251032929,159991507,90897465,143957,0.637333,251530,6,0.999976,402064,269570.4591,9102921229.6221,67806674996,423.8142,636.058087
2520,1000,Uncorrelated,scaled,256626,42,256.6260,256627,256113747,165648599,90298445,166703,0.646777,256626,1,0.999996,404273,269595.9600,9204280329.8942,69185602418,417.6649,645.483909
2521,1000,Uncorrelated,scaled,248415,42,248.4150,248416,247919170,162702220,85054551,162399,0.656271,248414,2,0.999992,408489,272588.2653,9688064962.1719,67715286523,416.1915,654.958698
2522,1000,Uncorrelated,scaled,250305,42,250.3050,250306,249805390,158696480,90947823,161087,0.635280,250305,1,0.999996,402209,267469.1185,9178152680.0486,66949125172,421.8690,634.009892
2523,1000,Uncorrelated,scaled,248874,42,248.8740,248875,248377252,162199715,86020081,157456,0.653038,248873,2,0.999992,422822,284295.3174,10014520352.9276,70753997116,436.2153,651.731652
2524,1000,Uncorrelated,scaled,242882,42,242.8820,242883,242397235,156907046,85351721,138468,0.647314,242882,1,0.999996,407085,275025.5529,8979613663.3994,66799031375,425.7236,646.019054
2525,1000,Uncorrelated,scaled,255878,42,255.8780,255879,255367243,165441625,89777510,148108,0.647858,255875,4,0.999984,414090,279290.2487,9530586159.8291,71464509557,431.9621,646.561949
2526,1000,Uncorrelated,scaled,251112,42,251.1120,251113,250610775,162526528,87909213,175034,0.648522,251112,1,0.999996,406893,274549.7899,9107210072.1139,68943021381,424.1955,647.224668
2527,1000,Uncorrelated,scaled,245503,42,245.5030,245504,245012994,162559735,82311029,142230,0.663474,245503,1,0.999996,413414,277769.5661,9642495249.7272,68193539563,419.4983,662.146991
2528,1000,Uncorrelated,scaled,259413,42,259.4130,259414,258895174,167809821,90921814,163539,0.648177,259413,1,0.999996,395584,266045.7470,8812318664.9631,69015991407,411.2750,646.880357
2529,1000,Uncorrelated,scaled,250099,42,250.0990,250100,249599802,162992065,86438338,169399,0.653014,250099,1,0.999996,401684,270666.6397,8901529916.0171,67693726597,415.3192,651.707577
2530,1000,Uncorrelated,scaled,250285,42,250.2850,250286,249785430,160233145,89402542,149743,0.641483,250284,2,0.999992,396860,265555.6319,8900096031.0128,66464856895,414.8009,640.200191
2531,1000,Uncorrelated,scaled,245413,42,245.4130,245414,244923174,160927683,83815209,180282,0.657054,245412,2,0.999992,405422,274470.9530,9028182994.2259,67359014458,418.5670,655.739620
2532,1000,Uncorrelated,scaled,252826,42,252.8260,252827,252321348,162852679,89297180,171489,0.645418,252826,1,0.999996,414661,277406.0010,9537585918.5257,70135727008,430.6698,644.126929
2533,1000,Uncorrelated,scaled,249409,42,249.4090,249410,248911181,163322854,85447292,141035,0.656149,249408,2,0.999992,404512,270178.0033,9290254941.1468,67385095806,412.5883,654.836831
2534,1000,Uncorrelated,scaled,244952,42,244.9520,244953,244463096,157585086,86718169,159841,0.644617,244952,1,0.999996,410317,276114.8798,9164466413.5121,67635168145,429.1978,643.327847
2535,1000,Uncorrelated,scaled,246611,42,246.6110,246612,246118778,158450186,87515793,152799,0.643796,246610,2,0.999992,401594,271744.7644,8702541758.4611,67015519850,422.9438,642.508013
2536,1000,Uncorrelated,scaled,242624,42,242.6240,242625,242139751,157317122,84663043,159586,0.649696,242624,1,0.999996,402910,274252.8831,8607055472.2278,66540605757,422.9712,648.396175
2537,1000,Uncorrelated,scaled,246978,42,246.9780,246979,246485044,158697398,87642427,145219,0.643842,246976,3,0.999988,408490,271215.6340,9820639206.5261,66984566080,422.0899,642.554217
2538,1000,Uncorrelated,scaled,252495,42,252.4950,252496,251991009,164304472,87520090,166447,0.652025,252495,1,0.999996,402663,273507.7817,8795518261.8212,69059620839,420.3149,650.721089
2539,1000,Uncorrelated,scaled,250510,42,250.5100,250511,250009979,161976880,87866412,166687,0.647882,250510,1,0.999996,404301,267967.8794,9279444242.4399,67128901441,414.4351,646.585898
2540,1000,Uncorrelated,scaled,249240,42,249.2400,249241,248742520,161498253,87082345,161922,0.649259,249239,2,0.999992,394589,265041.5811,8645392271.2335,66059228717,409.0399,647.960219
2541,1000,Uncorrelated,scaled,257144,42,257.1440,257145,256630712,164974689,91509289,146734,0.642849,257144,1,0.999996,412903,273187.4023,9890339888.5994,70248774572,425.8155,641.562889
2542,1000,Uncorrelated,scaled,248352,42,248.3520,248353,247856296,160138452,87573140,144704,0.646094,248350,3,0.999988,409822,273688.4081,9401977229.3719,67971337211,424.4536,644.801762
2543,1000,Uncorrelated,scaled,257527,42,257.5270,257528,257012946,167408495,89454549,149902,0.651362,257525,3,0.999988,408973,270964.0905,9676504051.3510,69780840295,416.8297,650.059392
2544,1000,Uncorrelated,scaled,247531,42,247.5310,247532,247036938,159315658,87568355,152925,0.644906,247530,2,0.999992,420050,281254.3867,9744902904.2955,69619460849,436.9907,643.616413
2545,1000,Uncorrelated,scaled,249107,42,249.1070,249108,248609785,163928292,84503455,178038,0.659380,249107,1,0.999996,410732,275995.8906,9389022298.0783,68752784312,419.4077,658.061130
2546,1000,Uncorrelated,scaled,252998,42,252.9980,252999,252493004,163610006,88712165,170833,0.647978,252997,2,0.999992,413239,276283.0301,9446179848.6416,69899330330,427.2314,646.682422
2547,1000,Uncorrelated,scaled,249581,42,249.5810,249582,249082838,160729080,88214619,139139,0.645284,249581,1,0.999996,406568,275634.8684,8753324668.7468,68793501736,428.0091,643.993076
2548,1000,Uncorrelated,scaled,258688,42,258.6880,258689,258171624,165154432,92848108,169084,0.639708,258688,1,0.999996,408087,272878.6291,9235675330.4368,70590699695,427.4224,638.428507
2549,1000,Uncorrelated,scaled,250081,42,250.0810,250082,249581838,160748458,88637536,195844,0.644071,250081,1,0.999996,392521,260245.6023,8870230456.3847,65082740714,404.8732,642.782999
2550,1000,Uncorrelated,scaled,260550,42,260.5500,260551,260029900,166576023,93294378,159499,0.640603,260550,1,0.999996,407635,270841.6950,9640828235.6678,70568074471,423.6388,639.322140
2551,1000,Uncorrelated,scaled,251774,42,251.7740,251775,251271451,163100812,88014674,155965,0.649102,251772,3,0.999988,406938,271554.8315,9492340276.5968,68370717706,419.1930,647.803841
2552,1000,Uncorrelated,scaled,239362,42,239.3620,239363,238884275,154244640,84481926,157709,0.645688,239360,3,0.999987,415788,281958.5135,9340287476.7160,67490435665,437.5545,644.396335
2553,1000,Uncorrelated,scaled,239356,42,239.3560,239357,238878287,155810604,82922014,145669,0.652259,239356,1,0.999996,411890,280457.3240,9410753821.7105,67129423696,430.8399,650.954867
2554,1000,Uncorrelated,scaled,249185,42,249.1850,249186,248687630,165813117,82724928,149585,0.666753,249185,1,0.999996,400508,269360.1759,8904418025.8013,67120784786,404.7978,665.419073
2555,1000,Uncorrelated,scaled,254654,42,254.6540,254655,254145691,163310065,90685115,150511,0.642584,254654,1,0.999996,410145,275098.4469,9136407659.9936,70055194998,428.9705,641.299268
2556,1000,Uncorrelated,scaled,253634,42,253.6340,253635,253127731,160865931,92105986,155814,0.635513,253634,1,0.999996,402747,269926.8810,8976813909.5361,68462904460,425.5898,634.241848
2557,1000,Uncorrelated,scaled,251049,42,251.0490,251050,250547901,160174734,90213334,159833,0.639298,251047,3,0.999988,406747,270294.9556,9514125957.2853,67857548594,423.6470,638.019255
2558,1000,Uncorrelated,scaled,251069,42,251.0690,251070,250567861,159166384,91237478,163999,0.635223,251069,1,0.999996,392716,264191.6906,8337682032.7346,66330607753,416.7375,633.952220
2559,1000,Uncorrelated,scaled,250058,42,250.0580,250059,249558884,162930664,86484058,144162,0.652875,250057,2,0.999992,413568,275676.6267,9869990825.4360,68935421604,423.0967,651.568886
2560,1000,Uncorrelated,scaled,246092,42,246.0920,246093,245600815,159901729,85529719,169367,0.651064,246090,3,0.999988,401614,269257.6296,9117700418.9550,66262417838,414.3946,649.761387
2561,1000,Uncorrelated,scaled,249517,42,249.5170,249518,249018966,157453016,91392729,173221,0.632293,249517,1,0.999996,384802,254092.0574,8847511955.3956,63400541987,402.6632,631.028687
2562,1000,Uncorrelated,scaled,250185,42,250.1850,250186,249685630,161411826,88110647,163157,0.646460,250185,1,0.999996,401871,265593.5748,9371218136.1431,66447794100,411.6662,645.167300
2563,1000,Uncorrelated,scaled,249410,42,249.4100,249411,248912179,163563363,85170594,178222,0.657113,249409,2,0.999992,404367,269915.5371,8947917400.4000,67319904024,411.5830,655.798513
2564,1000,Uncorrelated,scaled,250219,42,250.2190,250220,249719562,160653610,88923856,142096,0.643336,250219,1,0.999996,418138,281836.2768,9639924245.2584,70521073186,438.9635,642.049436
2565,1000,Uncorrelated,scaled,249216,42,249.2160,249217,248718567,157730242,90832143,156182,0.634172,249216,1,0.999996,402828,272268.7616,9124552095.4826,67854003952,430.1902,632.903221
2566,1000,Uncorrelated,scaled,244339,42,244.3390,244340,243851321,159442111,84256839,152371,0.653850,244339,1,0.999996,402916,268416.5375,9257370749.1169,65584896771,411.3399,652.541995
2567,1000,Uncorrelated,scaled,253308,42,253.3080,253309,252802383,160620938,92026982,154463,0.635362,253308,1,0.999996,406283,270368.7657,9279561752.1955,68486841680,426.3880,634.090925
2568,1000,Uncorrelated,scaled,250001,42,250.0010,250002,249501998,159839324,89501500,161174,0.640633,250001,1,0.999996,410103,275820.6658,9339851592.9813,68955718083,431.4065,639.352181
2569,1000,Uncorrelated,scaled,248120,42,248.1200,248121,247624759,159454889,88014762,155108,0.643938,248120,1,0.999996,411534,278246.0641,9283464095.8381,69038691672,432.9669,642.649711
2570,1000,Uncorrelated,scaled,256077,42,256.0770,256078,255565845,162999353,92405707,160785,0.637798,256077,1,0.999996,386971,257407.5761,8642176129.2361,65916417271,404.3968,636.522282
2571,1000,Uncorrelated,scaled,249271,42,249.2710,249272,248773458,160092996,88532465,147997,0.643529,249269,3,0.999988,411185,273892.9037,9653609804.2525,68273831890,426.4636,642.242193
2572,1000,Uncorrelated,scaled,244459,42,244.4590,244460,243971082,157869325,85949146,152611,0.647082,244458,2,0.999992,413337,279559.1514,9449715685.1672,68341030150,432.8962,645.787961
2573,1000,Uncorrelated,scaled,247849,42,247.8490,247850,247354301,161467725,85735058,151518,0.652779,247849,1,0.999996,405632,276289.7313,8810187046.8991,68478409905,424.0997,651.473573
2574,1000,Uncorrelated,scaled,244008,42,244.0080,244009,243520983,157661207,85687025,172751,0.647423,244008,1,0.999996,407441,272951.5080,9010604583.2567,66602624508,422.4414,646.128655
2575,1000,Uncorrelated,scaled,254015,42,254.0150,254016,253507970,161034201,92319041,154728,0.635223,254014,2,0.999992,404582,268046.1168,9105664248.4286,68088002408,422.8170,633.952983
2576,1000,Uncorrelated,scaled,239443,42,239.4430,239444,238965113,154410013,84417688,137412,0.646161,239440,4,0.999983,418408,285085.7449,9443651411.9126,68262071098,442.0832,644.869001
2577,1000,Uncorrelated,scaled,247867,42,247.8670,247868,247372265,159952090,87270705,149470,0.646605,247866,2,0.999992,415354,278940.0120,9551115397.1586,69140302888,432.2563,645.311577
2578,1000,Uncorrelated,scaled,259720,42,259.7200,259721,259201559,162674312,96339282,187965,0.627598,259720,1,0.999996,404730,261811.2957,9631864406.1318,67997891518,418.0002,626.342544
2579,1000,Uncorrelated,scaled,249897,42,249.8970,249898,249398205,160821006,88446170,131029,0.644836,249897,1,0.999996,409440,275116.9630,9166228124.7973,68751178824,427.5012,643.546591
2580,1000,Uncorrelated,scaled,251160,42,251.1600,251161,250658679,159102733,91400971,154975,0.634739,251160,1,0.999996,403124,269113.4762,9024734676.7979,67590809789,424.8249,633.469101
2581,1000,Uncorrelated,scaled,252202,42,252.2020,252203,251698595,162294022,89252944,151629,0.644795,252202,1,0.999996,408768,271679.6766,9372997080.7831,68518429470,422.1870,643.505517
2582,1000,Uncorrelated,scaled,256163,42,256.1630,256164,255651673,164976935,90503902,170836,0.645319,256163,1,0.999996,403425,272303.9873,8934322266.6773,69754478613,422.8135,644.028572
2583,1000,Uncorrelated,scaled,249490,42,249.4900,249491,248992019,163705080,85123885,163054,0.657471,249490,1,0.999996,403507,268508.9230,9377660459.2628,66990559720,409.2149,656.156254
2584,1000,Uncorrelated,scaled,244500,42,244.5000,244501,244011999,159394445,84457379,160175,0.653224,244498,3,0.999988,408584,273995.9478,9228519162.9192,66992283233,420.2925,651.917354
2585,1000,Uncorrelated,scaled,240848,42,240.8480,240849,240367304,160104208,80097829,165267,0.666081,240847,2,0.999992,408727,272557.1190,9415137996.8463,65645109553,410.0149,664.749316
2586,1000,Uncorrelated,scaled,250147,42,250.1470,250148,249647705,160459428,89037494,150783,0.642743,250147,1,0.999996,399618,269337.0176,8803651237.3202,67374116269,419.8826,641.457969
2587,1000,Uncorrelated,scaled,247767,42,247.7670,247768,247272466,159115092,87989658,167716,0.643481,247767,1,0.999996,411197,273980.9450,9489318074.7075,67883710773,426.6328,642.193875
2588,1000,Uncorrelated,scaled,250103,42,250.1030,250104,249603794,155806814,93631382,165598,0.624217,250102,2,0.999992,395742,261944.5780,9107493326.6675,65513386735,420.4783,622.968101
2589,1000,Uncorrelated,scaled,245193,42,245.1930,245194,244703614,161921660,82632196,149758,0.661705,245193,1,0.999996,409765,276343.2341,9238898662.3949,67757702930,418.4598,660.381820
2590,1000,Uncorrelated,scaled,251497,42,251.4970,251498,250995005,158810582,92033467,150956,0.632724,251497,1,0.999996,401445,270238.9984,8905871951.9532,67964567615,427.9599,631.458628
2591,1000,Uncorrelated,scaled,254469,42,254.4690,254470,253961061,164209977,89583429,167655,0.646595,254469,1,0.999996,406012,273159.1290,9154015038.6754,69510803548,423.3044,645.301910
2592,1000,Uncorrelated,scaled,255656,42,255.6560,255657,255145688,160653192,94296405,196091,0.629653,255655,2,0.999992,399704,264605.3991,8955832607.4546,67648222509,421.0823,628.393480
2593,1000,Uncorrelated,scaled,250576,42,250.5760,250577,250075847,163593867,86316331,165649,0.654177,250574,3,0.999988,412257,276875.8119,9334371999.9937,69378710316,424.0911,652.868647
2594,1000,Uncorrelated,scaled,250426,42,250.4260,250427,249926148,161398614,88376613,150921,0.645785,250426,1,0.999996,399228,264659.9744,9204447425.5836,66278003403,410.6479,644.493661
2595,1000,Uncorrelated,scaled,249970,42,249.9700,249971,249471060,160307065,89007652,156343,0.642588,249970,1,0.999996,407059,273157.6674,9212179739.2400,68281495281,425.9419,641.302651
2596,1000,Uncorrelated,scaled,246678,42,246.6780,246679,246185643,158544939,87485279,155425,0.644006,246678,1,0.999996,397042,266678.2861,8627923768.6912,65783932939,414.9229,642.717617
2597,1000,Uncorrelated,scaled,257940,42,257.9400,257941,257425120,165497086,91759990,168044,0.642894,257938,3,0.999988,409326,270992.7602,9583561838.9066,69900143567,422.3648,641.608298
2598,1000,Uncorrelated,scaled,253126,42,253.1260,253127,252620747,160598054,91851851,170842,0.635728,253126,1,0.999996,399854,265137.1182,8963109207.3131,67113363307,417.8965,634.456435
2599,1000,Uncorrelated,scaled,242101,42,242.1010,242102,241617797,157393299,84083517,140981,0.651414,242100,2,0.999992,400345,270951.4378,8722491976.2823,65597884993,416.7769,650.111519
2600,1000,WeaklyCorrelated,scaled,252443,42,252.4430,252444,251939114,139202265,111742206,994643,0.552523,252442,2,0.999992,275929,144085.6275,6123566843.5895,36373552149,261.3000,551.418394
2601,1000,WeaklyCorrelated,scaled,247245,42,247.2450,247246,246751510,138293545,107318721,1139244,0.560457,247245,1,0.999996,271916,141507.6149,5954995246.7335,34987191764,252.9922,559.335823
2602,1000,WeaklyCorrelated,scaled,244740,42,244.7400,244741,244251519,140446360,102947450,857709,0.575007,244740,1,0.999996,270721,141486.9719,5878991167.0278,34627662987,246.5544,573.857098
2603,1000,WeaklyCorrelated,scaled,243916,42,243.9160,243917,243429167,136997268,105690317,741582,0.562781,243914,3,0.999988,269249,141130.0403,5789782800.6124,34424016032,251.2752,561.655268
2604,1000,WeaklyCorrelated,scaled,254892,42,254.8920,254893,254383216,140116262,113270336,996618,0.550808,254892,1,0.999996,280805,146331.5316,6343793609.4867,37298883076,266.1995,549.706198
2605,1000,WeaklyCorrelated,scaled,258942,42,258.9420,258943,258425115,145412231,111947004,1065880,0.562686,258942,1,0.999996,281949,146902.9376,6410177519.5939,38039487362,261.5976,561.560772
2606,1000,WeaklyCorrelated,scaled,245754,42,245.7540,245755,245263492,137750793,106610708,901991,0.561644,245754,1,0.999996,270931,141461.3447,5881323978.0060,34764832778,252.3748,560.520815
2607,1000,WeaklyCorrelated,scaled,256801,42,256.8010,256802,256288398,147054438,108258138,975822,0.573785,256801,1,0.999996,284365,148208.8727,6505088693.5107,38060334932,258.8180,572.637433
2608,1000,WeaklyCorrelated,scaled,250963,42,250.9630,250964,250462073,140073267,109518524,870282,0.559259,250963,1,0.999996,276542,144161.4157,6151769421.8929,36179325521,258.2886,558.140877
2609,1000,WeaklyCorrelated,scaled,248706,42,248.7060,248707,248209587,142377821,105054918,776848,0.573619,248702,5,0.999980,274171,143263.6479,6037656313.2490,35630672083,250.2544,572.472110
2610,1000,WeaklyCorrelated,scaled,248828,42,248.8280,248829,248331343,145407142,101993367,930834,0.585537,248826,3,0.999988,274782,143699.1604,6066028110.2904,35756518372,245.9062,584.365737
2611,1000,WeaklyCorrelated,scaled,251829,42,251.8290,251830,251326342,144270227,106153226,902889,0.574035,251828,2,0.999992,276303,144205.0253,6147656109.2375,36315151526,251.7162,572.887372
2612,1000,WeaklyCorrelated,scaled,249724,42,249.7240,249725,249225551,140166961,108190205,868385,0.562410,249724,1,0.999996,275935,144088.2986,6114342720.3876,35982450370,256.7114,561.285258
2613,1000,WeaklyCorrelated,scaled,242871,42,242.8710,242872,242386257,135670975,105713540,1001742,0.559730,242871,1,0.999996,267039,139455.8943,5741684533.8577,33869931957,249.6476,558.611017
2614,1000,WeaklyCorrelated,scaled,252937,42,252.9370,252938,252432125,145884667,105642458,905000,0.577916,252937,1,0.999996,276505,144429.1911,6128518365.5651,36531630743,250.4145,576.760578
2615,1000,WeaklyCorrelated,scaled,250931,42,250.9310,250932,250430137,145149840,104400793,879504,0.579602,250931,1,0.999996,274228,143228.9153,6039156827.8007,35940718167,247.6111,578.442925
2616,1000,WeaklyCorrelated,scaled,250906,42,250.9060,250907,250405188,137928327,111516185,960676,0.550821,250905,2,0.999992,278346,145170.9379,6233770199.6340,36424404510,264.0821,549.718928
2617,1000,WeaklyCorrelated,scaled,255179,42,255.1790,255180,254669641,144220677,109576125,872839,0.566305,255179,1,0.999996,280828,146271.9978,6353589963.1027,37325688410,258.8095,565.172337
2618,1000,WeaklyCorrelated,scaled,250462,42,250.4620,250463,249962076,136697867,112240731,1023478,0.546874,250462,1,0.999996,274311,143099.4554,6053567440.2114,35841118910,262.1922,545.780682
2619,1000,WeaklyCorrelated,scaled,251965,42,251.9650,251966,251462070,138802073,111707607,952390,0.551980,251965,1,0.999996,276153,143693.8710,6149701356.1189,36205969894,260.8460,550.876202
2620,1000,WeaklyCorrelated,scaled,251962,42,251.9620,251963,251459075,142175014,108319409,964652,0.565400,251962,1,0.999996,276699,144279.2743,6156776129.8739,36353038795,255.6922,564.269413
2621,1000,WeaklyCorrelated,scaled,254127,42,254.1270,254128,253619745,143063088,109541872,1014785,0.564085,254127,1,0.999996,278448,144789.0747,6275460280.0247,36794957975,257.1939,562.956809
2622,1000,WeaklyCorrelated,scaled,248586,42,248.5860,248587,248089828,138655597,108506857,927374,0.558893,248584,3,0.999988,273601,142501.4218,6026661199.8066,35424000951,255.4819,557.774932
2623,1000,WeaklyCorrelated,scaled,256359,42,256.3590,256360,255847281,144058055,110804381,984845,0.563063,256359,1,0.999996,282263,146904.5479,6407610393.3252,37660449909,261.4255,561.936554
2624,1000,WeaklyCorrelated,scaled,243497,42,243.4970,243498,243011005,134510744,107709625,790636,0.553517,243496,2,0.999992,268358,140439.9753,5760516499.6770,34196853094,254.2314,552.410057
2625,1000,WeaklyCorrelated,scaled,258040,42,258.0400,258041,257524919,140905373,115607644,1011902,0.547152,258040,1,0.999996,282283,146783.9045,6430277537.6408,37876265492,268.8064,546.058080
2626,1000,WeaklyCorrelated,scaled,252688,42,252.6880,252689,252183623,140351111,110932964,899548,0.556543,252688,1,0.999996,277022,144692.0080,6164277830.1859,36562078804,260.5044,555.430236
2627,1000,WeaklyCorrelated,scaled,252061,42,252.0610,252062,251557878,145311245,105404508,842125,0.577645,252059,3,0.999988,278788,146050.0063,6223620867.6658,36813656695,253.3435,576.490090
2628,1000,WeaklyCorrelated,scaled,254342,42,254.3420,254343,253834316,141298509,111615202,920605,0.556656,254342,1,0.999996,277134,144257.1846,6204220743.8015,36690805103,259.6687,555.543141
2629,1000,WeaklyCorrelated,scaled,256827,42,256.8270,256828,256314346,142743896,112575176,995274,0.556910,256827,1,0.999996,280324,146087.6096,6345374352.2226,37519388601,262.8441,555.795692
2630,1000,WeaklyCorrelated,scaled,249551,42,249.5510,249552,249052898,140310601,107893442,848855,0.563377,249551,1,0.999996,274363,143507.9118,6040446240.8008,35812686411,255.2386,562.249956
2631,1000,WeaklyCorrelated,scaled,250664,42,250.6640,250665,250163671,137264919,112005663,893089,0.548700,250663,2,0.999992,276211,143579.7819,6153571954.4416,35990426040,262.1968,547.603052
2632,1000,WeaklyCorrelated,scaled,255224,42,255.2240,255225,254714552,143570659,110004425,1139468,0.563653,255224,1,0.999996,278381,145045.5026,6252366407.6614,37019238412,257.8468,562.525846
2633,1000,WeaklyCorrelated,scaled,248502,42,248.5020,248503,248005996,137343931,109762793,899272,0.553793,248501,2,0.999992,274529,143073.7342,6056390002.0180,35554252167,258.8702,552.685203
2634,1000,WeaklyCorrelated,scaled,251139,42,251.1390,251140,250637722,139447424,110317548,872750,0.556370,251139,1,0.999996,276644,144491.2724,6138748785.7393,36287538163,260.2238,555.257721
2635,1000,WeaklyCorrelated,scaled,248052,42,248.0520,248053,247556896,137413446,109236271,907179,0.555078,248050,3,0.999988,272317,142056.1119,5979733546.4058,35237444721,256.4337,553.968087
2636,1000,WeaklyCorrelated,scaled,248805,42,248.8050,248806,248308389,142571045,104903046,834298,0.574169,248805,1,0.999996,273364,142712.2117,6026706177.4334,35507654549,249.0524,573.020928
2637,1000,WeaklyCorrelated,scaled,252363,42,252.3630,252364,251859273,142511668,108474110,873495,0.565838,252363,1,0.999996,276970,144835.9700,6154734819.5442,36551384743,256.4799,564.706804
2638,1000,WeaklyCorrelated,scaled,251721,42,251.7210,251722,251218558,144785383,105336709,1096466,0.576332,251721,1,0.999996,278294,145115.3001,6216243773.5505,36528713567,252.2956,575.179694
2639,1000,WeaklyCorrelated,scaled,243367,42,243.3670,243368,242881266,133515160,108287951,1078155,0.549714,243367,1,0.999996,267740,139667.8292,5784125321.3852,33990680261,254.5829,548.614280
2640,1000,WeaklyCorrelated,scaled,249232,42,249.2320,249233,248734536,143501737,104348219,884580,0.576927,249230,3,0.999988,275010,143398.0604,6079814818.9361,35739528780,249.0529,575.773421
2641,1000,WeaklyCorrelated,scaled,247876,42,247.8760,247877,247381248,138294052,108252150,835046,0.559032,247876,1,0.999996,272195,142183.5110,5940175895.4476,35244022151,254.8484,557.914014
2642,1000,WeaklyCorrelated,scaled,246302,42,246.3020,246303,245810395,139805651,105107754,896990,0.568754,246301,2,0.999992,273768,142956.9784,6014757248.4657,35210732650,251.8549,567.616517
2643,1000,WeaklyCorrelated,scaled,249437,42,249.4370,249438,248939125,145181382,102935881,821862,0.583200,249437,1,0.999996,274926,143801.8108,6054967089.0778,35869636085,247.0677,582.033940
2644,1000,WeaklyCorrelated,scaled,255540,42,255.5400,255541,255029919,145062077,108991809,976033,0.568804,255540,1,0.999996,282334,147499.7298,6383095312.6002,37692228446,259.8352,567.666547
2645,1000,WeaklyCorrelated,scaled,251651,42,251.6510,251652,251148698,141139867,109173389,835442,0.561977,251647,5,0.999980,278451,145233.9589,6237901262.9411,36548416226,258.9518,560.853349
2646,1000,WeaklyCorrelated,scaled,248469,42,248.4690,248470,247973061,139227715,107961402,783944,0.561463,248469,1,0.999996,273554,142986.0298,5996806951.5627,35527738816,255.1772,560.340142
2647,1000,WeaklyCorrelated,scaled,249673,42,249.6730,249674,249174654,141547817,106703523,923314,0.568067,249673,1,0.999996,275602,144358.3692,6079669572.9609,36042531474,254.6315,566.930545
2648,1000,WeaklyCorrelated,scaled,249466,42,249.4660,249467,248968067,138933582,108811464,1223021,0.558038,249465,2,0.999992,273423,142670.6352,6016233971.5511,35591615358,256.1772,556.921685
2649,1000,WeaklyCorrelated,scaled,252459,42,252.4590,252460,251955081,140520684,110473489,960908,0.557721,252458,2,0.999992,276337,144260.0955,6141604963.3582,36419903719,259.1782,556.605736
2650,1000,WeaklyCorrelated,scaled,250729,42,250.7290,250730,250228542,141344469,108026356,857717,0.564861,250728,2,0.999992,277050,144799.9382,6166734018.3783,36305688512,256.8596,563.731779
2651,1000,WeaklyCorrelated,scaled,246952,42,246.9520,246953,246459096,141806094,103747110,905892,0.575374,246952,1,0.999996,272890,142777.9787,5969189722.5119,35259450168,248.6455,574.223006
2652,1000,WeaklyCorrelated,scaled,252352,42,252.3520,252353,251848296,144174983,106670484,1002829,0.572468,252352,1,0.999996,277374,144736.5941,6177705495.7760,36524713738,253.3360,571.322643
2653,1000,WeaklyCorrelated,scaled,259031,42,259.0310,259032,258513937,145411027,112100244,1002666,0.562488,259030,2,0.999992,283421,147526.4478,6487156786.0605,38214070818,262.8004,561.363179
2654,1000,WeaklyCorrelated,scaled,248694,42,248.6940,248695,248197611,137137516,110092047,968048,0.552534,248694,1,0.999996,272154,142290.5806,5948447138.2366,35386955940,258.0399,551.428521
2655,1000,WeaklyCorrelated,scaled,252388,42,252.3880,252389,251884223,143475789,107536614,871820,0.569610,252387,2,0.999992,276955,144333.4297,6188256134.4942,36428169979,253.8977,568.470849
2656,1000,WeaklyCorrelated,scaled,248054,42,248.0540,248055,247558892,142015014,104578920,964958,0.573662,248054,1,0.999996,274222,143203.9635,6034240918.0412,35522459175,250.1317,572.514217
2657,1000,WeaklyCorrelated,scaled,242805,42,242.8050,242806,242320389,136268548,105199087,852754,0.562349,242805,1,0.999996,267694,140258.3163,5731623179.9343,34055560756,249.9150,561.223973
2658,1000,WeaklyCorrelated,scaled,250879,42,250.8790,250880,250378241,140729738,108760773,887730,0.562069,250879,1,0.999996,275706,143673.8741,6128491714.5873,36044901523,256.1285,560.944428
2659,1000,WeaklyCorrelated,scaled,253211,42,253.2110,253212,252705577,146962392,104900378,842807,0.581556,253210,2,0.999992,276695,144931.3817,6120621948.0112,36698365021,249.7126,580.392683
2660,1000,WeaklyCorrelated,scaled,250326,42,250.3260,250327,249826347,141840453,107165920,819974,0.567756,250324,3,0.999988,276161,144484.8855,6119831219.6371,36168467932,254.9940,566.620672
2661,1000,WeaklyCorrelated,scaled,248972,42,248.9720,248973,248475055,143561039,104050026,863990,0.577768,248972,1,0.999996,275446,143972.8223,6055449553.2731,35845345485,249.6871,576.612882
2662,1000,WeaklyCorrelated,scaled,251558,42,251.5580,251559,251055884,143215783,106792913,1047188,0.570454,251558,1,0.999996,275422,143918.6929,6098197165.9218,36204042471,252.7937,569.312897
2663,1000,WeaklyCorrelated,scaled,250944,42,250.9440,250945,250443111,140630784,108874531,937796,0.561528,250935,10,0.999960,274735,143743.9837,6056475911.2237,36071833994,256.5003,560.404806
2664,1000,WeaklyCorrelated,scaled,241576,42,241.5760,241577,241093847,131868962,108295724,929161,0.546961,241576,1,0.999996,266090,138861.1100,5669309926.4979,33545650365,254.3862,545.867206
2665,1000,WeaklyCorrelated,scaled,260048,42,260.0480,260049,259528904,148037256,110347530,1144118,0.570408,260048,1,0.999996,285007,148549.3223,6547678150.3885,38630102704,260.9485,569.266777
2666,1000,WeaklyCorrelated,scaled,251137,42,251.1370,251138,250635726,142639078,107020119,976529,0.569109,251136,2,0.999992,277428,144629.5421,6183906665.0015,36321973941,254.6425,567.970908
2667,1000,WeaklyCorrelated,scaled,248158,42,248.1580,248159,247662683,138754961,108044666,863056,0.560258,248157,2,0.999992,271906,142295.8475,5940384428.0878,35311995232,254.4918,559.137331
2668,1000,WeaklyCorrelated,scaled,251016,42,251.0160,251017,250514968,147547726,102024043,943199,0.588978,251016,1,0.999996,277957,145072.6231,6202790202.2856,36415694625,246.8062,587.799735
2669,1000,WeaklyCorrelated,scaled,254328,42,254.3280,254329,253820343,142466761,110354988,998594,0.561290,254327,2,0.999992,280306,145807.9488,6340172232.4484,37083189823,260.2936,560.167189
2670,1000,WeaklyCorrelated,scaled,247579,42,247.5790,247580,247084842,139975380,106182077,927385,0.566507,247579,1,0.999996,272945,142878.0466,5972914977.4921,35373746788,252.7141,565.374344
2671,1000,WeaklyCorrelated,scaled,245902,42,245.9020,245903,245411196,138055560,106360757,994879,0.562548,245902,1,0.999996,270522,141475.5380,5876554530.9565,34789259223,251.9946,561.422837
2672,1000,WeaklyCorrelated,scaled,255295,42,255.2950,255296,254785409,140850072,113097626,837711,0.552818,255295,1,0.999996,281848,147007.5142,6382947106.3237,37530430354,266.4566,551.712804
2673,1000,WeaklyCorrelated,scaled,247902,42,247.9020,247903,247407195,140658991,105709710,1038494,0.568532,247902,1,0.999996,274039,143451.1880,6015480190.0350,35561979855,252.8241,567.395276
2674,1000,WeaklyCorrelated,scaled,245303,42,245.3030,245304,244813393,137639433,106225121,948839,0.562222,245302,2,0.999992,270169,140635.8778,5877726463.7348,34498543380,250.6443,561.097385
2675,1000,WeaklyCorrelated,scaled,246729,42,246.7290,246730,246236542,142760758,102512439,963345,0.579771,246729,1,0.999996,273564,143577.5558,5954219775.7445,35424890354,248.1417,578.611267
2676,1000,WeaklyCorrelated,scaled,242680,42,242.6800,242681,242195639,135359083,105877813,958743,0.558883,242680,1,0.999996,269342,140959.1318,5773871860.6452,34208103062,252.7211,557.765474
2677,1000,WeaklyCorrelated,scaled,252279,42,252.2790,252280,251775442,144276800,106527571,971071,0.573038,252279,1,0.999996,276772,144583.1555,6158042493.9213,36475438476,252.8157,571.891549
2678,1000,WeaklyCorrelated,scaled,248835,42,248.8350,248836,248338329,145357424,102070278,910627,0.585320,248835,1,0.999996,275600,143929.2647,6080640991.8047,35814782500,246.3911,584.149496
2679,1000,WeaklyCorrelated,scaled,248659,42,248.6590,248660,248162682,140934988,106211895,1015799,0.567914,248659,1,0.999996,277361,144594.5650,6165439678.9905,35954884530,255.1168,566.777881
2680,1000,WeaklyCorrelated,scaled,245748,42,245.7480,245749,245257503,137969537,106298640,989326,0.562550,245748,1,0.999996,269594,140494.3617,5832103655.6852,34526348889,250.2462,561.424612
2681,1000,WeaklyCorrelated,scaled,253344,42,253.3440,253345,252838311,147572869,104378702,886740,0.583665,253344,1,0.999996,279754,146306.5904,6254054096.8759,37066043157,251.1711,582.497657
2682,1000,WeaklyCorrelated,scaled,250466,42,250.4660,250467,249966067,135183402,113994374,788291,0.540807,250466,1,0.999996,274825,143128.8743,6102775962.4361,35849059767,265.1883,539.725401
2683,1000,WeaklyCorrelated,scaled,250730,42,250.7300,250731,250229540,136864501,112521498,843541,0.546956,250730,1,0.999996,275430,143581.3835,6127505243.0008,36000303871,263.0361,545.861904
2684,1000,WeaklyCorrelated,scaled,252676,42,252.6760,252677,252171648,140638803,110475673,1057172,0.557711,252676,1,0.999996,276967,144563.0031,6185114304.7684,36527745928,259.7274,556.595191
2685,1000,WeaklyCorrelated,scaled,254030,42,254.0300,254031,253522940,140972150,111732181,818609,0.556053,254029,2,0.999992,280428,146690.6956,6273514216.5327,37263984089,264.3358,554.940736
2686,1000,WeaklyCorrelated,scaled,253677,42,253.6770,253678,253170646,142686240,109598906,885500,0.563597,253677,1,0.999996,279278,146201.4477,6245220509.1631,37088090840,259.9276,562.469903
2687,1000,WeaklyCorrelated,scaled,253428,42,253.4280,253429,252922143,144902015,107188021,832107,0.572912,253427,2,0.999992,277839,144841.3566,6196162510.7647,36707000155,253.3229,571.765721
2688,1000,WeaklyCorrelated,scaled,250240,42,250.2400,250241,249740519,138037719,110812731,890069,0.552725,250238,3,0.999988,274012,142851.2739,6070741959.5371,35747245636,258.9672,551.619115
2689,1000,WeaklyCorrelated,scaled,250246,42,250.2460,250247,249746507,140292214,108436580,1017713,0.561738,250246,1,0.999996,274762,143233.0594,6064942361.9128,35843643409,255.4927,560.614968
2690,1000,WeaklyCorrelated,scaled,248047,42,248.0470,248048,247551905,138688395,108118192,745318,0.560240,248043,5,0.999980,274353,143446.6346,6039142299.7851,35581650807,256.5582,559.119183
2691,1000,WeaklyCorrelated,scaled,254281,42,254.2810,254282,253773437,141551957,111361430,860050,0.557789,254279,3,0.999988,279080,145410.3316,6272167935.5122,36975229950,261.2131,556.673131
2692,1000,WeaklyCorrelated,scaled,254660,42,254.6600,254661,254151679,145817225,107409495,924959,0.573741,254659,2,0.999992,282179,147260.7862,6388187878.5009,37501579067,257.1821,572.593467
2693,1000,WeaklyCorrelated,scaled,245437,42,245.4370,245438,244947126,136736773,107128692,1081661,0.558230,245436,2,0.999992,270572,141353.1612,5875081844.4966,34693437186,253.7243,557.113295
2694,1000,WeaklyCorrelated,scaled,252488,42,252.4880,252489,251984023,142542281,108543297,898445,0.565680,252487,2,0.999992,276239,143947.1836,6134349849.7546,36345080440,254.9775,564.548479
2695,1000,WeaklyCorrelated,scaled,252435,42,252.4350,252436,251931130,141236851,109811459,882820,0.560617,252435,1,0.999996,276003,144152.0372,6106731193.6884,36389163665,257.6464,559.495678
2696,1000,WeaklyCorrelated,scaled,247321,42,247.3210,247322,246827358,137632303,108312839,882216,0.557606,247321,1,0.999996,271134,141640.4273,5910968202.2983,35030793756,254.5245,556.490336
2697,1000,WeaklyCorrelated,scaled,246949,42,246.9490,246950,246456102,141839499,103789223,827380,0.575516,246943,7,0.999972,273179,142480.0042,6003941829.2353,35185437045,248.0652,574.365252
2698,1000,WeaklyCorrelated,scaled,249102,42,249.1020,249103,248604796,142549460,105106656,948680,0.573398,249102,1,0.999996,275255,144045.1951,6055085845.9620,35882090227,251.7168,572.251077
2699,1000,WeaklyCorrelated,scaled,252538,42,252.5380,252539,252033924,143250866,107830386,952672,0.568379,252538,1,0.999996,277836,145087.4433,6208274904.6233,36640237837,255.7767,567.242549
2700,1000,StronglyCorrelated,scaled,245701,42,245.7010,245702,245210598,152768894,77720347,14721357,0.623011,245701,1,0.999996,250066,125749.3104,5176354312.7620,30896857067,202.2457,621.764959
2701,1000,StronglyCorrelated,scaled,255123,42,255.1230,255124,254613753,156465364,82889058,15259331,0.614520,255123,1,0.999996,259418,130384.7152,5574808453.6508,33264270084,212.5983,613.291435
2702,1000,StronglyCorrelated,scaled,254844,42,254.8440,254845,254335312,156162172,83802283,14370857,0.614001,254843,2,0.999992,259213,130304.6555,5566348580.8188,33207489936,212.6475,612.773144
2703,1000,StronglyCorrelated,scaled,248313,42,248.3130,248314,247817373,155437471,79041537,13338365,0.627226,248312,2,0.999992,252786,127153.6137,5287413548.5617,31574022433,203.1301,625.971435
2704,1000,StronglyCorrelated,scaled,250950,42,250.9500,250951,250449099,156461954,78534704,15452441,0.624726,250950,1,0.999996,255327,128421.4193,5393878328.9520,32227483602,205.9765,623.476113
2705,1000,StronglyCorrelated,scaled,253432,42,253.4320,253433,252926136,158707645,79313365,14905126,0.627486,253432,1,0.999996,257894,129700.1648,5502660338.2880,32870301862,207.1123,626.231174
2706,1000,StronglyCorrelated,scaled,249704,42,249.7040,249705,249205592,158115057,77092062,13998473,0.634476,249703,2,0.999992,254016,127728.2899,5340549050.7139,31894392635,201.7164,633.207413
2707,1000,StronglyCorrelated,scaled,253381,42,253.3810,253382,252875238,156645903,81949791,14279544,0.619459,253381,1,0.999996,257763,129632.7760,5499289870.6822,32846612058,209.6870,618.220327
2708,1000,StronglyCorrelated,scaled,248657,42,248.6570,248658,248160685,154543840,80327032,13289813,0.622757,248656,2,0.999992,253029,127252.4566,5297716917.8934,31642341359,204.7467,621.511634
2709,1000,StronglyCorrelated,scaled,254127,42,254.1270,254128,253619745,158923769,79866116,14829860,0.626622,254125,3,0.999988,258634,130051.7790,5535061222.0449,33049798486,207.9601,625.368983
2710,1000,StronglyCorrelated,scaled,242614,42,242.6140,242615,242129772,154096247,74585318,13448207,0.636420,242614,1,0.999996,246996,124258.9774,5046155625.1216,30147091814,195.6381,635.147237
2711,1000,StronglyCorrelated,scaled,244928,42,244.9280,244929,244439143,155238619,76228691,12971833,0.635081,244928,1,0.999996,249434,125483.2681,5147848105.7227,30734491378,197.9823,633.810692
2712,1000,StronglyCorrelated,scaled,249875,42,249.8750,249876,249376250,159552356,75390378,14433516,0.639806,249875,1,0.999996,254193,127812.8994,5348394505.6089,31937376045,200.1686,638.526133
2713,1000,StronglyCorrelated,scaled,240337,42,240.3370,240338,239857326,149205344,76994239,13657743,0.622059,240337,1,0.999996,244780,123178.1448,4955257653.9545,29604388972,198.4137,620.814619
2714,1000,StronglyCorrelated,scaled,254869,42,254.8690,254870,254360261,155627906,83367058,15365297,0.611840,254868,2,0.999992,259245,130321.6588,5565520429.4949,33215081176,213.4263,610.616809
2715,1000,StronglyCorrelated,scaled,258571,42,258.5710,258572,258054857,159215860,85044009,13794988,0.616985,258571,1,0.999996,263019,132259.3979,5726691563.2922,34198577022,214.7938,615.750584
2716,1000,StronglyCorrelated,scaled,255901,42,255.9010,255902,255390197,157692860,81983250,15714087,0.617459,255901,1,0.999996,260143,130762.8708,5605972639.6854,33462480173,212.2004,616.223632
2717,1000,StronglyCorrelated,scaled,247941,42,247.9410,247942,247446117,156542885,76395242,14507990,0.632634,247940,2,0.999992,252243,126851.4385,5267951442.8453,31451799361,200.9149,631.368969
2718,1000,StronglyCorrelated,scaled,251950,42,251.9500,251951,251447100,157967863,77253304,16225933,0.628235,251950,1,0.999996,256309,128888.9521,5437264108.1968,32473700378,205.5716,626.978512
2719,1000,StronglyCorrelated,scaled,250717,42,250.7170,250718,250216566,157687709,79182602,13346255,0.630205,250717,1,0.999996,255136,128335.7442,5386910157.9698,32176081117,204.0494,628.944507
2720,1000,StronglyCorrelated,scaled,254764,42,254.7640,254765,254255472,162243307,77639801,14372364,0.638111,254763,2,0.999992,259242,130387.2132,5561684841.6769,33218098364,204.7425,636.835150
2721,1000,StronglyCorrelated,scaled,248963,42,248.9630,248964,248466074,155062129,77325348,16078597,0.624078,248963,1,0.999996,253274,127376.0838,5307713392.3973,31712059325,204.5120,622.829522
2722,1000,StronglyCorrelated,scaled,250056,42,250.0560,250057,249556887,159058715,76068366,14429806,0.637365,250056,1,0.999996,254502,128010.9403,5359813676.8103,32010031692,201.2466,636.089832
2723,1000,StronglyCorrelated,scaled,257863,42,257.8630,257864,257348274,158255571,84293288,14799415,0.614947,257863,1,0.999996,262168,131763.3499,5694121615.3561,33977024447,214.6972,613.717196
2724,1000,StronglyCorrelated,scaled,251625,42,251.6250,251626,251122750,154827769,82646744,13648237,0.616542,251624,2,0.999992,256029,128775.4310,5423492659.1468,32403246609,209.2858,615.309106
2725,1000,StronglyCorrelated,scaled,240763,42,240.7630,240764,240282473,149171299,76589968,14521206,0.620816,240761,3,0.999988,245109,123282.6188,4971789385.4216,29682016439,198.9794,619.574766
2726,1000,StronglyCorrelated,scaled,256318,42,256.3180,256319,255806364,161579002,79850438,14376924,0.631646,256316,3,0.999988,260713,131073.2214,5628516252.6355,33596557048,207.9265,630.382461
2727,1000,StronglyCorrelated,scaled,255130,42,255.1300,255131,254620740,163364922,75916570,15339248,0.641601,255130,1,0.999996,259414,130444.4262,5568815879.2575,33280416906,203.7183,640.317805
2728,1000,StronglyCorrelated,scaled,247623,42,247.6230,247624,247128754,156075058,76471765,14581931,0.631554,247622,2,0.999992,251976,126730.7926,5255067060.5732,31381585789,201.0673,630.290513
2729,1000,StronglyCorrelated,scaled,247380,42,247.3800,247381,246886239,155914936,76510544,14460759,0.631525,247380,1,0.999996,251788,126671.0267,5244212829.2078,31336005253,200.9814,630.262373
2730,1000,StronglyCorrelated,scaled,254979,42,254.9790,254980,254470041,157718647,83240175,13511219,0.619793,254979,1,0.999996,259452,130477.2549,5572028567.0042,33269090462,210.9395,618.553012
2731,1000,StronglyCorrelated,scaled,244406,42,244.4060,244407,243918188,154918515,75589919,13409754,0.635125,244405,2,0.999992,248838,125184.6773,5123482497.0439,30596011423,197.4974,633.854656
2732,1000,StronglyCorrelated,scaled,252477,42,252.4770,252478,251973046,157523313,79610296,14839437,0.625159,252476,2,0.999992,256812,129137.2807,5459834412.8605,32604322358,206.9809,623.909065
2733,1000,StronglyCorrelated,scaled,241998,42,241.9980,241999,241515003,152695495,74509829,14309679,0.632240,241997,2,0.999992,246432,123946.6187,5024758148.8290,29994957782,196.4364,630.975727
2734,1000,StronglyCorrelated,scaled,251356,42,251.3560,251357,250854288,157634159,77783100,15437029,0.628389,251350,7,0.999972,255718,128584.6283,5413673248.3157,32320646416,205.0358,627.132560
2735,1000,StronglyCorrelated,scaled,240807,42,240.8070,240808,240326385,151714476,75501815,13110094,0.631285,240807,1,0.999996,245158,123343.2231,4973338199.8855,29702034867,195.7759,630.022574
2736,1000,StronglyCorrelated,scaled,243635,42,243.6350,243636,243148730,151808574,77514006,13826150,0.624345,243635,1,0.999996,248057,124808.9967,5089045822.3752,30407964721,200.3047,623.095823
2737,1000,StronglyCorrelated,scaled,254709,42,254.7090,254710,254200582,153283819,86439134,14477629,0.603003,254709,1,0.999996,259012,130203.5593,5555746675.4293,33164148596,216.3578,601.797413
2738,1000,StronglyCorrelated,scaled,245124,42,245.1240,245125,244634752,150276723,79724691,14633338,0.614290,245124,1,0.999996,249478,125455.0992,5152599294.1644,30752181188,204.6370,613.061593
2739,1000,StronglyCorrelated,scaled,255033,42,255.0330,255034,254523934,154375100,85027764,15121070,0.606525,255033,1,0.999996,259345,130397.3393,5567994039.5032,33255755029,215.4218,605.311841
2740,1000,StronglyCorrelated,scaled,256759,42,256.7590,256760,256246481,158633361,81504391,16108729,0.619066,256759,1,0.999996,261022,131177.0908,5644770343.0258,33681029830,212.3200,617.827391
2741,1000,StronglyCorrelated,scaled,245181,42,245.1810,245182,244691638,152071197,78383530,14236911,0.621481,245181,1,0.999996,249518,125489.5065,5153524739.5364,30767768176,202.3248,620.238015
2742,1000,StronglyCorrelated,scaled,252436,42,252.4360,252437,251932128,158325484,79299602,14307042,0.628445,252436,1,0.999996,256945,129256.7957,5462534359.9491,32629197724,206.0894,627.188106
2743,1000,StronglyCorrelated,scaled,253748,42,253.7480,253749,253241504,155082449,83654512,14504543,0.612390,253748,1,0.999996,258096,129748.3898,5517365600.6751,32923524169,212.2969,611.164769
2744,1000,StronglyCorrelated,scaled,249359,42,249.3590,249360,248861281,155078036,79612916,14170329,0.623151,249359,1,0.999996,253730,127596.3014,5327757190.0046,31817413728,205.1703,621.904219
2745,1000,StronglyCorrelated,scaled,246399,42,246.3990,246400,245907201,150759852,80551960,14595389,0.613076,246397,3,0.999988,250646,126014.8986,5203756686.9262,31050071006,205.9572,611.850049
2746,1000,StronglyCorrelated,scaled,245494,42,245.4940,245495,245004012,151751036,78444977,14807999,0.619382,245494,1,0.999996,249875,125663.1134,5167858962.6843,30849666015,203.2913,618.143082
2747,1000,StronglyCorrelated,scaled,246011,42,246.0110,246012,245519977,153166522,79249641,13103814,0.623845,246011,1,0.999996,250431,126010.9095,5185801604.9797,31000195863,202.3954,622.597768
2748,1000,StronglyCorrelated,scaled,252163,42,252.1630,252164,251659673,157028503,79649064,14982106,0.623972,252163,1,0.999996,256469,128945.3064,5444814949.4498,32515364240,207.0666,622.723716
2749,1000,StronglyCorrelated,scaled,243763,42,243.7630,243764,243276474,154996638,72288641,15991195,0.637121,243763,1,0.999996,247973,124688.0353,5089283199.1468,30394454247,196.0975,635.847123
2750,1000,StronglyCorrelated,scaled,252711,42,252.7110,252712,252206578,158107857,80264347,13834374,0.626898,252711,1,0.999996,257095,129304.5468,5470582379.5574,32676810628,206.6742,625.644437
2751,1000,StronglyCorrelated,scaled,248160,42,248.1600,248161,247664679,153720037,79780421,14164221,0.620678,248159,2,0.999992,252463,126957.2676,5277094253.4440,31505842491,204.9560,619.436725
2752,1000,StronglyCorrelated,scaled,245620,42,245.6200,245621,245129760,151757920,78565056,14806784,0.619092,245618,3,0.999988,249929,125698.6150,5168432415.7825,30874219503,203.4439,617.854011
2753,1000,StronglyCorrelated,scaled,248469,42,248.4690,248470,247973062,151038917,82030894,14903251,0.609094,248467,3,0.999988,252765,127088.3987,5290202374.7081,31577654414,209.0697,607.875868
2754,1000,StronglyCorrelated,scaled,243406,42,243.4060,243407,242920188,149760132,79752526,13407530,0.616499,243405,2,0.999992,247765,124664.9928,5077935669.6836,30344331914,202.6196,615.266332
2755,1000,StronglyCorrelated,scaled,254620,42,254.6200,254621,254111760,162528720,75939876,15643164,0.639595,254619,2,0.999992,258840,130138.4441,5545748015.0809,33135980782,203.8777,638.316243
2756,1000,StronglyCorrelated,scaled,248755,42,248.7550,248756,248258489,156565995,78554653,13137841,0.630657,248755,1,0.999996,253219,127320.1808,5309068387.1736,31671658883,202.2895,629.395854
2757,1000,StronglyCorrelated,scaled,247156,42,247.1560,247157,246662688,152662770,80605015,13394903,0.618913,247154,3,0.999988,251559,126489.2189,5240627908.2386,31262695877,204.7827,617.675283
2758,1000,StronglyCorrelated,scaled,253427,42,253.4270,253428,252921145,161104028,77321008,14496109,0.636973,253427,1,0.999996,257866,129685.3687,5503243698.0722,32865903619,204.0042,635.699402
2759,1000,StronglyCorrelated,scaled,248491,42,248.4910,248492,247995018,153582535,79547029,14865454,0.619297,248491,1,0.999996,252790,127118.5668,5290042395.7093,31587946910,205.6741,618.058267
2760,1000,StronglyCorrelated,scaled,249157,42,249.1570,249158,248659686,158819689,76667379,13172618,0.638703,249157,1,0.999996,253672,127594.8042,5324908888.7523,31791266221,200.1721,637.425605
2761,1000,StronglyCorrelated,scaled,252820,42,252.8200,252821,252315360,158258492,79447119,14609749,0.627225,252820,1,0.999996,257194,129352.0772,5474678550.1423,32702921499,206.6424,625.970517
2762,1000,StronglyCorrelated,scaled,239777,42,239.7770,239778,239298445,150211191,74657418,14429836,0.627715,239777,1,0.999996,244113,122837.2963,4926338657.0307,29453681236,196.0818,626.459437
2763,1000,StronglyCorrelated,scaled,252565,42,252.5650,252566,252060870,156520363,81822416,13718091,0.620963,252565,1,0.999996,257001,129199.9702,5469778066.7938,32631519680,208.4810,619.720639
2764,1000,StronglyCorrelated,scaled,259478,42,259.4780,259479,258960044,161759452,83149998,14050594,0.624650,259478,1,0.999996,263905,132672.8802,5767214487.6867,34425826275,212.8211,623.400938
2765,1000,StronglyCorrelated,scaled,245573,42,245.5730,245574,245082854,153412936,77312626,14357292,0.625964,245573,1,0.999996,250042,125792.2391,5172364270.2820,30891303326,201.3605,624.711639
2766,1000,StronglyCorrelated,scaled,251598,42,251.5980,251599,251095803,155931367,80857541,14306895,0.621003,251597,2,0.999992,255921,128680.2947,5422535183.4187,32375833469,207.6287,619.761474
2767,1000,StronglyCorrelated,scaled,254070,42,254.0700,254071,253562860,156174128,82522674,14866058,0.615919,254069,2,0.999992,258437,129951.3660,5528232219.3412,33016873520,211.4106,614.686950
2768,1000,StronglyCorrelated,scaled,240070,42,240.0700,240071,239590859,150601724,74626210,14362925,0.628579,240070,1,0.999996,244354,122904.2810,4941404905.7875,29505753650,195.9191,627.321601
2769,1000,StronglyCorrelated,scaled,252758,42,252.7580,252759,252253484,158963365,76576730,16713389,0.630173,252758,1,0.999996,256976,129158.8994,5468461013.6564,32646074257,205.3685,628.912779
2770,1000,StronglyCorrelated,scaled,258326,42,258.3260,258327,257810347,163651953,79122877,15035517,0.634777,258326,1,0.999996,262781,132124.3659,5717195554.4947,34131291076,208.5602,633.506962
2771,1000,StronglyCorrelated,scaled,257146,42,257.1460,257147,256632707,158722871,83144988,14764848,0.618483,257144,3,0.999988,261582,131520.2161,5664997623.8104,33820029012,213.0760,617.245665
2772,1000,StronglyCorrelated,scaled,244931,42,244.9310,244932,244442138,154694590,76445785,13301763,0.632847,244930,2,0.999992,249274,125400.9313,5141147711.9779,30714700911,198.5506,631.581786
2773,1000,StronglyCorrelated,scaled,260120,42,260.1200,260121,259600760,160674650,83693107,15233003,0.618930,260117,4,0.999985,264492,132946.7370,5793780598.3016,34582238165,215.2315,617.691959
2774,1000,StronglyCorrelated,scaled,243683,42,243.6830,243684,243196633,151387061,77694400,14115172,0.622488,243683,1,0.999996,248048,124770.5136,5090700164.5370,30404577836,200.8400,621.243336
2775,1000,StronglyCorrelated,scaled,257766,42,257.7660,257767,257251468,162306124,80288314,14657030,0.630924,257766,1,0.999996,262139,131795.7522,5687873724.1112,33972595650,209.3119,629.662152
2776,1000,StronglyCorrelated,scaled,248881,42,248.8810,248882,248384238,154293066,79496999,14594173,0.621187,248881,1,0.999996,253249,127383.7607,5307482702.8524,31703525142,205.4760,619.944657
2777,1000,StronglyCorrelated,scaled,246227,42,246.2270,246228,245735545,154683426,76419187,14632932,0.629471,246227,1,0.999996,250638,126038.5587,5199747273.9007,31034222227,200.6306,628.212169
2778,1000,StronglyCorrelated,scaled,253785,42,253.7850,253786,253278429,159703132,79665596,13909701,0.630544,253785,1,0.999996,258231,129902.3886,5517826249.4617,32967407601,206.4293,629.282671
2779,1000,StronglyCorrelated,scaled,251431,42,251.4310,251432,250929137,157310776,78175901,15442460,0.626913,251431,1,0.999996,255708,128565.5072,5414026550.6028,32325482612,205.4880,625.659327
2780,1000,StronglyCorrelated,scaled,247067,42,247.0670,247068,246573866,157545721,74687721,14340424,0.638939,247067,1,0.999996,251423,126447.4328,5230487468.3606,31241114317,198.2987,637.661377
2781,1000,StronglyCorrelated,scaled,253742,42,253.7420,253743,253235515,158960287,78854470,15420758,0.627717,253742,1,0.999996,258009,129733.8977,5510377304.0039,32919068397,207.0899,626.461762
2782,1000,StronglyCorrelated,scaled,255378,42,255.3780,255379,254868244,159342152,79562659,15963433,0.625194,255378,1,0.999996,259737,130548.7354,5587576816.5860,33339405506,209.2316,623.943832
2783,1000,StronglyCorrelated,scaled,253572,42,253.5720,253573,253065856,158975889,80328754,13761213,0.628200,253571,2,0.999992,258060,129789.1991,5510479425.3434,32911036585,207.0190,626.943283
2784,1000,StronglyCorrelated,scaled,254965,42,254.9650,254966,254456070,161983272,77638739,14834059,0.636586,254965,1,0.999996,259356,130413.3228,5568931290.3002,33250963261,205.2741,635.313226
2785,1000,StronglyCorrelated,scaled,252690,42,252.6900,252691,252185619,158172544,79874658,14138417,0.627207,252690,1,0.999996,257069,129252.3521,5471318403.1424,32660906114,206.4891,625.952424
2786,1000,StronglyCorrelated,scaled,247821,42,247.8210,247822,247326358,156417057,75871903,15037398,0.632432,247821,1,0.999996,252176,126830.8941,5261163912.8760,31431485828,200.9467,631.166955
2787,1000,StronglyCorrelated,scaled,253424,42,253.4240,253425,252918151,158643214,79569092,14705845,0.627251,253424,1,0.999996,257840,129656.2095,5502800756.4932,32858124896,207.1196,625.996701
2788,1000,StronglyCorrelated,scaled,247409,42,247.4090,247410,246915182,155256138,78811973,12847071,0.628783,247405,5,0.999980,251818,126665.7469,5246993205.6315,31338372450,201.8495,627.525718
2789,1000,StronglyCorrelated,scaled,252573,42,252.5730,252574,252068853,157206920,81378125,13483808,0.623667,252572,2,0.999992,257088,129347.8342,5467646957.0623,32669899870,207.8146,622.419251
2790,1000,StronglyCorrelated,scaled,246063,42,246.0630,246064,245571874,153674308,77559396,14338170,0.625781,246063,1,0.999996,250403,125899.0518,5190939225.5857,30979224276,201.5901,624.529830
2791,1000,StronglyCorrelated,scaled,254327,42,254.3270,254328,253819346,156884027,82173191,14762128,0.618093,254325,3,0.999988,258554,129968.4745,5536013647.0230,33054622183,210.6946,616.857078
2792,1000,StronglyCorrelated,scaled,253729,42,253.7290,253730,253222541,156597154,81223577,15401810,0.618417,253728,2,0.999992,258073,129744.0590,5513259356.3487,32919960092,210.2207,617.180286
2793,1000,StronglyCorrelated,scaled,251865,42,251.8650,251866,251362269,156643812,80087788,14630669,0.623179,251865,1,0.999996,256228,128823.7880,5435599468.7356,32446332187,207.1345,621.933139
2794,1000,StronglyCorrelated,scaled,243092,42,243.0920,243093,242606816,151803701,76987826,13815289,0.625719,243092,1,0.999996,247469,124447.6001,5070089638.5207,30252340440,199.2859,624.467595
2795,1000,StronglyCorrelated,scaled,246843,42,246.8430,246844,246350313,156929708,76349137,13071468,0.637019,246842,2,0.999992,251394,126478.1478,5228116799.1956,31220371904,198.9449,635.744470
2796,1000,StronglyCorrelated,scaled,248603,42,248.6030,248604,248106794,152910922,80658773,14537099,0.616311,248602,2,0.999992,252914,127215.0850,5292927010.5944,31626179002,206.8275,615.078285
2797,1000,StronglyCorrelated,scaled,244857,42,244.8570,244858,244368286,153396820,76071226,14900240,0.627728,244855,3,0.999988,249286,125426.4757,5140365199.2305,30711675982,200.2106,626.472568
2798,1000,StronglyCorrelated,scaled,250087,42,250.0870,250088,249587825,157518455,76928682,15140688,0.631114,250087,1,0.999996,254482,127975.6738,5359234493.4942,32005180317,203.1837,629.852112
2799,1000,StronglyCorrelated,scaled,250156,42,250.1560,250157,249656688,158955402,76253246,14448040,0.636696,250155,2,0.999992,254504,127995.9103,5358881132.7914,32019072934,201.4343,635.422563
2800,1000,InverseCorrelated,scaled,254876,42,254.8760,254877,254367247,174920271,79269859,177117,0.687668,254876,1,0.999996,444918,338445.4292,8672581144.4260,86261955660,493.1501,686.292882
2801,1000,InverseCorrelated,scaled,248974,42,248.9740,248975,248477052,171160915,77128598,187539,0.688840,248974,1,0.999996,461033,346766.4985,10359995957.0477,86336188957,504.4153,687.462255
2802,1000,InverseCorrelated,scaled,247237,42,247.2370,247238,246743525,171842732,74710669,190124,0.696443,247237,1,0.999996,464915,350910.1913,10016678559.3757,86758333882,504.8705,695.049839
2803,1000,InverseCorrelated,scaled,251864,42,251.8640,251865,251361272,173241749,77937093,182430,0.689214,251863,2,0.999992,456341,348572.8256,9077538869.5520,87793294726,506.7675,687.835741
2804,1000,InverseCorrelated,scaled,253248,42,253.2480,253249,252742503,174024862,78543198,174443,0.688546,253248,1,0.999996,453951,342863.4256,9716545132.6562,86829819673,498.9507,687.169000
2805,1000,InverseCorrelated,scaled,249782,42,249.7820,249783,249283435,173539771,75530340,213324,0.696154,249782,1,0.999996,456566,343942.3414,9627665914.1774,85910949872,495.0505,694.762138
2806,1000,InverseCorrelated,scaled,258801,42,258.8010,258802,258284398,178090873,79986954,206571,0.689515,258801,1,0.999996,439046,333144.8435,8483818781.7819,86218551791,484.1267,688.135613
2807,1000,InverseCorrelated,scaled,257505,42,257.5050,257506,256990990,176802758,79982451,205781,0.687973,257504,2,0.999992,446700,338260.6070,9506140470.8356,87104135856,492.6628,686.596654
2808,1000,InverseCorrelated,scaled,247732,42,247.7320,247733,247237536,174139975,72923739,173822,0.704343,247732,1,0.999996,468083,358991.9736,9729881098.9202,88934158599,510.7050,702.934106
2809,1000,InverseCorrelated,scaled,249942,42,249.9420,249943,249443116,173252557,76000271,190288,0.694557,249942,1,0.999996,458039,346811.8262,9237452086.8860,86683188272,500.3285,693.168270
2810,1000,InverseCorrelated,scaled,244437,42,244.4370,244438,243949126,166102326,77682428,164372,0.680889,244436,2,0.999992,470589,353909.8713,10410890462.0561,86509021130,520.8176,679.527430
2811,1000,InverseCorrelated,scaled,248822,42,248.8220,248823,248325355,170943292,77194550,187513,0.688384,248822,1,0.999996,456062,343609.1803,9429409238.9400,85497867071,500.1534,687.007600
2812,1000,InverseCorrelated,scaled,248673,42,248.6730,248674,248176654,171512911,76478404,185339,0.691092,248673,1,0.999996,460690,347707.2938,10015004921.5204,86465763589,504.1356,689.709865
2813,1000,InverseCorrelated,scaled,256095,42,256.0950,256096,255583810,175223681,80152400,207729,0.685582,256094,2,0.999992,447298,340317.6517,9064118467.9386,87153989319,497.3870,684.210925
2814,1000,InverseCorrelated,scaled,249564,42,249.5640,249565,249065872,170880626,78014061,171185,0.686086,249564,1,0.999996,459292,340790.4100,10630778952.8889,85049358672,497.7121,684.713906
2815,1000,InverseCorrelated,scaled,247254,42,247.2540,247255,246760491,170248122,76313833,198536,0.689933,247254,1,0.999996,460100,347640.0131,9493763757.6076,85955731438,504.8850,688.552798
2816,1000,InverseCorrelated,scaled,245130,42,245.1300,245131,244640740,168175264,76275521,189955,0.687438,245130,1,0.999996,464251,351209.2624,9581322704.3947,86092277700,511.9200,686.062815
2817,1000,InverseCorrelated,scaled,248549,42,248.5490,248550,248052901,170956685,76915799,180417,0.689194,248548,2,0.999992,460327,347206.1272,9785347080.5999,86298082908,504.7950,687.816073
2818,1000,InverseCorrelated,scaled,244837,42,244.8370,244838,244348326,169849999,74327391,170936,0.695114,244837,1,0.999996,466451,353603.0541,9720169401.2083,86575464558,509.7172,693.724009
2819,1000,InverseCorrelated,scaled,248432,42,248.4320,248433,247936135,173012149,74731181,192805,0.697809,248431,2,0.999992,463361,352125.8253,9682856183.9676,87479675154,505.6274,696.413717
2820,1000,InverseCorrelated,scaled,247933,42,247.9330,247934,247438133,172570991,74683351,183791,0.697431,247933,1,0.999996,461946,351412.1544,9289115166.8994,87127021079,504.8764,696.036006
2821,1000,InverseCorrelated,scaled,246904,42,246.9040,246905,246411191,170688045,75546707,176439,0.692696,246904,1,0.999996,465018,357693.3923,8964609658.8928,88316287027,517.4134,691.310605
2822,1000,InverseCorrelated,scaled,248159,42,248.1590,248160,247663681,172363834,75108937,190910,0.695959,248158,2,0.999992,459947,349383.6355,9416575996.2717,86703042994,503.0234,694.567352
2823,1000,InverseCorrelated,scaled,250597,42,250.5970,250598,250096806,172464968,77440543,191295,0.689593,250597,1,0.999996,455209,342340.1228,9942227525.0702,85789750083,497.4329,688.213665
2824,1000,InverseCorrelated,scaled,247084,42,247.0840,247085,246590831,170610315,75795857,184659,0.691876,247084,1,0.999996,461919,352367.3784,9424075488.2339,87064693699,510.3132,690.492401
2825,1000,InverseCorrelated,scaled,247068,42,247.0680,247069,246574864,171523132,74848214,203518,0.695623,247068,1,0.999996,459936,349646.3808,9570684270.1175,86386781663,503.6451,694.231700
2826,1000,InverseCorrelated,scaled,246782,42,246.7820,246783,246289435,175099437,71004666,185332,0.710950,246782,1,0.999996,465597,354023.8717,9896743745.7447,87367073141,498.9569,709.527954
2827,1000,InverseCorrelated,scaled,251942,42,251.9420,251943,251439116,174047665,77202560,188891,0.692206,251938,5,0.999980,457077,348255.6662,9557415451.0398,87740577300,504.1181,690.821595
2828,1000,InverseCorrelated,scaled,263265,42,263.2650,263266,262739470,180575816,81960384,203270,0.687281,263265,1,0.999996,435097,332471.7671,8103375939.9632,87528512225,484.7189,685.906330
2829,1000,InverseCorrelated,scaled,246823,42,246.8230,246824,246330354,171410725,74719253,200376,0.695857,246823,1,0.999996,464490,348813.7996,10375280303.9921,86095617270,502.2767,694.465388
2830,1000,InverseCorrelated,scaled,245927,42,245.9270,245928,245436146,169569252,75675001,191893,0.690889,245926,2,0.999992,465068,352468.6613,9750334565.1758,86681912935,511.1889,689.507710
2831,1000,InverseCorrelated,scaled,257208,42,257.2080,257209,256694583,177509491,78962937,222155,0.691520,257208,1,0.999996,442859,332234.2085,9219675348.9811,85453628543,481.4032,690.137169
2832,1000,InverseCorrelated,scaled,249804,42,249.8040,249805,249305391,171298589,77824798,182004,0.687103,249803,2,0.999992,458541,344072.3586,9892479605.2259,85950995532,501.7613,685.729225
2833,1000,InverseCorrelated,scaled,249909,42,249.9090,249910,249410182,172919985,76319072,171125,0.693316,249909,1,0.999996,457105,344649.1360,9601829888.5260,86131265573,498.0990,691.929034
2834,1000,InverseCorrelated,scaled,242687,42,242.6870,242688,242202625,167375103,74649209,178313,0.691054,242687,1,0.999996,473492,360575.7614,10037220440.6501,87507410373,522.8221,689.671937
2835,1000,InverseCorrelated,scaled,249393,42,249.3930,249394,248895213,172126954,76580905,187354,0.691564,249393,1,0.999996,459878,346651.9162,9868938302.5136,86452908000,502.2625,690.180814
2836,1000,InverseCorrelated,scaled,254322,42,254.3220,254323,253814356,174818457,78821791,174108,0.688765,254321,2,0.999992,451023,344746.9752,8957801450.9294,87677084968,501.5322,687.387523
2837,1000,InverseCorrelated,scaled,247739,42,247.7390,247740,247244522,173699027,73363605,181890,0.702539,247739,1,0.999996,463366,354624.0203,9461846250.1893,87854554800,505.7861,701.134363
2838,1000,InverseCorrelated,scaled,240761,42,240.7610,240762,240280478,167664134,72448942,167402,0.697785,240761,1,0.999996,475372,362743.4978,9626935432.1452,87334850020,520.8917,696.389522
2839,1000,InverseCorrelated,scaled,249773,42,249.7730,249774,249274453,171339564,77747318,187571,0.687353,249773,1,0.999996,453599,342494.4973,8869205721.2949,85546220572,499.2789,685.978380
2840,1000,InverseCorrelated,scaled,261223,42,261.2230,261224,260701554,178832524,81656299,212731,0.685966,261221,3,0.999989,438887,333225.2183,8684736410.7419,87046424424,486.7483,684.594540
2841,1000,InverseCorrelated,scaled,240509,42,240.5090,240510,240028981,168832063,71018918,178000,0.703382,240509,1,0.999996,475811,356329.7408,10870990320.5371,85700865962,507.6101,701.975232
2842,1000,InverseCorrelated,scaled,253761,42,253.7610,253762,253254478,174947439,78096528,210511,0.690797,253759,3,0.999988,448138,340961.7866,8985959449.8054,86523144885,494.5665,689.415433
2843,1000,InverseCorrelated,scaled,249572,42,249.5720,249573,249073855,172370426,76527635,175794,0.692045,249572,1,0.999996,458697,350555.4759,9225236868.6506,87489181792,507.5649,690.661354
2844,1000,InverseCorrelated,scaled,256117,42,256.1170,256118,255605766,175749572,79667450,188744,0.687581,256117,1,0.999996,447024,337396.3040,9035285736.9164,86413266587,491.6841,686.205468
2845,1000,InverseCorrelated,scaled,248181,42,248.1810,248182,247685637,171084232,76423861,177544,0.690731,248181,1,0.999996,459815,349326.0660,9658603410.2002,86696441724,506.7471,689.349880
2846,1000,InverseCorrelated,scaled,246518,42,246.5180,246519,246025964,171352021,74479310,194633,0.696479,246518,1,0.999996,464375,352764.3438,9406515694.2804,86963113274,507.5115,695.086468
2847,1000,InverseCorrelated,scaled,251874,42,251.8740,251875,251371251,173732233,77448589,190429,0.691138,251871,4,0.999984,451527,341848.4044,9213710933.7655,86103066856,495.6079,689.755764
2848,1000,InverseCorrelated,scaled,255490,42,255.4900,255491,254980020,175713847,79061321,204852,0.689128,255490,1,0.999996,446905,337959.2558,9453414607.6099,86345548226,491.3987,687.749655
2849,1000,InverseCorrelated,scaled,251806,42,251.8060,251807,251303387,175149719,75980267,173401,0.696965,251806,1,0.999996,457523,346602.5324,9642584107.9877,87276943872,498.2991,695.571287
2850,1000,InverseCorrelated,scaled,243946,42,243.9460,243947,243459108,167727077,75574347,157684,0.688933,243946,1,0.999996,468183,356655.0172,9641367434.4720,87004921489,518.7291,687.555399
2851,1000,InverseCorrelated,scaled,250549,42,250.5490,250550,250048902,173518123,76352183,178596,0.693937,250548,2,0.999992,459643,349172.9838,9554833098.6944,87485291099,504.1853,692.548884
2852,1000,InverseCorrelated,scaled,250444,42,250.4440,250445,249944112,172796153,76964472,183487,0.691339,250444,1,0.999996,457470,349251.4535,9514193581.8161,87468280273,506.1934,689.956489
2853,1000,InverseCorrelated,scaled,254351,42,254.3510,254352,253843297,173575134,80066570,201593,0.683789,254351,1,0.999996,443865,339326.9062,8122331783.3055,86308477251,497.2399,682.420952
2854,1000,InverseCorrelated,scaled,242393,42,242.3930,242394,241909214,169897346,71833588,178280,0.702319,242393,1,0.999996,467730,354573.3072,9746814111.7942,85946442235,505.8728,700.913991
2855,1000,InverseCorrelated,scaled,246447,42,246.4470,246448,245955105,171579529,74216203,159373,0.697605,246447,1,0.999996,466387,354534.6421,10017831619.8648,87374353473,509.2353,696.209866
2856,1000,InverseCorrelated,scaled,247511,42,247.5110,247512,247016978,171581920,75245090,189968,0.694616,247511,1,0.999996,458244,344683.5421,9413366281.5265,85313312865,497.2162,693.226672
2857,1000,InverseCorrelated,scaled,256701,42,256.7010,256702,256188598,175436290,80572701,179607,0.684794,256700,2,0.999992,446644,334174.0571,9498081285.9074,85783148803,488.9704,683.423931
2858,1000,InverseCorrelated,scaled,252630,42,252.6300,252631,252125740,175451150,76474021,200569,0.695887,252630,1,0.999996,454148,341816.0265,9367636094.8688,86353324586,492.1787,694.495727
2859,1000,InverseCorrelated,scaled,253649,42,253.6490,253650,253142701,172796744,80146445,199512,0.682606,253649,1,0.999996,450488,337819.3448,9353013918.2612,85687876796,495.8883,681.240859
2860,1000,InverseCorrelated,scaled,253528,42,253.5280,253529,253021944,173152130,79680264,189550,0.684336,253528,1,0.999996,450268,344612.4102,8843809893.1489,87369239740,504.5808,682.967747
2861,1000,InverseCorrelated,scaled,258018,42,258.0180,258019,257502963,176998790,80328577,175596,0.687366,258018,1,0.999996,438684,330033.5867,8846526135.8255,85154936000,481.1046,685.991303
2862,1000,InverseCorrelated,scaled,265810,42,265.8100,265811,265279379,181705979,83336518,236882,0.684961,265806,5,0.999981,427168,320074.5517,8719541670.7132,85079336675,468.2253,683.590894
2863,1000,InverseCorrelated,scaled,251818,42,251.8180,251819,251315363,172855101,78275539,184723,0.687802,251818,1,0.999996,456095,345633.0238,9352835735.7966,87036962430,503.5256,686.425969
2864,1000,InverseCorrelated,scaled,252627,42,252.6270,252628,252122746,176049398,75880667,192681,0.698269,252627,1,0.999996,455292,342442.0803,9889376804.9515,86510457874,491.3988,696.872073
2865,1000,InverseCorrelated,scaled,253548,42,253.5480,253549,253041903,176009500,76839409,192994,0.695575,253545,4,0.999984,453649,339306.8394,10063230391.6939,86030909812,488.7856,694.183373
2866,1000,InverseCorrelated,scaled,244042,42,244.0420,244043,243554916,170631222,72733901,189793,0.700586,244042,1,0.999996,467831,356209.3955,9804387321.1159,86930409498,509.4637,699.185070
2867,1000,InverseCorrelated,scaled,249219,42,249.2190,249220,248721561,172422725,76113769,185067,0.693236,249217,3,0.999988,463941,354044.5951,9880371486.1230,88234993994,511.7365,691.849470
2868,1000,InverseCorrelated,scaled,247064,42,247.0640,247065,246570872,170552869,75851541,166462,0.691699,247064,1,0.999996,465209,354648.4670,9396710415.4475,87621223490,513.7482,690.315783
2869,1000,InverseCorrelated,scaled,252569,42,252.5690,252570,252064862,172290368,79576538,197956,0.683516,252569,1,0.999996,454341,343665.5625,9380546776.3934,86799611124,503.7984,682.148980
2870,1000,InverseCorrelated,scaled,251222,42,251.2220,251223,250720556,172512530,78020104,187922,0.688067,251220,3,0.999988,457880,345900.5727,9736124216.8401,86898179565,503.7210,686.690828
2871,1000,InverseCorrelated,scaled,256459,42,256.4590,256460,255947081,176786794,78940927,219360,0.690716,256459,1,0.999996,445262,335566.7913,8993803841.8071,86059459303,486.7980,689.334766
2872,1000,InverseCorrelated,scaled,246165,42,246.1650,246166,245673670,168068858,77424046,180766,0.684114,246165,1,0.999996,457978,343041.8284,9423686654.6397,84445234724,502.4443,682.746025
2873,1000,InverseCorrelated,scaled,255320,42,255.3200,255321,254810360,176145005,78458754,206601,0.691279,255319,2,0.999992,446438,338363.9936,9010690587.4764,86391433218,490.4563,689.896268
2874,1000,InverseCorrelated,scaled,249880,42,249.8800,249881,249381239,171802286,77399115,179838,0.688914,249878,3,0.999988,456891,344611.5685,9458696326.4895,86111883337,501.2266,687.536411
2875,1000,InverseCorrelated,scaled,240084,42,240.0840,240085,239604831,167365794,72053478,185559,0.698508,240084,1,0.999996,474847,356935.7015,10486797054.0105,85694907896,512.0216,697.110582
2876,1000,InverseCorrelated,scaled,254826,42,254.8260,254827,254317347,173457983,80669262,190102,0.682053,254824,3,0.999988,447067,333717.7320,9526189394.3112,85040288499,490.2645,680.689185
2877,1000,InverseCorrelated,scaled,252794,42,252.7940,252795,252289411,171558317,80556754,174340,0.680006,252794,1,0.999996,452343,339399.4326,9235054214.4166,85798479574,500.1126,678.646006
2878,1000,InverseCorrelated,scaled,241436,42,241.4360,241437,240954128,169140135,71634897,179096,0.701960,241436,1,0.999996,478745,362402.0671,10645555512.4693,87497267885,517.3064,700.555984
2879,1000,InverseCorrelated,scaled,252437,42,252.4370,252438,251933125,172298202,79455332,179591,0.683905,252437,1,0.999996,451786,339240.4804,9671994063.9283,85637188396,497.0289,682.536710
2880,1000,InverseCorrelated,scaled,254230,42,254.2300,254231,253722540,176180068,77345658,196814,0.694381,254230,1,0.999996,448648,343701.5000,8559872169.1446,87379576057,495.9674,692.992074
2881,1000,InverseCorrelated,scaled,240373,42,240.3730,240374,239893254,167070020,72650034,173200,0.696435,240373,1,0.999996,473758,355015.3682,10821105308.8351,85336464124,510.7826,695.041976
2882,1000,InverseCorrelated,scaled,258279,42,258.2790,258280,257763442,178341390,79225197,196855,0.691880,258277,3,0.999988,442116,335607.1469,8802861670.5297,86680613895,486.0376,690.496322
2883,1000,InverseCorrelated,scaled,239750,42,239.7500,239751,239271499,166335610,72776430,159459,0.695175,239749,2,0.999992,477556,361017.9394,10675748604.2146,86554411984,520.3601,693.784843
2884,1000,InverseCorrelated,scaled,249345,42,249.3450,249346,248847309,171517518,77141483,188308,0.689248,249343,3,0.999988,457374,343946.1848,9660017551.5288,85761605400,500.0166,687.869539
2885,1000,InverseCorrelated,scaled,245502,42,245.5020,245503,245011996,170913891,73912903,185202,0.697574,245502,1,0.999996,466783,353563.9617,9755051073.0944,86801013280,507.8640,696.178421
2886,1000,InverseCorrelated,scaled,254936,42,254.9360,254937,254427128,175404093,78847632,175403,0.689408,254934,3,0.999988,448224,338765.7218,8903690420.8697,86363916830,492.3712,688.029172
2887,1000,InverseCorrelated,scaled,255601,42,255.6010,255602,255090798,176287401,78612282,191115,0.691077,255600,2,0.999992,445679,338042.0244,8735477154.6551,86404217514,490.1327,689.694920
2888,1000,InverseCorrelated,scaled,254532,42,254.5320,254533,254023936,175829656,78010182,184098,0.692178,254531,2,0.999992,446291,338634.4632,8768611241.3480,86193645810,490.2111,690.793162
2889,1000,InverseCorrelated,scaled,247616,42,247.6160,247617,247121768,172412371,74511878,197519,0.697682,247616,1,0.999996,459476,349792.3091,9314973341.7179,86614522211,502.3684,696.286487
2890,1000,InverseCorrelated,scaled,252981,42,252.9810,252982,252476037,175451451,76850010,174576,0.694923,252981,1,0.999996,451834,339677.2077,9279562882.6867,85932219354,489.7778,693.533338
2891,1000,InverseCorrelated,scaled,249521,42,249.5210,249522,249022957,172280094,76554072,188791,0.691824,249519,3,0.999988,457371,349822.0882,8827640466.4830,87288307082,506.6651,690.440498
2892,1000,InverseCorrelated,scaled,247122,42,247.1220,247123,246628755,168858584,77598804,171367,0.684667,247122,1,0.999996,460639,347861.1466,9578400176.6850,85964490133,509.0916,683.297726
2893,1000,InverseCorrelated,scaled,245144,42,245.1440,245145,244654712,169809724,74666143,178845,0.694079,245142,3,0.999988,467720,352052.5512,10565147437.5326,86303922653,508.2390,692.690954
2894,1000,InverseCorrelated,scaled,248829,42,248.8290,248830,248332341,170359133,77791411,181797,0.686013,248829,1,0.999996,458186,344374.2956,9558203583.2276,85690655980,503.0001,684.640650
2895,1000,InverseCorrelated,scaled,254186,42,254.1860,254187,253678627,172836983,80647288,194356,0.681323,254183,4,0.999984,449847,337615.5633,9305979398.4552,85817487196,496.5227,679.959963
2896,1000,InverseCorrelated,scaled,262002,42,262.0020,262003,261478995,179380736,81898294,199965,0.686024,262002,1,0.999996,436761,332192.4829,8389163154.4805,87035427099,485.1994,684.651458
2897,1000,InverseCorrelated,scaled,255369,42,255.3690,255370,254859261,178421964,76223746,213551,0.700080,255369,1,0.999996,447496,338345.9893,9153545361.3177,86403415299,484.2645,698.680205
2898,1000,InverseCorrelated,scaled,242892,42,242.8920,242893,242407215,168338110,73874385,194720,0.694443,242892,1,0.999996,469174,358090.5998,9404931227.0292,86977700047,516.6845,693.054596
2899,1000,InverseCorrelated,scaled,242780,42,242.7800,242781,242295439,167604124,74517075,174240,0.691735,242779,2,0.999992,470331,355061.8041,10144356795.0989,86202259857,514.3206,690.351074
2900,1000,AlmostEqualRatios,scaled,256187,42,256.1870,256188,255675625,136919540,114192086,4563999,0.535521,256187,1,0.999996,269063,136644.4083,6032324924.5145,35006657676,255.6732,534.449467
2901,1000,AlmostEqualRatios,scaled,248311,42,248.3110,248312,247815377,134208099,108442502,5164776,0.541565,248310,2,0.999992,260702,132349.2393,5663739008.9986,32863904298,244.8727,540.481729
2902,1000,AlmostEqualRatios,scaled,256075,42,256.0750,256076,255563849,142744143,107052855,5766851,0.558546,256075,1,0.999996,268919,136493.1629,6024479696.3453,34952623195,244.8620,557.428822
2903,1000,AlmostEqualRatios,scaled,253491,42,253.4910,253492,252985017,137413361,109974271,5597385,0.543168,253491,1,0.999996,265778,134997.8454,5889571500.9051,34220873818,249.0360,542.081648
2904,1000,AlmostEqualRatios,scaled,262859,42,262.8590,262860,262334281,145175234,111072265,6086782,0.553398,262859,1,0.999996,275030,139754.5216,6296615910.1849,36735873547,253.0450,552.291083
2905,1000,AlmostEqualRatios,scaled,258093,42,258.0930,258094,257577813,140307662,112557766,4712385,0.544720,258093,1,0.999996,271124,137690.5766,6125009112.1834,35537111679,253.2799,543.630081
2906,1000,AlmostEqualRatios,scaled,248213,42,248.2130,248214,247717574,131085329,110907153,5725092,0.529173,248213,1,0.999996,261361,132583.1996,5694835584.1474,32909006296,251.0503,528.114164
2907,1000,AlmostEqualRatios,scaled,249957,42,249.9570,249958,249458086,138010426,105648997,5798663,0.553241,249957,1,0.999996,262932,133553.1276,5763645751.0120,33382672677,241.8852,552.134463
2908,1000,AlmostEqualRatios,scaled,248060,42,248.0600,248061,247564879,136697343,104759040,6108496,0.552168,248060,1,0.999996,260064,132058.1092,5627896176.7529,32758466628,239.6423,551.063420
2909,1000,AlmostEqualRatios,scaled,248674,42,248.6740,248675,248177651,134912293,108140628,5124730,0.543612,248672,3,0.999988,261536,132853.1412,5701382502.5540,33037254883,244.8795,542.524552
2910,1000,AlmostEqualRatios,scaled,244878,42,244.8780,244879,244389243,130756826,107839674,5792743,0.535035,244877,2,0.999992,258009,131032.1151,5549918660.7321,32087013318,245.3946,533.965044
2911,1000,AlmostEqualRatios,scaled,253489,42,253.4890,253490,252983022,133756673,114208885,5017464,0.528718,253488,2,0.999992,265161,134728.3365,5858253707.2447,34152286029,255.3315,527.660551
2912,1000,AlmostEqualRatios,scaled,253030,42,253.0300,253031,252524939,141666158,105592918,5265863,0.560999,253030,1,0.999996,264759,134578.2129,5838699148.5281,34052459795,240.3712,559.876687
2913,1000,AlmostEqualRatios,scaled,248690,42,248.6900,248691,248193619,135002044,107291925,5899650,0.543938,248690,1,0.999996,261723,132923.0604,5713306849.7369,33056768812,244.8612,542.850541
2914,1000,AlmostEqualRatios,scaled,247885,42,247.8850,247886,247390229,128030405,113819036,5540788,0.517524,247885,1,0.999996,260321,132249.6018,5648524509.5769,32782824804,256.0550,516.489051
2915,1000,AlmostEqualRatios,scaled,243984,42,243.9840,243985,243497031,129717670,108973131,4806230,0.532728,243981,4,0.999984,256309,130073.2269,5471528870.7832,31735916263,244.6538,531.662479
2916,1000,AlmostEqualRatios,scaled,250989,42,250.9890,250990,250488022,133280481,112318314,4889227,0.532083,250989,1,0.999996,263724,133810.3399,5788257478.3292,33585057213,251.9878,531.019088
2917,1000,AlmostEqualRatios,scaled,243712,42,243.7120,243713,243225576,135373627,102404703,5447246,0.556576,243712,1,0.999996,255978,130000.8416,5458891570.6766,31682895103,234.0404,555.463299
2918,1000,AlmostEqualRatios,scaled,255616,42,255.6160,255617,255105768,139679367,110458545,4967856,0.547535,255615,2,0.999992,269014,136506.0884,6034240786.4897,34893276803,249.8098,546.440053
2919,1000,AlmostEqualRatios,scaled,256431,42,256.4310,256432,255919138,138487998,112652652,4778488,0.541140,256430,2,0.999992,268988,136729.3930,6040010660.7628,35061791714,253.1757,540.057395
2920,1000,AlmostEqualRatios,scaled,250661,42,250.6610,250662,250160677,132449058,112829091,4882528,0.529456,250661,1,0.999996,263083,133759.4878,5772786823.1205,33528420730,253.1420,528.397037
2921,1000,AlmostEqualRatios,scaled,245864,42,245.8640,245865,245373272,134315058,106302113,4756101,0.547391,245864,1,0.999996,257976,131063.8645,5546350751.5975,32224017049,239.9137,546.295967
2922,1000,AlmostEqualRatios,scaled,242789,42,242.7890,242790,242304421,133821677,103419114,5063630,0.552287,242787,3,0.999988,254857,129337.4320,5403195996.5944,31401835122,234.6543,551.182821
2923,1000,AlmostEqualRatios,scaled,246580,42,246.5800,246581,246087839,132626803,107982624,5478412,0.538941,246580,1,0.999996,258535,131315.1141,5571053511.0498,32379812141,244.1423,537.863027
2924,1000,AlmostEqualRatios,scaled,243162,42,243.1620,243163,242676676,135640483,102124804,4911389,0.558935,243162,1,0.999996,254632,129470.0932,5401571707.8080,31482336284,232.1013,557.817114
2925,1000,AlmostEqualRatios,scaled,246480,42,246.4800,246481,245988039,130698587,110484187,4805265,0.531321,246480,1,0.999996,259834,131793.2982,5626861598.5742,32484543931,248.5455,530.258263
2926,1000,AlmostEqualRatios,scaled,245256,42,245.2560,245257,244766488,131330568,109188094,4247826,0.536555,245254,3,0.999988,257131,130606.4977,5507821913.1494,32032157817,243.9048,535.481426
2927,1000,AlmostEqualRatios,scaled,252059,42,252.0590,252060,251555881,139482190,107390813,4682878,0.554478,252059,1,0.999996,263537,133887.3376,5784893689.9875,33747642315,241.9495,553.368999
2928,1000,AlmostEqualRatios,scaled,254067,42,254.0670,254068,253559866,134673112,113975950,4910804,0.531129,254067,1,0.999996,266486,135440.8828,5918879259.5185,34411194208,255.5164,530.067195
2929,1000,AlmostEqualRatios,scaled,247182,42,247.1820,247183,246688635,139056891,102772825,4858919,0.563694,247182,1,0.999996,258903,131637.8171,5592291322.9663,32538630542,233.9951,562.566564
2930,1000,AlmostEqualRatios,scaled,252676,42,252.6760,252677,252171647,131220078,115719604,5231965,0.520360,252675,2,0.999992,265359,134669.7212,5864423106.8405,34027941153,259.3196,519.319439
2931,1000,AlmostEqualRatios,scaled,244141,42,244.1410,244142,243653717,134302379,103610089,5741249,0.551202,244141,1,0.999996,255148,129750.3296,5427638786.9309,31677504957,235.8670,550.099446
2932,1000,AlmostEqualRatios,scaled,249585,42,249.5850,249586,249086830,131126531,112962727,4997572,0.526429,249585,1,0.999996,261810,132991.9137,5712609480.0797,33192919763,253.1366,525.376147
2933,1000,AlmostEqualRatios,scaled,252376,42,252.3760,252377,251872248,135279975,111439141,5153132,0.537098,252376,1,0.999996,264304,134326.3061,5815809118.7248,33900870142,250.5978,536.023390
2934,1000,AlmostEqualRatios,scaled,256883,42,256.8830,256884,256370233,141267966,110646159,4456108,0.551031,256883,1,0.999996,269813,137021.9444,6068720908.2510,35198745172,249.1630,549.929019
2935,1000,AlmostEqualRatios,scaled,257076,42,257.0760,257077,256562848,143327012,108303872,4931964,0.558643,257075,2,0.999992,268681,136611.3725,6012867318.7038,35119641816,245.0316,557.525613
2936,1000,AlmostEqualRatios,scaled,251345,42,251.3450,251346,250843309,136841970,108999143,5002196,0.545528,251345,1,0.999996,262575,133359.9530,5738775283.2155,33519490743,244.9504,544.436633
2937,1000,AlmostEqualRatios,scaled,255658,42,255.6580,255659,255147683,137951308,112062872,5133503,0.540672,255658,1,0.999996,267433,135892.8863,5950508225.5475,34742239414,251.8442,539.591049
2938,1000,AlmostEqualRatios,scaled,251356,42,251.3560,251357,250854287,135369160,109826844,5658283,0.539633,251356,1,0.999996,263734,133925.2135,5797898392.6994,33663039878,248.6758,538.553372
2939,1000,AlmostEqualRatios,scaled,251791,42,251.7910,251792,251288417,133334325,112851433,5102659,0.530603,251791,1,0.999996,264509,134333.2789,5833781923.7054,33824044968,253.6785,529.541546
2940,1000,AlmostEqualRatios,scaled,252323,42,252.3230,252324,251819353,134123001,111773566,5922786,0.532616,252323,1,0.999996,265088,134635.5256,5859608520.8945,33971774372,253.2882,531.550709
2941,1000,AlmostEqualRatios,scaled,247597,42,247.5970,247598,247102806,132827689,109421605,4853512,0.537540,247596,2,0.999992,259301,131791.7013,5602181985.2875,32631361657,245.6669,536.465113
2942,1000,AlmostEqualRatios,scaled,251018,42,251.0180,251019,250516964,133416335,111949285,5151344,0.532564,251018,1,0.999996,264081,134104.7263,5814485088.1229,33662834300,252.3142,531.498950
2943,1000,AlmostEqualRatios,scaled,243479,42,243.4790,243480,242993041,131161270,106721694,5110077,0.539774,243479,1,0.999996,255681,129762.1796,5445875478.8757,31594495479,240.8828,538.694225
2944,1000,AlmostEqualRatios,scaled,249985,42,249.9850,249986,249486030,131088121,112903441,5494468,0.525433,249984,2,0.999992,262691,133343.9495,5754592411.1074,33334120563,254.2879,524.381849
2945,1000,AlmostEqualRatios,scaled,248082,42,248.0820,248083,247586836,129435985,112964317,5186534,0.522790,248082,1,0.999996,259547,131973.1693,5613200486.8635,32740299748,252.9459,521.744678
2946,1000,AlmostEqualRatios,scaled,251813,42,251.8130,251814,251310373,135079127,110140400,6090846,0.537499,251813,1,0.999996,264159,134253.8984,5814977970.8377,33807011162,250.2756,536.424214
2947,1000,AlmostEqualRatios,scaled,254468,42,254.4680,254469,253960063,138876618,109606381,5477064,0.546844,254468,1,0.999996,266784,135564.3919,5925920325.5873,34496935250,248.3999,545.750634
2948,1000,AlmostEqualRatios,scaled,258092,42,258.0920,258093,257576816,144532781,107668875,5375160,0.561125,258092,1,0.999996,271951,137946.8969,6169590069.1337,35603128469,246.3325,560.002716
2949,1000,AlmostEqualRatios,scaled,243685,42,243.6850,243686,243198629,128059629,109776151,5362849,0.526564,243685,1,0.999996,254843,129526.8149,5406279048.9879,31563871424,246.4779,525.510817
2950,1000,AlmostEqualRatios,scaled,251347,42,251.3470,251348,250845305,132063662,113808925,4972718,0.526475,251346,2,0.999992,264132,134100.3082,5817662172.4619,33705844265,255.2242,525.421575
2951,1000,AlmostEqualRatios,scaled,251116,42,251.1160,251117,250614768,137717401,107792668,5104699,0.549518,251116,1,0.999996,264771,134372.1434,5843417173.9105,33743129542,245.0172,548.419267
2952,1000,AlmostEqualRatios,scaled,240727,42,240.7270,240728,240246546,130615685,105028336,4602525,0.543674,240726,2,0.999992,252210,128238.8586,5298096138.9834,30870683962,236.3474,542.586176
2953,1000,AlmostEqualRatios,scaled,250247,42,250.2470,250248,249747506,133120990,111226722,5399794,0.533022,250245,3,0.999988,263886,133929.2334,5809930489.6198,33515522792,251.7674,531.956259
2954,1000,AlmostEqualRatios,scaled,249416,42,249.4160,249417,248918168,135578807,107552793,5786568,0.544672,249416,1,0.999996,262114,133105.7120,5727817835.6890,33198827367,244.8674,543.582863
2955,1000,AlmostEqualRatios,scaled,254019,42,254.0190,254020,253511962,134075195,113914373,5522394,0.528871,254019,1,0.999996,266988,135632.6369,5942703942.9218,34453402423,256.9707,527.813538
2956,1000,AlmostEqualRatios,scaled,243475,42,243.4750,243476,242989049,130950544,105637997,6400508,0.538915,243475,1,0.999996,255037,129588.3071,5424920821.3427,31551642657,240.9432,537.837586
2957,1000,AlmostEqualRatios,scaled,251255,42,251.2550,251256,250753490,138548528,106819163,5385799,0.552529,251255,1,0.999996,263731,133927.0510,5792300168.4946,33649975138,242.8750,551.423759
2958,1000,AlmostEqualRatios,scaled,248435,42,248.4350,248436,247939129,138021209,104756812,5161108,0.556674,248434,2,0.999992,261112,132508.4906,5675491574.6546,32919879372,238.5132,555.560422
2959,1000,AlmostEqualRatios,scaled,255088,42,255.0880,255089,254578824,136412990,112697697,5468137,0.535838,255088,1,0.999996,267951,135973.6301,5982485820.5882,34685377328,254.2674,534.766258
2960,1000,AlmostEqualRatios,scaled,254843,42,254.8430,254844,254334313,134828012,114776015,4730286,0.530121,254843,1,0.999996,268618,136331.8407,6017317515.0389,34743351611,257.6864,529.060963
2961,1000,AlmostEqualRatios,scaled,240374,42,240.3740,240375,239894252,130596372,104822968,4474912,0.544391,240374,1,0.999996,251803,127960.0420,5282813617.9722,30758395103,235.5226,543.302640
2962,1000,AlmostEqualRatios,scaled,248170,42,248.1700,248171,247674660,138181684,103979326,5513650,0.557916,248170,1,0.999996,259769,131965.2810,5619069908.1835,32749955750,237.0065,556.800287
2963,1000,AlmostEqualRatios,scaled,253050,42,253.0500,253051,252544899,137519646,110778294,4246959,0.544535,253048,3,0.999988,265317,134772.3511,5863281787.1984,34104278211,247.9957,543.446365
2964,1000,AlmostEqualRatios,scaled,254745,42,254.7450,254746,254236510,135460331,114192623,4583556,0.532812,254745,1,0.999996,267693,135956.6722,5974205486.4210,34634418421,255.6794,531.746646
2965,1000,AlmostEqualRatios,scaled,249269,42,249.2690,249270,248771462,133800280,109468317,5502865,0.537844,249269,1,0.999996,261673,132899.7585,5706331128.1662,33127922795,247.5923,536.768484
2966,1000,AlmostEqualRatios,scaled,252397,42,252.3970,252398,251893205,139140963,107886427,4865815,0.552381,252397,1,0.999996,265525,134885.9705,5881198399.5861,34044949191,244.6796,551.276012
2967,1000,AlmostEqualRatios,scaled,257978,42,257.9780,257979,257463043,138508497,113511909,5442637,0.537974,257978,1,0.999996,271439,137976.2987,6148410498.2494,35594987564,256.9878,536.898341
2968,1000,AlmostEqualRatios,scaled,245554,42,245.5540,245555,245063892,132711544,107375104,4977244,0.541539,245553,2,0.999992,257772,130900.7097,5536794569.0902,32143323769,242.2044,540.455474
2969,1000,AlmostEqualRatios,scaled,256698,42,256.6980,256699,256185604,139686484,110886334,5612786,0.545255,256698,1,0.999996,269224,136751.5283,6035811550.3669,35103980564,251.3055,544.164504
2970,1000,AlmostEqualRatios,scaled,258327,42,258.3270,258328,257811346,139152335,113176471,5482540,0.539745,258327,1,0.999996,270973,137661.3359,6118795113.1769,35561777589,255.5600,538.665321
2971,1000,AlmostEqualRatios,scaled,260746,42,260.7460,260747,260225508,142513975,112486212,5225321,0.547656,260745,2,0.999992,274091,139361.6795,6275892093.0820,36338139836,254.9795,546.560363
2972,1000,AlmostEqualRatios,scaled,245085,42,245.0850,245086,244595829,136848247,102122206,5625376,0.559487,245085,1,0.999996,257498,130734.7046,5526078968.0595,32041245821,234.1371,558.368275
2973,1000,AlmostEqualRatios,scaled,241342,42,241.3420,241343,240860315,131317092,103864432,5678791,0.545200,241342,1,0.999996,254143,129061.9641,5387564417.8563,31148201597,237.1984,544.109802
2974,1000,AlmostEqualRatios,scaled,251030,42,251.0300,251031,250528939,132510467,112755733,5262739,0.528923,251030,1,0.999996,263933,134130.4680,5813741307.3858,33670905518,254.1000,527.864953
2975,1000,AlmostEqualRatios,scaled,247171,42,247.1710,247172,246677657,133721350,107794305,5162002,0.542089,247171,1,0.999996,259088,131725.6441,5601303118.4716,32558890893,243.4831,541.005251
2976,1000,AlmostEqualRatios,scaled,254731,42,254.7310,254732,254222538,136053500,113170687,4998351,0.535175,254731,1,0.999996,267859,135945.1798,5980503566.7116,34629587531,254.5292,534.104471
2977,1000,AlmostEqualRatios,scaled,248221,42,248.2210,248222,247725558,135019353,106956806,5749399,0.545036,248221,1,0.999996,261556,132753.1928,5703647421.6837,32952263022,244.0559,543.945956
2978,1000,AlmostEqualRatios,scaled,245384,42,245.3840,245385,244894231,135188956,104810112,4895163,0.552030,245384,1,0.999996,257120,130700.1986,5509399134.7599,32071868239,237.2373,550.925916
2979,1000,AlmostEqualRatios,scaled,247156,42,247.1560,247157,246662687,135692536,105511710,5458441,0.550114,247155,2,0.999992,260082,132015.1231,5640971797.9578,32628461780,240.4588,549.013526
2980,1000,AlmostEqualRatios,scaled,248167,42,248.1670,248168,247671665,132970356,109426103,5275206,0.536882,248165,3,0.999988,259867,131958.9962,5624540534.5940,32748000160,246.2805,535.807824
2981,1000,AlmostEqualRatios,scaled,245441,42,245.4410,245442,244951118,132325508,107489916,5135694,0.540212,245441,1,0.999996,257562,130888.9769,5530366986.7717,32125652260,242.7775,539.131477
2982,1000,AlmostEqualRatios,scaled,253412,42,253.4120,253413,252906176,135447899,111494985,5963292,0.535566,253411,2,0.999992,264989,134722.0030,5842862746.4069,34140306957,252.0549,534.494675
2983,1000,AlmostEqualRatios,scaled,250623,42,250.6230,250624,250122753,132640317,111841018,5641418,0.530301,250623,1,0.999996,263062,133694.3601,5766981045.9510,33507015301,252.6156,529.240284
2984,1000,AlmostEqualRatios,scaled,253608,42,253.6080,253609,253101783,135889030,112715128,4497625,0.536895,253608,1,0.999996,265665,135087.9444,5883874034.0502,34259518502,252.1139,535.821008
2985,1000,AlmostEqualRatios,scaled,241127,42,241.1270,241128,240645746,129607510,106333773,4704463,0.538582,241127,1,0.999996,253104,128600.8450,5339837109.7376,31009264543,239.2552,537.505018
2986,1000,AlmostEqualRatios,scaled,252156,42,252.1560,252157,251652687,134611116,111686135,5355436,0.534908,252156,1,0.999996,263467,133914.3084,5778567399.5230,33767430261,250.8517,533.838505
2987,1000,AlmostEqualRatios,scaled,248954,42,248.9540,248955,248457092,133770336,109499473,5187283,0.538404,248954,1,0.999996,261834,132856.6297,5715437154.0429,33075322244,247.2545,537.327372
2988,1000,AlmostEqualRatios,scaled,256238,42,256.2380,256239,255726524,137240646,113050530,5435348,0.536670,256237,2,0.999992,269809,136999.3628,6075650138.5628,35104579719,255.7885,535.596244
2989,1000,AlmostEqualRatios,scaled,241452,42,241.4520,241453,240970095,132273217,102395834,6301044,0.548920,241452,1,0.999996,253308,128864.5645,5350404158.7842,31114735690,235.2308,547.821800
2990,1000,AlmostEqualRatios,scaled,249949,42,249.9490,249950,249450101,137230983,106978170,5240948,0.550134,249948,2,0.999992,262829,133442.8616,5755289115.4287,33354043250,243.0504,549.033739
2991,1000,AlmostEqualRatios,scaled,256989,42,256.9890,256990,256476022,139653882,111639480,5182660,0.544510,256989,1,0.999996,269792,137000.3606,6064920577.6078,35207722675,252.1070,543.421464
2992,1000,AlmostEqualRatios,scaled,251858,42,251.8580,251859,251355283,138049264,108999099,4306920,0.549220,251855,4,0.999984,264454,134488.5021,5836399820.5016,33872139662,245.3627,548.121227
2993,1000,AlmostEqualRatios,scaled,242492,42,242.4920,242493,242008016,129860412,106947355,5200249,0.536595,242492,1,0.999996,254518,129244.7423,5395700218.5096,31340945295,241.3433,535.522312
2994,1000,AlmostEqualRatios,scaled,252591,42,252.5910,252592,252086817,137854710,109331712,4900395,0.546854,252590,2,0.999992,264549,134453.5609,5833438411.2835,33961893844,246.3601,545.760396
2995,1000,AlmostEqualRatios,scaled,257736,42,257.7360,257737,257221527,139332404,113460769,4428354,0.541683,257736,1,0.999996,270620,137518.0824,6108755245.9213,35443498015,254.3809,540.599153
2996,1000,AlmostEqualRatios,scaled,242054,42,242.0540,242055,241570891,131868252,104117760,5584879,0.545878,242054,1,0.999996,253184,128840.6239,5340790952.0585,31186517225,236.4975,544.786317
2997,1000,AlmostEqualRatios,scaled,248647,42,248.6470,248648,248150705,130241032,112235214,5674459,0.524847,248646,2,0.999992,261540,132628.0157,5700567779.1690,32977690849,253.2051,523.796821
2998,1000,AlmostEqualRatios,scaled,248498,42,248.4980,248499,248002003,134781175,107791095,5429733,0.543468,248498,1,0.999996,260084,132255.3830,5634857488.2854,32865330411,243.8421,542.381156
2999,1000,AlmostEqualRatios,scaled,240451,42,240.4510,240452,239971097,126939567,107992250,5039280,0.528979,240450,2,0.999992,251969,128057.4895,5287334627.6995,30791679470,242.5696,527.920612
