instance_id,n,family,capacity_mode,capacity,seed,selected_count,solution_density,residual_capacity,capacity_utilization,last_selected_position,first_skipped_position
0,20,Uncorrelated,fixed,1000,42,5,0.250000,74,0.926000,8,4
1,20,Uncorrelated,fixed,1000,42,6,0.300000,16,0.984000,6,5
2,20,Uncorrelated,fixed,1000,42,4,0.200000,5,0.995000,3,4
3,20,Uncorrelated,fixed,1000,42,4,0.200000,25,0.975000,3,4
4,20,Uncorrelated,fixed,1000,42,6,0.300000,130,0.870000,5,6
5,20,Uncorrelated,fixed,1000,42,7,0.350000,42,0.958000,18,6
6,20,Uncorrelated,fixed,1000,42,6,0.300000,79,0.921000,15,4
7,20,Uncorrelated,fixed,1000,42,4,0.200000,46,0.954000,4,3
8,20,Uncorrelated,fixed,1000,42,6,0.300000,104,0.896000,5,6
9,20,Uncorrelated,fixed,1000,42,3,0.150000,62,0.938000,2,3
10,20,Uncorrelated,fixed,1000,42,6,0.300000,97,0.903000,5,6
11,20,Uncorrelated,fixed,1000,42,5,0.250000,117,0.883000,13,4
12,20,Uncorrelated,fixed,1000,42,5,0.250000,23,0.977000,4,5
13,20,Uncorrelated,fixed,1000,42,5,0.250000,18,0.982000,4,5
14,20,Uncorrelated,fixed,1000,42,7,0.350000,102,0.898000,6,7
15,20,Uncorrelated,fixed,1000,42,4,0.200000,131,0.869000,3,4
16,20,Uncorrelated,fixed,1000,42,5,0.250000,37,0.963000,15,4
17,20,Uncorrelated,fixed,1000,42,6,0.300000,152,0.848000,5,6
18,20,Uncorrelated,fixed,1000,42,7,0.350000,84,0.916000,6,7
19,20,Uncorrelated,fixed,1000,42,3,0.150000,143,0.857000,2,3
20,20,Uncorrelated,fixed,1000,42,6,0.300000,12,0.988000,6,5
21,20,Uncorrelated,fixed,1000,42,7,0.350000,67,0.933000,9,6
22,20,Uncorrelated,fixed,1000,42,6,0.300000,54,0.946000,5,6
23,20,Uncorrelated,fixed,1000,42,5,0.250000,41,0.959000,4,5
24,20,Uncorrelated,fixed,1000,42,9,0.450000,159,0.841000,8,9
25,20,Uncorrelated,fixed,1000,42,7,0.350000,40,0.960000,6,7
26,20,Uncorrelated,fixed,1000,42,6,0.300000,220,0.780000,5,6
27,20,Uncorrelated,fixed,1000,42,4,0.200000,180,0.820000,6,3
28,20,Uncorrelated,fixed,1000,42,6,0.300000,36,0.964000,5,6
29,20,Uncorrelated,fixed,1000,42,5,0.250000,104,0.896000,4,5
30,20,Uncorrelated,fixed,1000,42,7,0.350000,31,0.969000,6,7
31,20,Uncorrelated,fixed,1000,42,3,0.150000,355,0.645000,2,3
32,20,Uncorrelated,fixed,1000,42,7,0.350000,8,0.992000,7,4
33,20,Uncorrelated,fixed,1000,42,8,0.400000,80,0.920000,15,7
34,20,Uncorrelated,fixed,1000,42,4,0.200000,176,0.824000,3,4
35,20,Uncorrelated,fixed,1000,42,7,0.350000,9,0.991000,6,7
36,20,Uncorrelated,fixed,1000,42,6,0.300000,109,0.891000,5,6
37,20,Uncorrelated,fixed,1000,42,4,0.200000,14,0.986000,4,3
38,20,Uncorrelated,fixed,1000,42,5,0.250000,22,0.978000,5,4
39,20,Uncorrelated,fixed,1000,42,5,0.250000,49,0.951000,4,5
40,20,Uncorrelated,fixed,1000,42,7,0.350000,29,0.971000,10,6
41,20,Uncorrelated,fixed,1000,42,6,0.300000,185,0.815000,6,5
42,20,Uncorrelated,fixed,1000,42,7,0.350000,59,0.941000,12,5
43,20,Uncorrelated,fixed,1000,42,6,0.300000,131,0.869000,5,6
44,20,Uncorrelated,fixed,1000,42,3,0.150000,37,0.963000,2,3
45,20,Uncorrelated,fixed,1000,42,5,0.250000,75,0.925000,4,5
46,20,Uncorrelated,fixed,1000,42,3,0.150000,94,0.906000,2,3
47,20,Uncorrelated,fixed,1000,42,4,0.200000,84,0.916000,3,4
48,20,Uncorrelated,fixed,1000,42,5,0.250000,102,0.898000,15,4
49,20,Uncorrelated,fixed,1000,42,5,0.250000,13,0.987000,10,3
50,20,Uncorrelated,fixed,1000,42,3,0.150000,4,0.996000,2,3
51,20,Uncorrelated,fixed,1000,42,3,0.150000,2,0.998000,2,3
52,20,Uncorrelated,fixed,1000,42,4,0.200000,276,0.724000,4,3
53,20,Uncorrelated,fixed,1000,42,4,0.200000,272,0.728000,7,3
54,20,Uncorrelated,fixed,1000,42,7,0.350000,104,0.896000,6,7
55,20,Uncorrelated,fixed,1000,42,4,0.200000,177,0.823000,3,4
56,20,Uncorrelated,fixed,1000,42,5,0.250000,190,0.810000,4,5
57,20,Uncorrelated,fixed,1000,42,5,0.250000,3,0.997000,6,4
58,20,Uncorrelated,fixed,1000,42,6,0.300000,179,0.821000,5,6
59,20,Uncorrelated,fixed,1000,42,8,0.400000,54,0.946000,10,7
60,20,Uncorrelated,fixed,1000,42,7,0.350000,18,0.982000,6,7
61,20,Uncorrelated,fixed,1000,42,4,0.200000,205,0.795000,3,4
62,20,Uncorrelated,fixed,1000,42,7,0.350000,52,0.948000,8,6
63,20,Uncorrelated,fixed,1000,42,4,0.200000,126,0.874000,3,4
64,20,Uncorrelated,fixed,1000,42,5,0.250000,154,0.846000,4,5
65,20,Uncorrelated,fixed,1000,42,4,0.200000,126,0.874000,3,4
66,20,Uncorrelated,fixed,1000,42,5,0.250000,58,0.942000,4,5
67,20,Uncorrelated,fixed,1000,42,6,0.300000,22,0.978000,5,6
68,20,Uncorrelated,fixed,1000,42,4,0.200000,33,0.967000,9,3
69,20,Uncorrelated,fixed,1000,42,6,0.300000,118,0.882000,5,6
70,20,Uncorrelated,fixed,1000,42,6,0.300000,183,0.817000,5,6
71,20,Uncorrelated,fixed,1000,42,6,0.300000,99,0.901000,6,5
72,20,Uncorrelated,fixed,1000,42,6,0.300000,258,0.742000,5,6
73,20,Uncorrelated,fixed,1000,42,9,0.450000,217,0.783000,19,8
74,20,Uncorrelated,fixed,1000,42,6,0.300000,94,0.906000,5,6
75,20,Uncorrelated,fixed,1000,42,5,0.250000,72,0.928000,4,5
76,20,Uncorrelated,fixed,1000,42,4,0.200000,83,0.917000,17,3
77,20,Uncorrelated,fixed,1000,42,4,0.200000,41,0.959000,10,3
78,20,Uncorrelated,fixed,1000,42,4,0.200000,312,0.688000,16,3
79,20,Uncorrelated,fixed,1000,42,5,0.250000,35,0.965000,4,5
80,20,Uncorrelated,fixed,1000,42,7,0.350000,45,0.955000,18,6
81,20,Uncorrelated,fixed,1000,42,5,0.250000,97,0.903000,5,4
82,20,Uncorrelated,fixed,1000,42,3,0.150000,221,0.779000,2,3
83,20,Uncorrelated,fixed,1000,42,4,0.200000,97,0.903000,3,4
84,20,Uncorrelated,fixed,1000,42,4,0.200000,115,0.885000,19,3
85,20,Uncorrelated,fixed,1000,42,5,0.250000,66,0.934000,4,5
86,20,Uncorrelated,fixed,1000,42,7,0.350000,27,0.973000,7,6
87,20,Uncorrelated,fixed,1000,42,6,0.300000,253,0.747000,16,5
88,20,Uncorrelated,fixed,1000,42,6,0.300000,132,0.868000,5,6
89,20,Uncorrelated,fixed,1000,42,5,0.250000,26,0.974000,7,4
90,20,Uncorrelated,fixed,1000,42,4,0.200000,30,0.970000,3,4
91,20,Uncorrelated,fixed,1000,42,5,0.250000,69,0.931000,9,4
92,20,Uncorrelated,fixed,1000,42,6,0.300000,17,0.983000,5,6
93,20,Uncorrelated,fixed,1000,42,5,0.250000,46,0.954000,14,4
94,20,Uncorrelated,fixed,1000,42,8,0.400000,19,0.981000,17,7
95,20,Uncorrelated,fixed,1000,42,6,0.300000,57,0.943000,9,5
96,20,Uncorrelated,fixed,1000,42,6,0.300000,53,0.947000,5,6
97,20,Uncorrelated,fixed,1000,42,5,0.250000,89,0.911000,4,5
98,20,Uncorrelated,fixed,1000,42,4,0.200000,13,0.987000,3,4
99,20,Uncorrelated,fixed,1000,42,5,0.250000,22,0.978000,14,4
100,20,WeaklyCorrelated,fixed,1000,42,5,0.250000,94,0.906000,10,4
101,20,WeaklyCorrelated,fixed,1000,42,4,0.200000,121,0.879000,3,4
102,20,WeaklyCorrelated,fixed,1000,42,5,0.250000,256,0.744000,19,3
103,20,WeaklyCorrelated,fixed,1000,42,5,0.250000,26,0.974000,19,3
104,20,WeaklyCorrelated,fixed,1000,42,5,0.250000,8,0.992000,5,4
105,20,WeaklyCorrelated,fixed,1000,42,5,0.250000,56,0.944000,14,4
106,20,WeaklyCorrelated,fixed,1000,42,5,0.250000,7,0.993000,18,1
107,20,WeaklyCorrelated,fixed,1000,42,4,0.200000,36,0.964000,17,3
108,20,WeaklyCorrelated,fixed,1000,42,3,0.150000,12,0.988000,6,2
109,20,WeaklyCorrelated,fixed,1000,42,5,0.250000,60,0.940000,16,2
110,20,WeaklyCorrelated,fixed,1000,42,4,0.200000,52,0.948000,4,3
111,20,WeaklyCorrelated,fixed,1000,42,4,0.200000,4,0.996000,18,2
112,20,WeaklyCorrelated,fixed,1000,42,4,0.200000,130,0.870000,19,2
113,20,WeaklyCorrelated,fixed,1000,42,4,0.200000,64,0.936000,5,3
114,20,WeaklyCorrelated,fixed,1000,42,4,0.200000,123,0.877000,19,3
115,20,WeaklyCorrelated,fixed,1000,42,4,0.200000,1,0.999000,17,2
116,20,WeaklyCorrelated,fixed,1000,42,4,0.200000,21,0.979000,18,3
117,20,WeaklyCorrelated,fixed,1000,42,7,0.350000,74,0.926000,18,3
118,20,WeaklyCorrelated,fixed,1000,42,4,0.200000,106,0.894000,3,4
119,20,WeaklyCorrelated,fixed,1000,42,4,0.200000,14,0.986000,11,3
120,20,WeaklyCorrelated,fixed,1000,42,4,0.200000,6,0.994000,18,1
121,20,WeaklyCorrelated,fixed,1000,42,5,0.250000,88,0.912000,19,3
122,20,WeaklyCorrelated,fixed,1000,42,3,0.150000,38,0.962000,16,2
123,20,WeaklyCorrelated,fixed,1000,42,5,0.250000,30,0.970000,19,4
124,20,WeaklyCorrelated,fixed,1000,42,7,0.350000,80,0.920000,19,5
125,20,WeaklyCorrelated,fixed,1000,42,4,0.200000,67,0.933000,3,4
126,20,WeaklyCorrelated,fixed,1000,42,4,0.200000,13,0.987000,3,4
127,20,WeaklyCorrelated,fixed,1000,42,5,0.250000,34,0.966000,19,3
128,20,WeaklyCorrelated,fixed,1000,42,4,0.200000,148,0.852000,4,3
129,20,WeaklyCorrelated,fixed,1000,42,6,0.300000,94,0.906000,19,3
130,20,WeaklyCorrelated,fixed,1000,42,2,0.100000,4,0.996000,7,1
131,20,WeaklyCorrelated,fixed,1000,42,8,0.400000,18,0.982000,19,7
132,20,WeaklyCorrelated,fixed,1000,42,6,0.300000,2,0.998000,19,4
133,20,WeaklyCorrelated,fixed,1000,42,4,0.200000,106,0.894000,19,3
134,20,WeaklyCorrelated,fixed,1000,42,4,0.200000,9,0.991000,18,3
135,20,WeaklyCorrelated,fixed,1000,42,5,0.250000,10,0.990000,18,3
136,20,WeaklyCorrelated,fixed,1000,42,4,0.200000,15,0.985000,19,3
137,20,WeaklyCorrelated,fixed,1000,42,3,0.150000,42,0.958000,2,3
138,20,WeaklyCorrelated,fixed,1000,42,7,0.350000,32,0.968000,8,6
139,20,WeaklyCorrelated,fixed,1000,42,4,0.200000,51,0.949000,19,3
140,20,WeaklyCorrelated,fixed,1000,42,5,0.250000,129,0.871000,4,5
141,20,WeaklyCorrelated,fixed,1000,42,4,0.200000,161,0.839000,16,3
142,20,WeaklyCorrelated,fixed,1000,42,3,0.150000,5,0.995000,7,2
143,20,WeaklyCorrelated,fixed,1000,42,5,0.250000,112,0.888000,19,3
144,20,WeaklyCorrelated,fixed,1000,42,6,0.300000,44,0.956000,19,2
145,20,WeaklyCorrelated,fixed,1000,42,3,0.150000,37,0.963000,3,2
146,20,WeaklyCorrelated,fixed,1000,42,7,0.350000,46,0.954000,19,6
147,20,WeaklyCorrelated,fixed,1000,42,8,0.400000,265,0.735000,19,5
148,20,WeaklyCorrelated,fixed,1000,42,6,0.300000,0,1.000000,19,3
149,20,WeaklyCorrelated,fixed,1000,42,5,0.250000,4,0.996000,19,3
150,20,WeaklyCorrelated,fixed,1000,42,4,0.200000,8,0.992000,18,3
151,20,WeaklyCorrelated,fixed,1000,42,6,0.300000,20,0.980000,19,3
152,20,WeaklyCorrelated,fixed,1000,42,4,0.200000,62,0.938000,6,3
153,20,WeaklyCorrelated,fixed,1000,42,4,0.200000,33,0.967000,4,3
154,20,WeaklyCorrelated,fixed,1000,42,8,0.400000,3,0.997000,10,7
155,20,WeaklyCorrelated,fixed,1000,42,3,0.150000,174,0.826000,7,2
156,20,WeaklyCorrelated,fixed,1000,42,4,0.200000,70,0.930000,9,3
157,20,WeaklyCorrelated,fixed,1000,42,5,0.250000,21,0.979000,19,3
158,20,WeaklyCorrelated,fixed,1000,42,4,0.200000,57,0.943000,19,2
159,20,WeaklyCorrelated,fixed,1000,42,7,0.350000,33,0.967000,19,6
160,20,WeaklyCorrelated,fixed,1000,42,5,0.250000,9,0.991000,6,4
161,20,WeaklyCorrelated,fixed,1000,42,4,0.200000,99,0.901000,18,3
162,20,WeaklyCorrelated,fixed,1000,42,5,0.250000,12,0.988000,15,3
163,20,WeaklyCorrelated,fixed,1000,42,4,0.200000,140,0.860000,5,3
164,20,WeaklyCorrelated,fixed,1000,42,5,0.250000,199,0.801000,19,4
165,20,WeaklyCorrelated,fixed,1000,42,5,0.250000,0,1.000000,17,3
166,20,WeaklyCorrelated,fixed,1000,42,5,0.250000,63,0.937000,7,4
167,20,WeaklyCorrelated,fixed,1000,42,6,0.300000,65,0.935000,19,4
168,20,WeaklyCorrelated,fixed,1000,42,4,0.200000,17,0.983000,14,3
169,20,WeaklyCorrelated,fixed,1000,42,6,0.300000,14,0.986000,15,4
170,20,WeaklyCorrelated,fixed,1000,42,3,0.150000,103,0.897000,16,2
171,20,WeaklyCorrelated,fixed,1000,42,3,0.150000,96,0.904000,4,2
172,20,WeaklyCorrelated,fixed,1000,42,5,0.250000,34,0.966000,18,4
173,20,WeaklyCorrelated,fixed,1000,42,2,0.100000,58,0.942000,2,1
174,20,WeaklyCorrelated,fixed,1000,42,5,0.250000,12,0.988000,17,3
175,20,WeaklyCorrelated,fixed,1000,42,3,0.150000,75,0.925000,13,2
176,20,WeaklyCorrelated,fixed,1000,42,6,0.300000,18,0.982000,18,5
177,20,WeaklyCorrelated,fixed,1000,42,7,0.350000,4,0.996000,17,6
178,20,WeaklyCorrelated,fixed,1000,42,5,0.250000,46,0.954000,17,4
179,20,WeaklyCorrelated,fixed,1000,42,5,0.250000,48,0.952000,14,4
180,20,WeaklyCorrelated,fixed,1000,42,4,0.200000,21,0.979000,18,2
181,20,WeaklyCorrelated,fixed,1000,42,6,0.300000,62,0.938000,19,4
182,20,WeaklyCorrelated,fixed,1000,42,4,0.200000,134,0.866000,19,3
183,20,WeaklyCorrelated,fixed,1000,42,5,0.250000,13,0.987000,4,5
184,20,WeaklyCorrelated,fixed,1000,42,4,0.200000,50,0.950000,6,3
185,20,WeaklyCorrelated,fixed,1000,42,6,0.300000,55,0.945000,19,3
186,20,WeaklyCorrelated,fixed,1000,42,4,0.200000,263,0.737000,19,2
187,20,WeaklyCorrelated,fixed,1000,42,3,0.150000,100,0.900000,12,2
188,20,WeaklyCorrelated,fixed,1000,42,2,0.100000,44,0.956000,2,1
189,20,WeaklyCorrelated,fixed,1000,42,5,0.250000,99,0.901000,19,3
190,20,WeaklyCorrelated,fixed,1000,42,5,0.250000,48,0.952000,5,4
191,20,WeaklyCorrelated,fixed,1000,42,3,0.150000,29,0.971000,2,3
192,20,WeaklyCorrelated,fixed,1000,42,7,0.350000,26,0.974000,18,4
193,20,WeaklyCorrelated,fixed,1000,42,5,0.250000,87,0.913000,19,4
194,20,WeaklyCorrelated,fixed,1000,42,3,0.150000,10,0.990000,2,3
195,20,WeaklyCorrelated,fixed,1000,42,5,0.250000,159,0.841000,6,4
196,20,WeaklyCorrelated,fixed,1000,42,4,0.200000,17,0.983000,5,3
197,20,WeaklyCorrelated,fixed,1000,42,6,0.300000,2,0.998000,18,4
198,20,WeaklyCorrelated,fixed,1000,42,5,0.250000,41,0.959000,4,5
199,20,WeaklyCorrelated,fixed,1000,42,3,0.150000,46,0.954000,4,2
200,20,StronglyCorrelated,fixed,1000,42,6,0.300000,108,0.892000,5,6
201,20,StronglyCorrelated,fixed,1000,42,6,0.300000,227,0.773000,5,6
202,20,StronglyCorrelated,fixed,1000,42,6,0.300000,76,0.924000,5,6
203,20,StronglyCorrelated,fixed,1000,42,5,0.250000,333,0.667000,4,5
204,20,StronglyCorrelated,fixed,1000,42,5,0.250000,393,0.607000,4,5
205,20,StronglyCorrelated,fixed,1000,42,4,0.200000,1,0.999000,11,3
206,20,StronglyCorrelated,fixed,1000,42,6,0.300000,64,0.936000,5,6
207,20,StronglyCorrelated,fixed,1000,42,6,0.300000,58,0.942000,5,6
208,20,StronglyCorrelated,fixed,1000,42,6,0.300000,127,0.873000,5,6
209,20,StronglyCorrelated,fixed,1000,42,6,0.300000,32,0.968000,7,5
210,20,StronglyCorrelated,fixed,1000,42,5,0.250000,0,1.000000,4,5
211,20,StronglyCorrelated,fixed,1000,42,6,0.300000,45,0.955000,5,6
212,20,StronglyCorrelated,fixed,1000,42,5,0.250000,37,0.963000,16,4
213,20,StronglyCorrelated,fixed,1000,42,5,0.250000,25,0.975000,4,5
214,20,StronglyCorrelated,fixed,1000,42,5,0.250000,95,0.905000,4,5
215,20,StronglyCorrelated,fixed,1000,42,4,0.200000,178,0.822000,5,3
216,20,StronglyCorrelated,fixed,1000,42,5,0.250000,29,0.971000,4,5
217,20,StronglyCorrelated,fixed,1000,42,6,0.300000,15,0.985000,6,4
218,20,StronglyCorrelated,fixed,1000,42,5,0.250000,255,0.745000,4,5
219,20,StronglyCorrelated,fixed,1000,42,7,0.350000,65,0.935000,7,6
220,20,StronglyCorrelated,fixed,1000,42,3,0.150000,14,0.986000,2,3
221,20,StronglyCorrelated,fixed,1000,42,6,0.300000,111,0.889000,5,6
222,20,StronglyCorrelated,fixed,1000,42,5,0.250000,30,0.970000,8,4
223,20,StronglyCorrelated,fixed,1000,42,5,0.250000,73,0.927000,4,5
224,20,StronglyCorrelated,fixed,1000,42,7,0.350000,64,0.936000,7,6
225,20,StronglyCorrelated,fixed,1000,42,7,0.350000,72,0.928000,7,6
226,20,StronglyCorrelated,fixed,1000,42,4,0.200000,110,0.890000,16,3
227,20,StronglyCorrelated,fixed,1000,42,4,0.200000,169,0.831000,3,4
228,20,StronglyCorrelated,fixed,1000,42,6,0.300000,40,0.960000,6,5
229,20,StronglyCorrelated,fixed,1000,42,6,0.300000,12,0.988000,5,6
230,20,StronglyCorrelated,fixed,1000,42,5,0.250000,97,0.903000,4,5
231,20,StronglyCorrelated,fixed,1000,42,8,0.400000,14,0.986000,9,7
232,20,StronglyCorrelated,fixed,1000,42,5,0.250000,94,0.906000,4,5
233,20,StronglyCorrelated,fixed,1000,42,7,0.350000,5,0.995000,6,7
234,20,StronglyCorrelated,fixed,1000,42,7,0.350000,150,0.850000,6,7
235,20,StronglyCorrelated,fixed,1000,42,6,0.300000,37,0.963000,10,4
236,20,StronglyCorrelated,fixed,1000,42,8,0.400000,2,0.998000,18,7
237,20,StronglyCorrelated,fixed,1000,42,4,0.200000,248,0.752000,3,4
238,20,StronglyCorrelated,fixed,1000,42,7,0.350000,99,0.901000,8,6
239,20,StronglyCorrelated,fixed,1000,42,7,0.350000,61,0.939000,8,6
240,20,StronglyCorrelated,fixed,1000,42,6,0.300000,56,0.944000,5,6
241,20,StronglyCorrelated,fixed,1000,42,4,0.200000,223,0.777000,3,4
242,20,StronglyCorrelated,fixed,1000,42,6,0.300000,9,0.991000,17,5
243,20,StronglyCorrelated,fixed,1000,42,5,0.250000,80,0.920000,4,5
244,20,StronglyCorrelated,fixed,1000,42,6,0.300000,128,0.872000,14,5
245,20,StronglyCorrelated,fixed,1000,42,5,0.250000,67,0.933000,8,4
246,20,StronglyCorrelated,fixed,1000,42,7,0.350000,20,0.980000,16,6
247,20,StronglyCorrelated,fixed,1000,42,6,0.300000,114,0.886000,5,6
248,20,StronglyCorrelated,fixed,1000,42,6,0.300000,33,0.967000,6,5
249,20,StronglyCorrelated,fixed,1000,42,5,0.250000,301,0.699000,4,5
250,20,StronglyCorrelated,fixed,1000,42,5,0.250000,201,0.799000,4,5
251,20,StronglyCorrelated,fixed,1000,42,7,0.350000,33,0.967000,10,5
252,20,StronglyCorrelated,fixed,1000,42,6,0.300000,82,0.918000,5,6
253,20,StronglyCorrelated,fixed,1000,42,6,0.300000,11,0.989000,5,6
254,20,StronglyCorrelated,fixed,1000,42,7,0.350000,5,0.995000,13,6
255,20,StronglyCorrelated,fixed,1000,42,5,0.250000,204,0.796000,4,5
256,20,StronglyCorrelated,fixed,1000,42,6,0.300000,64,0.936000,5,6
257,20,StronglyCorrelated,fixed,1000,42,5,0.250000,173,0.827000,4,5
258,20,StronglyCorrelated,fixed,1000,42,5,0.250000,54,0.946000,4,5
259,20,StronglyCorrelated,fixed,1000,42,3,0.150000,21,0.979000,3,2
260,20,StronglyCorrelated,fixed,1000,42,5,0.250000,13,0.987000,4,5
261,20,StronglyCorrelated,fixed,1000,42,6,0.300000,61,0.939000,11,5
262,20,StronglyCorrelated,fixed,1000,42,5,0.250000,13,0.987000,5,4
263,20,StronglyCorrelated,fixed,1000,42,5,0.250000,27,0.973000,5,4
264,20,StronglyCorrelated,fixed,1000,42,4,0.200000,92,0.908000,3,4
265,20,StronglyCorrelated,fixed,1000,42,4,0.200000,142,0.858000,3,4
266,20,StronglyCorrelated,fixed,1000,42,3,0.150000,95,0.905000,2,3
267,20,StronglyCorrelated,fixed,1000,42,5,0.250000,41,0.959000,4,5
268,20,StronglyCorrelated,fixed,1000,42,6,0.300000,251,0.749000,5,6
269,20,StronglyCorrelated,fixed,1000,42,5,0.250000,100,0.900000,4,5
270,20,StronglyCorrelated,fixed,1000,42,4,0.200000,257,0.743000,3,4
271,20,StronglyCorrelated,fixed,1000,42,4,0.200000,92,0.908000,3,4
272,20,StronglyCorrelated,fixed,1000,42,6,0.300000,70,0.930000,5,6
273,20,StronglyCorrelated,fixed,1000,42,2,0.100000,230,0.770000,1,2
274,20,StronglyCorrelated,fixed,1000,42,6,0.300000,60,0.940000,6,4
275,20,StronglyCorrelated,fixed,1000,42,5,0.250000,35,0.965000,5,4
276,20,StronglyCorrelated,fixed,1000,42,5,0.250000,0,1.000000,4,5
277,20,StronglyCorrelated,fixed,1000,42,6,0.300000,167,0.833000,5,6
278,20,StronglyCorrelated,fixed,1000,42,6,0.300000,16,0.984000,5,6
279,20,StronglyCorrelated,fixed,1000,42,6,0.300000,22,0.978000,5,6
280,20,StronglyCorrelated,fixed,1000,42,5,0.250000,111,0.889000,8,4
281,20,StronglyCorrelated,fixed,1000,42,8,0.400000,199,0.801000,8,6
282,20,StronglyCorrelated,fixed,1000,42,5,0.250000,223,0.777000,17,4
283,20,StronglyCorrelated,fixed,1000,42,7,0.350000,98,0.902000,8,6
284,20,StronglyCorrelated,fixed,1000,42,4,0.200000,82,0.918000,3,4
285,20,StronglyCorrelated,fixed,1000,42,6,0.300000,54,0.946000,5,6
286,20,StronglyCorrelated,fixed,1000,42,7,0.350000,225,0.775000,6,7
287,20,StronglyCorrelated,fixed,1000,42,7,0.350000,21,0.979000,6,7
288,20,StronglyCorrelated,fixed,1000,42,4,0.200000,109,0.891000,6,3
289,20,StronglyCorrelated,fixed,1000,42,3,0.150000,158,0.842000,2,3
290,20,StronglyCorrelated,fixed,1000,42,5,0.250000,89,0.911000,6,4
291,20,StronglyCorrelated,fixed,1000,42,7,0.350000,106,0.894000,6,7
292,20,StronglyCorrelated,fixed,1000,42,4,0.200000,179,0.821000,3,4
293,20,StronglyCorrelated,fixed,1000,42,6,0.300000,165,0.835000,5,6
294,20,StronglyCorrelated,fixed,1000,42,4,0.200000,43,0.957000,15,3
295,20,StronglyCorrelated,fixed,1000,42,6,0.300000,36,0.964000,6,5
296,20,StronglyCorrelated,fixed,1000,42,4,0.200000,17,0.983000,6,3
297,20,StronglyCorrelated,fixed,1000,42,5,0.250000,220,0.780000,4,5
298,20,StronglyCorrelated,fixed,1000,42,6,0.300000,17,0.983000,5,6
299,20,StronglyCorrelated,fixed,1000,42,5,0.250000,8,0.992000,4,5
300,20,InverseCorrelated,fixed,1000,42,4,0.200000,294,0.706000,3,4
301,20,InverseCorrelated,fixed,1000,42,5,0.250000,322,0.678000,4,5
302,20,InverseCorrelated,fixed,1000,42,7,0.350000,45,0.955000,6,7
303,20,InverseCorrelated,fixed,1000,42,7,0.350000,78,0.922000,6,7
304,20,InverseCorrelated,fixed,1000,42,5,0.250000,22,0.978000,4,5
305,20,InverseCorrelated,fixed,1000,42,5,0.250000,238,0.762000,4,5
306,20,InverseCorrelated,fixed,1000,42,5,0.250000,7,0.993000,4,5
307,20,InverseCorrelated,fixed,1000,42,4,0.200000,285,0.715000,3,4
308,20,InverseCorrelated,fixed,1000,42,6,0.300000,260,0.740000,5,6
309,20,InverseCorrelated,fixed,1000,42,6,0.300000,34,0.966000,5,6
310,20,InverseCorrelated,fixed,1000,42,6,0.300000,55,0.945000,5,6
311,20,InverseCorrelated,fixed,1000,42,8,0.400000,12,0.988000,7,8
312,20,InverseCorrelated,fixed,1000,42,6,0.300000,58,0.942000,5,6
313,20,InverseCorrelated,fixed,1000,42,6,0.300000,144,0.856000,5,6
314,20,InverseCorrelated,fixed,1000,42,7,0.350000,153,0.847000,6,7
315,20,InverseCorrelated,fixed,1000,42,6,0.300000,200,0.800000,5,6
316,20,InverseCorrelated,fixed,1000,42,6,0.300000,68,0.932000,5,6
317,20,InverseCorrelated,fixed,1000,42,6,0.300000,57,0.943000,5,6
318,20,InverseCorrelated,fixed,1000,42,6,0.300000,288,0.712000,5,6
319,20,InverseCorrelated,fixed,1000,42,5,0.250000,203,0.797000,4,5
320,20,InverseCorrelated,fixed,1000,42,6,0.300000,75,0.925000,5,6
321,20,InverseCorrelated,fixed,1000,42,5,0.250000,234,0.766000,4,5
322,20,InverseCorrelated,fixed,1000,42,6,0.300000,94,0.906000,5,6
323,20,InverseCorrelated,fixed,1000,42,4,0.200000,329,0.671000,3,4
324,20,InverseCorrelated,fixed,1000,42,4,0.200000,298,0.702000,3,4
325,20,InverseCorrelated,fixed,1000,42,6,0.300000,105,0.895000,5,6
326,20,InverseCorrelated,fixed,1000,42,6,0.300000,178,0.822000,5,6
327,20,InverseCorrelated,fixed,1000,42,5,0.250000,57,0.943000,4,5
328,20,InverseCorrelated,fixed,1000,42,5,0.250000,110,0.890000,4,5
329,20,InverseCorrelated,fixed,1000,42,6,0.300000,146,0.854000,5,6
330,20,InverseCorrelated,fixed,1000,42,7,0.350000,136,0.864000,6,7
331,20,InverseCorrelated,fixed,1000,42,7,0.350000,252,0.748000,6,7
332,20,InverseCorrelated,fixed,1000,42,6,0.300000,181,0.819000,5,6
333,20,InverseCorrelated,fixed,1000,42,6,0.300000,133,0.867000,5,6
334,20,InverseCorrelated,fixed,1000,42,5,0.250000,3,0.997000,4,5
335,20,InverseCorrelated,fixed,1000,42,7,0.350000,299,0.701000,6,7
336,20,InverseCorrelated,fixed,1000,42,5,0.250000,224,0.776000,4,5
337,20,InverseCorrelated,fixed,1000,42,7,0.350000,238,0.762000,6,7
338,20,InverseCorrelated,fixed,1000,42,6,0.300000,133,0.867000,5,6
339,20,InverseCorrelated,fixed,1000,42,6,0.300000,140,0.860000,5,6
340,20,InverseCorrelated,fixed,1000,42,7,0.350000,187,0.813000,6,7
341,20,InverseCorrelated,fixed,1000,42,5,0.250000,135,0.865000,4,5
342,20,InverseCorrelated,fixed,1000,42,6,0.300000,302,0.698000,5,6
343,20,InverseCorrelated,fixed,1000,42,7,0.350000,41,0.959000,6,7
344,20,InverseCorrelated,fixed,1000,42,4,0.200000,317,0.683000,3,4
345,20,InverseCorrelated,fixed,1000,42,4,0.200000,222,0.778000,3,4
346,20,InverseCorrelated,fixed,1000,42,6,0.300000,98,0.902000,5,6
347,20,InverseCorrelated,fixed,1000,42,5,0.250000,42,0.958000,4,5
348,20,InverseCorrelated,fixed,1000,42,6,0.300000,138,0.862000,5,6
349,20,InverseCorrelated,fixed,1000,42,6,0.300000,188,0.812000,5,6
350,20,InverseCorrelated,fixed,1000,42,5,0.250000,164,0.836000,4,5
351,20,InverseCorrelated,fixed,1000,42,5,0.250000,132,0.868000,4,5
352,20,InverseCorrelated,fixed,1000,42,5,0.250000,171,0.829000,4,5
353,20,InverseCorrelated,fixed,1000,42,4,0.200000,228,0.772000,3,4
354,20,InverseCorrelated,fixed,1000,42,6,0.300000,56,0.944000,5,6
355,20,InverseCorrelated,fixed,1000,42,5,0.250000,21,0.979000,4,5
356,20,InverseCorrelated,fixed,1000,42,5,0.250000,200,0.800000,4,5
357,20,InverseCorrelated,fixed,1000,42,6,0.300000,71,0.929000,5,6
358,20,InverseCorrelated,fixed,1000,42,7,0.350000,199,0.801000,6,7
359,20,InverseCorrelated,fixed,1000,42,3,0.150000,285,0.715000,2,3
360,20,InverseCorrelated,fixed,1000,42,4,0.200000,110,0.890000,3,4
361,20,InverseCorrelated,fixed,1000,42,5,0.250000,258,0.742000,4,5
362,20,InverseCorrelated,fixed,1000,42,5,0.250000,94,0.906000,4,5
363,20,InverseCorrelated,fixed,1000,42,7,0.350000,0,1.000000,6,7
364,20,InverseCorrelated,fixed,1000,42,9,0.450000,51,0.949000,8,9
365,20,InverseCorrelated,fixed,1000,42,6,0.300000,143,0.857000,5,6
366,20,InverseCorrelated,fixed,1000,42,4,0.200000,36,0.964000,3,4
367,20,InverseCorrelated,fixed,1000,42,6,0.300000,112,0.888000,5,6
368,20,InverseCorrelated,fixed,1000,42,7,0.350000,247,0.753000,6,7
369,20,InverseCorrelated,fixed,1000,42,7,0.350000,159,0.841000,6,7
370,20,InverseCorrelated,fixed,1000,42,5,0.250000,96,0.904000,4,5
371,20,InverseCorrelated,fixed,1000,42,6,0.300000,74,0.926000,5,6
372,20,InverseCorrelated,fixed,1000,42,6,0.300000,28,0.972000,5,6
373,20,InverseCorrelated,fixed,1000,42,5,0.250000,132,0.868000,4,5
374,20,InverseCorrelated,fixed,1000,42,6,0.300000,238,0.762000,5,6
375,20,InverseCorrelated,fixed,1000,42,6,0.300000,15,0.985000,5,6
376,20,InverseCorrelated,fixed,1000,42,4,0.200000,318,0.682000,3,4
377,20,InverseCorrelated,fixed,1000,42,6,0.300000,223,0.777000,5,6
378,20,InverseCorrelated,fixed,1000,42,4,0.200000,207,0.793000,3,4
379,20,InverseCorrelated,fixed,1000,42,9,0.450000,221,0.779000,8,9
380,20,InverseCorrelated,fixed,1000,42,5,0.250000,125,0.875000,4,5
381,20,InverseCorrelated,fixed,1000,42,6,0.300000,74,0.926000,5,6
382,20,InverseCorrelated,fixed,1000,42,6,0.300000,190,0.810000,5,6
383,20,InverseCorrelated,fixed,1000,42,8,0.400000,14,0.986000,7,8
384,20,InverseCorrelated,fixed,1000,42,6,0.300000,106,0.894000,5,6
385,20,InverseCorrelated,fixed,1000,42,5,0.250000,178,0.822000,4,5
386,20,InverseCorrelated,fixed,1000,42,8,0.400000,153,0.847000,7,8
387,20,InverseCorrelated,fixed,1000,42,5,0.250000,215,0.785000,4,5
388,20,InverseCorrelated,fixed,1000,42,9,0.450000,148,0.852000,8,9
389,20,InverseCorrelated,fixed,1000,42,6,0.300000,50,0.950000,5,6
390,20,InverseCorrelated,fixed,1000,42,5,0.250000,273,0.727000,4,5
391,20,InverseCorrelated,fixed,1000,42,4,0.200000,226,0.774000,3,4
392,20,InverseCorrelated,fixed,1000,42,5,0.250000,177,0.823000,4,5
393,20,InverseCorrelated,fixed,1000,42,7,0.350000,53,0.947000,6,7
394,20,InverseCorrelated,fixed,1000,42,5,0.250000,188,0.812000,4,5
395,20,InverseCorrelated,fixed,1000,42,6,0.300000,39,0.961000,5,6
396,20,InverseCorrelated,fixed,1000,42,4,0.200000,253,0.747000,3,4
397,20,InverseCorrelated,fixed,1000,42,4,0.200000,100,0.900000,3,4
398,20,InverseCorrelated,fixed,1000,42,4,0.200000,191,0.809000,3,4
399,20,InverseCorrelated,fixed,1000,42,7,0.350000,29,0.971000,6,7
400,20,AlmostEqualRatios,fixed,1000,42,3,0.150000,59,0.941000,8,2
401,20,AlmostEqualRatios,fixed,1000,42,4,0.200000,3,0.997000,11,3
402,20,AlmostEqualRatios,fixed,1000,42,3,0.150000,47,0.953000,7,1
403,20,AlmostEqualRatios,fixed,1000,42,3,0.150000,27,0.973000,13,2
404,20,AlmostEqualRatios,fixed,1000,42,3,0.150000,13,0.987000,11,2
405,20,AlmostEqualRatios,fixed,1000,42,4,0.200000,5,0.995000,15,2
406,20,AlmostEqualRatios,fixed,1000,42,6,0.300000,49,0.951000,9,1
407,20,AlmostEqualRatios,fixed,1000,42,4,0.200000,25,0.975000,11,1
408,20,AlmostEqualRatios,fixed,1000,42,3,0.150000,19,0.981000,10,1
409,20,AlmostEqualRatios,fixed,1000,42,2,0.100000,8,0.992000,1,2
410,20,AlmostEqualRatios,fixed,1000,42,3,0.150000,57,0.943000,3,2
411,20,AlmostEqualRatios,fixed,1000,42,4,0.200000,67,0.933000,7,2
412,20,AlmostEqualRatios,fixed,1000,42,2,0.100000,67,0.933000,1,2
413,20,AlmostEqualRatios,fixed,1000,42,6,0.300000,33,0.967000,19,1
414,20,AlmostEqualRatios,fixed,1000,42,3,0.150000,10,0.990000,9,1
415,20,AlmostEqualRatios,fixed,1000,42,9,0.450000,20,0.980000,15,2
416,20,AlmostEqualRatios,fixed,1000,42,4,0.200000,45,0.955000,11,2
417,20,AlmostEqualRatios,fixed,1000,42,4,0.200000,37,0.963000,16,1
418,20,AlmostEqualRatios,fixed,1000,42,4,0.200000,3,0.997000,4,2
419,20,AlmostEqualRatios,fixed,1000,42,8,0.400000,86,0.914000,14,1
420,20,AlmostEqualRatios,fixed,1000,42,2,0.100000,20,0.980000,9,1
421,20,AlmostEqualRatios,fixed,1000,42,5,0.250000,27,0.973000,9,3
422,20,AlmostEqualRatios,fixed,1000,42,4,0.200000,21,0.979000,11,1
423,20,AlmostEqualRatios,fixed,1000,42,4,0.200000,65,0.935000,16,2
424,20,AlmostEqualRatios,fixed,1000,42,3,0.150000,189,0.811000,16,1
425,20,AlmostEqualRatios,fixed,1000,42,5,0.250000,87,0.913000,14,2
426,20,AlmostEqualRatios,fixed,1000,42,2,0.100000,0,1.000000,2,1
427,20,AlmostEqualRatios,fixed,1000,42,3,0.150000,36,0.964000,17,2
428,20,AlmostEqualRatios,fixed,1000,42,7,0.350000,167,0.833000,11,2
429,20,AlmostEqualRatios,fixed,1000,42,2,0.100000,102,0.898000,2,1
430,20,AlmostEqualRatios,fixed,1000,42,4,0.200000,161,0.839000,11,2
431,20,AlmostEqualRatios,fixed,1000,42,5,0.250000,18,0.982000,10,4
432,20,AlmostEqualRatios,fixed,1000,42,3,0.150000,24,0.976000,10,2
433,20,AlmostEqualRatios,fixed,1000,42,2,0.100000,187,0.813000,5,1
434,20,AlmostEqualRatios,fixed,1000,42,4,0.200000,7,0.993000,11,2
435,20,AlmostEqualRatios,fixed,1000,42,4,0.200000,65,0.935000,12,1
436,20,AlmostEqualRatios,fixed,1000,42,3,0.150000,14,0.986000,16,1
437,20,AlmostEqualRatios,fixed,1000,42,4,0.200000,17,0.983000,8,1
438,20,AlmostEqualRatios,fixed,1000,42,5,0.250000,14,0.986000,16,1
439,20,AlmostEqualRatios,fixed,1000,42,3,0.150000,18,0.982000,6,1
440,20,AlmostEqualRatios,fixed,1000,42,4,0.200000,34,0.966000,19,1
441,20,AlmostEqualRatios,fixed,1000,42,4,0.200000,4,0.996000,5,2
442,20,AlmostEqualRatios,fixed,1000,42,1,0.050000,28,0.972000,0,1
443,20,AlmostEqualRatios,fixed,1000,42,4,0.200000,13,0.987000,17,2
444,20,AlmostEqualRatios,fixed,1000,42,5,0.250000,40,0.960000,11,2
445,20,AlmostEqualRatios,fixed,1000,42,5,0.250000,205,0.795000,16,1
446,20,AlmostEqualRatios,fixed,1000,42,4,0.200000,83,0.917000,9,3
447,20,AlmostEqualRatios,fixed,1000,42,2,0.100000,26,0.974000,1,2
448,20,AlmostEqualRatios,fixed,1000,42,6,0.300000,59,0.941000,9,1
449,20,AlmostEqualRatios,fixed,1000,42,1,0.050000,7,0.993000,0,1
450,20,AlmostEqualRatios,fixed,1000,42,5,0.250000,71,0.929000,9,2
451,20,AlmostEqualRatios,fixed,1000,42,6,0.300000,28,0.972000,9,3
452,20,AlmostEqualRatios,fixed,1000,42,3,0.150000,4,0.996000,10,2
453,20,AlmostEqualRatios,fixed,1000,42,3,0.150000,68,0.932000,3,2
454,20,AlmostEqualRatios,fixed,1000,42,3,0.150000,155,0.845000,2,3
455,20,AlmostEqualRatios,fixed,1000,42,3,0.150000,12,0.988000,10,2
456,20,AlmostEqualRatios,fixed,1000,42,1,0.050000,66,0.934000,0,1
457,20,AlmostEqualRatios,fixed,1000,42,1,0.050000,8,0.992000,0,1
458,20,AlmostEqualRatios,fixed,1000,42,2,0.100000,116,0.884000,5,1
459,20,AlmostEqualRatios,fixed,1000,42,6,0.300000,141,0.859000,16,4
460,20,AlmostEqualRatios,fixed,1000,42,2,0.100000,11,0.989000,14,1
461,20,AlmostEqualRatios,fixed,1000,42,2,0.100000,12,0.988000,2,1
462,20,AlmostEqualRatios,fixed,1000,42,5,0.250000,23,0.977000,13,3
463,20,AlmostEqualRatios,fixed,1000,42,5,0.250000,49,0.951000,5,4
464,20,AlmostEqualRatios,fixed,1000,42,3,0.150000,71,0.929000,2,3
465,20,AlmostEqualRatios,fixed,1000,42,3,0.150000,44,0.956000,16,1
466,20,AlmostEqualRatios,fixed,1000,42,3,0.150000,40,0.960000,3,2
467,20,AlmostEqualRatios,fixed,1000,42,2,0.100000,132,0.868000,8,1
468,20,AlmostEqualRatios,fixed,1000,42,6,0.300000,27,0.973000,13,3
469,20,AlmostEqualRatios,fixed,1000,42,4,0.200000,47,0.953000,18,1
470,20,AlmostEqualRatios,fixed,1000,42,2,0.100000,39,0.961000,1,2
471,20,AlmostEqualRatios,fixed,1000,42,2,0.100000,55,0.945000,14,1
472,20,AlmostEqualRatios,fixed,1000,42,3,0.150000,35,0.965000,6,1
473,20,AlmostEqualRatios,fixed,1000,42,2,0.100000,1,0.999000,1,2
474,20,AlmostEqualRatios,fixed,1000,42,2,0.100000,68,0.932000,19,1
475,20,AlmostEqualRatios,fixed,1000,42,3,0.150000,12,0.988000,2,3
476,20,AlmostEqualRatios,fixed,1000,42,1,0.050000,40,0.960000,0,1
477,20,AlmostEqualRatios,fixed,1000,42,4,0.200000,26,0.974000,9,2
478,20,AlmostEqualRatios,fixed,1000,42,5,0.250000,45,0.955000,5,4
479,20,AlmostEqualRatios,fixed,1000,42,4,0.200000,87,0.913000,19,1
480,20,AlmostEqualRatios,fixed,1000,42,2,0.100000,9,0.991000,2,1
481,20,AlmostEqualRatios,fixed,1000,42,4,0.200000,40,0.960000,8,1
482,20,AlmostEqualRatios,fixed,1000,42,4,0.200000,8,0.992000,17,1
483,20,AlmostEqualRatios,fixed,1000,42,6,0.300000,17,0.983000,12,4
484,20,AlmostEqualRatios,fixed,1000,42,4,0.200000,16,0.984000,19,2
485,20,AlmostEqualRatios,fixed,1000,42,1,0.050000,6,0.994000,0,1
486,20,AlmostEqualRatios,fixed,1000,42,4,0.200000,6,0.994000,16,3
487,20,AlmostEqualRatios,fixed,1000,42,7,0.350000,116,0.884000,9,4
488,20,AlmostEqualRatios,fixed,1000,42,3,0.150000,54,0.946000,3,2
489,20,AlmostEqualRatios,fixed,1000,42,4,0.200000,15,0.985000,11,1
490,20,AlmostEqualRatios,fixed,1000,42,3,0.150000,46,0.954000,15,1
491,20,AlmostEqualRatios,fixed,1000,42,4,0.200000,23,0.977000,13,2
492,20,AlmostEqualRatios,fixed,1000,42,4,0.200000,38,0.962000,8,1
493,20,AlmostEqualRatios,fixed,1000,42,3,0.150000,74,0.926000,8,1
494,20,AlmostEqualRatios,fixed,1000,42,5,0.250000,11,0.989000,14,1
495,20,AlmostEqualRatios,fixed,1000,42,6,0.300000,15,0.985000,18,3
496,20,AlmostEqualRatios,fixed,1000,42,4,0.200000,31,0.969000,14,2
497,20,AlmostEqualRatios,fixed,1000,42,4,0.200000,66,0.934000,9,3
498,20,AlmostEqualRatios,fixed,1000,42,1,0.050000,79,0.921000,0,1
499,20,AlmostEqualRatios,fixed,1000,42,3,0.150000,18,0.982000,17,1
500,50,Uncorrelated,fixed,1000,42,7,0.140000,37,0.963000,10,6
501,50,Uncorrelated,fixed,1000,42,6,0.120000,1,0.999000,5,6
502,50,Uncorrelated,fixed,1000,42,9,0.180000,90,0.910000,8,9
503,50,Uncorrelated,fixed,1000,42,9,0.180000,1,0.999000,9,8
504,50,Uncorrelated,fixed,1000,42,7,0.140000,156,0.844000,6,7
505,50,Uncorrelated,fixed,1000,42,6,0.120000,16,0.984000,5,6
506,50,Uncorrelated,fixed,1000,42,9,0.180000,30,0.970000,8,9
507,50,Uncorrelated,fixed,1000,42,7,0.140000,35,0.965000,6,7
508,50,Uncorrelated,fixed,1000,42,8,0.160000,35,0.965000,13,6
509,50,Uncorrelated,fixed,1000,42,12,0.240000,8,0.992000,35,10
510,50,Uncorrelated,fixed,1000,42,9,0.180000,1,0.999000,8,9
511,50,Uncorrelated,fixed,1000,42,13,0.260000,115,0.885000,12,13
512,50,Uncorrelated,fixed,1000,42,10,0.200000,1,0.999000,9,10
513,50,Uncorrelated,fixed,1000,42,11,0.220000,19,0.981000,12,10
514,50,Uncorrelated,fixed,1000,42,7,0.140000,106,0.894000,6,7
515,50,Uncorrelated,fixed,1000,42,7,0.140000,20,0.980000,44,6
516,50,Uncorrelated,fixed,1000,42,8,0.160000,24,0.976000,8,7
517,50,Uncorrelated,fixed,1000,42,11,0.220000,53,0.947000,10,11
518,50,Uncorrelated,fixed,1000,42,9,0.180000,38,0.962000,13,8
519,50,Uncorrelated,fixed,1000,42,7,0.140000,115,0.885000,8,6
520,50,Uncorrelated,fixed,1000,42,7,0.140000,11,0.989000,8,6
521,50,Uncorrelated,fixed,1000,42,8,0.160000,24,0.976000,7,8
522,50,Uncorrelated,fixed,1000,42,11,0.220000,18,0.982000,12,10
523,50,Uncorrelated,fixed,1000,42,7,0.140000,49,0.951000,12,6
524,50,Uncorrelated,fixed,1000,42,10,0.200000,9,0.991000,10,8
525,50,Uncorrelated,fixed,1000,42,8,0.160000,84,0.916000,10,7
526,50,Uncorrelated,fixed,1000,42,9,0.180000,19,0.981000,24,8
527,50,Uncorrelated,fixed,1000,42,11,0.220000,66,0.934000,12,10
528,50,Uncorrelated,fixed,1000,42,9,0.180000,48,0.952000,8,9
529,50,Uncorrelated,fixed,1000,42,11,0.220000,68,0.932000,41,10
530,50,Uncorrelated,fixed,1000,42,9,0.180000,18,0.982000,15,8
531,50,Uncorrelated,fixed,1000,42,8,0.160000,58,0.942000,7,8
532,50,Uncorrelated,fixed,1000,42,9,0.180000,101,0.899000,16,8
533,50,Uncorrelated,fixed,1000,42,10,0.200000,33,0.967000,11,9
534,50,Uncorrelated,fixed,1000,42,10,0.200000,43,0.957000,17,9
535,50,Uncorrelated,fixed,1000,42,9,0.180000,39,0.961000,14,8
536,50,Uncorrelated,fixed,1000,42,11,0.220000,23,0.977000,12,10
537,50,Uncorrelated,fixed,1000,42,10,0.200000,40,0.960000,9,10
538,50,Uncorrelated,fixed,1000,42,6,0.120000,80,0.920000,5,6
539,50,Uncorrelated,fixed,1000,42,7,0.140000,20,0.980000,6,7
540,50,Uncorrelated,fixed,1000,42,12,0.240000,19,0.981000,11,12
541,50,Uncorrelated,fixed,1000,42,8,0.160000,31,0.969000,7,8
542,50,Uncorrelated,fixed,1000,42,9,0.180000,61,0.939000,8,9
543,50,Uncorrelated,fixed,1000,42,7,0.140000,11,0.989000,6,7
544,50,Uncorrelated,fixed,1000,42,6,0.120000,37,0.963000,7,5
545,50,Uncorrelated,fixed,1000,42,12,0.240000,42,0.958000,45,10
546,50,Uncorrelated,fixed,1000,42,5,0.100000,66,0.934000,6,4
547,50,Uncorrelated,fixed,1000,42,8,0.160000,42,0.958000,18,7
548,50,Uncorrelated,fixed,1000,42,10,0.200000,0,1.000000,12,9
549,50,Uncorrelated,fixed,1000,42,9,0.180000,51,0.949000,8,9
550,50,Uncorrelated,fixed,1000,42,8,0.160000,54,0.946000,7,8
551,50,Uncorrelated,fixed,1000,42,9,0.180000,5,0.995000,8,9
552,50,Uncorrelated,fixed,1000,42,10,0.200000,5,0.995000,11,9
553,50,Uncorrelated,fixed,1000,42,10,0.200000,22,0.978000,9,10
554,50,Uncorrelated,fixed,1000,42,8,0.160000,37,0.963000,7,8
555,50,Uncorrelated,fixed,1000,42,9,0.180000,37,0.963000,8,9
556,50,Uncorrelated,fixed,1000,42,7,0.140000,31,0.969000,6,7
557,50,Uncorrelated,fixed,1000,42,7,0.140000,63,0.937000,6,7
558,50,Uncorrelated,fixed,1000,42,9,0.180000,9,0.991000,8,9
559,50,Uncorrelated,fixed,1000,42,7,0.140000,5,0.995000,19,6
560,50,Uncorrelated,fixed,1000,42,11,0.220000,72,0.928000,34,10
561,50,Uncorrelated,fixed,1000,42,8,0.160000,95,0.905000,11,7
562,50,Uncorrelated,fixed,1000,42,8,0.160000,31,0.969000,7,8
563,50,Uncorrelated,fixed,1000,42,10,0.200000,6,0.994000,35,8
564,50,Uncorrelated,fixed,1000,42,10,0.200000,127,0.873000,9,10
565,50,Uncorrelated,fixed,1000,42,10,0.200000,33,0.967000,34,7
566,50,Uncorrelated,fixed,1000,42,8,0.160000,22,0.978000,22,7
567,50,Uncorrelated,fixed,1000,42,10,0.200000,60,0.940000,13,8
568,50,Uncorrelated,fixed,1000,42,6,0.120000,27,0.973000,5,6
569,50,Uncorrelated,fixed,1000,42,9,0.180000,30,0.970000,43,8
570,50,Uncorrelated,fixed,1000,42,9,0.180000,14,0.986000,8,9
571,50,Uncorrelated,fixed,1000,42,10,0.200000,59,0.941000,11,9
572,50,Uncorrelated,fixed,1000,42,8,0.160000,67,0.933000,9,7
573,50,Uncorrelated,fixed,1000,42,11,0.220000,18,0.982000,11,10
574,50,Uncorrelated,fixed,1000,42,8,0.160000,49,0.951000,7,8
575,50,Uncorrelated,fixed,1000,42,8,0.160000,10,0.990000,23,7
576,50,Uncorrelated,fixed,1000,42,6,0.120000,17,0.983000,5,6
577,50,Uncorrelated,fixed,1000,42,12,0.240000,41,0.959000,30,10
578,50,Uncorrelated,fixed,1000,42,10,0.200000,41,0.959000,28,8
579,50,Uncorrelated,fixed,1000,42,8,0.160000,9,0.991000,7,8
580,50,Uncorrelated,fixed,1000,42,10,0.200000,1,0.999000,30,9
581,50,Uncorrelated,fixed,1000,42,9,0.180000,111,0.889000,14,8
582,50,Uncorrelated,fixed,1000,42,7,0.140000,88,0.912000,10,6
583,50,Uncorrelated,fixed,1000,42,8,0.160000,5,0.995000,19,7
584,50,Uncorrelated,fixed,1000,42,6,0.120000,11,0.989000,16,5
585,50,Uncorrelated,fixed,1000,42,8,0.160000,29,0.971000,7,8
586,50,Uncorrelated,fixed,1000,42,9,0.180000,7,0.993000,11,8
587,50,Uncorrelated,fixed,1000,42,6,0.120000,34,0.966000,5,6
588,50,Uncorrelated,fixed,1000,42,7,0.140000,73,0.927000,6,7
589,50,Uncorrelated,fixed,1000,42,6,0.120000,17,0.983000,41,5
590,50,Uncorrelated,fixed,1000,42,10,0.200000,19,0.981000,27,9
591,50,Uncorrelated,fixed,1000,42,11,0.220000,28,0.972000,27,9
592,50,Uncorrelated,fixed,1000,42,8,0.160000,58,0.942000,7,8
593,50,Uncorrelated,fixed,1000,42,9,0.180000,40,0.960000,8,9
594,50,Uncorrelated,fixed,1000,42,10,0.200000,3,0.997000,14,7
595,50,Uncorrelated,fixed,1000,42,9,0.180000,9,0.991000,14,8
596,50,Uncorrelated,fixed,1000,42,7,0.140000,48,0.952000,7,6
597,50,Uncorrelated,fixed,1000,42,11,0.220000,3,0.997000,10,11
598,50,Uncorrelated,fixed,1000,42,8,0.160000,12,0.988000,20,6
599,50,Uncorrelated,fixed,1000,42,8,0.160000,66,0.934000,12,7
600,50,WeaklyCorrelated,fixed,1000,42,5,0.100000,1,0.999000,4,5
601,50,WeaklyCorrelated,fixed,1000,42,8,0.160000,55,0.945000,49,6
602,50,WeaklyCorrelated,fixed,1000,42,7,0.140000,21,0.979000,48,6
603,50,WeaklyCorrelated,fixed,1000,42,7,0.140000,14,0.986000,40,5
604,50,WeaklyCorrelated,fixed,1000,42,7,0.140000,9,0.991000,49,4
605,50,WeaklyCorrelated,fixed,1000,42,5,0.100000,3,0.997000,49,4
606,50,WeaklyCorrelated,fixed,1000,42,7,0.140000,11,0.989000,22,6
607,50,WeaklyCorrelated,fixed,1000,42,4,0.080000,21,0.979000,5,3
608,50,WeaklyCorrelated,fixed,1000,42,7,0.140000,13,0.987000,9,6
609,50,WeaklyCorrelated,fixed,1000,42,6,0.120000,8,0.992000,48,5
610,50,WeaklyCorrelated,fixed,1000,42,6,0.120000,7,0.993000,46,5
611,50,WeaklyCorrelated,fixed,1000,42,5,0.100000,87,0.913000,4,5
612,50,WeaklyCorrelated,fixed,1000,42,9,0.180000,85,0.915000,49,7
613,50,WeaklyCorrelated,fixed,1000,42,6,0.120000,15,0.985000,26,5
614,50,WeaklyCorrelated,fixed,1000,42,5,0.100000,13,0.987000,49,3
615,50,WeaklyCorrelated,fixed,1000,42,8,0.160000,6,0.994000,38,6
616,50,WeaklyCorrelated,fixed,1000,42,8,0.160000,65,0.935000,7,8
617,50,WeaklyCorrelated,fixed,1000,42,8,0.160000,7,0.993000,49,5
618,50,WeaklyCorrelated,fixed,1000,42,9,0.180000,74,0.926000,48,8
619,50,WeaklyCorrelated,fixed,1000,42,8,0.160000,10,0.990000,8,7
620,50,WeaklyCorrelated,fixed,1000,42,5,0.100000,31,0.969000,4,5
621,50,WeaklyCorrelated,fixed,1000,42,7,0.140000,25,0.975000,46,5
622,50,WeaklyCorrelated,fixed,1000,42,7,0.140000,3,0.997000,47,5
623,50,WeaklyCorrelated,fixed,1000,42,8,0.160000,6,0.994000,47,7
624,50,WeaklyCorrelated,fixed,1000,42,6,0.120000,1,0.999000,49,5
625,50,WeaklyCorrelated,fixed,1000,42,8,0.160000,64,0.936000,49,5
626,50,WeaklyCorrelated,fixed,1000,42,10,0.200000,32,0.968000,49,4
627,50,WeaklyCorrelated,fixed,1000,42,6,0.120000,17,0.983000,48,4
628,50,WeaklyCorrelated,fixed,1000,42,5,0.100000,19,0.981000,34,4
629,50,WeaklyCorrelated,fixed,1000,42,10,0.200000,16,0.984000,47,8
630,50,WeaklyCorrelated,fixed,1000,42,5,0.100000,4,0.996000,5,4
631,50,WeaklyCorrelated,fixed,1000,42,6,0.120000,2,0.998000,6,5
632,50,WeaklyCorrelated,fixed,1000,42,9,0.180000,21,0.979000,49,6
633,50,WeaklyCorrelated,fixed,1000,42,8,0.160000,74,0.926000,49,6
634,50,WeaklyCorrelated,fixed,1000,42,6,0.120000,5,0.995000,20,5
635,50,WeaklyCorrelated,fixed,1000,42,7,0.140000,5,0.995000,11,5
636,50,WeaklyCorrelated,fixed,1000,42,7,0.140000,50,0.950000,48,5
637,50,WeaklyCorrelated,fixed,1000,42,7,0.140000,25,0.975000,49,4
638,50,WeaklyCorrelated,fixed,1000,42,6,0.120000,15,0.985000,9,5
639,50,WeaklyCorrelated,fixed,1000,42,10,0.200000,25,0.975000,49,7
640,50,WeaklyCorrelated,fixed,1000,42,11,0.220000,1,0.999000,48,9
641,50,WeaklyCorrelated,fixed,1000,42,5,0.100000,9,0.991000,48,2
642,50,WeaklyCorrelated,fixed,1000,42,9,0.180000,116,0.884000,27,8
643,50,WeaklyCorrelated,fixed,1000,42,7,0.140000,42,0.958000,48,6
644,50,WeaklyCorrelated,fixed,1000,42,7,0.140000,47,0.953000,49,5
645,50,WeaklyCorrelated,fixed,1000,42,12,0.240000,2,0.998000,48,9
646,50,WeaklyCorrelated,fixed,1000,42,6,0.120000,7,0.993000,6,5
647,50,WeaklyCorrelated,fixed,1000,42,5,0.100000,25,0.975000,48,4
648,50,WeaklyCorrelated,fixed,1000,42,6,0.120000,37,0.963000,49,5
649,50,WeaklyCorrelated,fixed,1000,42,5,0.100000,121,0.879000,4,5
650,50,WeaklyCorrelated,fixed,1000,42,10,0.200000,29,0.971000,49,8
651,50,WeaklyCorrelated,fixed,1000,42,4,0.080000,29,0.971000,9,3
652,50,WeaklyCorrelated,fixed,1000,42,9,0.180000,49,0.951000,49,7
653,50,WeaklyCorrelated,fixed,1000,42,7,0.140000,26,0.974000,48,5
654,50,WeaklyCorrelated,fixed,1000,42,6,0.120000,11,0.989000,23,5
655,50,WeaklyCorrelated,fixed,1000,42,5,0.100000,23,0.977000,5,4
656,50,WeaklyCorrelated,fixed,1000,42,7,0.140000,12,0.988000,6,7
657,50,WeaklyCorrelated,fixed,1000,42,7,0.140000,5,0.995000,6,7
658,50,WeaklyCorrelated,fixed,1000,42,7,0.140000,24,0.976000,47,6
659,50,WeaklyCorrelated,fixed,1000,42,9,0.180000,1,0.999000,8,9
660,50,WeaklyCorrelated,fixed,1000,42,5,0.100000,9,0.991000,4,5
661,50,WeaklyCorrelated,fixed,1000,42,10,0.200000,13,0.987000,48,6
662,50,WeaklyCorrelated,fixed,1000,42,6,0.120000,14,0.986000,48,5
663,50,WeaklyCorrelated,fixed,1000,42,5,0.100000,17,0.983000,44,4
664,50,WeaklyCorrelated,fixed,1000,42,7,0.140000,17,0.983000,48,6
665,50,WeaklyCorrelated,fixed,1000,42,5,0.100000,11,0.989000,48,4
666,50,WeaklyCorrelated,fixed,1000,42,9,0.180000,31,0.969000,46,8
667,50,WeaklyCorrelated,fixed,1000,42,5,0.100000,29,0.971000,16,4
668,50,WeaklyCorrelated,fixed,1000,42,7,0.140000,14,0.986000,48,5
669,50,WeaklyCorrelated,fixed,1000,42,8,0.160000,35,0.965000,47,6
670,50,WeaklyCorrelated,fixed,1000,42,8,0.160000,11,0.989000,49,7
671,50,WeaklyCorrelated,fixed,1000,42,7,0.140000,24,0.976000,6,7
672,50,WeaklyCorrelated,fixed,1000,42,4,0.080000,14,0.986000,48,3
673,50,WeaklyCorrelated,fixed,1000,42,7,0.140000,84,0.916000,6,7
674,50,WeaklyCorrelated,fixed,1000,42,8,0.160000,9,0.991000,11,7
675,50,WeaklyCorrelated,fixed,1000,42,7,0.140000,26,0.974000,46,5
676,50,WeaklyCorrelated,fixed,1000,42,7,0.140000,3,0.997000,6,7
677,50,WeaklyCorrelated,fixed,1000,42,9,0.180000,34,0.966000,48,6
678,50,WeaklyCorrelated,fixed,1000,42,7,0.140000,21,0.979000,9,6
679,50,WeaklyCorrelated,fixed,1000,42,7,0.140000,2,0.998000,6,7
680,50,WeaklyCorrelated,fixed,1000,42,6,0.120000,18,0.982000,37,5
681,50,WeaklyCorrelated,fixed,1000,42,6,0.120000,42,0.958000,49,5
682,50,WeaklyCorrelated,fixed,1000,42,4,0.080000,81,0.919000,3,4
683,50,WeaklyCorrelated,fixed,1000,42,8,0.160000,26,0.974000,47,3
684,50,WeaklyCorrelated,fixed,1000,42,10,0.200000,35,0.965000,49,8
685,50,WeaklyCorrelated,fixed,1000,42,6,0.120000,31,0.969000,47,4
686,50,WeaklyCorrelated,fixed,1000,42,5,0.100000,30,0.970000,4,5
687,50,WeaklyCorrelated,fixed,1000,42,7,0.140000,4,0.996000,6,7
688,50,WeaklyCorrelated,fixed,1000,42,7,0.140000,1,0.999000,46,5
689,50,WeaklyCorrelated,fixed,1000,42,9,0.180000,5,0.995000,48,7
690,50,WeaklyCorrelated,fixed,1000,42,8,0.160000,102,0.898000,49,7
691,50,WeaklyCorrelated,fixed,1000,42,9,0.180000,1,0.999000,48,5
692,50,WeaklyCorrelated,fixed,1000,42,8,0.160000,5,0.995000,47,7
693,50,WeaklyCorrelated,fixed,1000,42,5,0.100000,10,0.990000,26,3
694,50,WeaklyCorrelated,fixed,1000,42,4,0.080000,28,0.972000,48,3
695,50,WeaklyCorrelated,fixed,1000,42,7,0.140000,6,0.994000,48,4
696,50,WeaklyCorrelated,fixed,1000,42,7,0.140000,29,0.971000,23,6
697,50,WeaklyCorrelated,fixed,1000,42,9,0.180000,0,1.000000,46,6
698,50,WeaklyCorrelated,fixed,1000,42,7,0.140000,33,0.967000,6,7
699,50,WeaklyCorrelated,fixed,1000,42,7,0.140000,23,0.977000,6,7
700,50,StronglyCorrelated,fixed,1000,42,12,0.240000,76,0.924000,11,12
701,50,StronglyCorrelated,fixed,1000,42,6,0.120000,85,0.915000,5,6
702,50,StronglyCorrelated,fixed,1000,42,11,0.220000,145,0.855000,15,9
703,50,StronglyCorrelated,fixed,1000,42,8,0.160000,52,0.948000,8,7
704,50,StronglyCorrelated,fixed,1000,42,8,0.160000,37,0.963000,9,7
705,50,StronglyCorrelated,fixed,1000,42,8,0.160000,30,0.970000,13,7
706,50,StronglyCorrelated,fixed,1000,42,9,0.180000,25,0.975000,8,9
707,50,StronglyCorrelated,fixed,1000,42,7,0.140000,241,0.759000,9,6
708,50,StronglyCorrelated,fixed,1000,42,8,0.160000,30,0.970000,8,7
709,50,StronglyCorrelated,fixed,1000,42,7,0.140000,10,0.990000,6,7
710,50,StronglyCorrelated,fixed,1000,42,8,0.160000,122,0.878000,8,7
711,50,StronglyCorrelated,fixed,1000,42,8,0.160000,49,0.951000,7,8
712,50,StronglyCorrelated,fixed,1000,42,9,0.180000,15,0.985000,17,8
713,50,StronglyCorrelated,fixed,1000,42,9,0.180000,43,0.957000,9,8
714,50,StronglyCorrelated,fixed,1000,42,9,0.180000,34,0.966000,8,9
715,50,StronglyCorrelated,fixed,1000,42,9,0.180000,61,0.939000,8,9
716,50,StronglyCorrelated,fixed,1000,42,9,0.180000,36,0.964000,8,9
717,50,StronglyCorrelated,fixed,1000,42,9,0.180000,79,0.921000,8,9
718,50,StronglyCorrelated,fixed,1000,42,8,0.160000,89,0.911000,8,7
719,50,StronglyCorrelated,fixed,1000,42,7,0.140000,60,0.940000,6,7
720,50,StronglyCorrelated,fixed,1000,42,7,0.140000,46,0.954000,6,7
721,50,StronglyCorrelated,fixed,1000,42,6,0.120000,64,0.936000,5,6
722,50,StronglyCorrelated,fixed,1000,42,14,0.280000,47,0.953000,13,14
723,50,StronglyCorrelated,fixed,1000,42,7,0.140000,44,0.956000,6,7
724,50,StronglyCorrelated,fixed,1000,42,9,0.180000,19,0.981000,8,9
725,50,StronglyCorrelated,fixed,1000,42,9,0.180000,16,0.984000,8,9
726,50,StronglyCorrelated,fixed,1000,42,6,0.120000,52,0.948000,6,5
727,50,StronglyCorrelated,fixed,1000,42,12,0.240000,117,0.883000,11,12
728,50,StronglyCorrelated,fixed,1000,42,9,0.180000,144,0.856000,8,9
729,50,StronglyCorrelated,fixed,1000,42,8,0.160000,29,0.971000,32,6
730,50,StronglyCorrelated,fixed,1000,42,7,0.140000,14,0.986000,9,6
731,50,StronglyCorrelated,fixed,1000,42,8,0.160000,29,0.971000,7,8
732,50,StronglyCorrelated,fixed,1000,42,9,0.180000,60,0.940000,9,8
733,50,StronglyCorrelated,fixed,1000,42,9,0.180000,112,0.888000,9,8
734,50,StronglyCorrelated,fixed,1000,42,7,0.140000,25,0.975000,6,7
735,50,StronglyCorrelated,fixed,1000,42,7,0.140000,106,0.894000,6,7
736,50,StronglyCorrelated,fixed,1000,42,8,0.160000,66,0.934000,7,8
737,50,StronglyCorrelated,fixed,1000,42,8,0.160000,45,0.955000,8,7
738,50,StronglyCorrelated,fixed,1000,42,8,0.160000,10,0.990000,7,8
739,50,StronglyCorrelated,fixed,1000,42,9,0.180000,50,0.950000,8,9
740,50,StronglyCorrelated,fixed,1000,42,8,0.160000,101,0.899000,7,8
741,50,StronglyCorrelated,fixed,1000,42,8,0.160000,68,0.932000,15,7
742,50,StronglyCorrelated,fixed,1000,42,8,0.160000,95,0.905000,7,8
743,50,StronglyCorrelated,fixed,1000,42,7,0.140000,28,0.972000,6,7
744,50,StronglyCorrelated,fixed,1000,42,11,0.220000,37,0.963000,17,10
745,50,StronglyCorrelated,fixed,1000,42,7,0.140000,10,0.990000,15,6
746,50,StronglyCorrelated,fixed,1000,42,8,0.160000,78,0.922000,24,7
747,50,StronglyCorrelated,fixed,1000,42,8,0.160000,30,0.970000,7,8
748,50,StronglyCorrelated,fixed,1000,42,9,0.180000,16,0.984000,20,8
749,50,StronglyCorrelated,fixed,1000,42,9,0.180000,48,0.952000,8,9
750,50,StronglyCorrelated,fixed,1000,42,10,0.200000,9,0.991000,14,8
751,50,StronglyCorrelated,fixed,1000,42,7,0.140000,82,0.918000,6,7
752,50,StronglyCorrelated,fixed,1000,42,11,0.220000,64,0.936000,10,11
753,50,StronglyCorrelated,fixed,1000,42,9,0.180000,50,0.950000,9,8
754,50,StronglyCorrelated,fixed,1000,42,6,0.120000,39,0.961000,5,6
755,50,StronglyCorrelated,fixed,1000,42,8,0.160000,86,0.914000,7,8
756,50,StronglyCorrelated,fixed,1000,42,8,0.160000,34,0.966000,8,7
757,50,StronglyCorrelated,fixed,1000,42,10,0.200000,155,0.845000,9,10
758,50,StronglyCorrelated,fixed,1000,42,7,0.140000,36,0.964000,6,7
759,50,StronglyCorrelated,fixed,1000,42,10,0.200000,16,0.984000,10,9
760,50,StronglyCorrelated,fixed,1000,42,8,0.160000,41,0.959000,7,8
761,50,StronglyCorrelated,fixed,1000,42,10,0.200000,38,0.962000,10,9
762,50,StronglyCorrelated,fixed,1000,42,8,0.160000,13,0.987000,13,7
763,50,StronglyCorrelated,fixed,1000,42,8,0.160000,47,0.953000,13,7
764,50,StronglyCorrelated,fixed,1000,42,10,0.200000,7,0.993000,12,8
765,50,StronglyCorrelated,fixed,1000,42,8,0.160000,74,0.926000,7,8
766,50,StronglyCorrelated,fixed,1000,42,9,0.180000,131,0.869000,8,9
767,50,StronglyCorrelated,fixed,1000,42,13,0.260000,17,0.983000,13,12
768,50,StronglyCorrelated,fixed,1000,42,9,0.180000,77,0.923000,10,8
769,50,StronglyCorrelated,fixed,1000,42,10,0.200000,7,0.993000,18,9
770,50,StronglyCorrelated,fixed,1000,42,8,0.160000,84,0.916000,8,6
771,50,StronglyCorrelated,fixed,1000,42,9,0.180000,58,0.942000,9,8
772,50,StronglyCorrelated,fixed,1000,42,10,0.200000,15,0.985000,10,9
773,50,StronglyCorrelated,fixed,1000,42,7,0.140000,62,0.938000,7,6
774,50,StronglyCorrelated,fixed,1000,42,7,0.140000,4,0.996000,6,7
775,50,StronglyCorrelated,fixed,1000,42,7,0.140000,37,0.963000,9,6
776,50,StronglyCorrelated,fixed,1000,42,6,0.120000,87,0.913000,5,6
777,50,StronglyCorrelated,fixed,1000,42,11,0.220000,18,0.982000,11,10
778,50,StronglyCorrelated,fixed,1000,42,7,0.140000,40,0.960000,6,7
779,50,StronglyCorrelated,fixed,1000,42,9,0.180000,43,0.957000,9,8
780,50,StronglyCorrelated,fixed,1000,42,7,0.140000,84,0.916000,11,6
781,50,StronglyCorrelated,fixed,1000,42,7,0.140000,107,0.893000,6,7
782,50,StronglyCorrelated,fixed,1000,42,9,0.180000,87,0.913000,8,9
783,50,StronglyCorrelated,fixed,1000,42,8,0.160000,10,0.990000,7,8
784,50,StronglyCorrelated,fixed,1000,42,7,0.140000,113,0.887000,6,7
785,50,StronglyCorrelated,fixed,1000,42,5,0.100000,128,0.872000,4,5
786,50,StronglyCorrelated,fixed,1000,42,9,0.180000,73,0.927000,8,9
787,50,StronglyCorrelated,fixed,1000,42,9,0.180000,28,0.972000,10,8
788,50,StronglyCorrelated,fixed,1000,42,9,0.180000,61,0.939000,8,9
789,50,StronglyCorrelated,fixed,1000,42,8,0.160000,121,0.879000,7,8
790,50,StronglyCorrelated,fixed,1000,42,8,0.160000,12,0.988000,9,7
791,50,StronglyCorrelated,fixed,1000,42,9,0.180000,11,0.989000,8,9
792,50,StronglyCorrelated,fixed,1000,42,9,0.180000,28,0.972000,8,9
793,50,StronglyCorrelated,fixed,1000,42,10,0.200000,16,0.984000,15,8
794,50,StronglyCorrelated,fixed,1000,42,12,0.240000,91,0.909000,11,12
795,50,StronglyCorrelated,fixed,1000,42,9,0.180000,129,0.871000,8,9
796,50,StronglyCorrelated,fixed,1000,42,12,0.240000,25,0.975000,16,10
797,50,StronglyCorrelated,fixed,1000,42,8,0.160000,22,0.978000,15,5
798,50,StronglyCorrelated,fixed,1000,42,9,0.180000,27,0.973000,9,7
799,50,StronglyCorrelated,fixed,1000,42,7,0.140000,136,0.864000,6,7
800,50,InverseCorrelated,fixed,1000,42,9,0.180000,156,0.844000,8,9
801,50,InverseCorrelated,fixed,1000,42,10,0.200000,194,0.806000,9,10
802,50,InverseCorrelated,fixed,1000,42,7,0.140000,76,0.924000,6,7
803,50,InverseCorrelated,fixed,1000,42,10,0.200000,56,0.944000,9,10
804,50,InverseCorrelated,fixed,1000,42,8,0.160000,156,0.844000,7,8
805,50,InverseCorrelated,fixed,1000,42,12,0.240000,47,0.953000,11,12
806,50,InverseCorrelated,fixed,1000,42,5,0.100000,112,0.888000,4,5
807,50,InverseCorrelated,fixed,1000,42,8,0.160000,70,0.930000,7,8
808,50,InverseCorrelated,fixed,1000,42,10,0.200000,180,0.820000,9,10
809,50,InverseCorrelated,fixed,1000,42,9,0.180000,124,0.876000,8,9
810,50,InverseCorrelated,fixed,1000,42,9,0.180000,107,0.893000,8,9
811,50,InverseCorrelated,fixed,1000,42,8,0.160000,82,0.918000,7,8
812,50,InverseCorrelated,fixed,1000,42,9,0.180000,61,0.939000,8,9
813,50,InverseCorrelated,fixed,1000,42,9,0.180000,164,0.836000,8,9
814,50,InverseCorrelated,fixed,1000,42,12,0.240000,110,0.890000,11,12
815,50,InverseCorrelated,fixed,1000,42,10,0.200000,53,0.947000,9,10
816,50,InverseCorrelated,fixed,1000,42,8,0.160000,112,0.888000,7,8
817,50,InverseCorrelated,fixed,1000,42,9,0.180000,178,0.822000,8,9
818,50,InverseCorrelated,fixed,1000,42,8,0.160000,61,0.939000,7,8
819,50,InverseCorrelated,fixed,1000,42,11,0.220000,112,0.888000,10,11
820,50,InverseCorrelated,fixed,1000,42,11,0.220000,116,0.884000,10,11
821,50,InverseCorrelated,fixed,1000,42,11,0.220000,47,0.953000,10,11
822,50,InverseCorrelated,fixed,1000,42,11,0.220000,28,0.972000,10,11
823,50,InverseCorrelated,fixed,1000,42,9,0.180000,40,0.960000,8,9
824,50,InverseCorrelated,fixed,1000,42,10,0.200000,91,0.909000,9,10
825,50,InverseCorrelated,fixed,1000,42,8,0.160000,179,0.821000,7,8
826,50,InverseCorrelated,fixed,1000,42,12,0.240000,166,0.834000,11,12
827,50,InverseCorrelated,fixed,1000,42,8,0.160000,124,0.876000,7,8
828,50,InverseCorrelated,fixed,1000,42,7,0.140000,126,0.874000,6,7
829,50,InverseCorrelated,fixed,1000,42,12,0.240000,2,0.998000,11,12
830,50,InverseCorrelated,fixed,1000,42,11,0.220000,52,0.948000,10,11
831,50,InverseCorrelated,fixed,1000,42,12,0.240000,10,0.990000,11,12
832,50,InverseCorrelated,fixed,1000,42,9,0.180000,44,0.956000,8,9
833,50,InverseCorrelated,fixed,1000,42,9,0.180000,32,0.968000,8,9
834,50,InverseCorrelated,fixed,1000,42,8,0.160000,64,0.936000,7,8
835,50,InverseCorrelated,fixed,1000,42,9,0.180000,216,0.784000,8,9
836,50,InverseCorrelated,fixed,1000,42,10,0.200000,151,0.849000,9,10
837,50,InverseCorrelated,fixed,1000,42,8,0.160000,138,0.862000,7,8
838,50,InverseCorrelated,fixed,1000,42,8,0.160000,147,0.853000,7,8
839,50,InverseCorrelated,fixed,1000,42,10,0.200000,190,0.810000,9,10
840,50,InverseCorrelated,fixed,1000,42,8,0.160000,53,0.947000,7,8
841,50,InverseCorrelated,fixed,1000,42,9,0.180000,105,0.895000,8,9
842,50,InverseCorrelated,fixed,1000,42,7,0.140000,98,0.902000,6,7
843,50,InverseCorrelated,fixed,1000,42,8,0.160000,107,0.893000,7,8
844,50,InverseCorrelated,fixed,1000,42,7,0.140000,65,0.935000,6,7
845,50,InverseCorrelated,fixed,1000,42,10,0.200000,219,0.781000,9,10
846,50,InverseCorrelated,fixed,1000,42,9,0.180000,152,0.848000,8,9
847,50,InverseCorrelated,fixed,1000,42,7,0.140000,151,0.849000,6,7
848,50,InverseCorrelated,fixed,1000,42,13,0.260000,180,0.820000,12,13
849,50,InverseCorrelated,fixed,1000,42,8,0.160000,127,0.873000,7,8
850,50,InverseCorrelated,fixed,1000,42,8,0.160000,72,0.928000,7,8
851,50,InverseCorrelated,fixed,1000,42,8,0.160000,203,0.797000,7,8
852,50,InverseCorrelated,fixed,1000,42,7,0.140000,192,0.808000,6,7
853,50,InverseCorrelated,fixed,1000,42,13,0.260000,34,0.966000,12,13
854,50,InverseCorrelated,fixed,1000,42,7,0.140000,92,0.908000,6,7
855,50,InverseCorrelated,fixed,1000,42,11,0.220000,76,0.924000,10,11
856,50,InverseCorrelated,fixed,1000,42,10,0.200000,9,0.991000,9,10
857,50,InverseCorrelated,fixed,1000,42,9,0.180000,53,0.947000,8,9
858,50,InverseCorrelated,fixed,1000,42,11,0.220000,31,0.969000,10,11
859,50,InverseCorrelated,fixed,1000,42,8,0.160000,124,0.876000,7,8
860,50,InverseCorrelated,fixed,1000,42,9,0.180000,115,0.885000,8,9
861,50,InverseCorrelated,fixed,1000,42,11,0.220000,92,0.908000,10,11
862,50,InverseCorrelated,fixed,1000,42,11,0.220000,104,0.896000,10,11
863,50,InverseCorrelated,fixed,1000,42,9,0.180000,174,0.826000,8,9
864,50,InverseCorrelated,fixed,1000,42,12,0.240000,95,0.905000,11,12
865,50,InverseCorrelated,fixed,1000,42,7,0.140000,206,0.794000,6,7
866,50,InverseCorrelated,fixed,1000,42,8,0.160000,72,0.928000,7,8
867,50,InverseCorrelated,fixed,1000,42,11,0.220000,46,0.954000,10,11
868,50,InverseCorrelated,fixed,1000,42,9,0.180000,97,0.903000,8,9
869,50,InverseCorrelated,fixed,1000,42,8,0.160000,88,0.912000,7,8
870,50,InverseCorrelated,fixed,1000,42,11,0.220000,146,0.854000,10,11
871,50,InverseCorrelated,fixed,1000,42,13,0.260000,93,0.907000,12,13
872,50,InverseCorrelated,fixed,1000,42,11,0.220000,88,0.912000,10,11
873,50,InverseCorrelated,fixed,1000,42,12,0.240000,107,0.893000,11,12
874,50,InverseCorrelated,fixed,1000,42,9,0.180000,145,0.855000,8,9
875,50,InverseCorrelated,fixed,1000,42,9,0.180000,87,0.913000,8,9
876,50,InverseCorrelated,fixed,1000,42,9,0.180000,43,0.957000,8,9
877,50,InverseCorrelated,fixed,1000,42,12,0.240000,43,0.957000,11,12
878,50,InverseCorrelated,fixed,1000,42,8,0.160000,106,0.894000,7,8
879,50,InverseCorrelated,fixed,1000,42,10,0.200000,186,0.814000,9,10
880,50,InverseCorrelated,fixed,1000,42,10,0.200000,22,0.978000,9,10
881,50,InverseCorrelated,fixed,1000,42,9,0.180000,71,0.929000,8,9
882,50,InverseCorrelated,fixed,1000,42,9,0.180000,182,0.818000,8,9
883,50,InverseCorrelated,fixed,1000,42,9,0.180000,84,0.916000,8,9
884,50,InverseCorrelated,fixed,1000,42,8,0.160000,50,0.950000,7,8
885,50,InverseCorrelated,fixed,1000,42,7,0.140000,197,0.803000,6,7
886,50,InverseCorrelated,fixed,1000,42,9,0.180000,97,0.903000,8,9
887,50,InverseCorrelated,fixed,1000,42,9,0.180000,137,0.863000,8,9
888,50,InverseCorrelated,fixed,1000,42,9,0.180000,77,0.923000,8,9
889,50,InverseCorrelated,fixed,1000,42,11,0.220000,21,0.979000,10,11
890,50,InverseCorrelated,fixed,1000,42,10,0.200000,130,0.870000,9,10
891,50,InverseCorrelated,fixed,1000,42,9,0.180000,1,0.999000,8,9
892,50,InverseCorrelated,fixed,1000,42,8,0.160000,155,0.845000,7,8
893,50,InverseCorrelated,fixed,1000,42,11,0.220000,265,0.735000,10,11
894,50,InverseCorrelated,fixed,1000,42,9,0.180000,26,0.974000,8,9
895,50,InverseCorrelated,fixed,1000,42,11,0.220000,77,0.923000,10,11
896,50,InverseCorrelated,fixed,1000,42,11,0.220000,50,0.950000,10,11
897,50,InverseCorrelated,fixed,1000,42,11,0.220000,93,0.907000,10,11
898,50,InverseCorrelated,fixed,1000,42,10,0.200000,97,0.903000,9,10
899,50,InverseCorrelated,fixed,1000,42,9,0.180000,86,0.914000,8,9
900,50,AlmostEqualRatios,fixed,1000,42,5,0.100000,8,0.992000,27,3
901,50,AlmostEqualRatios,fixed,1000,42,5,0.100000,17,0.983000,46,2
902,50,AlmostEqualRatios,fixed,1000,42,1,0.020000,17,0.983000,0,1
903,50,AlmostEqualRatios,fixed,1000,42,5,0.100000,7,0.993000,26,2
904,50,AlmostEqualRatios,fixed,1000,42,7,0.140000,29,0.971000,32,1
905,50,AlmostEqualRatios,fixed,1000,42,4,0.080000,19,0.981000,19,2
906,50,AlmostEqualRatios,fixed,1000,42,7,0.140000,10,0.990000,37,3
907,50,AlmostEqualRatios,fixed,1000,42,8,0.160000,5,0.995000,40,1
908,50,AlmostEqualRatios,fixed,1000,42,4,0.080000,19,0.981000,5,1
909,50,AlmostEqualRatios,fixed,1000,42,4,0.080000,9,0.991000,47,1
910,50,AlmostEqualRatios,fixed,1000,42,9,0.180000,88,0.912000,27,5
911,50,AlmostEqualRatios,fixed,1000,42,8,0.160000,4,0.996000,38,4
912,50,AlmostEqualRatios,fixed,1000,42,5,0.100000,52,0.948000,27,3
913,50,AlmostEqualRatios,fixed,1000,42,4,0.080000,48,0.952000,15,2
914,50,AlmostEqualRatios,fixed,1000,42,3,0.060000,29,0.971000,2,3
915,50,AlmostEqualRatios,fixed,1000,42,3,0.060000,19,0.981000,16,1
916,50,AlmostEqualRatios,fixed,1000,42,2,0.040000,35,0.965000,4,1
917,50,AlmostEqualRatios,fixed,1000,42,4,0.080000,4,0.996000,16,2
918,50,AlmostEqualRatios,fixed,1000,42,3,0.060000,14,0.986000,3,1
919,50,AlmostEqualRatios,fixed,1000,42,4,0.080000,7,0.993000,43,2
920,50,AlmostEqualRatios,fixed,1000,42,6,0.120000,24,0.976000,49,1
921,50,AlmostEqualRatios,fixed,1000,42,2,0.040000,0,1.000000,7,1
922,50,AlmostEqualRatios,fixed,1000,42,5,0.100000,8,0.992000,43,2
923,50,AlmostEqualRatios,fixed,1000,42,5,0.100000,18,0.982000,24,1
924,50,AlmostEqualRatios,fixed,1000,42,3,0.060000,13,0.987000,13,2
925,50,AlmostEqualRatios,fixed,1000,42,6,0.120000,15,0.985000,26,1
926,50,AlmostEqualRatios,fixed,1000,42,8,0.160000,13,0.987000,38,1
927,50,AlmostEqualRatios,fixed,1000,42,5,0.100000,16,0.984000,27,4
928,50,AlmostEqualRatios,fixed,1000,42,5,0.100000,38,0.962000,12,2
929,50,AlmostEqualRatios,fixed,1000,42,6,0.120000,28,0.972000,46,4
930,50,AlmostEqualRatios,fixed,1000,42,5,0.100000,21,0.979000,36,1
931,50,AlmostEqualRatios,fixed,1000,42,2,0.040000,14,0.986000,1,2
932,50,AlmostEqualRatios,fixed,1000,42,4,0.080000,7,0.993000,26,2
933,50,AlmostEqualRatios,fixed,1000,42,3,0.060000,3,0.997000,40,1
934,50,AlmostEqualRatios,fixed,1000,42,4,0.080000,32,0.968000,26,1
935,50,AlmostEqualRatios,fixed,1000,42,3,0.060000,41,0.959000,3,2
936,50,AlmostEqualRatios,fixed,1000,42,5,0.100000,3,0.997000,49,1
937,50,AlmostEqualRatios,fixed,1000,42,4,0.080000,102,0.898000,45,1
938,50,AlmostEqualRatios,fixed,1000,42,6,0.120000,17,0.983000,12,3
939,50,AlmostEqualRatios,fixed,1000,42,3,0.060000,11,0.989000,13,1
940,50,AlmostEqualRatios,fixed,1000,42,2,0.040000,9,0.991000,10,1
941,50,AlmostEqualRatios,fixed,1000,42,2,0.040000,41,0.959000,2,1
942,50,AlmostEqualRatios,fixed,1000,42,2,0.040000,24,0.976000,9,1
943,50,AlmostEqualRatios,fixed,1000,42,7,0.140000,13,0.987000,30,1
944,50,AlmostEqualRatios,fixed,1000,42,2,0.040000,0,1.000000,2,1
945,50,AlmostEqualRatios,fixed,1000,42,4,0.080000,17,0.983000,49,2
946,50,AlmostEqualRatios,fixed,1000,42,4,0.080000,55,0.945000,32,1
947,50,AlmostEqualRatios,fixed,1000,42,2,0.040000,20,0.980000,1,2
948,50,AlmostEqualRatios,fixed,1000,42,4,0.080000,27,0.973000,13,2
949,50,AlmostEqualRatios,fixed,1000,42,5,0.100000,12,0.988000,7,2
950,50,AlmostEqualRatios,fixed,1000,42,4,0.080000,49,0.951000,15,2
951,50,AlmostEqualRatios,fixed,1000,42,5,0.100000,26,0.974000,8,1
952,50,AlmostEqualRatios,fixed,1000,42,3,0.060000,4,0.996000,36,2
953,50,AlmostEqualRatios,fixed,1000,42,4,0.080000,3,0.997000,8,2
954,50,AlmostEqualRatios,fixed,1000,42,5,0.100000,0,1.000000,40,1
955,50,AlmostEqualRatios,fixed,1000,42,5,0.100000,20,0.980000,14,2
956,50,AlmostEqualRatios,fixed,1000,42,7,0.140000,2,0.998000,18,5
957,50,AlmostEqualRatios,fixed,1000,42,3,0.060000,4,0.996000,2,3
958,50,AlmostEqualRatios,fixed,1000,42,3,0.060000,4,0.996000,4,1
959,50,AlmostEqualRatios,fixed,1000,42,4,0.080000,8,0.992000,17,2
960,50,AlmostEqualRatios,fixed,1000,42,5,0.100000,41,0.959000,17,4
961,50,AlmostEqualRatios,fixed,1000,42,4,0.080000,63,0.937000,32,2
962,50,AlmostEqualRatios,fixed,1000,42,7,0.140000,4,0.996000,28,1
963,50,AlmostEqualRatios,fixed,1000,42,6,0.120000,7,0.993000,44,2
964,50,AlmostEqualRatios,fixed,1000,42,3,0.060000,7,0.993000,5,2
965,50,AlmostEqualRatios,fixed,1000,42,2,0.040000,2,0.998000,23,1
966,50,AlmostEqualRatios,fixed,1000,42,3,0.060000,25,0.975000,26,1
967,50,AlmostEqualRatios,fixed,1000,42,6,0.120000,7,0.993000,45,1
968,50,AlmostEqualRatios,fixed,1000,42,3,0.060000,41,0.959000,16,1
969,50,AlmostEqualRatios,fixed,1000,42,2,0.040000,1,0.999000,28,1
970,50,AlmostEqualRatios,fixed,1000,42,10,0.200000,14,0.986000,46,3
971,50,AlmostEqualRatios,fixed,1000,42,3,0.060000,4,0.996000,34,1
972,50,AlmostEqualRatios,fixed,1000,42,5,0.100000,4,0.996000,44,1
973,50,AlmostEqualRatios,fixed,1000,42,3,0.060000,22,0.978000,11,1
974,50,AlmostEqualRatios,fixed,1000,42,6,0.120000,18,0.982000,28,1
975,50,AlmostEqualRatios,fixed,1000,42,5,0.100000,15,0.985000,23,2
976,50,AlmostEqualRatios,fixed,1000,42,5,0.100000,14,0.986000,49,1
977,50,AlmostEqualRatios,fixed,1000,42,5,0.100000,11,0.989000,49,1
978,50,AlmostEqualRatios,fixed,1000,42,5,0.100000,24,0.976000,43,1
979,50,AlmostEqualRatios,fixed,1000,42,3,0.060000,8,0.992000,44,1
980,50,AlmostEqualRatios,fixed,1000,42,7,0.140000,6,0.994000,29,2
981,50,AlmostEqualRatios,fixed,1000,42,6,0.120000,6,0.994000,49,2
982,50,AlmostEqualRatios,fixed,1000,42,3,0.060000,44,0.956000,24,1
983,50,AlmostEqualRatios,fixed,1000,42,4,0.080000,15,0.985000,9,1
984,50,AlmostEqualRatios,fixed,1000,42,7,0.140000,3,0.997000,43,1
985,50,AlmostEqualRatios,fixed,1000,42,7,0.140000,7,0.993000,46,2
986,50,AlmostEqualRatios,fixed,1000,42,3,0.060000,3,0.997000,23,1
987,50,AlmostEqualRatios,fixed,1000,42,5,0.100000,1,0.999000,49,2
988,50,AlmostEqualRatios,fixed,1000,42,6,0.120000,26,0.974000,35,1
989,50,AlmostEqualRatios,fixed,1000,42,4,0.080000,6,0.994000,35,3
990,50,AlmostEqualRatios,fixed,1000,42,4,0.080000,11,0.989000,8,3
991,50,AlmostEqualRatios,fixed,1000,42,3,0.060000,26,0.974000,17,2
992,50,AlmostEqualRatios,fixed,1000,42,7,0.140000,6,0.994000,8,4
993,50,AlmostEqualRatios,fixed,1000,42,4,0.080000,0,1.000000,45,2
994,50,AlmostEqualRatios,fixed,1000,42,4,0.080000,21,0.979000,49,1
995,50,AlmostEqualRatios,fixed,1000,42,4,0.080000,9,0.991000,24,1
996,50,AlmostEqualRatios,fixed,1000,42,4,0.080000,34,0.966000,15,3
997,50,AlmostEqualRatios,fixed,1000,42,5,0.100000,6,0.994000,44,3
998,50,AlmostEqualRatios,fixed,1000,42,6,0.120000,6,0.994000,35,2
999,50,AlmostEqualRatios,fixed,1000,42,3,0.060000,44,0.956000,18,1
1000,100,Uncorrelated,fixed,1000,42,11,0.110000,47,0.953000,10,11
1001,100,Uncorrelated,fixed,1000,42,12,0.120000,8,0.992000,11,12
1002,100,Uncorrelated,fixed,1000,42,12,0.120000,20,0.980000,11,12
1003,100,Uncorrelated,fixed,1000,42,11,0.110000,44,0.956000,19,9
1004,100,Uncorrelated,fixed,1000,42,13,0.130000,30,0.970000,98,11
1005,100,Uncorrelated,fixed,1000,42,9,0.090000,46,0.954000,8,9
1006,100,Uncorrelated,fixed,1000,42,12,0.120000,47,0.953000,11,12
1007,100,Uncorrelated,fixed,1000,42,13,0.130000,16,0.984000,14,12
1008,100,Uncorrelated,fixed,1000,42,14,0.140000,70,0.930000,96,13
1009,100,Uncorrelated,fixed,1000,42,10,0.100000,49,0.951000,54,9
1010,100,Uncorrelated,fixed,1000,42,16,0.160000,19,0.981000,33,14
1011,100,Uncorrelated,fixed,1000,42,11,0.110000,1,0.999000,10,11
1012,100,Uncorrelated,fixed,1000,42,14,0.140000,46,0.954000,13,14
1013,100,Uncorrelated,fixed,1000,42,15,0.150000,32,0.968000,14,15
1014,100,Uncorrelated,fixed,1000,42,11,0.110000,22,0.978000,17,10
1015,100,Uncorrelated,fixed,1000,42,14,0.140000,24,0.976000,28,13
1016,100,Uncorrelated,fixed,1000,42,13,0.130000,19,0.981000,18,12
1017,100,Uncorrelated,fixed,1000,42,16,0.160000,16,0.984000,15,16
1018,100,Uncorrelated,fixed,1000,42,12,0.120000,23,0.977000,25,11
1019,100,Uncorrelated,fixed,1000,42,14,0.140000,7,0.993000,15,13
1020,100,Uncorrelated,fixed,1000,42,10,0.100000,11,0.989000,35,9
1021,100,Uncorrelated,fixed,1000,42,10,0.100000,31,0.969000,9,10
1022,100,Uncorrelated,fixed,1000,42,12,0.120000,58,0.942000,11,12
1023,100,Uncorrelated,fixed,1000,42,14,0.140000,23,0.977000,82,13
1024,100,Uncorrelated,fixed,1000,42,13,0.130000,32,0.968000,13,12
1025,100,Uncorrelated,fixed,1000,42,11,0.110000,95,0.905000,11,10
1026,100,Uncorrelated,fixed,1000,42,13,0.130000,30,0.970000,12,13
1027,100,Uncorrelated,fixed,1000,42,10,0.100000,21,0.979000,11,9
1028,100,Uncorrelated,fixed,1000,42,13,0.130000,92,0.908000,12,13
1029,100,Uncorrelated,fixed,1000,42,12,0.120000,34,0.966000,11,12
1030,100,Uncorrelated,fixed,1000,42,15,0.150000,23,0.977000,14,15
1031,100,Uncorrelated,fixed,1000,42,13,0.130000,58,0.942000,17,12
1032,100,Uncorrelated,fixed,1000,42,10,0.100000,126,0.874000,9,10
1033,100,Uncorrelated,fixed,1000,42,17,0.170000,57,0.943000,22,16
1034,100,Uncorrelated,fixed,1000,42,15,0.150000,11,0.989000,17,14
1035,100,Uncorrelated,fixed,1000,42,13,0.130000,0,1.000000,54,11
1036,100,Uncorrelated,fixed,1000,42,14,0.140000,24,0.976000,38,12
1037,100,Uncorrelated,fixed,1000,42,12,0.120000,0,1.000000,14,11
1038,100,Uncorrelated,fixed,1000,42,16,0.160000,1,0.999000,17,15
1039,100,Uncorrelated,fixed,1000,42,10,0.100000,3,0.997000,65,9
1040,100,Uncorrelated,fixed,1000,42,10,0.100000,19,0.981000,19,9
1041,100,Uncorrelated,fixed,1000,42,13,0.130000,61,0.939000,13,12
1042,100,Uncorrelated,fixed,1000,42,10,0.100000,111,0.889000,9,10
1043,100,Uncorrelated,fixed,1000,42,12,0.120000,29,0.971000,64,11
1044,100,Uncorrelated,fixed,1000,42,14,0.140000,7,0.993000,14,13
1045,100,Uncorrelated,fixed,1000,42,14,0.140000,28,0.972000,49,12
1046,100,Uncorrelated,fixed,1000,42,12,0.120000,2,0.998000,56,11
1047,100,Uncorrelated,fixed,1000,42,15,0.150000,21,0.979000,14,15
1048,100,Uncorrelated,fixed,1000,42,11,0.110000,3,0.997000,78,10
1049,100,Uncorrelated,fixed,1000,42,9,0.090000,39,0.961000,79,8
1050,100,Uncorrelated,fixed,1000,42,12,0.120000,74,0.926000,11,12
1051,100,Uncorrelated,fixed,1000,42,13,0.130000,63,0.937000,26,12
1052,100,Uncorrelated,fixed,1000,42,15,0.150000,38,0.962000,36,13
1053,100,Uncorrelated,fixed,1000,42,15,0.150000,17,0.983000,18,14
1054,100,Uncorrelated,fixed,1000,42,10,0.100000,31,0.969000,9,10
1055,100,Uncorrelated,fixed,1000,42,15,0.150000,3,0.997000,18,14
1056,100,Uncorrelated,fixed,1000,42,12,0.120000,27,0.973000,11,12
1057,100,Uncorrelated,fixed,1000,42,15,0.150000,30,0.970000,15,14
1058,100,Uncorrelated,fixed,1000,42,13,0.130000,40,0.960000,12,13
1059,100,Uncorrelated,fixed,1000,42,10,0.100000,73,0.927000,9,10
1060,100,Uncorrelated,fixed,1000,42,14,0.140000,6,0.994000,79,13
1061,100,Uncorrelated,fixed,1000,42,14,0.140000,21,0.979000,35,13
1062,100,Uncorrelated,fixed,1000,42,14,0.140000,0,1.000000,13,14
1063,100,Uncorrelated,fixed,1000,42,14,0.140000,16,0.984000,19,13
1064,100,Uncorrelated,fixed,1000,42,11,0.110000,38,0.962000,14,10
1065,100,Uncorrelated,fixed,1000,42,13,0.130000,23,0.977000,17,11
1066,100,Uncorrelated,fixed,1000,42,14,0.140000,56,0.944000,18,13
1067,100,Uncorrelated,fixed,1000,42,10,0.100000,38,0.962000,31,9
1068,100,Uncorrelated,fixed,1000,42,15,0.150000,12,0.988000,71,14
1069,100,Uncorrelated,fixed,1000,42,12,0.120000,29,0.971000,11,12
1070,100,Uncorrelated,fixed,1000,42,10,0.100000,6,0.994000,9,10
1071,100,Uncorrelated,fixed,1000,42,13,0.130000,9,0.991000,14,12
1072,100,Uncorrelated,fixed,1000,42,10,0.100000,1,0.999000,10,9
1073,100,Uncorrelated,fixed,1000,42,9,0.090000,10,0.990000,8,9
1074,100,Uncorrelated,fixed,1000,42,13,0.130000,27,0.973000,12,13
1075,100,Uncorrelated,fixed,1000,42,13,0.130000,61,0.939000,13,12
1076,100,Uncorrelated,fixed,1000,42,13,0.130000,11,0.989000,24,12
1077,100,Uncorrelated,fixed,1000,42,8,0.080000,33,0.967000,9,7
1078,100,Uncorrelated,fixed,1000,42,14,0.140000,83,0.917000,20,13
1079,100,Uncorrelated,fixed,1000,42,13,0.130000,25,0.975000,29,12
1080,100,Uncorrelated,fixed,1000,42,15,0.150000,3,0.997000,19,13
1081,100,Uncorrelated,fixed,1000,42,14,0.140000,22,0.978000,41,12
1082,100,Uncorrelated,fixed,1000,42,15,0.150000,5,0.995000,15,13
1083,100,Uncorrelated,fixed,1000,42,8,0.080000,49,0.951000,24,7
1084,100,Uncorrelated,fixed,1000,42,10,0.100000,15,0.985000,25,9
1085,100,Uncorrelated,fixed,1000,42,12,0.120000,90,0.910000,11,12
1086,100,Uncorrelated,fixed,1000,42,11,0.110000,63,0.937000,10,11
1087,100,Uncorrelated,fixed,1000,42,10,0.100000,9,0.991000,9,10
1088,100,Uncorrelated,fixed,1000,42,12,0.120000,35,0.965000,11,12
1089,100,Uncorrelated,fixed,1000,42,15,0.150000,12,0.988000,92,13
1090,100,Uncorrelated,fixed,1000,42,9,0.090000,59,0.941000,8,9
1091,100,Uncorrelated,fixed,1000,42,10,0.100000,28,0.972000,10,9
1092,100,Uncorrelated,fixed,1000,42,9,0.090000,106,0.894000,83,8
1093,100,Uncorrelated,fixed,1000,42,11,0.110000,10,0.990000,10,11
1094,100,Uncorrelated,fixed,1000,42,15,0.150000,36,0.964000,25,14
1095,100,Uncorrelated,fixed,1000,42,13,0.130000,19,0.981000,12,13
1096,100,Uncorrelated,fixed,1000,42,15,0.150000,6,0.994000,73,13
1097,100,Uncorrelated,fixed,1000,42,12,0.120000,15,0.985000,11,12
1098,100,Uncorrelated,fixed,1000,42,12,0.120000,48,0.952000,11,12
1099,100,Uncorrelated,fixed,1000,42,12,0.120000,10,0.990000,28,11
1100,100,WeaklyCorrelated,fixed,1000,42,9,0.090000,2,0.998000,98,7
1101,100,WeaklyCorrelated,fixed,1000,42,12,0.120000,19,0.981000,98,10
1102,100,WeaklyCorrelated,fixed,1000,42,14,0.140000,135,0.865000,99,11
1103,100,WeaklyCorrelated,fixed,1000,42,8,0.080000,16,0.984000,9,7
1104,100,WeaklyCorrelated,fixed,1000,42,9,0.090000,26,0.974000,97,8
1105,100,WeaklyCorrelated,fixed,1000,42,10,0.100000,6,0.994000,98,6
1106,100,WeaklyCorrelated,fixed,1000,42,9,0.090000,8,0.992000,98,8
1107,100,WeaklyCorrelated,fixed,1000,42,11,0.110000,6,0.994000,14,10
1108,100,WeaklyCorrelated,fixed,1000,42,10,0.100000,26,0.974000,99,7
1109,100,WeaklyCorrelated,fixed,1000,42,12,0.120000,6,0.994000,97,9
1110,100,WeaklyCorrelated,fixed,1000,42,13,0.130000,38,0.962000,97,10
1111,100,WeaklyCorrelated,fixed,1000,42,6,0.060000,1,0.999000,94,5
1112,100,WeaklyCorrelated,fixed,1000,42,7,0.070000,37,0.963000,12,6
1113,100,WeaklyCorrelated,fixed,1000,42,8,0.080000,37,0.963000,98,7
1114,100,WeaklyCorrelated,fixed,1000,42,10,0.100000,5,0.995000,80,7
1115,100,WeaklyCorrelated,fixed,1000,42,10,0.100000,0,1.000000,97,9
1116,100,WeaklyCorrelated,fixed,1000,42,9,0.090000,35,0.965000,92,8
1117,100,WeaklyCorrelated,fixed,1000,42,12,0.120000,8,0.992000,11,12
1118,100,WeaklyCorrelated,fixed,1000,42,14,0.140000,16,0.984000,98,11
1119,100,WeaklyCorrelated,fixed,1000,42,9,0.090000,10,0.990000,95,7
1120,100,WeaklyCorrelated,fixed,1000,42,13,0.130000,15,0.985000,99,10
1121,100,WeaklyCorrelated,fixed,1000,42,7,0.070000,1,0.999000,94,5
1122,100,WeaklyCorrelated,fixed,1000,42,7,0.070000,3,0.997000,95,5
1123,100,WeaklyCorrelated,fixed,1000,42,9,0.090000,35,0.965000,72,7
1124,100,WeaklyCorrelated,fixed,1000,42,9,0.090000,36,0.964000,8,9
1125,100,WeaklyCorrelated,fixed,1000,42,8,0.080000,3,0.997000,96,6
1126,100,WeaklyCorrelated,fixed,1000,42,14,0.140000,6,0.994000,96,12
1127,100,WeaklyCorrelated,fixed,1000,42,13,0.130000,21,0.979000,97,10
1128,100,WeaklyCorrelated,fixed,1000,42,10,0.100000,4,0.996000,94,8
1129,100,WeaklyCorrelated,fixed,1000,42,12,0.120000,16,0.984000,36,10
1130,100,WeaklyCorrelated,fixed,1000,42,10,0.100000,4,0.996000,96,7
1131,100,WeaklyCorrelated,fixed,1000,42,6,0.060000,15,0.985000,9,5
1132,100,WeaklyCorrelated,fixed,1000,42,6,0.060000,33,0.967000,5,6
1133,100,WeaklyCorrelated,fixed,1000,42,10,0.100000,10,0.990000,98,8
1134,100,WeaklyCorrelated,fixed,1000,42,8,0.080000,10,0.990000,99,5
1135,100,WeaklyCorrelated,fixed,1000,42,10,0.100000,9,0.991000,10,9
1136,100,WeaklyCorrelated,fixed,1000,42,10,0.100000,5,0.995000,97,8
1137,100,WeaklyCorrelated,fixed,1000,42,12,0.120000,37,0.963000,95,8
1138,100,WeaklyCorrelated,fixed,1000,42,9,0.090000,0,1.000000,99,5
1139,100,WeaklyCorrelated,fixed,1000,42,12,0.120000,1,0.999000,12,10
1140,100,WeaklyCorrelated,fixed,1000,42,9,0.090000,4,0.996000,83,8
1141,100,WeaklyCorrelated,fixed,1000,42,9,0.090000,10,0.990000,98,7
1142,100,WeaklyCorrelated,fixed,1000,42,9,0.090000,6,0.994000,14,8
1143,100,WeaklyCorrelated,fixed,1000,42,12,0.120000,4,0.996000,97,10
1144,100,WeaklyCorrelated,fixed,1000,42,9,0.090000,6,0.994000,8,9
1145,100,WeaklyCorrelated,fixed,1000,42,7,0.070000,29,0.971000,63,6
1146,100,WeaklyCorrelated,fixed,1000,42,15,0.150000,20,0.980000,99,12
1147,100,WeaklyCorrelated,fixed,1000,42,9,0.090000,1,0.999000,12,8
1148,100,WeaklyCorrelated,fixed,1000,42,10,0.100000,25,0.975000,99,7
1149,100,WeaklyCorrelated,fixed,1000,42,10,0.100000,12,0.988000,99,8
1150,100,WeaklyCorrelated,fixed,1000,42,8,0.080000,10,0.990000,98,7
1151,100,WeaklyCorrelated,fixed,1000,42,12,0.120000,34,0.966000,99,11
1152,100,WeaklyCorrelated,fixed,1000,42,13,0.130000,1,0.999000,95,8
1153,100,WeaklyCorrelated,fixed,1000,42,7,0.070000,26,0.974000,98,5
1154,100,WeaklyCorrelated,fixed,1000,42,14,0.140000,10,0.990000,98,10
1155,100,WeaklyCorrelated,fixed,1000,42,13,0.130000,1,0.999000,98,10
1156,100,WeaklyCorrelated,fixed,1000,42,13,0.130000,1,0.999000,98,10
1157,100,WeaklyCorrelated,fixed,1000,42,8,0.080000,2,0.998000,8,7
1158,100,WeaklyCorrelated,fixed,1000,42,10,0.100000,7,0.993000,98,9
1159,100,WeaklyCorrelated,fixed,1000,42,9,0.090000,9,0.991000,76,8
1160,100,WeaklyCorrelated,fixed,1000,42,10,0.100000,1,0.999000,12,9
1161,100,WeaklyCorrelated,fixed,1000,42,9,0.090000,4,0.996000,95,7
1162,100,WeaklyCorrelated,fixed,1000,42,10,0.100000,7,0.993000,50,8
1163,100,WeaklyCorrelated,fixed,1000,42,11,0.110000,2,0.998000,96,8
1164,100,WeaklyCorrelated,fixed,1000,42,10,0.100000,27,0.973000,77,9
1165,100,WeaklyCorrelated,fixed,1000,42,9,0.090000,8,0.992000,97,7
1166,100,WeaklyCorrelated,fixed,1000,42,12,0.120000,17,0.983000,98,9
1167,100,WeaklyCorrelated,fixed,1000,42,10,0.100000,8,0.992000,96,8
1168,100,WeaklyCorrelated,fixed,1000,42,13,0.130000,1,0.999000,97,11
1169,100,WeaklyCorrelated,fixed,1000,42,11,0.110000,7,0.993000,13,10
1170,100,WeaklyCorrelated,fixed,1000,42,12,0.120000,6,0.994000,82,10
1171,100,WeaklyCorrelated,fixed,1000,42,11,0.110000,0,1.000000,91,10
1172,100,WeaklyCorrelated,fixed,1000,42,9,0.090000,2,0.998000,96,7
1173,100,WeaklyCorrelated,fixed,1000,42,12,0.120000,6,0.994000,80,11
1174,100,WeaklyCorrelated,fixed,1000,42,10,0.100000,15,0.985000,10,9
1175,100,WeaklyCorrelated,fixed,1000,42,8,0.080000,7,0.993000,96,4
1176,100,WeaklyCorrelated,fixed,1000,42,9,0.090000,11,0.989000,98,6
1177,100,WeaklyCorrelated,fixed,1000,42,10,0.100000,15,0.985000,98,7
1178,100,WeaklyCorrelated,fixed,1000,42,9,0.090000,19,0.981000,95,6
1179,100,WeaklyCorrelated,fixed,1000,42,10,0.100000,7,0.993000,96,7
1180,100,WeaklyCorrelated,fixed,1000,42,11,0.110000,6,0.994000,97,9
1181,100,WeaklyCorrelated,fixed,1000,42,11,0.110000,20,0.980000,97,8
1182,100,WeaklyCorrelated,fixed,1000,42,13,0.130000,19,0.981000,98,10
1183,100,WeaklyCorrelated,fixed,1000,42,7,0.070000,11,0.989000,8,6
1184,100,WeaklyCorrelated,fixed,1000,42,12,0.120000,21,0.979000,98,9
1185,100,WeaklyCorrelated,fixed,1000,42,12,0.120000,43,0.957000,98,10
1186,100,WeaklyCorrelated,fixed,1000,42,10,0.100000,22,0.978000,99,8
1187,100,WeaklyCorrelated,fixed,1000,42,12,0.120000,15,0.985000,98,8
1188,100,WeaklyCorrelated,fixed,1000,42,11,0.110000,5,0.995000,98,8
1189,100,WeaklyCorrelated,fixed,1000,42,12,0.120000,25,0.975000,99,9
1190,100,WeaklyCorrelated,fixed,1000,42,8,0.080000,2,0.998000,96,7
1191,100,WeaklyCorrelated,fixed,1000,42,8,0.080000,6,0.994000,95,6
1192,100,WeaklyCorrelated,fixed,1000,42,10,0.100000,3,0.997000,98,7
1193,100,WeaklyCorrelated,fixed,1000,42,11,0.110000,12,0.988000,99,8
1194,100,WeaklyCorrelated,fixed,1000,42,12,0.120000,9,0.991000,97,9
1195,100,WeaklyCorrelated,fixed,1000,42,10,0.100000,1,0.999000,95,8
1196,100,WeaklyCorrelated,fixed,1000,42,9,0.090000,10,0.990000,16,7
1197,100,WeaklyCorrelated,fixed,1000,42,5,0.050000,104,0.896000,6,4
1198,100,WeaklyCorrelated,fixed,1000,42,11,0.110000,10,0.990000,11,10
1199,100,WeaklyCorrelated,fixed,1000,42,15,0.150000,1,0.999000,98,11
1200,100,StronglyCorrelated,fixed,1000,42,12,0.120000,19,0.981000,11,12
1201,100,StronglyCorrelated,fixed,1000,42,13,0.130000,26,0.974000,15,11
1202,100,StronglyCorrelated,fixed,1000,42,11,0.110000,35,0.965000,13,10
1203,100,StronglyCorrelated,fixed,1000,42,13,0.130000,8,0.992000,13,12
1204,100,StronglyCorrelated,fixed,1000,42,12,0.120000,9,0.991000,14,11
1205,100,StronglyCorrelated,fixed,1000,42,12,0.120000,22,0.978000,11,12
1206,100,StronglyCorrelated,fixed,1000,42,12,0.120000,15,0.985000,15,10
1207,100,StronglyCorrelated,fixed,1000,42,16,0.160000,16,0.984000,20,15
1208,100,StronglyCorrelated,fixed,1000,42,11,0.110000,74,0.926000,10,11
1209,100,StronglyCorrelated,fixed,1000,42,12,0.120000,39,0.961000,15,11
1210,100,StronglyCorrelated,fixed,1000,42,14,0.140000,3,0.997000,13,14
1211,100,StronglyCorrelated,fixed,1000,42,11,0.110000,1,0.999000,10,11
1212,100,StronglyCorrelated,fixed,1000,42,14,0.140000,30,0.970000,13,14
1213,100,StronglyCorrelated,fixed,1000,42,13,0.130000,28,0.972000,13,12
1214,100,StronglyCorrelated,fixed,1000,42,18,0.180000,5,0.995000,24,17
1215,100,StronglyCorrelated,fixed,1000,42,13,0.130000,29,0.971000,18,12
1216,100,StronglyCorrelated,fixed,1000,42,14,0.140000,61,0.939000,13,14
1217,100,StronglyCorrelated,fixed,1000,42,15,0.150000,28,0.972000,44,14
1218,100,StronglyCorrelated,fixed,1000,42,14,0.140000,77,0.923000,13,14
1219,100,StronglyCorrelated,fixed,1000,42,11,0.110000,32,0.968000,16,10
1220,100,StronglyCorrelated,fixed,1000,42,14,0.140000,11,0.989000,13,14
1221,100,StronglyCorrelated,fixed,1000,42,11,0.110000,2,0.998000,10,11
1222,100,StronglyCorrelated,fixed,1000,42,12,0.120000,57,0.943000,12,11
1223,100,StronglyCorrelated,fixed,1000,42,14,0.140000,21,0.979000,23,13
1224,100,StronglyCorrelated,fixed,1000,42,10,0.100000,42,0.958000,18,8
1225,100,StronglyCorrelated,fixed,1000,42,13,0.130000,40,0.960000,46,11
1226,100,StronglyCorrelated,fixed,1000,42,11,0.110000,4,0.996000,12,10
1227,100,StronglyCorrelated,fixed,1000,42,8,0.080000,60,0.940000,7,8
1228,100,StronglyCorrelated,fixed,1000,42,11,0.110000,91,0.909000,20,10
1229,100,StronglyCorrelated,fixed,1000,42,13,0.130000,13,0.987000,12,13
1230,100,StronglyCorrelated,fixed,1000,42,13,0.130000,14,0.986000,12,13
1231,100,StronglyCorrelated,fixed,1000,42,14,0.140000,0,1.000000,13,14
1232,100,StronglyCorrelated,fixed,1000,42,12,0.120000,9,0.991000,11,12
1233,100,StronglyCorrelated,fixed,1000,42,15,0.150000,21,0.979000,16,14
1234,100,StronglyCorrelated,fixed,1000,42,13,0.130000,18,0.982000,23,12
1235,100,StronglyCorrelated,fixed,1000,42,13,0.130000,115,0.885000,12,13
1236,100,StronglyCorrelated,fixed,1000,42,13,0.130000,3,0.997000,17,12
1237,100,StronglyCorrelated,fixed,1000,42,14,0.140000,23,0.977000,19,13
1238,100,StronglyCorrelated,fixed,1000,42,9,0.090000,12,0.988000,11,8
1239,100,StronglyCorrelated,fixed,1000,42,12,0.120000,38,0.962000,11,12
1240,100,StronglyCorrelated,fixed,1000,42,12,0.120000,45,0.955000,18,11
1241,100,StronglyCorrelated,fixed,1000,42,11,0.110000,103,0.897000,10,11
1242,100,StronglyCorrelated,fixed,1000,42,14,0.140000,54,0.946000,18,13
1243,100,StronglyCorrelated,fixed,1000,42,12,0.120000,5,0.995000,13,11
1244,100,StronglyCorrelated,fixed,1000,42,17,0.170000,34,0.966000,16,17
1245,100,StronglyCorrelated,fixed,1000,42,15,0.150000,51,0.949000,21,14
1246,100,StronglyCorrelated,fixed,1000,42,13,0.130000,29,0.971000,13,12
1247,100,StronglyCorrelated,fixed,1000,42,11,0.110000,7,0.993000,13,10
1248,100,StronglyCorrelated,fixed,1000,42,13,0.130000,46,0.954000,13,12
1249,100,StronglyCorrelated,fixed,1000,42,13,0.130000,41,0.959000,13,12
1250,100,StronglyCorrelated,fixed,1000,42,11,0.110000,5,0.995000,11,10
1251,100,StronglyCorrelated,fixed,1000,42,13,0.130000,29,0.971000,14,11
1252,100,StronglyCorrelated,fixed,1000,42,12,0.120000,16,0.984000,33,11
1253,100,StronglyCorrelated,fixed,1000,42,15,0.150000,23,0.977000,15,14
1254,100,StronglyCorrelated,fixed,1000,42,14,0.140000,26,0.974000,21,13
1255,100,StronglyCorrelated,fixed,1000,42,13,0.130000,1,0.999000,12,13
1256,100,StronglyCorrelated,fixed,1000,42,15,0.150000,20,0.980000,32,14
1257,100,StronglyCorrelated,fixed,1000,42,11,0.110000,5,0.995000,10,11
1258,100,StronglyCorrelated,fixed,1000,42,9,0.090000,87,0.913000,9,8
1259,100,StronglyCorrelated,fixed,1000,42,16,0.160000,35,0.965000,32,15
1260,100,StronglyCorrelated,fixed,1000,42,13,0.130000,47,0.953000,26,12
1261,100,StronglyCorrelated,fixed,1000,42,11,0.110000,35,0.965000,10,11
1262,100,StronglyCorrelated,fixed,1000,42,13,0.130000,7,0.993000,15,12
1263,100,StronglyCorrelated,fixed,1000,42,11,0.110000,114,0.886000,11,10
1264,100,StronglyCorrelated,fixed,1000,42,10,0.100000,34,0.966000,9,10
1265,100,StronglyCorrelated,fixed,1000,42,11,0.110000,22,0.978000,11,10
1266,100,StronglyCorrelated,fixed,1000,42,12,0.120000,74,0.926000,12,11
1267,100,StronglyCorrelated,fixed,1000,42,14,0.140000,61,0.939000,19,13
1268,100,StronglyCorrelated,fixed,1000,42,14,0.140000,21,0.979000,13,14
1269,100,StronglyCorrelated,fixed,1000,42,11,0.110000,10,0.990000,10,11
1270,100,StronglyCorrelated,fixed,1000,42,11,0.110000,32,0.968000,10,11
1271,100,StronglyCorrelated,fixed,1000,42,13,0.130000,34,0.966000,12,13
1272,100,StronglyCorrelated,fixed,1000,42,14,0.140000,1,0.999000,15,13
1273,100,StronglyCorrelated,fixed,1000,42,11,0.110000,33,0.967000,12,10
1274,100,StronglyCorrelated,fixed,1000,42,16,0.160000,38,0.962000,18,15
1275,100,StronglyCorrelated,fixed,1000,42,10,0.100000,23,0.977000,9,10
1276,100,StronglyCorrelated,fixed,1000,42,17,0.170000,25,0.975000,21,16
1277,100,StronglyCorrelated,fixed,1000,42,12,0.120000,10,0.990000,18,11
1278,100,StronglyCorrelated,fixed,1000,42,13,0.130000,79,0.921000,22,12
1279,100,StronglyCorrelated,fixed,1000,42,11,0.110000,53,0.947000,10,11
1280,100,StronglyCorrelated,fixed,1000,42,13,0.130000,59,0.941000,12,13
1281,100,StronglyCorrelated,fixed,1000,42,12,0.120000,3,0.997000,11,12
1282,100,StronglyCorrelated,fixed,1000,42,15,0.150000,12,0.988000,14,15
1283,100,StronglyCorrelated,fixed,1000,42,11,0.110000,48,0.952000,10,11
1284,100,StronglyCorrelated,fixed,1000,42,12,0.120000,51,0.949000,11,12
1285,100,StronglyCorrelated,fixed,1000,42,13,0.130000,32,0.968000,12,13
1286,100,StronglyCorrelated,fixed,1000,42,12,0.120000,54,0.946000,13,11
1287,100,StronglyCorrelated,fixed,1000,42,10,0.100000,88,0.912000,18,9
1288,100,StronglyCorrelated,fixed,1000,42,11,0.110000,21,0.979000,10,11
1289,100,StronglyCorrelated,fixed,1000,42,14,0.140000,75,0.925000,13,14
1290,100,StronglyCorrelated,fixed,1000,42,9,0.090000,10,0.990000,9,8
1291,100,StronglyCorrelated,fixed,1000,42,12,0.120000,0,1.000000,15,11
1292,100,StronglyCorrelated,fixed,1000,42,7,0.070000,0,1.000000,6,7
1293,100,StronglyCorrelated,fixed,1000,42,14,0.140000,3,0.997000,13,14
1294,100,StronglyCorrelated,fixed,1000,42,10,0.100000,26,0.974000,32,9
1295,100,StronglyCorrelated,fixed,1000,42,15,0.150000,36,0.964000,14,15
1296,100,StronglyCorrelated,fixed,1000,42,15,0.150000,20,0.980000,14,15
1297,100,StronglyCorrelated,fixed,1000,42,12,0.120000,34,0.966000,11,12
1298,100,StronglyCorrelated,fixed,1000,42,14,0.140000,51,0.949000,16,13
1299,100,StronglyCorrelated,fixed,1000,42,12,0.120000,90,0.910000,11,12
1300,100,InverseCorrelated,fixed,1000,42,12,0.120000,90,0.910000,11,12
1301,100,InverseCorrelated,fixed,1000,42,15,0.150000,62,0.938000,14,15
1302,100,InverseCorrelated,fixed,1000,42,11,0.110000,127,0.873000,10,11
1303,100,InverseCorrelated,fixed,1000,42,16,0.160000,111,0.889000,15,16
1304,100,InverseCorrelated,fixed,1000,42,13,0.130000,48,0.952000,12,13
1305,100,InverseCorrelated,fixed,1000,42,13,0.130000,65,0.935000,12,13
1306,100,InverseCorrelated,fixed,1000,42,11,0.110000,65,0.935000,10,11
1307,100,InverseCorrelated,fixed,1000,42,13,0.130000,39,0.961000,12,13
1308,100,InverseCorrelated,fixed,1000,42,16,0.160000,90,0.910000,15,16
1309,100,InverseCorrelated,fixed,1000,42,12,0.120000,2,0.998000,11,12
1310,100,InverseCorrelated,fixed,1000,42,14,0.140000,142,0.858000,13,14
1311,100,InverseCorrelated,fixed,1000,42,13,0.130000,41,0.959000,12,13
1312,100,InverseCorrelated,fixed,1000,42,9,0.090000,128,0.872000,8,9
1313,100,InverseCorrelated,fixed,1000,42,11,0.110000,0,1.000000,10,11
1314,100,InverseCorrelated,fixed,1000,42,15,0.150000,87,0.913000,14,15
1315,100,InverseCorrelated,fixed,1000,42,14,0.140000,19,0.981000,13,14
1316,100,InverseCorrelated,fixed,1000,42,13,0.130000,45,0.955000,12,13
1317,100,InverseCorrelated,fixed,1000,42,14,0.140000,23,0.977000,13,14
1318,100,InverseCorrelated,fixed,1000,42,12,0.120000,101,0.899000,11,12
1319,100,InverseCorrelated,fixed,1000,42,10,0.100000,103,0.897000,9,10
1320,100,InverseCorrelated,fixed,1000,42,13,0.130000,100,0.900000,12,13
1321,100,InverseCorrelated,fixed,1000,42,15,0.150000,37,0.963000,14,15
1322,100,InverseCorrelated,fixed,1000,42,13,0.130000,87,0.913000,12,13
1323,100,InverseCorrelated,fixed,1000,42,14,0.140000,135,0.865000,13,14
1324,100,InverseCorrelated,fixed,1000,42,13,0.130000,90,0.910000,12,13
1325,100,InverseCorrelated,fixed,1000,42,10,0.100000,140,0.860000,9,10
1326,100,InverseCorrelated,fixed,1000,42,14,0.140000,64,0.936000,13,14
1327,100,InverseCorrelated,fixed,1000,42,12,0.120000,81,0.919000,11,12
1328,100,InverseCorrelated,fixed,1000,42,12,0.120000,92,0.908000,11,12
1329,100,InverseCorrelated,fixed,1000,42,13,0.130000,18,0.982000,12,13
1330,100,InverseCorrelated,fixed,1000,42,12,0.120000,53,0.947000,11,12
1331,100,InverseCorrelated,fixed,1000,42,14,0.140000,6,0.994000,13,14
1332,100,InverseCorrelated,fixed,1000,42,11,0.110000,142,0.858000,10,11
1333,100,InverseCorrelated,fixed,1000,42,14,0.140000,69,0.931000,13,14
1334,100,InverseCorrelated,fixed,1000,42,13,0.130000,89,0.911000,12,13
1335,100,InverseCorrelated,fixed,1000,42,15,0.150000,115,0.885000,14,15
1336,100,InverseCorrelated,fixed,1000,42,11,0.110000,77,0.923000,10,11
1337,100,InverseCorrelated,fixed,1000,42,16,0.160000,44,0.956000,15,16
1338,100,InverseCorrelated,fixed,1000,42,12,0.120000,9,0.991000,11,12
1339,100,InverseCorrelated,fixed,1000,42,13,0.130000,81,0.919000,12,13
1340,100,InverseCorrelated,fixed,1000,42,16,0.160000,101,0.899000,15,16
1341,100,InverseCorrelated,fixed,1000,42,11,0.110000,90,0.910000,10,11
1342,100,InverseCorrelated,fixed,1000,42,13,0.130000,65,0.935000,12,13
1343,100,InverseCorrelated,fixed,1000,42,16,0.160000,41,0.959000,15,16
1344,100,InverseCorrelated,fixed,1000,42,13,0.130000,92,0.908000,12,13
1345,100,InverseCorrelated,fixed,1000,42,14,0.140000,57,0.943000,13,14
1346,100,InverseCorrelated,fixed,1000,42,13,0.130000,87,0.913000,12,13
1347,100,InverseCorrelated,fixed,1000,42,12,0.120000,101,0.899000,11,12
1348,100,InverseCorrelated,fixed,1000,42,16,0.160000,80,0.920000,15,16
1349,100,InverseCorrelated,fixed,1000,42,9,0.090000,161,0.839000,8,9
1350,100,InverseCorrelated,fixed,1000,42,12,0.120000,139,0.861000,11,12
1351,100,InverseCorrelated,fixed,1000,42,15,0.150000,28,0.972000,14,15
1352,100,InverseCorrelated,fixed,1000,42,14,0.140000,75,0.925000,13,14
1353,100,InverseCorrelated,fixed,1000,42,15,0.150000,72,0.928000,14,15
1354,100,InverseCorrelated,fixed,1000,42,14,0.140000,86,0.914000,13,14
1355,100,InverseCorrelated,fixed,1000,42,10,0.100000,121,0.879000,9,10
1356,100,InverseCorrelated,fixed,1000,42,13,0.130000,67,0.933000,12,13
1357,100,InverseCorrelated,fixed,1000,42,14,0.140000,26,0.974000,13,14
1358,100,InverseCorrelated,fixed,1000,42,14,0.140000,0,1.000000,13,14
1359,100,InverseCorrelated,fixed,1000,42,15,0.150000,49,0.951000,14,15
1360,100,InverseCorrelated,fixed,1000,42,10,0.100000,147,0.853000,9,10
1361,100,InverseCorrelated,fixed,1000,42,11,0.110000,14,0.986000,10,11
1362,100,InverseCorrelated,fixed,1000,42,14,0.140000,5,0.995000,13,14
1363,100,InverseCorrelated,fixed,1000,42,14,0.140000,17,0.983000,13,14
1364,100,InverseCorrelated,fixed,1000,42,9,0.090000,41,0.959000,8,9
1365,100,InverseCorrelated,fixed,1000,42,11,0.110000,96,0.904000,10,11
1366,100,InverseCorrelated,fixed,1000,42,13,0.130000,72,0.928000,12,13
1367,100,InverseCorrelated,fixed,1000,42,17,0.170000,138,0.862000,16,17
1368,100,InverseCorrelated,fixed,1000,42,13,0.130000,103,0.897000,12,13
1369,100,InverseCorrelated,fixed,1000,42,17,0.170000,30,0.970000,16,17
1370,100,InverseCorrelated,fixed,1000,42,11,0.110000,66,0.934000,10,11
1371,100,InverseCorrelated,fixed,1000,42,14,0.140000,114,0.886000,13,14
1372,100,InverseCorrelated,fixed,1000,42,16,0.160000,0,1.000000,15,16
1373,100,InverseCorrelated,fixed,1000,42,10,0.100000,120,0.880000,9,10
1374,100,InverseCorrelated,fixed,1000,42,12,0.120000,85,0.915000,11,12
1375,100,InverseCorrelated,fixed,1000,42,13,0.130000,60,0.940000,12,13
1376,100,InverseCorrelated,fixed,1000,42,14,0.140000,28,0.972000,13,14
1377,100,InverseCorrelated,fixed,1000,42,10,0.100000,114,0.886000,9,10
1378,100,InverseCorrelated,fixed,1000,42,11,0.110000,126,0.874000,10,11
1379,100,InverseCorrelated,fixed,1000,42,12,0.120000,15,0.985000,11,12
1380,100,InverseCorrelated,fixed,1000,42,14,0.140000,71,0.929000,13,14
1381,100,InverseCorrelated,fixed,1000,42,14,0.140000,67,0.933000,13,14
1382,100,InverseCorrelated,fixed,1000,42,12,0.120000,138,0.862000,11,12
1383,100,InverseCorrelated,fixed,1000,42,19,0.190000,98,0.902000,18,19
1384,100,InverseCorrelated,fixed,1000,42,12,0.120000,137,0.863000,11,12
1385,100,InverseCorrelated,fixed,1000,42,17,0.170000,27,0.973000,16,17
1386,100,InverseCorrelated,fixed,1000,42,13,0.130000,55,0.945000,12,13
1387,100,InverseCorrelated,fixed,1000,42,15,0.150000,33,0.967000,14,15
1388,100,InverseCorrelated,fixed,1000,42,14,0.140000,118,0.882000,13,14
1389,100,InverseCorrelated,fixed,1000,42,14,0.140000,14,0.986000,13,14
1390,100,InverseCorrelated,fixed,1000,42,14,0.140000,61,0.939000,13,14
1391,100,InverseCorrelated,fixed,1000,42,14,0.140000,56,0.944000,13,14
1392,100,InverseCorrelated,fixed,1000,42,13,0.130000,34,0.966000,12,13
1393,100,InverseCorrelated,fixed,1000,42,13,0.130000,44,0.956000,12,13
1394,100,InverseCorrelated,fixed,1000,42,12,0.120000,66,0.934000,11,12
1395,100,InverseCorrelated,fixed,1000,42,11,0.110000,110,0.890000,10,11
1396,100,InverseCorrelated,fixed,1000,42,12,0.120000,120,0.880000,11,12
1397,100,InverseCorrelated,fixed,1000,42,14,0.140000,34,0.966000,13,14
1398,100,InverseCorrelated,fixed,1000,42,14,0.140000,114,0.886000,13,14
1399,100,InverseCorrelated,fixed,1000,42,14,0.140000,59,0.941000,13,14
1400,100,AlmostEqualRatios,fixed,1000,42,7,0.070000,6,0.994000,50,3
1401,100,AlmostEqualRatios,fixed,1000,42,6,0.060000,5,0.995000,44,2
1402,100,AlmostEqualRatios,fixed,1000,42,5,0.050000,2,0.998000,48,1
1403,100,AlmostEqualRatios,fixed,1000,42,7,0.070000,6,0.994000,54,2
1404,100,AlmostEqualRatios,fixed,1000,42,5,0.050000,0,1.000000,27,1
1405,100,AlmostEqualRatios,fixed,1000,42,6,0.060000,4,0.996000,13,2
1406,100,AlmostEqualRatios,fixed,1000,42,6,0.060000,1,0.999000,46,2
1407,100,AlmostEqualRatios,fixed,1000,42,5,0.050000,12,0.988000,50,1
1408,100,AlmostEqualRatios,fixed,1000,42,2,0.020000,20,0.980000,95,1
1409,100,AlmostEqualRatios,fixed,1000,42,3,0.030000,12,0.988000,6,1
1410,100,AlmostEqualRatios,fixed,1000,42,5,0.050000,22,0.978000,52,2
1411,100,AlmostEqualRatios,fixed,1000,42,5,0.050000,38,0.962000,46,1
1412,100,AlmostEqualRatios,fixed,1000,42,5,0.050000,13,0.987000,45,2
1413,100,AlmostEqualRatios,fixed,1000,42,4,0.040000,1,0.999000,49,2
1414,100,AlmostEqualRatios,fixed,1000,42,7,0.070000,8,0.992000,18,1
1415,100,AlmostEqualRatios,fixed,1000,42,4,0.040000,22,0.978000,19,1
1416,100,AlmostEqualRatios,fixed,1000,42,7,0.070000,34,0.966000,28,3
1417,100,AlmostEqualRatios,fixed,1000,42,3,0.030000,1,0.999000,54,1
1418,100,AlmostEqualRatios,fixed,1000,42,3,0.030000,11,0.989000,15,2
1419,100,AlmostEqualRatios,fixed,1000,42,4,0.040000,8,0.992000,53,2
1420,100,AlmostEqualRatios,fixed,1000,42,7,0.070000,11,0.989000,80,4
1421,100,AlmostEqualRatios,fixed,1000,42,5,0.050000,1,0.999000,43,1
1422,100,AlmostEqualRatios,fixed,1000,42,3,0.030000,10,0.990000,53,2
1423,100,AlmostEqualRatios,fixed,1000,42,3,0.030000,1,0.999000,30,1
1424,100,AlmostEqualRatios,fixed,1000,42,8,0.080000,7,0.993000,55,1
1425,100,AlmostEqualRatios,fixed,1000,42,2,0.020000,0,1.000000,52,1
1426,100,AlmostEqualRatios,fixed,1000,42,4,0.040000,14,0.986000,7,3
1427,100,AlmostEqualRatios,fixed,1000,42,4,0.040000,27,0.973000,45,1
1428,100,AlmostEqualRatios,fixed,1000,42,5,0.050000,10,0.990000,41,2
1429,100,AlmostEqualRatios,fixed,1000,42,4,0.040000,8,0.992000,20,2
1430,100,AlmostEqualRatios,fixed,1000,42,6,0.060000,2,0.998000,27,2
1431,100,AlmostEqualRatios,fixed,1000,42,3,0.030000,8,0.992000,23,2
1432,100,AlmostEqualRatios,fixed,1000,42,5,0.050000,10,0.990000,12,1
1433,100,AlmostEqualRatios,fixed,1000,42,4,0.040000,5,0.995000,11,2
1434,100,AlmostEqualRatios,fixed,1000,42,6,0.060000,2,0.998000,61,2
1435,100,AlmostEqualRatios,fixed,1000,42,4,0.040000,30,0.970000,5,1
1436,100,AlmostEqualRatios,fixed,1000,42,7,0.070000,10,0.990000,54,2
1437,100,AlmostEqualRatios,fixed,1000,42,2,0.020000,0,1.000000,46,1
1438,100,AlmostEqualRatios,fixed,1000,42,5,0.050000,13,0.987000,98,1
1439,100,AlmostEqualRatios,fixed,1000,42,8,0.080000,1,0.999000,72,1
1440,100,AlmostEqualRatios,fixed,1000,42,6,0.060000,6,0.994000,99,1
1441,100,AlmostEqualRatios,fixed,1000,42,7,0.070000,14,0.986000,51,2
1442,100,AlmostEqualRatios,fixed,1000,42,6,0.060000,11,0.989000,25,2
1443,100,AlmostEqualRatios,fixed,1000,42,7,0.070000,12,0.988000,99,3
1444,100,AlmostEqualRatios,fixed,1000,42,7,0.070000,0,1.000000,56,2
1445,100,AlmostEqualRatios,fixed,1000,42,1,0.010000,3,0.997000,0,1
1446,100,AlmostEqualRatios,fixed,1000,42,3,0.030000,23,0.977000,44,2
1447,100,AlmostEqualRatios,fixed,1000,42,7,0.070000,7,0.993000,53,2
1448,100,AlmostEqualRatios,fixed,1000,42,5,0.050000,0,1.000000,49,1
1449,100,AlmostEqualRatios,fixed,1000,42,7,0.070000,11,0.989000,99,3
1450,100,AlmostEqualRatios,fixed,1000,42,7,0.070000,36,0.964000,49,1
1451,100,AlmostEqualRatios,fixed,1000,42,3,0.030000,3,0.997000,55,1
1452,100,AlmostEqualRatios,fixed,1000,42,9,0.090000,35,0.965000,66,2
1453,100,AlmostEqualRatios,fixed,1000,42,7,0.070000,11,0.989000,97,4
1454,100,AlmostEqualRatios,fixed,1000,42,6,0.060000,2,0.998000,51,3
1455,100,AlmostEqualRatios,fixed,1000,42,4,0.040000,16,0.984000,31,2
1456,100,AlmostEqualRatios,fixed,1000,42,2,0.020000,16,0.984000,31,1
1457,100,AlmostEqualRatios,fixed,1000,42,4,0.040000,4,0.996000,48,1
1458,100,AlmostEqualRatios,fixed,1000,42,5,0.050000,1,0.999000,34,1
1459,100,AlmostEqualRatios,fixed,1000,42,7,0.070000,9,0.991000,48,5
1460,100,AlmostEqualRatios,fixed,1000,42,6,0.060000,6,0.994000,84,2
1461,100,AlmostEqualRatios,fixed,1000,42,6,0.060000,6,0.994000,50,1
1462,100,AlmostEqualRatios,fixed,1000,42,7,0.070000,7,0.993000,56,2
1463,100,AlmostEqualRatios,fixed,1000,42,5,0.050000,2,0.998000,41,2
1464,100,AlmostEqualRatios,fixed,1000,42,4,0.040000,1,0.999000,20,2
1465,100,AlmostEqualRatios,fixed,1000,42,7,0.070000,31,0.969000,46,2
1466,100,AlmostEqualRatios,fixed,1000,42,4,0.040000,12,0.988000,99,1
1467,100,AlmostEqualRatios,fixed,1000,42,4,0.040000,21,0.979000,13,2
1468,100,AlmostEqualRatios,fixed,1000,42,5,0.050000,9,0.991000,46,3
1469,100,AlmostEqualRatios,fixed,1000,42,8,0.080000,13,0.987000,25,2
1470,100,AlmostEqualRatios,fixed,1000,42,3,0.030000,6,0.994000,30,2
1471,100,AlmostEqualRatios,fixed,1000,42,3,0.030000,5,0.995000,2,3
1472,100,AlmostEqualRatios,fixed,1000,42,4,0.040000,0,1.000000,45,1
1473,100,AlmostEqualRatios,fixed,1000,42,7,0.070000,1,0.999000,54,2
1474,100,AlmostEqualRatios,fixed,1000,42,4,0.040000,62,0.938000,48,1
1475,100,AlmostEqualRatios,fixed,1000,42,2,0.020000,7,0.993000,1,2
1476,100,AlmostEqualRatios,fixed,1000,42,5,0.050000,29,0.971000,54,1
1477,100,AlmostEqualRatios,fixed,1000,42,9,0.090000,0,1.000000,53,2
1478,100,AlmostEqualRatios,fixed,1000,42,7,0.070000,7,0.993000,48,4
1479,100,AlmostEqualRatios,fixed,1000,42,5,0.050000,7,0.993000,77,2
1480,100,AlmostEqualRatios,fixed,1000,42,5,0.050000,27,0.973000,58,1
1481,100,AlmostEqualRatios,fixed,1000,42,6,0.060000,2,0.998000,31,2
1482,100,AlmostEqualRatios,fixed,1000,42,7,0.070000,11,0.989000,45,3
1483,100,AlmostEqualRatios,fixed,1000,42,3,0.030000,9,0.991000,47,1
1484,100,AlmostEqualRatios,fixed,1000,42,6,0.060000,4,0.996000,47,2
1485,100,AlmostEqualRatios,fixed,1000,42,2,0.020000,5,0.995000,10,1
1486,100,AlmostEqualRatios,fixed,1000,42,10,0.100000,13,0.987000,48,3
1487,100,AlmostEqualRatios,fixed,1000,42,5,0.050000,10,0.990000,33,1
1488,100,AlmostEqualRatios,fixed,1000,42,2,0.020000,1,0.999000,5,1
1489,100,AlmostEqualRatios,fixed,1000,42,5,0.050000,2,0.998000,99,1
1490,100,AlmostEqualRatios,fixed,1000,42,8,0.080000,3,0.997000,55,3
1491,100,AlmostEqualRatios,fixed,1000,42,7,0.070000,6,0.994000,99,4
1492,100,AlmostEqualRatios,fixed,1000,42,4,0.040000,9,0.991000,46,2
1493,100,AlmostEqualRatios,fixed,1000,42,10,0.100000,8,0.992000,46,2
1494,100,AlmostEqualRatios,fixed,1000,42,3,0.030000,29,0.971000,17,1
1495,100,AlmostEqualRatios,fixed,1000,42,9,0.090000,4,0.996000,44,2
1496,100,AlmostEqualRatios,fixed,1000,42,7,0.070000,18,0.982000,27,2
1497,100,AlmostEqualRatios,fixed,1000,42,9,0.090000,11,0.989000,50,3
1498,100,AlmostEqualRatios,fixed,1000,42,2,0.020000,0,1.000000,1,2
1499,100,AlmostEqualRatios,fixed,1000,42,3,0.030000,3,0.997000,50,1
1500,200,Uncorrelated,fixed,1000,42,21,0.105000,32,0.968000,44,20
1501,200,Uncorrelated,fixed,1000,42,17,0.085000,54,0.946000,16,17
1502,200,Uncorrelated,fixed,1000,42,19,0.095000,20,0.980000,18,19
1503,200,Uncorrelated,fixed,1000,42,17,0.085000,29,0.971000,16,17
1504,200,Uncorrelated,fixed,1000,42,19,0.095000,7,0.993000,27,18
1505,200,Uncorrelated,fixed,1000,42,15,0.075000,13,0.987000,14,15
1506,200,Uncorrelated,fixed,1000,42,19,0.095000,29,0.971000,18,19
1507,200,Uncorrelated,fixed,1000,42,19,0.095000,5,0.995000,53,16
1508,200,Uncorrelated,fixed,1000,42,19,0.095000,5,0.995000,18,19
1509,200,Uncorrelated,fixed,1000,42,20,0.100000,69,0.931000,19,20
1510,200,Uncorrelated,fixed,1000,42,18,0.090000,0,1.000000,17,18
1511,200,Uncorrelated,fixed,1000,42,19,0.095000,11,0.989000,56,18
1512,200,Uncorrelated,fixed,1000,42,17,0.085000,12,0.988000,20,15
1513,200,Uncorrelated,fixed,1000,42,18,0.090000,36,0.964000,72,16
1514,200,Uncorrelated,fixed,1000,42,18,0.090000,30,0.970000,25,17
1515,200,Uncorrelated,fixed,1000,42,13,0.065000,47,0.953000,25,12
1516,200,Uncorrelated,fixed,1000,42,18,0.090000,15,0.985000,17,18
1517,200,Uncorrelated,fixed,1000,42,21,0.105000,11,0.989000,189,18
1518,200,Uncorrelated,fixed,1000,42,15,0.075000,7,0.993000,60,14
1519,200,Uncorrelated,fixed,1000,42,18,0.090000,21,0.979000,20,17
1520,200,Uncorrelated,fixed,1000,42,19,0.095000,9,0.991000,28,18
1521,200,Uncorrelated,fixed,1000,42,19,0.095000,5,0.995000,18,19
1522,200,Uncorrelated,fixed,1000,42,20,0.100000,19,0.981000,23,19
1523,200,Uncorrelated,fixed,1000,42,15,0.075000,4,0.996000,21,14
1524,200,Uncorrelated,fixed,1000,42,22,0.110000,20,0.980000,26,21
1525,200,Uncorrelated,fixed,1000,42,20,0.100000,26,0.974000,35,18
1526,200,Uncorrelated,fixed,1000,42,21,0.105000,9,0.991000,24,20
1527,200,Uncorrelated,fixed,1000,42,19,0.095000,11,0.989000,20,17
1528,200,Uncorrelated,fixed,1000,42,17,0.085000,4,0.996000,22,16
1529,200,Uncorrelated,fixed,1000,42,20,0.100000,29,0.971000,29,19
1530,200,Uncorrelated,fixed,1000,42,18,0.090000,11,0.989000,25,17
1531,200,Uncorrelated,fixed,1000,42,18,0.090000,5,0.995000,18,17
1532,200,Uncorrelated,fixed,1000,42,16,0.080000,12,0.988000,15,16
1533,200,Uncorrelated,fixed,1000,42,19,0.095000,23,0.977000,45,18
1534,200,Uncorrelated,fixed,1000,42,18,0.090000,27,0.973000,17,18
1535,200,Uncorrelated,fixed,1000,42,16,0.080000,47,0.953000,15,16
1536,200,Uncorrelated,fixed,1000,42,23,0.115000,14,0.986000,24,22
1537,200,Uncorrelated,fixed,1000,42,17,0.085000,15,0.985000,17,16
1538,200,Uncorrelated,fixed,1000,42,20,0.100000,9,0.991000,107,19
1539,200,Uncorrelated,fixed,1000,42,14,0.070000,23,0.977000,13,14
1540,200,Uncorrelated,fixed,1000,42,15,0.075000,28,0.972000,14,15
1541,200,Uncorrelated,fixed,1000,42,16,0.080000,12,0.988000,21,15
1542,200,Uncorrelated,fixed,1000,42,22,0.110000,20,0.980000,23,21
1543,200,Uncorrelated,fixed,1000,42,16,0.080000,18,0.982000,23,14
1544,200,Uncorrelated,fixed,1000,42,19,0.095000,19,0.981000,18,19
1545,200,Uncorrelated,fixed,1000,42,18,0.090000,19,0.981000,53,15
1546,200,Uncorrelated,fixed,1000,42,23,0.115000,12,0.988000,22,23
1547,200,Uncorrelated,fixed,1000,42,19,0.095000,3,0.997000,132,18
1548,200,Uncorrelated,fixed,1000,42,16,0.080000,6,0.994000,15,16
1549,200,Uncorrelated,fixed,1000,42,15,0.075000,8,0.992000,14,15
1550,200,Uncorrelated,fixed,1000,42,18,0.090000,11,0.989000,141,16
1551,200,Uncorrelated,fixed,1000,42,15,0.075000,3,0.997000,29,14
1552,200,Uncorrelated,fixed,1000,42,14,0.070000,7,0.993000,24,13
1553,200,Uncorrelated,fixed,1000,42,18,0.090000,16,0.984000,17,18
1554,200,Uncorrelated,fixed,1000,42,19,0.095000,22,0.978000,18,19
1555,200,Uncorrelated,fixed,1000,42,17,0.085000,2,0.998000,17,16
1556,200,Uncorrelated,fixed,1000,42,20,0.100000,5,0.995000,138,17
1557,200,Uncorrelated,fixed,1000,42,17,0.085000,6,0.994000,16,17
1558,200,Uncorrelated,fixed,1000,42,24,0.120000,7,0.993000,40,23
1559,200,Uncorrelated,fixed,1000,42,15,0.075000,11,0.989000,15,14
1560,200,Uncorrelated,fixed,1000,42,20,0.100000,1,0.999000,21,19
1561,200,Uncorrelated,fixed,1000,42,17,0.085000,4,0.996000,28,16
1562,200,Uncorrelated,fixed,1000,42,13,0.065000,6,0.994000,13,12
1563,200,Uncorrelated,fixed,1000,42,19,0.095000,4,0.996000,23,18
1564,200,Uncorrelated,fixed,1000,42,11,0.055000,8,0.992000,10,11
1565,200,Uncorrelated,fixed,1000,42,18,0.090000,11,0.989000,37,16
1566,200,Uncorrelated,fixed,1000,42,17,0.085000,32,0.968000,18,16
1567,200,Uncorrelated,fixed,1000,42,21,0.105000,39,0.961000,39,20
1568,200,Uncorrelated,fixed,1000,42,18,0.090000,23,0.977000,20,17
1569,200,Uncorrelated,fixed,1000,42,19,0.095000,7,0.993000,21,18
1570,200,Uncorrelated,fixed,1000,42,18,0.090000,0,1.000000,20,17
1571,200,Uncorrelated,fixed,1000,42,17,0.085000,18,0.982000,16,17
1572,200,Uncorrelated,fixed,1000,42,13,0.065000,37,0.963000,14,12
1573,200,Uncorrelated,fixed,1000,42,14,0.070000,31,0.969000,15,13
1574,200,Uncorrelated,fixed,1000,42,15,0.075000,3,0.997000,14,15
1575,200,Uncorrelated,fixed,1000,42,17,0.085000,9,0.991000,138,14
1576,200,Uncorrelated,fixed,1000,42,15,0.075000,2,0.998000,17,13
1577,200,Uncorrelated,fixed,1000,42,19,0.095000,62,0.938000,18,19
1578,200,Uncorrelated,fixed,1000,42,17,0.085000,5,0.995000,17,16
1579,200,Uncorrelated,fixed,1000,42,12,0.060000,44,0.956000,11,12
1580,200,Uncorrelated,fixed,1000,42,24,0.120000,7,0.993000,23,24
1581,200,Uncorrelated,fixed,1000,42,17,0.085000,18,0.982000,16,17
1582,200,Uncorrelated,fixed,1000,42,18,0.090000,1,0.999000,24,17
1583,200,Uncorrelated,fixed,1000,42,13,0.065000,27,0.973000,13,12
1584,200,Uncorrelated,fixed,1000,42,19,0.095000,7,0.993000,21,18
1585,200,Uncorrelated,fixed,1000,42,18,0.090000,5,0.995000,60,16
1586,200,Uncorrelated,fixed,1000,42,15,0.075000,3,0.997000,47,14
1587,200,Uncorrelated,fixed,1000,42,12,0.060000,1,0.999000,11,12
1588,200,Uncorrelated,fixed,1000,42,16,0.080000,18,0.982000,15,16
1589,200,Uncorrelated,fixed,1000,42,23,0.115000,3,0.997000,39,22
1590,200,Uncorrelated,fixed,1000,42,17,0.085000,11,0.989000,34,16
1591,200,Uncorrelated,fixed,1000,42,20,0.100000,15,0.985000,124,19
1592,200,Uncorrelated,fixed,1000,42,18,0.090000,13,0.987000,20,16
1593,200,Uncorrelated,fixed,1000,42,16,0.080000,7,0.993000,15,16
1594,200,Uncorrelated,fixed,1000,42,15,0.075000,14,0.986000,15,14
1595,200,Uncorrelated,fixed,1000,42,17,0.085000,18,0.982000,18,16
1596,200,Uncorrelated,fixed,1000,42,17,0.085000,16,0.984000,16,17
1597,200,Uncorrelated,fixed,1000,42,19,0.095000,23,0.977000,30,18
1598,200,Uncorrelated,fixed,1000,42,17,0.085000,5,0.995000,24,16
1599,200,Uncorrelated,fixed,1000,42,18,0.090000,10,0.990000,19,17
1600,200,WeaklyCorrelated,fixed,1000,42,11,0.055000,5,0.995000,141,9
1601,200,WeaklyCorrelated,fixed,1000,42,19,0.095000,4,0.996000,190,14
1602,200,WeaklyCorrelated,fixed,1000,42,13,0.065000,19,0.981000,35,12
1603,200,WeaklyCorrelated,fixed,1000,42,16,0.080000,1,0.999000,191,14
1604,200,WeaklyCorrelated,fixed,1000,42,12,0.060000,7,0.993000,195,10
1605,200,WeaklyCorrelated,fixed,1000,42,14,0.070000,3,0.997000,195,12
1606,200,WeaklyCorrelated,fixed,1000,42,12,0.060000,2,0.998000,184,9
1607,200,WeaklyCorrelated,fixed,1000,42,11,0.055000,2,0.998000,184,9
1608,200,WeaklyCorrelated,fixed,1000,42,15,0.075000,0,1.000000,41,14
1609,200,WeaklyCorrelated,fixed,1000,42,12,0.060000,1,0.999000,197,10
1610,200,WeaklyCorrelated,fixed,1000,42,14,0.070000,3,0.997000,193,11
1611,200,WeaklyCorrelated,fixed,1000,42,12,0.060000,1,0.999000,190,9
1612,200,WeaklyCorrelated,fixed,1000,42,11,0.055000,7,0.993000,196,9
1613,200,WeaklyCorrelated,fixed,1000,42,15,0.075000,5,0.995000,197,11
1614,200,WeaklyCorrelated,fixed,1000,42,13,0.065000,15,0.985000,194,12
1615,200,WeaklyCorrelated,fixed,1000,42,10,0.050000,0,1.000000,195,7
1616,200,WeaklyCorrelated,fixed,1000,42,8,0.040000,8,0.992000,8,7
1617,200,WeaklyCorrelated,fixed,1000,42,10,0.050000,0,1.000000,9,10
1618,200,WeaklyCorrelated,fixed,1000,42,17,0.085000,1,0.999000,198,14
1619,200,WeaklyCorrelated,fixed,1000,42,14,0.070000,8,0.992000,14,13
1620,200,WeaklyCorrelated,fixed,1000,42,16,0.080000,16,0.984000,197,12
1621,200,WeaklyCorrelated,fixed,1000,42,10,0.050000,5,0.995000,9,10
1622,200,WeaklyCorrelated,fixed,1000,42,16,0.080000,10,0.990000,194,11
1623,200,WeaklyCorrelated,fixed,1000,42,12,0.060000,2,0.998000,11,12
1624,200,WeaklyCorrelated,fixed,1000,42,12,0.060000,25,0.975000,193,9
1625,200,WeaklyCorrelated,fixed,1000,42,15,0.075000,12,0.988000,193,13
1626,200,WeaklyCorrelated,fixed,1000,42,15,0.075000,1,0.999000,198,12
1627,200,WeaklyCorrelated,fixed,1000,42,16,0.080000,16,0.984000,179,13
1628,200,WeaklyCorrelated,fixed,1000,42,10,0.050000,3,0.997000,173,9
1629,200,WeaklyCorrelated,fixed,1000,42,11,0.055000,0,1.000000,193,9
1630,200,WeaklyCorrelated,fixed,1000,42,16,0.080000,11,0.989000,191,15
1631,200,WeaklyCorrelated,fixed,1000,42,13,0.065000,0,1.000000,198,8
1632,200,WeaklyCorrelated,fixed,1000,42,12,0.060000,0,1.000000,12,11
1633,200,WeaklyCorrelated,fixed,1000,42,12,0.060000,5,0.995000,190,10
1634,200,WeaklyCorrelated,fixed,1000,42,17,0.085000,5,0.995000,194,15
1635,200,WeaklyCorrelated,fixed,1000,42,14,0.070000,11,0.989000,193,11
1636,200,WeaklyCorrelated,fixed,1000,42,13,0.065000,13,0.987000,194,11
1637,200,WeaklyCorrelated,fixed,1000,42,17,0.085000,1,0.999000,194,13
1638,200,WeaklyCorrelated,fixed,1000,42,16,0.080000,4,0.996000,196,13
1639,200,WeaklyCorrelated,fixed,1000,42,14,0.070000,0,1.000000,194,12
1640,200,WeaklyCorrelated,fixed,1000,42,17,0.085000,10,0.990000,191,15
1641,200,WeaklyCorrelated,fixed,1000,42,12,0.060000,24,0.976000,197,10
1642,200,WeaklyCorrelated,fixed,1000,42,17,0.085000,0,1.000000,192,13
1643,200,WeaklyCorrelated,fixed,1000,42,14,0.070000,4,0.996000,13,14
1644,200,WeaklyCorrelated,fixed,1000,42,15,0.075000,15,0.985000,198,13
1645,200,WeaklyCorrelated,fixed,1000,42,12,0.060000,5,0.995000,193,8
1646,200,WeaklyCorrelated,fixed,1000,42,12,0.060000,11,0.989000,192,8
1647,200,WeaklyCorrelated,fixed,1000,42,17,0.085000,12,0.988000,199,14
1648,200,WeaklyCorrelated,fixed,1000,42,10,0.050000,13,0.987000,194,8
1649,200,WeaklyCorrelated,fixed,1000,42,12,0.060000,1,0.999000,11,12
1650,200,WeaklyCorrelated,fixed,1000,42,14,0.070000,3,0.997000,195,13
1651,200,WeaklyCorrelated,fixed,1000,42,13,0.065000,16,0.984000,192,10
1652,200,WeaklyCorrelated,fixed,1000,42,13,0.065000,0,1.000000,196,11
1653,200,WeaklyCorrelated,fixed,1000,42,15,0.075000,2,0.998000,122,14
1654,200,WeaklyCorrelated,fixed,1000,42,15,0.075000,15,0.985000,19,14
1655,200,WeaklyCorrelated,fixed,1000,42,15,0.075000,14,0.986000,195,12
1656,200,WeaklyCorrelated,fixed,1000,42,13,0.065000,7,0.993000,192,11
1657,200,WeaklyCorrelated,fixed,1000,42,14,0.070000,14,0.986000,194,10
1658,200,WeaklyCorrelated,fixed,1000,42,11,0.055000,17,0.983000,11,9
1659,200,WeaklyCorrelated,fixed,1000,42,15,0.075000,0,1.000000,195,12
1660,200,WeaklyCorrelated,fixed,1000,42,10,0.050000,4,0.996000,183,8
1661,200,WeaklyCorrelated,fixed,1000,42,16,0.080000,2,0.998000,192,14
1662,200,WeaklyCorrelated,fixed,1000,42,13,0.065000,2,0.998000,192,12
1663,200,WeaklyCorrelated,fixed,1000,42,12,0.060000,24,0.976000,11,12
1664,200,WeaklyCorrelated,fixed,1000,42,15,0.075000,18,0.982000,197,13
1665,200,WeaklyCorrelated,fixed,1000,42,13,0.065000,8,0.992000,192,12
1666,200,WeaklyCorrelated,fixed,1000,42,16,0.080000,2,0.998000,194,14
1667,200,WeaklyCorrelated,fixed,1000,42,14,0.070000,0,1.000000,198,12
1668,200,WeaklyCorrelated,fixed,1000,42,15,0.075000,5,0.995000,195,11
1669,200,WeaklyCorrelated,fixed,1000,42,16,0.080000,0,1.000000,79,13
1670,200,WeaklyCorrelated,fixed,1000,42,14,0.070000,1,0.999000,17,13
1671,200,WeaklyCorrelated,fixed,1000,42,15,0.075000,16,0.984000,190,13
1672,200,WeaklyCorrelated,fixed,1000,42,16,0.080000,16,0.984000,183,14
1673,200,WeaklyCorrelated,fixed,1000,42,15,0.075000,5,0.995000,176,13
1674,200,WeaklyCorrelated,fixed,1000,42,19,0.095000,9,0.991000,196,15
1675,200,WeaklyCorrelated,fixed,1000,42,13,0.065000,8,0.992000,193,12
1676,200,WeaklyCorrelated,fixed,1000,42,13,0.065000,7,0.993000,196,10
1677,200,WeaklyCorrelated,fixed,1000,42,14,0.070000,2,0.998000,188,11
1678,200,WeaklyCorrelated,fixed,1000,42,12,0.060000,4,0.996000,194,9
1679,200,WeaklyCorrelated,fixed,1000,42,15,0.075000,2,0.998000,197,12
1680,200,WeaklyCorrelated,fixed,1000,42,13,0.065000,6,0.994000,180,11
1681,200,WeaklyCorrelated,fixed,1000,42,17,0.085000,22,0.978000,199,11
1682,200,WeaklyCorrelated,fixed,1000,42,14,0.070000,7,0.993000,190,12
1683,200,WeaklyCorrelated,fixed,1000,42,9,0.045000,6,0.994000,8,9
1684,200,WeaklyCorrelated,fixed,1000,42,14,0.070000,6,0.994000,192,11
1685,200,WeaklyCorrelated,fixed,1000,42,12,0.060000,2,0.998000,92,9
1686,200,WeaklyCorrelated,fixed,1000,42,15,0.075000,9,0.991000,198,12
1687,200,WeaklyCorrelated,fixed,1000,42,11,0.055000,4,0.996000,194,9
1688,200,WeaklyCorrelated,fixed,1000,42,13,0.065000,5,0.995000,194,11
1689,200,WeaklyCorrelated,fixed,1000,42,8,0.040000,0,1.000000,12,7
1690,200,WeaklyCorrelated,fixed,1000,42,15,0.075000,10,0.990000,98,14
1691,200,WeaklyCorrelated,fixed,1000,42,17,0.085000,21,0.979000,196,15
1692,200,WeaklyCorrelated,fixed,1000,42,13,0.065000,7,0.993000,192,11
1693,200,WeaklyCorrelated,fixed,1000,42,12,0.060000,0,1.000000,195,8
1694,200,WeaklyCorrelated,fixed,1000,42,11,0.055000,12,0.988000,24,10
1695,200,WeaklyCorrelated,fixed,1000,42,17,0.085000,25,0.975000,195,13
1696,200,WeaklyCorrelated,fixed,1000,42,15,0.075000,3,0.997000,189,13
1697,200,WeaklyCorrelated,fixed,1000,42,14,0.070000,4,0.996000,195,11
1698,200,WeaklyCorrelated,fixed,1000,42,10,0.050000,0,1.000000,9,10
1699,200,WeaklyCorrelated,fixed,1000,42,12,0.060000,13,0.987000,158,9
1700,200,StronglyCorrelated,fixed,1000,42,23,0.115000,8,0.992000,22,23
1701,200,StronglyCorrelated,fixed,1000,42,12,0.060000,24,0.976000,11,12
1702,200,StronglyCorrelated,fixed,1000,42,17,0.085000,0,1.000000,16,17
1703,200,StronglyCorrelated,fixed,1000,42,12,0.060000,35,0.965000,11,12
1704,200,StronglyCorrelated,fixed,1000,42,17,0.085000,36,0.964000,16,17
1705,200,StronglyCorrelated,fixed,1000,42,19,0.095000,6,0.994000,32,18
1706,200,StronglyCorrelated,fixed,1000,42,16,0.080000,1,0.999000,24,14
1707,200,StronglyCorrelated,fixed,1000,42,14,0.070000,78,0.922000,13,14
1708,200,StronglyCorrelated,fixed,1000,42,23,0.115000,51,0.949000,25,22
1709,200,StronglyCorrelated,fixed,1000,42,16,0.080000,43,0.957000,15,16
1710,200,StronglyCorrelated,fixed,1000,42,20,0.100000,10,0.990000,21,19
1711,200,StronglyCorrelated,fixed,1000,42,17,0.085000,52,0.948000,29,16
1712,200,StronglyCorrelated,fixed,1000,42,16,0.080000,25,0.975000,18,15
1713,200,StronglyCorrelated,fixed,1000,42,17,0.085000,18,0.982000,16,17
1714,200,StronglyCorrelated,fixed,1000,42,25,0.125000,23,0.977000,27,24
1715,200,StronglyCorrelated,fixed,1000,42,16,0.080000,54,0.946000,16,15
1716,200,StronglyCorrelated,fixed,1000,42,18,0.090000,16,0.984000,27,17
1717,200,StronglyCorrelated,fixed,1000,42,19,0.095000,46,0.954000,18,19
1718,200,StronglyCorrelated,fixed,1000,42,15,0.075000,39,0.961000,14,15
1719,200,StronglyCorrelated,fixed,1000,42,15,0.075000,52,0.948000,23,14
1720,200,StronglyCorrelated,fixed,1000,42,16,0.080000,26,0.974000,20,15
1721,200,StronglyCorrelated,fixed,1000,42,21,0.105000,26,0.974000,20,21
1722,200,StronglyCorrelated,fixed,1000,42,17,0.085000,14,0.986000,17,16
1723,200,StronglyCorrelated,fixed,1000,42,15,0.075000,22,0.978000,14,15
1724,200,StronglyCorrelated,fixed,1000,42,17,0.085000,43,0.957000,17,16
1725,200,StronglyCorrelated,fixed,1000,42,20,0.100000,0,1.000000,22,18
1726,200,StronglyCorrelated,fixed,1000,42,15,0.075000,5,0.995000,16,14
1727,200,StronglyCorrelated,fixed,1000,42,16,0.080000,11,0.989000,22,15
1728,200,StronglyCorrelated,fixed,1000,42,17,0.085000,9,0.991000,17,16
1729,200,StronglyCorrelated,fixed,1000,42,18,0.090000,4,0.996000,17,18
1730,200,StronglyCorrelated,fixed,1000,42,19,0.095000,80,0.920000,18,19
1731,200,StronglyCorrelated,fixed,1000,42,14,0.070000,40,0.960000,16,13
1732,200,StronglyCorrelated,fixed,1000,42,20,0.100000,12,0.988000,49,18
1733,200,StronglyCorrelated,fixed,1000,42,15,0.075000,48,0.952000,14,15
1734,200,StronglyCorrelated,fixed,1000,42,16,0.080000,40,0.960000,16,15
1735,200,StronglyCorrelated,fixed,1000,42,19,0.095000,3,0.997000,18,19
1736,200,StronglyCorrelated,fixed,1000,42,21,0.105000,10,0.990000,21,20
1737,200,StronglyCorrelated,fixed,1000,42,19,0.095000,42,0.958000,19,18
1738,200,StronglyCorrelated,fixed,1000,42,17,0.085000,30,0.970000,24,16
1739,200,StronglyCorrelated,fixed,1000,42,20,0.100000,26,0.974000,20,19
1740,200,StronglyCorrelated,fixed,1000,42,15,0.075000,10,0.990000,14,15
1741,200,StronglyCorrelated,fixed,1000,42,14,0.070000,11,0.989000,17,13
1742,200,StronglyCorrelated,fixed,1000,42,17,0.085000,46,0.954000,17,16
1743,200,StronglyCorrelated,fixed,1000,42,17,0.085000,7,0.993000,19,15
1744,200,StronglyCorrelated,fixed,1000,42,21,0.105000,37,0.963000,20,21
1745,200,StronglyCorrelated,fixed,1000,42,20,0.100000,29,0.971000,19,20
1746,200,StronglyCorrelated,fixed,1000,42,21,0.105000,18,0.982000,23,19
1747,200,StronglyCorrelated,fixed,1000,42,18,0.090000,81,0.919000,17,18
1748,200,StronglyCorrelated,fixed,1000,42,17,0.085000,0,1.000000,18,16
1749,200,StronglyCorrelated,fixed,1000,42,23,0.115000,1,0.999000,39,21
1750,200,StronglyCorrelated,fixed,1000,42,21,0.105000,31,0.969000,27,20
1751,200,StronglyCorrelated,fixed,1000,42,15,0.075000,5,0.995000,21,14
1752,200,StronglyCorrelated,fixed,1000,42,23,0.115000,24,0.976000,25,22
1753,200,StronglyCorrelated,fixed,1000,42,21,0.105000,33,0.967000,20,21
1754,200,StronglyCorrelated,fixed,1000,42,18,0.090000,15,0.985000,17,18
1755,200,StronglyCorrelated,fixed,1000,42,16,0.080000,0,1.000000,70,14
1756,200,StronglyCorrelated,fixed,1000,42,19,0.095000,42,0.958000,18,19
1757,200,StronglyCorrelated,fixed,1000,42,23,0.115000,2,0.998000,27,22
1758,200,StronglyCorrelated,fixed,1000,42,14,0.070000,2,0.998000,16,13
1759,200,StronglyCorrelated,fixed,1000,42,21,0.105000,13,0.987000,20,21
1760,200,StronglyCorrelated,fixed,1000,42,14,0.070000,28,0.972000,21,13
1761,200,StronglyCorrelated,fixed,1000,42,17,0.085000,26,0.974000,23,16
1762,200,StronglyCorrelated,fixed,1000,42,15,0.075000,5,0.995000,18,14
1763,200,StronglyCorrelated,fixed,1000,42,16,0.080000,39,0.961000,15,16
1764,200,StronglyCorrelated,fixed,1000,42,15,0.075000,26,0.974000,21,14
1765,200,StronglyCorrelated,fixed,1000,42,16,0.080000,8,0.992000,15,16
1766,200,StronglyCorrelated,fixed,1000,42,21,0.105000,4,0.996000,28,19
1767,200,StronglyCorrelated,fixed,1000,42,15,0.075000,0,1.000000,17,14
1768,200,StronglyCorrelated,fixed,1000,42,16,0.080000,16,0.984000,15,16
1769,200,StronglyCorrelated,fixed,1000,42,16,0.080000,58,0.942000,28,14
1770,200,StronglyCorrelated,fixed,1000,42,18,0.090000,5,0.995000,17,18
1771,200,StronglyCorrelated,fixed,1000,42,20,0.100000,8,0.992000,32,19
1772,200,StronglyCorrelated,fixed,1000,42,17,0.085000,0,1.000000,29,15
1773,200,StronglyCorrelated,fixed,1000,42,18,0.090000,13,0.987000,17,18
1774,200,StronglyCorrelated,fixed,1000,42,18,0.090000,9,0.991000,25,16
1775,200,StronglyCorrelated,fixed,1000,42,16,0.080000,0,1.000000,20,15
1776,200,StronglyCorrelated,fixed,1000,42,15,0.075000,41,0.959000,14,15
1777,200,StronglyCorrelated,fixed,1000,42,20,0.100000,52,0.948000,19,20
1778,200,StronglyCorrelated,fixed,1000,42,18,0.090000,32,0.968000,25,17
1779,200,StronglyCorrelated,fixed,1000,42,21,0.105000,3,0.997000,21,20
1780,200,StronglyCorrelated,fixed,1000,42,18,0.090000,15,0.985000,17,18
1781,200,StronglyCorrelated,fixed,1000,42,17,0.085000,14,0.986000,16,17
1782,200,StronglyCorrelated,fixed,1000,42,19,0.095000,48,0.952000,21,18
1783,200,StronglyCorrelated,fixed,1000,42,24,0.120000,2,0.998000,26,23
1784,200,StronglyCorrelated,fixed,1000,42,16,0.080000,44,0.956000,23,15
1785,200,StronglyCorrelated,fixed,1000,42,14,0.070000,23,0.977000,13,14
1786,200,StronglyCorrelated,fixed,1000,42,18,0.090000,23,0.977000,25,17
1787,200,StronglyCorrelated,fixed,1000,42,19,0.095000,35,0.965000,43,18
1788,200,StronglyCorrelated,fixed,1000,42,19,0.095000,21,0.979000,43,16
1789,200,StronglyCorrelated,fixed,1000,42,17,0.085000,14,0.986000,66,16
1790,200,StronglyCorrelated,fixed,1000,42,20,0.100000,28,0.972000,19,20
1791,200,StronglyCorrelated,fixed,1000,42,19,0.095000,1,0.999000,18,19
1792,200,StronglyCorrelated,fixed,1000,42,15,0.075000,9,0.991000,16,13
1793,200,StronglyCorrelated,fixed,1000,42,15,0.075000,61,0.939000,14,15
1794,200,StronglyCorrelated,fixed,1000,42,23,0.115000,1,0.999000,25,22
1795,200,StronglyCorrelated,fixed,1000,42,18,0.090000,22,0.978000,19,17
1796,200,StronglyCorrelated,fixed,1000,42,14,0.070000,18,0.982000,13,14
1797,200,StronglyCorrelated,fixed,1000,42,20,0.100000,27,0.973000,19,20
1798,200,StronglyCorrelated,fixed,1000,42,19,0.095000,34,0.966000,20,18
1799,200,StronglyCorrelated,fixed,1000,42,18,0.090000,18,0.982000,17,18
1800,200,InverseCorrelated,fixed,1000,42,19,0.095000,47,0.953000,18,19
1801,200,InverseCorrelated,fixed,1000,42,17,0.085000,29,0.971000,16,17
1802,200,InverseCorrelated,fixed,1000,42,17,0.085000,88,0.912000,16,17
1803,200,InverseCorrelated,fixed,1000,42,16,0.080000,106,0.894000,15,16
1804,200,InverseCorrelated,fixed,1000,42,20,0.100000,53,0.947000,19,20
1805,200,InverseCorrelated,fixed,1000,42,23,0.115000,39,0.961000,22,23
1806,200,InverseCorrelated,fixed,1000,42,21,0.105000,0,1.000000,20,21
1807,200,InverseCorrelated,fixed,1000,42,20,0.100000,55,0.945000,19,20
1808,200,InverseCorrelated,fixed,1000,42,20,0.100000,25,0.975000,19,20
1809,200,InverseCorrelated,fixed,1000,42,18,0.090000,19,0.981000,17,18
1810,200,InverseCorrelated,fixed,1000,42,21,0.105000,90,0.910000,20,21
1811,200,InverseCorrelated,fixed,1000,42,20,0.100000,96,0.904000,19,20
1812,200,InverseCorrelated,fixed,1000,42,25,0.125000,13,0.987000,24,25
1813,200,InverseCorrelated,fixed,1000,42,16,0.080000,52,0.948000,15,16
1814,200,InverseCorrelated,fixed,1000,42,21,0.105000,8,0.992000,20,21
1815,200,InverseCorrelated,fixed,1000,42,21,0.105000,45,0.955000,20,21
1816,200,InverseCorrelated,fixed,1000,42,23,0.115000,70,0.930000,22,23
1817,200,InverseCorrelated,fixed,1000,42,19,0.095000,51,0.949000,18,19
1818,200,InverseCorrelated,fixed,1000,42,14,0.070000,98,0.902000,13,14
1819,200,InverseCorrelated,fixed,1000,42,23,0.115000,86,0.914000,22,23
1820,200,InverseCorrelated,fixed,1000,42,18,0.090000,60,0.940000,17,18
1821,200,InverseCorrelated,fixed,1000,42,17,0.085000,21,0.979000,16,17
1822,200,InverseCorrelated,fixed,1000,42,18,0.090000,57,0.943000,17,18
1823,200,InverseCorrelated,fixed,1000,42,17,0.085000,25,0.975000,16,17
1824,200,InverseCorrelated,fixed,1000,42,16,0.080000,50,0.950000,15,16
1825,200,InverseCorrelated,fixed,1000,42,19,0.095000,65,0.935000,18,19
1826,200,InverseCorrelated,fixed,1000,42,21,0.105000,14,0.986000,20,21
1827,200,InverseCorrelated,fixed,1000,42,25,0.125000,11,0.989000,24,25
1828,200,InverseCorrelated,fixed,1000,42,17,0.085000,76,0.924000,16,17
1829,200,InverseCorrelated,fixed,1000,42,22,0.110000,45,0.955000,21,22
1830,200,InverseCorrelated,fixed,1000,42,23,0.115000,43,0.957000,22,23
1831,200,InverseCorrelated,fixed,1000,42,18,0.090000,31,0.969000,17,18
1832,200,InverseCorrelated,fixed,1000,42,22,0.110000,2,0.998000,21,22
1833,200,InverseCorrelated,fixed,1000,42,22,0.110000,9,0.991000,21,22
1834,200,InverseCorrelated,fixed,1000,42,18,0.090000,29,0.971000,17,18
1835,200,InverseCorrelated,fixed,1000,42,20,0.100000,51,0.949000,19,20
1836,200,InverseCorrelated,fixed,1000,42,19,0.095000,27,0.973000,18,19
1837,200,InverseCorrelated,fixed,1000,42,20,0.100000,28,0.972000,19,20
1838,200,InverseCorrelated,fixed,1000,42,22,0.110000,3,0.997000,21,22
1839,200,InverseCorrelated,fixed,1000,42,20,0.100000,90,0.910000,19,20
1840,200,InverseCorrelated,fixed,1000,42,17,0.085000,95,0.905000,16,17
1841,200,InverseCorrelated,fixed,1000,42,21,0.105000,76,0.924000,20,21
1842,200,InverseCorrelated,fixed,1000,42,19,0.095000,59,0.941000,18,19
1843,200,InverseCorrelated,fixed,1000,42,21,0.105000,19,0.981000,20,21
1844,200,InverseCorrelated,fixed,1000,42,17,0.085000,57,0.943000,16,17
1845,200,InverseCorrelated,fixed,1000,42,16,0.080000,58,0.942000,15,16
1846,200,InverseCorrelated,fixed,1000,42,17,0.085000,83,0.917000,16,17
1847,200,InverseCorrelated,fixed,1000,42,21,0.105000,41,0.959000,20,21
1848,200,InverseCorrelated,fixed,1000,42,20,0.100000,24,0.976000,19,20
1849,200,InverseCorrelated,fixed,1000,42,19,0.095000,65,0.935000,18,19
1850,200,InverseCorrelated,fixed,1000,42,21,0.105000,25,0.975000,20,21
1851,200,InverseCorrelated,fixed,1000,42,19,0.095000,41,0.959000,18,19
1852,200,InverseCorrelated,fixed,1000,42,16,0.080000,57,0.943000,15,16
1853,200,InverseCorrelated,fixed,1000,42,19,0.095000,15,0.985000,18,19
1854,200,InverseCorrelated,fixed,1000,42,19,0.095000,71,0.929000,18,19
1855,200,InverseCorrelated,fixed,1000,42,19,0.095000,45,0.955000,18,19
1856,200,InverseCorrelated,fixed,1000,42,20,0.100000,55,0.945000,19,20
1857,200,InverseCorrelated,fixed,1000,42,15,0.075000,30,0.970000,14,15
1858,200,InverseCorrelated,fixed,1000,42,20,0.100000,12,0.988000,19,20
1859,200,InverseCorrelated,fixed,1000,42,18,0.090000,60,0.940000,17,18
1860,200,InverseCorrelated,fixed,1000,42,21,0.105000,17,0.983000,20,21
1861,200,InverseCorrelated,fixed,1000,42,23,0.115000,6,0.994000,22,23
1862,200,InverseCorrelated,fixed,1000,42,18,0.090000,32,0.968000,17,18
1863,200,InverseCorrelated,fixed,1000,42,22,0.110000,58,0.942000,21,22
1864,200,InverseCorrelated,fixed,1000,42,15,0.075000,53,0.947000,14,15
1865,200,InverseCorrelated,fixed,1000,42,17,0.085000,84,0.916000,16,17
1866,200,InverseCorrelated,fixed,1000,42,23,0.115000,80,0.920000,22,23
1867,200,InverseCorrelated,fixed,1000,42,18,0.090000,14,0.986000,17,18
1868,200,InverseCorrelated,fixed,1000,42,21,0.105000,1,0.999000,20,21
1869,200,InverseCorrelated,fixed,1000,42,16,0.080000,47,0.953000,15,16
1870,200,InverseCorrelated,fixed,1000,42,22,0.110000,35,0.965000,21,22
1871,200,InverseCorrelated,fixed,1000,42,20,0.100000,63,0.937000,19,20
1872,200,InverseCorrelated,fixed,1000,42,19,0.095000,13,0.987000,18,19
1873,200,InverseCorrelated,fixed,1000,42,19,0.095000,9,0.991000,18,19
1874,200,InverseCorrelated,fixed,1000,42,20,0.100000,42,0.958000,19,20
1875,200,InverseCorrelated,fixed,1000,42,21,0.105000,83,0.917000,20,21
1876,200,InverseCorrelated,fixed,1000,42,21,0.105000,55,0.945000,20,21
1877,200,InverseCorrelated,fixed,1000,42,18,0.090000,84,0.916000,17,18
1878,200,InverseCorrelated,fixed,1000,42,22,0.110000,78,0.922000,21,22
1879,200,InverseCorrelated,fixed,1000,42,20,0.100000,92,0.908000,19,20
1880,200,InverseCorrelated,fixed,1000,42,17,0.085000,69,0.931000,16,17
1881,200,InverseCorrelated,fixed,1000,42,20,0.100000,30,0.970000,19,20
1882,200,InverseCorrelated,fixed,1000,42,16,0.080000,1,0.999000,15,16
1883,200,InverseCorrelated,fixed,1000,42,24,0.120000,72,0.928000,23,24
1884,200,InverseCorrelated,fixed,1000,42,17,0.085000,41,0.959000,16,17
1885,200,InverseCorrelated,fixed,1000,42,20,0.100000,49,0.951000,19,20
1886,200,InverseCorrelated,fixed,1000,42,17,0.085000,92,0.908000,16,17
1887,200,InverseCorrelated,fixed,1000,42,18,0.090000,75,0.925000,17,18
1888,200,InverseCorrelated,fixed,1000,42,19,0.095000,70,0.930000,18,19
1889,200,InverseCorrelated,fixed,1000,42,18,0.090000,76,0.924000,17,18
1890,200,InverseCorrelated,fixed,1000,42,15,0.075000,102,0.898000,14,15
1891,200,InverseCorrelated,fixed,1000,42,16,0.080000,15,0.985000,15,16
1892,200,InverseCorrelated,fixed,1000,42,21,0.105000,28,0.972000,20,21
1893,200,InverseCorrelated,fixed,1000,42,20,0.100000,8,0.992000,19,20
1894,200,InverseCorrelated,fixed,1000,42,20,0.100000,4,0.996000,19,20
1895,200,InverseCorrelated,fixed,1000,42,15,0.075000,69,0.931000,14,15
1896,200,InverseCorrelated,fixed,1000,42,20,0.100000,60,0.940000,19,20
1897,200,InverseCorrelated,fixed,1000,42,19,0.095000,53,0.947000,18,19
1898,200,InverseCorrelated,fixed,1000,42,19,0.095000,76,0.924000,18,19
1899,200,InverseCorrelated,fixed,1000,42,21,0.105000,51,0.949000,20,21
1900,200,AlmostEqualRatios,fixed,1000,42,3,0.015000,2,0.998000,13,1
1901,200,AlmostEqualRatios,fixed,1000,42,7,0.035000,8,0.992000,100,3
1902,200,AlmostEqualRatios,fixed,1000,42,5,0.025000,2,0.998000,8,1
1903,200,AlmostEqualRatios,fixed,1000,42,4,0.020000,1,0.999000,109,2
1904,200,AlmostEqualRatios,fixed,1000,42,5,0.025000,1,0.999000,29,3
1905,200,AlmostEqualRatios,fixed,1000,42,6,0.030000,0,1.000000,134,3
1906,200,AlmostEqualRatios,fixed,1000,42,7,0.035000,0,1.000000,46,4
1907,200,AlmostEqualRatios,fixed,1000,42,9,0.045000,3,0.997000,106,2
1908,200,AlmostEqualRatios,fixed,1000,42,7,0.035000,6,0.994000,187,2
1909,200,AlmostEqualRatios,fixed,1000,42,6,0.030000,12,0.988000,189,2
1910,200,AlmostEqualRatios,fixed,1000,42,11,0.055000,1,0.999000,91,4
1911,200,AlmostEqualRatios,fixed,1000,42,5,0.025000,11,0.989000,108,3
1912,200,AlmostEqualRatios,fixed,1000,42,3,0.015000,18,0.982000,176,1
1913,200,AlmostEqualRatios,fixed,1000,42,10,0.050000,5,0.995000,103,3
1914,200,AlmostEqualRatios,fixed,1000,42,3,0.015000,4,0.996000,34,2
1915,200,AlmostEqualRatios,fixed,1000,42,3,0.015000,0,1.000000,92,1
1916,200,AlmostEqualRatios,fixed,1000,42,6,0.030000,10,0.990000,100,3
1917,200,AlmostEqualRatios,fixed,1000,42,7,0.035000,0,1.000000,68,4
1918,200,AlmostEqualRatios,fixed,1000,42,6,0.030000,6,0.994000,86,4
1919,200,AlmostEqualRatios,fixed,1000,42,4,0.020000,4,0.996000,20,2
1920,200,AlmostEqualRatios,fixed,1000,42,4,0.020000,1,0.999000,16,1
1921,200,AlmostEqualRatios,fixed,1000,42,7,0.035000,11,0.989000,45,3
1922,200,AlmostEqualRatios,fixed,1000,42,4,0.020000,22,0.978000,11,1
1923,200,AlmostEqualRatios,fixed,1000,42,7,0.035000,11,0.989000,92,1
1924,200,AlmostEqualRatios,fixed,1000,42,1,0.005000,0,1.000000,0,1
1925,200,AlmostEqualRatios,fixed,1000,42,6,0.030000,9,0.991000,104,2
1926,200,AlmostEqualRatios,fixed,1000,42,6,0.030000,7,0.993000,154,1
1927,200,AlmostEqualRatios,fixed,1000,42,4,0.020000,12,0.988000,109,2
1928,200,AlmostEqualRatios,fixed,1000,42,4,0.020000,4,0.996000,99,1
1929,200,AlmostEqualRatios,fixed,1000,42,4,0.020000,3,0.997000,65,1
1930,200,AlmostEqualRatios,fixed,1000,42,5,0.025000,1,0.999000,108,2
1931,200,AlmostEqualRatios,fixed,1000,42,7,0.035000,0,1.000000,103,1
1932,200,AlmostEqualRatios,fixed,1000,42,9,0.045000,12,0.988000,171,2
1933,200,AlmostEqualRatios,fixed,1000,42,9,0.045000,5,0.995000,99,2
1934,200,AlmostEqualRatios,fixed,1000,42,3,0.015000,3,0.997000,6,1
1935,200,AlmostEqualRatios,fixed,1000,42,5,0.025000,8,0.992000,13,1
1936,200,AlmostEqualRatios,fixed,1000,42,3,0.015000,9,0.991000,34,1
1937,200,AlmostEqualRatios,fixed,1000,42,5,0.025000,9,0.991000,40,1
1938,200,AlmostEqualRatios,fixed,1000,42,6,0.030000,11,0.989000,106,2
1939,200,AlmostEqualRatios,fixed,1000,42,7,0.035000,1,0.999000,43,4
1940,200,AlmostEqualRatios,fixed,1000,42,6,0.030000,2,0.998000,98,2
1941,200,AlmostEqualRatios,fixed,1000,42,6,0.030000,2,0.998000,99,3
1942,200,AlmostEqualRatios,fixed,1000,42,4,0.020000,4,0.996000,13,2
1943,200,AlmostEqualRatios,fixed,1000,42,9,0.045000,8,0.992000,186,1
1944,200,AlmostEqualRatios,fixed,1000,42,7,0.035000,3,0.997000,97,2
1945,200,AlmostEqualRatios,fixed,1000,42,8,0.040000,1,0.999000,104,2
1946,200,AlmostEqualRatios,fixed,1000,42,3,0.015000,2,0.998000,95,1
1947,200,AlmostEqualRatios,fixed,1000,42,5,0.025000,0,1.000000,102,1
1948,200,AlmostEqualRatios,fixed,1000,42,8,0.040000,2,0.998000,108,2
1949,200,AlmostEqualRatios,fixed,1000,42,6,0.030000,3,0.997000,193,2
1950,200,AlmostEqualRatios,fixed,1000,42,6,0.030000,5,0.995000,96,2
1951,200,AlmostEqualRatios,fixed,1000,42,2,0.010000,4,0.996000,3,1
1952,200,AlmostEqualRatios,fixed,1000,42,6,0.030000,1,0.999000,89,1
1953,200,AlmostEqualRatios,fixed,1000,42,6,0.030000,0,1.000000,96,2
1954,200,AlmostEqualRatios,fixed,1000,42,7,0.035000,0,1.000000,70,2
1955,200,AlmostEqualRatios,fixed,1000,42,11,0.055000,3,0.997000,199,4
1956,200,AlmostEqualRatios,fixed,1000,42,7,0.035000,11,0.989000,104,2
1957,200,AlmostEqualRatios,fixed,1000,42,5,0.025000,1,0.999000,12,2
1958,200,AlmostEqualRatios,fixed,1000,42,8,0.040000,3,0.997000,100,2
1959,200,AlmostEqualRatios,fixed,1000,42,5,0.025000,12,0.988000,103,1
1960,200,AlmostEqualRatios,fixed,1000,42,8,0.040000,5,0.995000,98,3
1961,200,AlmostEqualRatios,fixed,1000,42,5,0.025000,5,0.995000,93,4
1962,200,AlmostEqualRatios,fixed,1000,42,5,0.025000,1,0.999000,88,3
1963,200,AlmostEqualRatios,fixed,1000,42,5,0.025000,7,0.993000,100,2
1964,200,AlmostEqualRatios,fixed,1000,42,6,0.030000,11,0.989000,104,2
1965,200,AlmostEqualRatios,fixed,1000,42,6,0.030000,3,0.997000,103,3
1966,200,AlmostEqualRatios,fixed,1000,42,6,0.030000,1,0.999000,105,1
1967,200,AlmostEqualRatios,fixed,1000,42,5,0.025000,10,0.990000,102,3
1968,200,AlmostEqualRatios,fixed,1000,42,4,0.020000,2,0.998000,43,2
1969,200,AlmostEqualRatios,fixed,1000,42,3,0.015000,0,1.000000,30,1
1970,200,AlmostEqualRatios,fixed,1000,42,4,0.020000,8,0.992000,17,2
1971,200,AlmostEqualRatios,fixed,1000,42,3,0.015000,16,0.984000,6,2
1972,200,AlmostEqualRatios,fixed,1000,42,4,0.020000,2,0.998000,16,1
1973,200,AlmostEqualRatios,fixed,1000,42,9,0.045000,8,0.992000,154,2
1974,200,AlmostEqualRatios,fixed,1000,42,7,0.035000,17,0.983000,93,4
1975,200,AlmostEqualRatios,fixed,1000,42,10,0.050000,1,0.999000,102,2
1976,200,AlmostEqualRatios,fixed,1000,42,7,0.035000,3,0.997000,96,1
1977,200,AlmostEqualRatios,fixed,1000,42,4,0.020000,2,0.998000,10,3
1978,200,AlmostEqualRatios,fixed,1000,42,5,0.025000,10,0.990000,99,2
1979,200,AlmostEqualRatios,fixed,1000,42,3,0.015000,3,0.997000,107,1
1980,200,AlmostEqualRatios,fixed,1000,42,2,0.010000,2,0.998000,40,1
1981,200,AlmostEqualRatios,fixed,1000,42,6,0.030000,9,0.991000,98,1
1982,200,AlmostEqualRatios,fixed,1000,42,8,0.040000,6,0.994000,103,3
1983,200,AlmostEqualRatios,fixed,1000,42,8,0.040000,6,0.994000,82,1
1984,200,AlmostEqualRatios,fixed,1000,42,7,0.035000,23,0.977000,98,3
1985,200,AlmostEqualRatios,fixed,1000,42,5,0.025000,17,0.983000,108,1
1986,200,AlmostEqualRatios,fixed,1000,42,3,0.015000,3,0.997000,13,2
1987,200,AlmostEqualRatios,fixed,1000,42,13,0.065000,12,0.988000,118,3
1988,200,AlmostEqualRatios,fixed,1000,42,9,0.045000,2,0.998000,98,1
1989,200,AlmostEqualRatios,fixed,1000,42,8,0.040000,4,0.996000,84,3
1990,200,AlmostEqualRatios,fixed,1000,42,4,0.020000,2,0.998000,99,1
1991,200,AlmostEqualRatios,fixed,1000,42,5,0.025000,9,0.991000,95,1
1992,200,AlmostEqualRatios,fixed,1000,42,7,0.035000,3,0.997000,101,1
1993,200,AlmostEqualRatios,fixed,1000,42,8,0.040000,9,0.991000,114,2
1994,200,AlmostEqualRatios,fixed,1000,42,4,0.020000,0,1.000000,93,1
1995,200,AlmostEqualRatios,fixed,1000,42,7,0.035000,1,0.999000,23,3
1996,200,AlmostEqualRatios,fixed,1000,42,5,0.025000,23,0.977000,106,2
1997,200,AlmostEqualRatios,fixed,1000,42,6,0.030000,2,0.998000,113,1
1998,200,AlmostEqualRatios,fixed,1000,42,8,0.040000,1,0.999000,98,2
1999,200,AlmostEqualRatios,fixed,1000,42,7,0.035000,1,0.999000,112,2
2000,500,Uncorrelated,fixed,1000,42,27,0.054000,15,0.985000,49,26
2001,500,Uncorrelated,fixed,1000,42,26,0.052000,13,0.987000,64,25
2002,500,Uncorrelated,fixed,1000,42,26,0.052000,3,0.997000,473,23
2003,500,Uncorrelated,fixed,1000,42,23,0.046000,1,0.999000,33,21
2004,500,Uncorrelated,fixed,1000,42,33,0.066000,6,0.994000,49,31
2005,500,Uncorrelated,fixed,1000,42,27,0.054000,4,0.996000,34,26
2006,500,Uncorrelated,fixed,1000,42,25,0.050000,34,0.966000,24,25
2007,500,Uncorrelated,fixed,1000,42,28,0.056000,16,0.984000,27,28
2008,500,Uncorrelated,fixed,1000,42,31,0.062000,30,0.970000,30,31
2009,500,Uncorrelated,fixed,1000,42,30,0.060000,4,0.996000,57,28
2010,500,Uncorrelated,fixed,1000,42,26,0.052000,4,0.996000,27,25
2011,500,Uncorrelated,fixed,1000,42,28,0.056000,9,0.991000,43,27
2012,500,Uncorrelated,fixed,1000,42,30,0.060000,0,1.000000,30,29
2013,500,Uncorrelated,fixed,1000,42,30,0.060000,3,0.997000,31,29
2014,500,Uncorrelated,fixed,1000,42,35,0.070000,10,0.990000,34,35
2015,500,Uncorrelated,fixed,1000,42,28,0.056000,4,0.996000,30,27
2016,500,Uncorrelated,fixed,1000,42,29,0.058000,3,0.997000,47,28
2017,500,Uncorrelated,fixed,1000,42,29,0.058000,25,0.975000,28,29
2018,500,Uncorrelated,fixed,1000,42,28,0.056000,1,0.999000,34,26
2019,500,Uncorrelated,fixed,1000,42,30,0.060000,33,0.967000,38,28
2020,500,Uncorrelated,fixed,1000,42,27,0.054000,20,0.980000,26,27
2021,500,Uncorrelated,fixed,1000,42,26,0.052000,6,0.994000,36,24
2022,500,Uncorrelated,fixed,1000,42,24,0.048000,9,0.991000,23,24
2023,500,Uncorrelated,fixed,1000,42,28,0.056000,13,0.987000,431,26
2024,500,Uncorrelated,fixed,1000,42,32,0.064000,7,0.993000,71,30
2025,500,Uncorrelated,fixed,1000,42,28,0.056000,17,0.983000,27,28
2026,500,Uncorrelated,fixed,1000,42,25,0.050000,14,0.986000,24,25
2027,500,Uncorrelated,fixed,1000,42,27,0.054000,11,0.989000,26,27
2028,500,Uncorrelated,fixed,1000,42,29,0.058000,13,0.987000,32,28
2029,500,Uncorrelated,fixed,1000,42,24,0.048000,1,0.999000,24,23
2030,500,Uncorrelated,fixed,1000,42,27,0.054000,0,1.000000,30,26
2031,500,Uncorrelated,fixed,1000,42,25,0.050000,4,0.996000,30,23
2032,500,Uncorrelated,fixed,1000,42,31,0.062000,4,0.996000,30,31
2033,500,Uncorrelated,fixed,1000,42,24,0.048000,2,0.998000,76,22
2034,500,Uncorrelated,fixed,1000,42,27,0.054000,34,0.966000,54,26
2035,500,Uncorrelated,fixed,1000,42,25,0.050000,0,1.000000,27,23
2036,500,Uncorrelated,fixed,1000,42,30,0.060000,14,0.986000,29,30
2037,500,Uncorrelated,fixed,1000,42,28,0.056000,9,0.991000,27,28
2038,500,Uncorrelated,fixed,1000,42,31,0.062000,4,0.996000,37,30
2039,500,Uncorrelated,fixed,1000,42,27,0.054000,11,0.989000,26,27
2040,500,Uncorrelated,fixed,1000,42,25,0.050000,11,0.989000,24,25
2041,500,Uncorrelated,fixed,1000,42,27,0.054000,8,0.992000,43,24
2042,500,Uncorrelated,fixed,1000,42,32,0.064000,5,0.995000,33,31
2043,500,Uncorrelated,fixed,1000,42,23,0.046000,16,0.984000,44,21
2044,500,Uncorrelated,fixed,1000,42,29,0.058000,12,0.988000,37,27
2045,500,Uncorrelated,fixed,1000,42,32,0.064000,8,0.992000,101,31
2046,500,Uncorrelated,fixed,1000,42,27,0.054000,2,0.998000,26,27
2047,500,Uncorrelated,fixed,1000,42,23,0.046000,28,0.972000,27,22
2048,500,Uncorrelated,fixed,1000,42,23,0.046000,18,0.982000,23,22
2049,500,Uncorrelated,fixed,1000,42,26,0.052000,11,0.989000,25,26
2050,500,Uncorrelated,fixed,1000,42,24,0.048000,5,0.995000,23,24
2051,500,Uncorrelated,fixed,1000,42,29,0.058000,19,0.981000,36,28
2052,500,Uncorrelated,fixed,1000,42,32,0.064000,10,0.990000,31,32
2053,500,Uncorrelated,fixed,1000,42,21,0.042000,23,0.977000,21,20
2054,500,Uncorrelated,fixed,1000,42,26,0.052000,2,0.998000,28,25
2055,500,Uncorrelated,fixed,1000,42,30,0.060000,22,0.978000,41,28
2056,500,Uncorrelated,fixed,1000,42,31,0.062000,12,0.988000,170,30
2057,500,Uncorrelated,fixed,1000,42,33,0.066000,4,0.996000,32,33
2058,500,Uncorrelated,fixed,1000,42,29,0.058000,4,0.996000,482,26
2059,500,Uncorrelated,fixed,1000,42,30,0.060000,2,0.998000,51,28
2060,500,Uncorrelated,fixed,1000,42,25,0.050000,12,0.988000,93,23
2061,500,Uncorrelated,fixed,1000,42,21,0.042000,13,0.987000,34,20
2062,500,Uncorrelated,fixed,1000,42,31,0.062000,2,0.998000,30,31
2063,500,Uncorrelated,fixed,1000,42,27,0.054000,11,0.989000,27,26
2064,500,Uncorrelated,fixed,1000,42,24,0.048000,0,1.000000,38,22
2065,500,Uncorrelated,fixed,1000,42,21,0.042000,17,0.983000,33,20
2066,500,Uncorrelated,fixed,1000,42,27,0.054000,0,1.000000,34,26
2067,500,Uncorrelated,fixed,1000,42,27,0.054000,8,0.992000,31,25
2068,500,Uncorrelated,fixed,1000,42,27,0.054000,23,0.977000,26,27
2069,500,Uncorrelated,fixed,1000,42,28,0.056000,2,0.998000,29,27
2070,500,Uncorrelated,fixed,1000,42,22,0.044000,6,0.994000,21,22
2071,500,Uncorrelated,fixed,1000,42,32,0.064000,6,0.994000,50,30
2072,500,Uncorrelated,fixed,1000,42,28,0.056000,2,0.998000,59,26
2073,500,Uncorrelated,fixed,1000,42,27,0.054000,11,0.989000,32,26
2074,500,Uncorrelated,fixed,1000,42,29,0.058000,7,0.993000,106,27
2075,500,Uncorrelated,fixed,1000,42,25,0.050000,5,0.995000,24,25
2076,500,Uncorrelated,fixed,1000,42,30,0.060000,26,0.974000,29,30
2077,500,Uncorrelated,fixed,1000,42,31,0.062000,3,0.997000,53,30
2078,500,Uncorrelated,fixed,1000,42,30,0.060000,17,0.983000,312,28
2079,500,Uncorrelated,fixed,1000,42,29,0.058000,0,1.000000,34,28
2080,500,Uncorrelated,fixed,1000,42,26,0.052000,12,0.988000,37,25
2081,500,Uncorrelated,fixed,1000,42,29,0.058000,15,0.985000,40,26
2082,500,Uncorrelated,fixed,1000,42,26,0.052000,5,0.995000,26,25
2083,500,Uncorrelated,fixed,1000,42,31,0.062000,1,0.999000,121,29
2084,500,Uncorrelated,fixed,1000,42,34,0.068000,3,0.997000,50,33
2085,500,Uncorrelated,fixed,1000,42,30,0.060000,17,0.983000,41,29
2086,500,Uncorrelated,fixed,1000,42,30,0.060000,6,0.994000,49,29
2087,500,Uncorrelated,fixed,1000,42,23,0.046000,1,0.999000,26,22
2088,500,Uncorrelated,fixed,1000,42,28,0.056000,16,0.984000,27,28
2089,500,Uncorrelated,fixed,1000,42,24,0.048000,23,0.977000,25,23
2090,500,Uncorrelated,fixed,1000,42,32,0.064000,3,0.997000,40,31
2091,500,Uncorrelated,fixed,1000,42,24,0.048000,2,0.998000,23,24
2092,500,Uncorrelated,fixed,1000,42,29,0.058000,8,0.992000,28,29
2093,500,Uncorrelated,fixed,1000,42,27,0.054000,14,0.986000,26,27
2094,500,Uncorrelated,fixed,1000,42,31,0.062000,9,0.991000,42,30
2095,500,Uncorrelated,fixed,1000,42,29,0.058000,3,0.997000,30,28
2096,500,Uncorrelated,fixed,1000,42,26,0.052000,12,0.988000,90,24
2097,500,Uncorrelated,fixed,1000,42,29,0.058000,0,1.000000,29,28
2098,500,Uncorrelated,fixed,1000,42,29,0.058000,7,0.993000,33,28
2099,500,Uncorrelated,fixed,1000,42,26,0.052000,11,0.989000,27,24
2100,500,WeaklyCorrelated,fixed,1000,42,22,0.044000,4,0.996000,481,20
2101,500,WeaklyCorrelated,fixed,1000,42,22,0.044000,7,0.993000,488,20
2102,500,WeaklyCorrelated,fixed,1000,42,18,0.036000,5,0.995000,246,16
2103,500,WeaklyCorrelated,fixed,1000,42,17,0.034000,0,1.000000,18,16
2104,500,WeaklyCorrelated,fixed,1000,42,28,0.056000,2,0.998000,491,23
2105,500,WeaklyCorrelated,fixed,1000,42,21,0.042000,1,0.999000,250,19
2106,500,WeaklyCorrelated,fixed,1000,42,23,0.046000,2,0.998000,32,22
2107,500,WeaklyCorrelated,fixed,1000,42,22,0.044000,1,0.999000,482,16
2108,500,WeaklyCorrelated,fixed,1000,42,19,0.038000,7,0.993000,491,15
2109,500,WeaklyCorrelated,fixed,1000,42,24,0.048000,1,0.999000,421,22
2110,500,WeaklyCorrelated,fixed,1000,42,13,0.026000,3,0.997000,15,12
2111,500,WeaklyCorrelated,fixed,1000,42,20,0.040000,8,0.992000,21,19
2112,500,WeaklyCorrelated,fixed,1000,42,23,0.046000,2,0.998000,469,19
2113,500,WeaklyCorrelated,fixed,1000,42,21,0.042000,3,0.997000,488,18
2114,500,WeaklyCorrelated,fixed,1000,42,17,0.034000,2,0.998000,32,16
2115,500,WeaklyCorrelated,fixed,1000,42,24,0.048000,3,0.997000,482,20
2116,500,WeaklyCorrelated,fixed,1000,42,23,0.046000,1,0.999000,23,21
2117,500,WeaklyCorrelated,fixed,1000,42,21,0.042000,6,0.994000,493,18
2118,500,WeaklyCorrelated,fixed,1000,42,24,0.048000,0,1.000000,484,22
2119,500,WeaklyCorrelated,fixed,1000,42,20,0.040000,1,0.999000,466,17
2120,500,WeaklyCorrelated,fixed,1000,42,23,0.046000,3,0.997000,258,21
2121,500,WeaklyCorrelated,fixed,1000,42,22,0.044000,0,1.000000,480,18
2122,500,WeaklyCorrelated,fixed,1000,42,30,0.060000,8,0.992000,478,27
2123,500,WeaklyCorrelated,fixed,1000,42,23,0.046000,2,0.998000,23,22
2124,500,WeaklyCorrelated,fixed,1000,42,21,0.042000,9,0.991000,485,18
2125,500,WeaklyCorrelated,fixed,1000,42,25,0.050000,0,1.000000,488,22
2126,500,WeaklyCorrelated,fixed,1000,42,18,0.036000,3,0.997000,489,16
2127,500,WeaklyCorrelated,fixed,1000,42,22,0.044000,0,1.000000,23,20
2128,500,WeaklyCorrelated,fixed,1000,42,24,0.048000,7,0.993000,493,20
2129,500,WeaklyCorrelated,fixed,1000,42,23,0.046000,2,0.998000,482,20
2130,500,WeaklyCorrelated,fixed,1000,42,19,0.038000,0,1.000000,490,14
2131,500,WeaklyCorrelated,fixed,1000,42,16,0.032000,6,0.994000,15,16
2132,500,WeaklyCorrelated,fixed,1000,42,21,0.042000,10,0.990000,256,19
2133,500,WeaklyCorrelated,fixed,1000,42,24,0.048000,2,0.998000,480,21
2134,500,WeaklyCorrelated,fixed,1000,42,27,0.054000,1,0.999000,486,20
2135,500,WeaklyCorrelated,fixed,1000,42,23,0.046000,4,0.996000,480,20
2136,500,WeaklyCorrelated,fixed,1000,42,24,0.048000,8,0.992000,24,23
2137,500,WeaklyCorrelated,fixed,1000,42,18,0.036000,0,1.000000,17,18
2138,500,WeaklyCorrelated,fixed,1000,42,27,0.054000,0,1.000000,488,22
2139,500,WeaklyCorrelated,fixed,1000,42,18,0.036000,2,0.998000,422,14
2140,500,WeaklyCorrelated,fixed,1000,42,22,0.044000,1,0.999000,51,20
2141,500,WeaklyCorrelated,fixed,1000,42,26,0.052000,13,0.987000,25,26
2142,500,WeaklyCorrelated,fixed,1000,42,17,0.034000,14,0.986000,496,14
2143,500,WeaklyCorrelated,fixed,1000,42,17,0.034000,2,0.998000,485,15
2144,500,WeaklyCorrelated,fixed,1000,42,24,0.048000,6,0.994000,483,20
2145,500,WeaklyCorrelated,fixed,1000,42,23,0.046000,2,0.998000,47,22
2146,500,WeaklyCorrelated,fixed,1000,42,20,0.040000,0,1.000000,434,17
2147,500,WeaklyCorrelated,fixed,1000,42,20,0.040000,4,0.996000,485,17
2148,500,WeaklyCorrelated,fixed,1000,42,16,0.032000,9,0.991000,487,15
2149,500,WeaklyCorrelated,fixed,1000,42,18,0.036000,6,0.994000,488,16
2150,500,WeaklyCorrelated,fixed,1000,42,23,0.046000,5,0.995000,489,18
2151,500,WeaklyCorrelated,fixed,1000,42,18,0.036000,3,0.997000,485,15
2152,500,WeaklyCorrelated,fixed,1000,42,20,0.040000,8,0.992000,485,19
2153,500,WeaklyCorrelated,fixed,1000,42,23,0.046000,10,0.990000,490,22
2154,500,WeaklyCorrelated,fixed,1000,42,24,0.048000,7,0.993000,491,20
2155,500,WeaklyCorrelated,fixed,1000,42,24,0.048000,3,0.997000,482,21
2156,500,WeaklyCorrelated,fixed,1000,42,22,0.044000,0,1.000000,474,20
2157,500,WeaklyCorrelated,fixed,1000,42,25,0.050000,4,0.996000,484,20
2158,500,WeaklyCorrelated,fixed,1000,42,28,0.056000,4,0.996000,483,26
2159,500,WeaklyCorrelated,fixed,1000,42,26,0.052000,2,0.998000,487,22
2160,500,WeaklyCorrelated,fixed,1000,42,18,0.036000,5,0.995000,244,17
2161,500,WeaklyCorrelated,fixed,1000,42,18,0.036000,3,0.997000,19,17
2162,500,WeaklyCorrelated,fixed,1000,42,22,0.044000,0,1.000000,71,20
2163,500,WeaklyCorrelated,fixed,1000,42,22,0.044000,4,0.996000,490,19
2164,500,WeaklyCorrelated,fixed,1000,42,23,0.046000,1,0.999000,266,22
2165,500,WeaklyCorrelated,fixed,1000,42,24,0.048000,3,0.997000,490,22
2166,500,WeaklyCorrelated,fixed,1000,42,21,0.042000,2,0.998000,20,21
2167,500,WeaklyCorrelated,fixed,1000,42,18,0.036000,1,0.999000,483,16
2168,500,WeaklyCorrelated,fixed,1000,42,23,0.046000,2,0.998000,487,21
2169,500,WeaklyCorrelated,fixed,1000,42,15,0.030000,2,0.998000,14,15
2170,500,WeaklyCorrelated,fixed,1000,42,16,0.032000,0,1.000000,15,16
2171,500,WeaklyCorrelated,fixed,1000,42,20,0.040000,3,0.997000,19,20
2172,500,WeaklyCorrelated,fixed,1000,42,20,0.040000,1,0.999000,484,19
2173,500,WeaklyCorrelated,fixed,1000,42,22,0.044000,0,1.000000,22,21
2174,500,WeaklyCorrelated,fixed,1000,42,16,0.032000,4,0.996000,40,15
2175,500,WeaklyCorrelated,fixed,1000,42,21,0.042000,10,0.990000,485,19
2176,500,WeaklyCorrelated,fixed,1000,42,20,0.040000,1,0.999000,475,16
2177,500,WeaklyCorrelated,fixed,1000,42,17,0.034000,2,0.998000,126,16
2178,500,WeaklyCorrelated,fixed,1000,42,17,0.034000,2,0.998000,16,17
2179,500,WeaklyCorrelated,fixed,1000,42,22,0.044000,11,0.989000,487,18
2180,500,WeaklyCorrelated,fixed,1000,42,17,0.034000,4,0.996000,467,14
2181,500,WeaklyCorrelated,fixed,1000,42,26,0.052000,2,0.998000,240,25
2182,500,WeaklyCorrelated,fixed,1000,42,23,0.046000,3,0.997000,472,20
2183,500,WeaklyCorrelated,fixed,1000,42,22,0.044000,0,1.000000,489,17
2184,500,WeaklyCorrelated,fixed,1000,42,25,0.050000,0,1.000000,483,20
2185,500,WeaklyCorrelated,fixed,1000,42,20,0.040000,0,1.000000,29,18
2186,500,WeaklyCorrelated,fixed,1000,42,20,0.040000,1,0.999000,487,16
2187,500,WeaklyCorrelated,fixed,1000,42,24,0.048000,4,0.996000,481,21
2188,500,WeaklyCorrelated,fixed,1000,42,18,0.036000,18,0.982000,19,16
2189,500,WeaklyCorrelated,fixed,1000,42,20,0.040000,0,1.000000,488,18
2190,500,WeaklyCorrelated,fixed,1000,42,17,0.034000,4,0.996000,16,17
2191,500,WeaklyCorrelated,fixed,1000,42,21,0.042000,1,0.999000,483,19
2192,500,WeaklyCorrelated,fixed,1000,42,18,0.036000,2,0.998000,478,15
2193,500,WeaklyCorrelated,fixed,1000,42,22,0.044000,3,0.997000,486,18
2194,500,WeaklyCorrelated,fixed,1000,42,23,0.046000,14,0.986000,488,19
2195,500,WeaklyCorrelated,fixed,1000,42,21,0.042000,1,0.999000,479,20
2196,500,WeaklyCorrelated,fixed,1000,42,20,0.040000,6,0.994000,486,17
2197,500,WeaklyCorrelated,fixed,1000,42,22,0.044000,5,0.995000,29,20
2198,500,WeaklyCorrelated,fixed,1000,42,25,0.050000,2,0.998000,460,23
2199,500,WeaklyCorrelated,fixed,1000,42,20,0.040000,1,0.999000,481,16
2200,500,StronglyCorrelated,fixed,1000,42,28,0.056000,27,0.973000,51,27
2201,500,StronglyCorrelated,fixed,1000,42,33,0.066000,14,0.986000,32,33
2202,500,StronglyCorrelated,fixed,1000,42,26,0.052000,3,0.997000,26,25
2203,500,StronglyCorrelated,fixed,1000,42,24,0.048000,3,0.997000,25,23
2204,500,StronglyCorrelated,fixed,1000,42,31,0.062000,7,0.993000,37,29
2205,500,StronglyCorrelated,fixed,1000,42,27,0.054000,28,0.972000,31,26
2206,500,StronglyCorrelated,fixed,1000,42,30,0.060000,25,0.975000,29,30
2207,500,StronglyCorrelated,fixed,1000,42,27,0.054000,6,0.994000,26,27
2208,500,StronglyCorrelated,fixed,1000,42,31,0.062000,3,0.997000,32,30
2209,500,StronglyCorrelated,fixed,1000,42,25,0.050000,21,0.979000,29,23
2210,500,StronglyCorrelated,fixed,1000,42,31,0.062000,13,0.987000,37,29
2211,500,StronglyCorrelated,fixed,1000,42,22,0.044000,6,0.994000,30,20
2212,500,StronglyCorrelated,fixed,1000,42,29,0.058000,14,0.986000,32,28
2213,500,StronglyCorrelated,fixed,1000,42,32,0.064000,0,1.000000,32,31
2214,500,StronglyCorrelated,fixed,1000,42,23,0.046000,13,0.987000,22,23
2215,500,StronglyCorrelated,fixed,1000,42,28,0.056000,0,1.000000,29,27
2216,500,StronglyCorrelated,fixed,1000,42,29,0.058000,1,0.999000,28,29
2217,500,StronglyCorrelated,fixed,1000,42,29,0.058000,6,0.994000,45,28
2218,500,StronglyCorrelated,fixed,1000,42,33,0.066000,14,0.986000,33,32
2219,500,StronglyCorrelated,fixed,1000,42,32,0.064000,3,0.997000,33,31
2220,500,StronglyCorrelated,fixed,1000,42,32,0.064000,16,0.984000,42,31
2221,500,StronglyCorrelated,fixed,1000,42,27,0.054000,29,0.971000,26,27
2222,500,StronglyCorrelated,fixed,1000,42,23,0.046000,4,0.996000,35,22
2223,500,StronglyCorrelated,fixed,1000,42,29,0.058000,12,0.988000,43,28
2224,500,StronglyCorrelated,fixed,1000,42,26,0.052000,10,0.990000,28,24
2225,500,StronglyCorrelated,fixed,1000,42,29,0.058000,1,0.999000,28,29
2226,500,StronglyCorrelated,fixed,1000,42,27,0.054000,23,0.977000,26,27
2227,500,StronglyCorrelated,fixed,1000,42,30,0.060000,13,0.987000,29,30
2228,500,StronglyCorrelated,fixed,1000,42,26,0.052000,15,0.985000,25,26
2229,500,StronglyCorrelated,fixed,1000,42,29,0.058000,8,0.992000,32,27
2230,500,StronglyCorrelated,fixed,1000,42,27,0.054000,1,0.999000,26,27
2231,500,StronglyCorrelated,fixed,1000,42,30,0.060000,15,0.985000,32,28
2232,500,StronglyCorrelated,fixed,1000,42,31,0.062000,26,0.974000,33,30
2233,500,StronglyCorrelated,fixed,1000,42,28,0.056000,1,0.999000,27,28
2234,500,StronglyCorrelated,fixed,1000,42,27,0.054000,9,0.991000,28,26
2235,500,StronglyCorrelated,fixed,1000,42,31,0.062000,11,0.989000,30,31
2236,500,StronglyCorrelated,fixed,1000,42,23,0.046000,0,1.000000,30,21
2237,500,StronglyCorrelated,fixed,1000,42,29,0.058000,18,0.982000,57,27
2238,500,StronglyCorrelated,fixed,1000,42,27,0.054000,15,0.985000,28,26
2239,500,StronglyCorrelated,fixed,1000,42,26,0.052000,2,0.998000,34,25
2240,500,StronglyCorrelated,fixed,1000,42,24,0.048000,9,0.991000,24,23
2241,500,StronglyCorrelated,fixed,1000,42,28,0.056000,1,0.999000,29,27
2242,500,StronglyCorrelated,fixed,1000,42,28,0.056000,6,0.994000,33,27
2243,500,StronglyCorrelated,fixed,1000,42,24,0.048000,2,0.998000,23,24
2244,500,StronglyCorrelated,fixed,1000,42,23,0.046000,4,0.996000,40,21
2245,500,StronglyCorrelated,fixed,1000,42,30,0.060000,28,0.972000,35,29
2246,500,StronglyCorrelated,fixed,1000,42,28,0.056000,2,0.998000,51,27
2247,500,StronglyCorrelated,fixed,1000,42,27,0.054000,9,0.991000,26,27
2248,500,StronglyCorrelated,fixed,1000,42,31,0.062000,13,0.987000,30,31
2249,500,StronglyCorrelated,fixed,1000,42,26,0.052000,18,0.982000,26,25
2250,500,StronglyCorrelated,fixed,1000,42,32,0.064000,2,0.998000,33,31
2251,500,StronglyCorrelated,fixed,1000,42,33,0.066000,11,0.989000,36,32
2252,500,StronglyCorrelated,fixed,1000,42,29,0.058000,21,0.979000,28,29
2253,500,StronglyCorrelated,fixed,1000,42,29,0.058000,3,0.997000,100,28
2254,500,StronglyCorrelated,fixed,1000,42,27,0.054000,5,0.995000,26,27
2255,500,StronglyCorrelated,fixed,1000,42,27,0.054000,4,0.996000,28,26
2256,500,StronglyCorrelated,fixed,1000,42,31,0.062000,0,1.000000,63,28
2257,500,StronglyCorrelated,fixed,1000,42,33,0.066000,7,0.993000,33,32
2258,500,StronglyCorrelated,fixed,1000,42,25,0.050000,15,0.985000,24,25
2259,500,StronglyCorrelated,fixed,1000,42,27,0.054000,0,1.000000,29,26
2260,500,StronglyCorrelated,fixed,1000,42,27,0.054000,5,0.995000,38,26
2261,500,StronglyCorrelated,fixed,1000,42,30,0.060000,15,0.985000,32,29
2262,500,StronglyCorrelated,fixed,1000,42,20,0.040000,11,0.989000,19,20
2263,500,StronglyCorrelated,fixed,1000,42,26,0.052000,2,0.998000,65,25
2264,500,StronglyCorrelated,fixed,1000,42,27,0.054000,21,0.979000,29,26
2265,500,StronglyCorrelated,fixed,1000,42,30,0.060000,16,0.984000,32,29
2266,500,StronglyCorrelated,fixed,1000,42,32,0.064000,14,0.986000,67,31
2267,500,StronglyCorrelated,fixed,1000,42,29,0.058000,1,0.999000,71,28
2268,500,StronglyCorrelated,fixed,1000,42,29,0.058000,6,0.994000,31,28
2269,500,StronglyCorrelated,fixed,1000,42,36,0.072000,9,0.991000,50,35
2270,500,StronglyCorrelated,fixed,1000,42,28,0.056000,3,0.997000,27,28
2271,500,StronglyCorrelated,fixed,1000,42,25,0.050000,3,0.997000,24,25
2272,500,StronglyCorrelated,fixed,1000,42,21,0.042000,7,0.993000,30,20
2273,500,StronglyCorrelated,fixed,1000,42,28,0.056000,11,0.989000,31,27
2274,500,StronglyCorrelated,fixed,1000,42,29,0.058000,4,0.996000,35,28
2275,500,StronglyCorrelated,fixed,1000,42,29,0.058000,5,0.995000,48,28
2276,500,StronglyCorrelated,fixed,1000,42,31,0.062000,23,0.977000,30,31
2277,500,StronglyCorrelated,fixed,1000,42,23,0.046000,7,0.993000,29,22
2278,500,StronglyCorrelated,fixed,1000,42,25,0.050000,12,0.988000,24,25
2279,500,StronglyCorrelated,fixed,1000,42,28,0.056000,17,0.983000,47,27
2280,500,StronglyCorrelated,fixed,1000,42,25,0.050000,4,0.996000,30,24
2281,500,StronglyCorrelated,fixed,1000,42,26,0.052000,1,0.999000,25,26
2282,500,StronglyCorrelated,fixed,1000,42,27,0.054000,13,0.987000,27,26
2283,500,StronglyCorrelated,fixed,1000,42,24,0.048000,33,0.967000,28,23
2284,500,StronglyCorrelated,fixed,1000,42,27,0.054000,5,0.995000,33,24
2285,500,StronglyCorrelated,fixed,1000,42,27,0.054000,10,0.990000,52,26
2286,500,StronglyCorrelated,fixed,1000,42,26,0.052000,8,0.992000,25,26
2287,500,StronglyCorrelated,fixed,1000,42,31,0.062000,30,0.970000,37,30
2288,500,StronglyCorrelated,fixed,1000,42,30,0.060000,5,0.995000,30,29
2289,500,StronglyCorrelated,fixed,1000,42,26,0.052000,25,0.975000,25,26
2290,500,StronglyCorrelated,fixed,1000,42,27,0.054000,4,0.996000,65,25
2291,500,StronglyCorrelated,fixed,1000,42,26,0.052000,15,0.985000,26,25
2292,500,StronglyCorrelated,fixed,1000,42,35,0.070000,14,0.986000,34,35
2293,500,StronglyCorrelated,fixed,1000,42,28,0.056000,0,1.000000,32,27
2294,500,StronglyCorrelated,fixed,1000,42,28,0.056000,4,0.996000,32,26
2295,500,StronglyCorrelated,fixed,1000,42,28,0.056000,4,0.996000,27,28
2296,500,StronglyCorrelated,fixed,1000,42,27,0.054000,5,0.995000,26,27
2297,500,StronglyCorrelated,fixed,1000,42,29,0.058000,3,0.997000,30,27
2298,500,StronglyCorrelated,fixed,1000,42,30,0.060000,18,0.982000,42,28
2299,500,StronglyCorrelated,fixed,1000,42,26,0.052000,11,0.989000,44,25
2300,500,InverseCorrelated,fixed,1000,42,27,0.054000,0,1.000000,26,27
2301,500,InverseCorrelated,fixed,1000,42,31,0.062000,8,0.992000,30,31
2302,500,InverseCorrelated,fixed,1000,42,29,0.058000,51,0.949000,28,29
2303,500,InverseCorrelated,fixed,1000,42,32,0.064000,50,0.950000,31,32
2304,500,InverseCorrelated,fixed,1000,42,30,0.060000,41,0.959000,29,30
2305,500,InverseCorrelated,fixed,1000,42,29,0.058000,48,0.952000,28,29
2306,500,InverseCorrelated,fixed,1000,42,28,0.056000,44,0.956000,27,28
2307,500,InverseCorrelated,fixed,1000,42,31,0.062000,32,0.968000,30,31
2308,500,InverseCorrelated,fixed,1000,42,33,0.066000,36,0.964000,32,33
2309,500,InverseCorrelated,fixed,1000,42,26,0.052000,60,0.940000,25,26
2310,500,InverseCorrelated,fixed,1000,42,30,0.060000,23,0.977000,29,30
2311,500,InverseCorrelated,fixed,1000,42,34,0.068000,50,0.950000,33,34
2312,500,InverseCorrelated,fixed,1000,42,33,0.066000,41,0.959000,32,33
2313,500,InverseCorrelated,fixed,1000,42,31,0.062000,45,0.955000,30,31
2314,500,InverseCorrelated,fixed,1000,42,31,0.062000,67,0.933000,30,31
2315,500,InverseCorrelated,fixed,1000,42,31,0.062000,2,0.998000,30,31
2316,500,InverseCorrelated,fixed,1000,42,30,0.060000,0,1.000000,29,30
2317,500,InverseCorrelated,fixed,1000,42,31,0.062000,50,0.950000,30,31
2318,500,InverseCorrelated,fixed,1000,42,35,0.070000,9,0.991000,34,35
2319,500,InverseCorrelated,fixed,1000,42,29,0.058000,53,0.947000,28,29
2320,500,InverseCorrelated,fixed,1000,42,29,0.058000,28,0.972000,28,29
2321,500,InverseCorrelated,fixed,1000,42,25,0.050000,63,0.937000,24,25
2322,500,InverseCorrelated,fixed,1000,42,28,0.056000,55,0.945000,27,28
2323,500,InverseCorrelated,fixed,1000,42,35,0.070000,37,0.963000,34,35
2324,500,InverseCorrelated,fixed,1000,42,35,0.070000,16,0.984000,34,35
2325,500,InverseCorrelated,fixed,1000,42,23,0.046000,63,0.937000,22,23
2326,500,InverseCorrelated,fixed,1000,42,28,0.056000,29,0.971000,27,28
2327,500,InverseCorrelated,fixed,1000,42,27,0.054000,17,0.983000,26,27
2328,500,InverseCorrelated,fixed,1000,42,28,0.056000,12,0.988000,27,28
2329,500,InverseCorrelated,fixed,1000,42,32,0.064000,6,0.994000,31,32
2330,500,InverseCorrelated,fixed,1000,42,31,0.062000,38,0.962000,30,31
2331,500,InverseCorrelated,fixed,1000,42,35,0.070000,28,0.972000,34,35
2332,500,InverseCorrelated,fixed,1000,42,29,0.058000,42,0.958000,28,29
2333,500,InverseCorrelated,fixed,1000,42,31,0.062000,23,0.977000,30,31
2334,500,InverseCorrelated,fixed,1000,42,26,0.052000,43,0.957000,25,26
2335,500,InverseCorrelated,fixed,1000,42,29,0.058000,6,0.994000,28,29
2336,500,InverseCorrelated,fixed,1000,42,34,0.068000,14,0.986000,33,34
2337,500,InverseCorrelated,fixed,1000,42,35,0.070000,15,0.985000,34,35
2338,500,InverseCorrelated,fixed,1000,42,33,0.066000,43,0.957000,32,33
2339,500,InverseCorrelated,fixed,1000,42,30,0.060000,49,0.951000,29,30
2340,500,InverseCorrelated,fixed,1000,42,25,0.050000,60,0.940000,24,25
2341,500,InverseCorrelated,fixed,1000,42,29,0.058000,44,0.956000,28,29
2342,500,InverseCorrelated,fixed,1000,42,31,0.062000,47,0.953000,30,31
2343,500,InverseCorrelated,fixed,1000,42,31,0.062000,35,0.965000,30,31
2344,500,InverseCorrelated,fixed,1000,42,29,0.058000,13,0.987000,28,29
2345,500,InverseCorrelated,fixed,1000,42,36,0.072000,12,0.988000,35,36
2346,500,InverseCorrelated,fixed,1000,42,34,0.068000,10,0.990000,33,34
2347,500,InverseCorrelated,fixed,1000,42,26,0.052000,38,0.962000,25,26
2348,500,InverseCorrelated,fixed,1000,42,33,0.066000,57,0.943000,32,33
2349,500,InverseCorrelated,fixed,1000,42,29,0.058000,13,0.987000,28,29
2350,500,InverseCorrelated,fixed,1000,42,32,0.064000,35,0.965000,31,32
2351,500,InverseCorrelated,fixed,1000,42,32,0.064000,30,0.970000,31,32
2352,500,InverseCorrelated,fixed,1000,42,35,0.070000,43,0.957000,34,35
2353,500,InverseCorrelated,fixed,1000,42,33,0.066000,1,0.999000,32,33
2354,500,InverseCorrelated,fixed,1000,42,33,0.066000,15,0.985000,32,33
2355,500,InverseCorrelated,fixed,1000,42,38,0.076000,1,0.999000,37,38
2356,500,InverseCorrelated,fixed,1000,42,35,0.070000,36,0.964000,34,35
2357,500,InverseCorrelated,fixed,1000,42,28,0.056000,51,0.949000,27,28
2358,500,InverseCorrelated,fixed,1000,42,30,0.060000,59,0.941000,29,30
2359,500,InverseCorrelated,fixed,1000,42,30,0.060000,28,0.972000,29,30
2360,500,InverseCorrelated,fixed,1000,42,25,0.050000,33,0.967000,24,25
2361,500,InverseCorrelated,fixed,1000,42,31,0.062000,54,0.946000,30,31
2362,500,InverseCorrelated,fixed,1000,42,31,0.062000,8,0.992000,30,31
2363,500,InverseCorrelated,fixed,1000,42,34,0.068000,16,0.984000,33,34
2364,500,InverseCorrelated,fixed,1000,42,32,0.064000,43,0.957000,31,32
2365,500,InverseCorrelated,fixed,1000,42,32,0.064000,43,0.957000,31,32
2366,500,InverseCorrelated,fixed,1000,42,35,0.070000,53,0.947000,34,35
2367,500,InverseCorrelated,fixed,1000,42,32,0.064000,9,0.991000,31,32
2368,500,InverseCorrelated,fixed,1000,42,25,0.050000,48,0.952000,24,25
2369,500,InverseCorrelated,fixed,1000,42,36,0.072000,23,0.977000,35,36
2370,500,InverseCorrelated,fixed,1000,42,31,0.062000,53,0.947000,30,31
2371,500,InverseCorrelated,fixed,1000,42,32,0.064000,10,0.990000,31,32
2372,500,InverseCorrelated,fixed,1000,42,28,0.056000,43,0.957000,27,28
2373,500,InverseCorrelated,fixed,1000,42,25,0.050000,2,0.998000,24,25
2374,500,InverseCorrelated,fixed,1000,42,31,0.062000,63,0.937000,30,31
2375,500,InverseCorrelated,fixed,1000,42,24,0.048000,7,0.993000,23,24
2376,500,InverseCorrelated,fixed,1000,42,26,0.052000,10,0.990000,25,26
2377,500,InverseCorrelated,fixed,1000,42,31,0.062000,58,0.942000,30,31
2378,500,InverseCorrelated,fixed,1000,42,34,0.068000,28,0.972000,33,34
2379,500,InverseCorrelated,fixed,1000,42,34,0.068000,56,0.944000,33,34
2380,500,InverseCorrelated,fixed,1000,42,27,0.054000,1,0.999000,26,27
2381,500,InverseCorrelated,fixed,1000,42,28,0.056000,21,0.979000,27,28
2382,500,InverseCorrelated,fixed,1000,42,28,0.056000,28,0.972000,27,28
2383,500,InverseCorrelated,fixed,1000,42,34,0.068000,20,0.980000,33,34
2384,500,InverseCorrelated,fixed,1000,42,27,0.054000,23,0.977000,26,27
2385,500,InverseCorrelated,fixed,1000,42,33,0.066000,32,0.968000,32,33
2386,500,InverseCorrelated,fixed,1000,42,31,0.062000,52,0.948000,30,31
2387,500,InverseCorrelated,fixed,1000,42,29,0.058000,31,0.969000,28,29
2388,500,InverseCorrelated,fixed,1000,42,29,0.058000,42,0.958000,28,29
2389,500,InverseCorrelated,fixed,1000,42,24,0.048000,20,0.980000,23,24
2390,500,InverseCorrelated,fixed,1000,42,36,0.072000,19,0.981000,35,36
2391,500,InverseCorrelated,fixed,1000,42,30,0.060000,47,0.953000,29,30
2392,500,InverseCorrelated,fixed,1000,42,36,0.072000,9,0.991000,35,36
2393,500,InverseCorrelated,fixed,1000,42,31,0.062000,41,0.959000,30,31
2394,500,InverseCorrelated,fixed,1000,42,25,0.050000,48,0.952000,24,25
2395,500,InverseCorrelated,fixed,1000,42,32,0.064000,45,0.955000,31,32
2396,500,InverseCorrelated,fixed,1000,42,28,0.056000,9,0.991000,27,28
2397,500,InverseCorrelated,fixed,1000,42,36,0.072000,39,0.961000,35,36
2398,500,InverseCorrelated,fixed,1000,42,32,0.064000,59,0.941000,31,32
2399,500,InverseCorrelated,fixed,1000,42,29,0.058000,43,0.957000,28,29
2400,500,AlmostEqualRatios,fixed,1000,42,10,0.020000,2,0.998000,261,4
2401,500,AlmostEqualRatios,fixed,1000,42,6,0.012000,0,1.000000,17,3
2402,500,AlmostEqualRatios,fixed,1000,42,9,0.018000,0,1.000000,271,3
2403,500,AlmostEqualRatios,fixed,1000,42,7,0.014000,0,1.000000,431,1
2404,500,AlmostEqualRatios,fixed,1000,42,3,0.006000,0,1.000000,3,2
2405,500,AlmostEqualRatios,fixed,1000,42,10,0.020000,6,0.994000,261,4
2406,500,AlmostEqualRatios,fixed,1000,42,3,0.006000,2,0.998000,251,1
2407,500,AlmostEqualRatios,fixed,1000,42,5,0.010000,0,1.000000,45,1
2408,500,AlmostEqualRatios,fixed,1000,42,11,0.022000,3,0.997000,280,3
2409,500,AlmostEqualRatios,fixed,1000,42,6,0.012000,1,0.999000,254,3
2410,500,AlmostEqualRatios,fixed,1000,42,8,0.016000,1,0.999000,282,3
2411,500,AlmostEqualRatios,fixed,1000,42,8,0.016000,11,0.989000,255,2
2412,500,AlmostEqualRatios,fixed,1000,42,7,0.014000,0,1.000000,261,4
2413,500,AlmostEqualRatios,fixed,1000,42,5,0.010000,0,1.000000,241,2
2414,500,AlmostEqualRatios,fixed,1000,42,4,0.008000,2,0.998000,270,1
2415,500,AlmostEqualRatios,fixed,1000,42,8,0.016000,1,0.999000,236,3
2416,500,AlmostEqualRatios,fixed,1000,42,7,0.014000,0,1.000000,231,4
2417,500,AlmostEqualRatios,fixed,1000,42,9,0.018000,0,1.000000,266,3
2418,500,AlmostEqualRatios,fixed,1000,42,11,0.022000,2,0.998000,260,6
2419,500,AlmostEqualRatios,fixed,1000,42,7,0.014000,2,0.998000,253,3
2420,500,AlmostEqualRatios,fixed,1000,42,8,0.016000,4,0.996000,242,2
2421,500,AlmostEqualRatios,fixed,1000,42,6,0.012000,2,0.998000,261,3
2422,500,AlmostEqualRatios,fixed,1000,42,3,0.006000,2,0.998000,242,2
2423,500,AlmostEqualRatios,fixed,1000,42,7,0.014000,1,0.999000,254,2
2424,500,AlmostEqualRatios,fixed,1000,42,9,0.018000,0,1.000000,233,4
2425,500,AlmostEqualRatios,fixed,1000,42,6,0.012000,1,0.999000,252,3
2426,500,AlmostEqualRatios,fixed,1000,42,6,0.012000,0,1.000000,266,2
2427,500,AlmostEqualRatios,fixed,1000,42,7,0.014000,1,0.999000,226,2
2428,500,AlmostEqualRatios,fixed,1000,42,5,0.010000,0,1.000000,240,2
2429,500,AlmostEqualRatios,fixed,1000,42,9,0.018000,0,1.000000,242,3
2430,500,AlmostEqualRatios,fixed,1000,42,8,0.016000,2,0.998000,237,3
2431,500,AlmostEqualRatios,fixed,1000,42,5,0.010000,0,1.000000,232,4
2432,500,AlmostEqualRatios,fixed,1000,42,10,0.020000,0,1.000000,241,3
2433,500,AlmostEqualRatios,fixed,1000,42,6,0.012000,3,0.997000,260,4
2434,500,AlmostEqualRatios,fixed,1000,42,7,0.014000,0,1.000000,251,3
2435,500,AlmostEqualRatios,fixed,1000,42,7,0.014000,5,0.995000,266,2
2436,500,AlmostEqualRatios,fixed,1000,42,4,0.008000,2,0.998000,48,3
2437,500,AlmostEqualRatios,fixed,1000,42,6,0.012000,0,1.000000,252,2
2438,500,AlmostEqualRatios,fixed,1000,42,11,0.022000,2,0.998000,263,4
2439,500,AlmostEqualRatios,fixed,1000,42,10,0.020000,3,0.997000,258,3
2440,500,AlmostEqualRatios,fixed,1000,42,6,0.012000,1,0.999000,267,4
2441,500,AlmostEqualRatios,fixed,1000,42,8,0.016000,0,1.000000,238,1
2442,500,AlmostEqualRatios,fixed,1000,42,8,0.016000,0,1.000000,242,2
2443,500,AlmostEqualRatios,fixed,1000,42,9,0.018000,0,1.000000,499,3
2444,500,AlmostEqualRatios,fixed,1000,42,10,0.020000,0,1.000000,236,2
2445,500,AlmostEqualRatios,fixed,1000,42,9,0.018000,0,1.000000,261,7
2446,500,AlmostEqualRatios,fixed,1000,42,9,0.018000,0,1.000000,227,3
2447,500,AlmostEqualRatios,fixed,1000,42,10,0.020000,0,1.000000,45,3
2448,500,AlmostEqualRatios,fixed,1000,42,5,0.010000,0,1.000000,259,2
2449,500,AlmostEqualRatios,fixed,1000,42,7,0.014000,1,0.999000,232,2
2450,500,AlmostEqualRatios,fixed,1000,42,7,0.014000,2,0.998000,253,4
2451,500,AlmostEqualRatios,fixed,1000,42,8,0.016000,1,0.999000,235,3
2452,500,AlmostEqualRatios,fixed,1000,42,9,0.018000,0,1.000000,245,2
2453,500,AlmostEqualRatios,fixed,1000,42,7,0.014000,0,1.000000,263,3
2454,500,AlmostEqualRatios,fixed,1000,42,5,0.010000,0,1.000000,127,1
2455,500,AlmostEqualRatios,fixed,1000,42,10,0.020000,3,0.997000,234,4
2456,500,AlmostEqualRatios,fixed,1000,42,5,0.010000,0,1.000000,253,3
2457,500,AlmostEqualRatios,fixed,1000,42,13,0.026000,2,0.998000,249,5
2458,500,AlmostEqualRatios,fixed,1000,42,12,0.024000,1,0.999000,243,4
2459,500,AlmostEqualRatios,fixed,1000,42,9,0.018000,7,0.993000,252,3
2460,500,AlmostEqualRatios,fixed,1000,42,7,0.014000,0,1.000000,127,5
2461,500,AlmostEqualRatios,fixed,1000,42,10,0.020000,0,1.000000,247,4
2462,500,AlmostEqualRatios,fixed,1000,42,6,0.012000,0,1.000000,246,4
2463,500,AlmostEqualRatios,fixed,1000,42,10,0.020000,3,0.997000,270,3
2464,500,AlmostEqualRatios,fixed,1000,42,10,0.020000,0,1.000000,232,5
2465,500,AlmostEqualRatios,fixed,1000,42,9,0.018000,2,0.998000,249,2
2466,500,AlmostEqualRatios,fixed,1000,42,6,0.012000,2,0.998000,251,3
2467,500,AlmostEqualRatios,fixed,1000,42,5,0.010000,0,1.000000,46,2
2468,500,AlmostEqualRatios,fixed,1000,42,4,0.008000,3,0.997000,219,2
2469,500,AlmostEqualRatios,fixed,1000,42,6,0.012000,2,0.998000,236,1
2470,500,AlmostEqualRatios,fixed,1000,42,6,0.012000,1,0.999000,112,2
2471,500,AlmostEqualRatios,fixed,1000,42,6,0.012000,0,1.000000,246,2
2472,500,AlmostEqualRatios,fixed,1000,42,8,0.016000,3,0.997000,251,1
2473,500,AlmostEqualRatios,fixed,1000,42,8,0.016000,1,0.999000,262,1
2474,500,AlmostEqualRatios,fixed,1000,42,8,0.016000,7,0.993000,66,5
2475,500,AlmostEqualRatios,fixed,1000,42,7,0.014000,0,1.000000,259,3
2476,500,AlmostEqualRatios,fixed,1000,42,12,0.024000,2,0.998000,98,5
2477,500,AlmostEqualRatios,fixed,1000,42,6,0.012000,3,0.997000,243,3
2478,500,AlmostEqualRatios,fixed,1000,42,7,0.014000,0,1.000000,263,1
2479,500,AlmostEqualRatios,fixed,1000,42,10,0.020000,4,0.996000,258,3
2480,500,AlmostEqualRatios,fixed,1000,42,4,0.008000,0,1.000000,11,2
2481,500,AlmostEqualRatios,fixed,1000,42,6,0.012000,5,0.995000,62,2
2482,500,AlmostEqualRatios,fixed,1000,42,6,0.012000,0,1.000000,259,3
2483,500,AlmostEqualRatios,fixed,1000,42,10,0.020000,2,0.998000,252,4
2484,500,AlmostEqualRatios,fixed,1000,42,8,0.016000,3,0.997000,240,5
2485,500,AlmostEqualRatios,fixed,1000,42,6,0.012000,2,0.998000,224,2
2486,500,AlmostEqualRatios,fixed,1000,42,10,0.020000,4,0.996000,251,1
2487,500,AlmostEqualRatios,fixed,1000,42,6,0.012000,0,1.000000,223,3
2488,500,AlmostEqualRatios,fixed,1000,42,7,0.014000,1,0.999000,252,3
2489,500,AlmostEqualRatios,fixed,1000,42,5,0.010000,0,1.000000,118,3
2490,500,AlmostEqualRatios,fixed,1000,42,8,0.016000,0,1.000000,228,4
2491,500,AlmostEqualRatios,fixed,1000,42,6,0.012000,0,1.000000,25,1
2492,500,AlmostEqualRatios,fixed,1000,42,6,0.012000,3,0.997000,234,4
2493,500,AlmostEqualRatios,fixed,1000,42,8,0.016000,0,1.000000,260,3
2494,500,AlmostEqualRatios,fixed,1000,42,5,0.010000,1,0.999000,85,3
2495,500,AlmostEqualRatios,fixed,1000,42,6,0.012000,0,1.000000,41,4
2496,500,AlmostEqualRatios,fixed,1000,42,5,0.010000,0,1.000000,251,2
2497,500,AlmostEqualRatios,fixed,1000,42,6,0.012000,1,0.999000,233,2
2498,500,AlmostEqualRatios,fixed,1000,42,8,0.016000,1,0.999000,233,2
2499,500,AlmostEqualRatios,fixed,1000,42,11,0.022000,0,1.000000,243,2
2500,1000,Uncorrelated,fixed,1000,42,35,0.035000,12,0.988000,35,34
2501,1000,Uncorrelated,fixed,1000,42,36,0.036000,14,0.986000,39,35
2502,1000,Uncorrelated,fixed,1000,42,43,0.043000,7,0.993000,42,43
2503,1000,Uncorrelated,fixed,1000,42,41,0.041000,10,0.990000,42,40
2504,1000,Uncorrelated,fixed,1000,42,38,0.038000,4,0.996000,77,36
2505,1000,Uncorrelated,fixed,1000,42,36,0.036000,6,0.994000,36,35
2506,1000,Uncorrelated,fixed,1000,42,38,0.038000,10,0.990000,39,37
2507,1000,Uncorrelated,fixed,1000,42,36,0.036000,0,1.000000,197,34
2508,1000,Uncorrelated,fixed,1000,42,37,0.037000,0,1.000000,43,36
2509,1000,Uncorrelated,fixed,1000,42,41,0.041000,9,0.991000,44,40
2510,1000,Uncorrelated,fixed,1000,42,34,0.034000,10,0.990000,33,34
2511,1000,Uncorrelated,fixed,1000,42,37,0.037000,3,0.997000,39,36
2512,1000,Uncorrelated,fixed,1000,42,44,0.044000,1,0.999000,127,42
2513,1000,Uncorrelated,fixed,1000,42,37,0.037000,1,0.999000,54,35
2514,1000,Uncorrelated,fixed,1000,42,32,0.032000,4,0.996000,171,31
2515,1000,Uncorrelated,fixed,1000,42,37,0.037000,3,0.997000,135,35
2516,1000,Uncorrelated,fixed,1000,42,42,0.042000,9,0.991000,125,41
2517,1000,Uncorrelated,fixed,1000,42,34,0.034000,8,0.992000,33,34
2518,1000,Uncorrelated,fixed,1000,42,37,0.037000,18,0.982000,36,37
2519,1000,Uncorrelated,fixed,1000,42,36,0.036000,8,0.992000,35,36
2520,1000,Uncorrelated,fixed,1000,42,38,0.038000,4,0.996000,111,35
2521,1000,Uncorrelated,fixed,1000,42,40,0.040000,0,1.000000,42,39
2522,1000,Uncorrelated,fixed,1000,42,32,0.032000,2,0.998000,106,31
2523,1000,Uncorrelated,fixed,1000,42,39,0.039000,14,0.986000,40,38
2524,1000,Uncorrelated,fixed,1000,42,49,0.049000,9,0.991000,48,49
2525,1000,Uncorrelated,fixed,1000,42,38,0.038000,2,0.998000,40,37
2526,1000,Uncorrelated,fixed,1000,42,43,0.043000,0,1.000000,43,42
2527,1000,Uncorrelated,fixed,1000,42,40,0.040000,21,0.979000,46,39
2528,1000,Uncorrelated,fixed,1000,42,39,0.039000,6,0.994000,58,38
2529,1000,Uncorrelated,fixed,1000,42,43,0.043000,0,1.000000,106,40
2530,1000,Uncorrelated,fixed,1000,42,44,0.044000,2,0.998000,169,43
2531,1000,Uncorrelated,fixed,1000,42,41,0.041000,7,0.993000,40,41
2532,1000,Uncorrelated,fixed,1000,42,43,0.043000,4,0.996000,73,42
2533,1000,Uncorrelated,fixed,1000,42,39,0.039000,3,0.997000,189,37
2534,1000,Uncorrelated,fixed,1000,42,42,0.042000,7,0.993000,44,40
2535,1000,Uncorrelated,fixed,1000,42,48,0.048000,9,0.991000,96,47
2536,1000,Uncorrelated,fixed,1000,42,41,0.041000,0,1.000000,55,38
2537,1000,Uncorrelated,fixed,1000,42,35,0.035000,9,0.991000,509,34
2538,1000,Uncorrelated,fixed,1000,42,41,0.041000,17,0.983000,40,41
2539,1000,Uncorrelated,fixed,1000,42,37,0.037000,0,1.000000,36,37
2540,1000,Uncorrelated,fixed,1000,42,37,0.037000,3,0.997000,39,36
2541,1000,Uncorrelated,fixed,1000,42,38,0.038000,13,0.987000,197,37
2542,1000,Uncorrelated,fixed,1000,42,37,0.037000,1,0.999000,42,36
2543,1000,Uncorrelated,fixed,1000,42,32,0.032000,5,0.995000,31,32
2544,1000,Uncorrelated,fixed,1000,42,45,0.045000,14,0.986000,845,44
2545,1000,Uncorrelated,fixed,1000,42,39,0.039000,2,0.998000,66,38
2546,1000,Uncorrelated,fixed,1000,42,40,0.040000,5,0.995000,902,38
2547,1000,Uncorrelated,fixed,1000,42,45,0.045000,18,0.982000,45,44
2548,1000,Uncorrelated,fixed,1000,42,41,0.041000,3,0.997000,43,40
2549,1000,Uncorrelated,fixed,1000,42,34,0.034000,6,0.994000,34,33
2550,1000,Uncorrelated,fixed,1000,42,34,0.034000,3,0.997000,38,33
2551,1000,Uncorrelated,fixed,1000,42,38,0.038000,1,0.999000,41,37
2552,1000,Uncorrelated,fixed,1000,42,41,0.041000,0,1.000000,40,41
2553,1000,Uncorrelated,fixed,1000,42,40,0.040000,2,0.998000,277,38
2554,1000,Uncorrelated,fixed,1000,42,47,0.047000,12,0.988000,46,47
2555,1000,Uncorrelated,fixed,1000,42,42,0.042000,1,0.999000,48,41
2556,1000,Uncorrelated,fixed,1000,42,45,0.045000,4,0.996000,60,43
2557,1000,Uncorrelated,fixed,1000,42,32,0.032000,4,0.996000,33,31
2558,1000,Uncorrelated,fixed,1000,42,44,0.044000,0,1.000000,54,43
2559,1000,Uncorrelated,fixed,1000,42,42,0.042000,3,0.997000,63,40
2560,1000,Uncorrelated,fixed,1000,42,34,0.034000,0,1.000000,33,34
2561,1000,Uncorrelated,fixed,1000,42,36,0.036000,3,0.997000,77,34
2562,1000,Uncorrelated,fixed,1000,42,41,0.041000,3,0.997000,132,38
2563,1000,Uncorrelated,fixed,1000,42,37,0.037000,2,0.998000,44,36
2564,1000,Uncorrelated,fixed,1000,42,41,0.041000,0,1.000000,44,39
2565,1000,Uncorrelated,fixed,1000,42,41,0.041000,14,0.986000,40,41
2566,1000,Uncorrelated,fixed,1000,42,38,0.038000,0,1.000000,166,37
2567,1000,Uncorrelated,fixed,1000,42,43,0.043000,8,0.992000,42,43
2568,1000,Uncorrelated,fixed,1000,42,41,0.041000,12,0.988000,86,40
2569,1000,Uncorrelated,fixed,1000,42,43,0.043000,9,0.991000,119,40
2570,1000,Uncorrelated,fixed,1000,42,31,0.031000,7,0.993000,39,30
2571,1000,Uncorrelated,fixed,1000,42,37,0.037000,0,1.000000,36,37
2572,1000,Uncorrelated,fixed,1000,42,39,0.039000,1,0.999000,38,39
2573,1000,Uncorrelated,fixed,1000,42,38,0.038000,5,0.995000,104,37
2574,1000,Uncorrelated,fixed,1000,42,47,0.047000,8,0.992000,112,46
2575,1000,Uncorrelated,fixed,1000,42,44,0.044000,2,0.998000,48,43
2576,1000,Uncorrelated,fixed,1000,42,37,0.037000,6,0.994000,53,35
2577,1000,Uncorrelated,fixed,1000,42,45,0.045000,21,0.979000,86,43
2578,1000,Uncorrelated,fixed,1000,42,40,0.040000,12,0.988000,42,39
2579,1000,Uncorrelated,fixed,1000,42,37,0.037000,3,0.997000,45,36
2580,1000,Uncorrelated,fixed,1000,42,36,0.036000,17,0.983000,35,36
2581,1000,Uncorrelated,fixed,1000,42,40,0.040000,1,0.999000,73,37
2582,1000,Uncorrelated,fixed,1000,42,39,0.039000,4,0.996000,39,38
2583,1000,Uncorrelated,fixed,1000,42,40,0.040000,2,0.998000,43,38
2584,1000,Uncorrelated,fixed,1000,42,46,0.046000,0,1.000000,138,44
2585,1000,Uncorrelated,fixed,1000,42,35,0.035000,6,0.994000,34,35
2586,1000,Uncorrelated,fixed,1000,42,40,0.040000,2,0.998000,39,40
2587,1000,Uncorrelated,fixed,1000,42,44,0.044000,8,0.992000,63,41
2588,1000,Uncorrelated,fixed,1000,42,40,0.040000,5,0.995000,50,38
2589,1000,Uncorrelated,fixed,1000,42,42,0.042000,11,0.989000,46,40
2590,1000,Uncorrelated,fixed,1000,42,42,0.042000,4,0.996000,41,42
2591,1000,Uncorrelated,fixed,1000,42,39,0.039000,8,0.992000,38,39
2592,1000,Uncorrelated,fixed,1000,42,37,0.037000,6,0.994000,103,35
2593,1000,Uncorrelated,fixed,1000,42,36,0.036000,16,0.984000,35,36
2594,1000,Uncorrelated,fixed,1000,42,33,0.033000,11,0.989000,32,33
2595,1000,Uncorrelated,fixed,1000,42,41,0.041000,1,0.999000,40,41
2596,1000,Uncorrelated,fixed,1000,42,40,0.040000,3,0.997000,66,39
2597,1000,Uncorrelated,fixed,1000,42,36,0.036000,4,0.996000,36,35
2598,1000,Uncorrelated,fixed,1000,42,39,0.039000,4,0.996000,192,38
2599,1000,Uncorrelated,fixed,1000,42,40,0.040000,0,1.000000,39,40
2600,1000,WeaklyCorrelated,fixed,1000,42,29,0.029000,0,1.000000,971,25
2601,1000,WeaklyCorrelated,fixed,1000,42,33,0.033000,0,1.000000,503,30
2602,1000,WeaklyCorrelated,fixed,1000,42,36,0.036000,0,1.000000,973,32
2603,1000,WeaklyCorrelated,fixed,1000,42,29,0.029000,7,0.993000,969,26
2604,1000,WeaklyCorrelated,fixed,1000,42,23,0.023000,2,0.998000,509,22
2605,1000,WeaklyCorrelated,fixed,1000,42,27,0.027000,4,0.996000,976,21
2606,1000,WeaklyCorrelated,fixed,1000,42,30,0.030000,1,0.999000,967,26
2607,1000,WeaklyCorrelated,fixed,1000,42,27,0.027000,1,0.999000,979,24
2608,1000,WeaklyCorrelated,fixed,1000,42,28,0.028000,5,0.995000,500,25
2609,1000,WeaklyCorrelated,fixed,1000,42,29,0.029000,6,0.994000,980,27
2610,1000,WeaklyCorrelated,fixed,1000,42,28,0.028000,0,1.000000,966,27
2611,1000,WeaklyCorrelated,fixed,1000,42,29,0.029000,0,1.000000,968,24
2612,1000,WeaklyCorrelated,fixed,1000,42,27,0.027000,0,1.000000,210,25
2613,1000,WeaklyCorrelated,fixed,1000,42,31,0.031000,1,0.999000,960,28
2614,1000,WeaklyCorrelated,fixed,1000,42,32,0.032000,6,0.994000,967,29
2615,1000,WeaklyCorrelated,fixed,1000,42,27,0.027000,1,0.999000,720,25
2616,1000,WeaklyCorrelated,fixed,1000,42,26,0.026000,0,1.000000,967,24
2617,1000,WeaklyCorrelated,fixed,1000,42,30,0.030000,6,0.994000,970,29
2618,1000,WeaklyCorrelated,fixed,1000,42,23,0.023000,0,1.000000,25,22
2619,1000,WeaklyCorrelated,fixed,1000,42,26,0.026000,1,0.999000,970,24
2620,1000,WeaklyCorrelated,fixed,1000,42,28,0.028000,3,0.997000,963,24
2621,1000,WeaklyCorrelated,fixed,1000,42,25,0.025000,3,0.997000,961,22
2622,1000,WeaklyCorrelated,fixed,1000,42,25,0.025000,5,0.995000,961,24
2623,1000,WeaklyCorrelated,fixed,1000,42,29,0.029000,3,0.997000,974,26
2624,1000,WeaklyCorrelated,fixed,1000,42,33,0.033000,0,1.000000,956,30
2625,1000,WeaklyCorrelated,fixed,1000,42,28,0.028000,0,1.000000,29,27
2626,1000,WeaklyCorrelated,fixed,1000,42,29,0.029000,5,0.995000,470,26
2627,1000,WeaklyCorrelated,fixed,1000,42,30,0.030000,0,1.000000,961,29
2628,1000,WeaklyCorrelated,fixed,1000,42,30,0.030000,8,0.992000,975,27
2629,1000,WeaklyCorrelated,fixed,1000,42,20,0.020000,0,1.000000,19,20
2630,1000,WeaklyCorrelated,fixed,1000,42,32,0.032000,0,1.000000,892,30
2631,1000,WeaklyCorrelated,fixed,1000,42,27,0.027000,3,0.997000,80,26
2632,1000,WeaklyCorrelated,fixed,1000,42,29,0.029000,3,0.997000,964,24
2633,1000,WeaklyCorrelated,fixed,1000,42,33,0.033000,6,0.994000,978,30
2634,1000,WeaklyCorrelated,fixed,1000,42,34,0.034000,4,0.996000,972,30
2635,1000,WeaklyCorrelated,fixed,1000,42,25,0.025000,5,0.995000,982,22
2636,1000,WeaklyCorrelated,fixed,1000,42,29,0.029000,1,0.999000,923,27
2637,1000,WeaklyCorrelated,fixed,1000,42,33,0.033000,0,1.000000,967,28
2638,1000,WeaklyCorrelated,fixed,1000,42,32,0.032000,0,1.000000,548,30
2639,1000,WeaklyCorrelated,fixed,1000,42,25,0.025000,1,0.999000,481,21
2640,1000,WeaklyCorrelated,fixed,1000,42,24,0.024000,0,1.000000,44,23
2641,1000,WeaklyCorrelated,fixed,1000,42,34,0.034000,2,0.998000,936,32
2642,1000,WeaklyCorrelated,fixed,1000,42,30,0.030000,0,1.000000,29,30
2643,1000,WeaklyCorrelated,fixed,1000,42,32,0.032000,3,0.997000,970,29
2644,1000,WeaklyCorrelated,fixed,1000,42,31,0.031000,0,1.000000,948,26
2645,1000,WeaklyCorrelated,fixed,1000,42,22,0.022000,2,0.998000,73,21
2646,1000,WeaklyCorrelated,fixed,1000,42,30,0.030000,4,0.996000,977,28
2647,1000,WeaklyCorrelated,fixed,1000,42,28,0.028000,0,1.000000,516,27
2648,1000,WeaklyCorrelated,fixed,1000,42,31,0.031000,1,0.999000,943,27
2649,1000,WeaklyCorrelated,fixed,1000,42,30,0.030000,0,1.000000,958,27
2650,1000,WeaklyCorrelated,fixed,1000,42,31,0.031000,2,0.998000,947,27
2651,1000,WeaklyCorrelated,fixed,1000,42,33,0.033000,5,0.995000,953,30
2652,1000,WeaklyCorrelated,fixed,1000,42,30,0.030000,1,0.999000,973,27
2653,1000,WeaklyCorrelated,fixed,1000,42,27,0.027000,4,0.996000,973,21
2654,1000,WeaklyCorrelated,fixed,1000,42,35,0.035000,4,0.996000,978,30
2655,1000,WeaklyCorrelated,fixed,1000,42,25,0.025000,0,1.000000,951,22
2656,1000,WeaklyCorrelated,fixed,1000,42,30,0.030000,0,1.000000,964,25
2657,1000,WeaklyCorrelated,fixed,1000,42,28,0.028000,4,0.996000,484,27
2658,1000,WeaklyCorrelated,fixed,1000,42,25,0.025000,1,0.999000,25,23
2659,1000,WeaklyCorrelated,fixed,1000,42,31,0.031000,0,1.000000,32,30
2660,1000,WeaklyCorrelated,fixed,1000,42,29,0.029000,4,0.996000,967,27
2661,1000,WeaklyCorrelated,fixed,1000,42,29,0.029000,2,0.998000,45,28
2662,1000,WeaklyCorrelated,fixed,1000,42,31,0.031000,4,0.996000,963,27
2663,1000,WeaklyCorrelated,fixed,1000,42,24,0.024000,8,0.992000,26,23
2664,1000,WeaklyCorrelated,fixed,1000,42,33,0.033000,1,0.999000,955,29
2665,1000,WeaklyCorrelated,fixed,1000,42,29,0.029000,0,1.000000,970,24
2666,1000,WeaklyCorrelated,fixed,1000,42,29,0.029000,1,0.999000,971,26
2667,1000,WeaklyCorrelated,fixed,1000,42,34,0.034000,4,0.996000,960,29
2668,1000,WeaklyCorrelated,fixed,1000,42,32,0.032000,0,1.000000,978,28
2669,1000,WeaklyCorrelated,fixed,1000,42,30,0.030000,0,1.000000,965,24
2670,1000,WeaklyCorrelated,fixed,1000,42,30,0.030000,0,1.000000,962,26
2671,1000,WeaklyCorrelated,fixed,1000,42,30,0.030000,0,1.000000,976,25
2672,1000,WeaklyCorrelated,fixed,1000,42,27,0.027000,6,0.994000,966,24
2673,1000,WeaklyCorrelated,fixed,1000,42,29,0.029000,1,0.999000,505,25
2674,1000,WeaklyCorrelated,fixed,1000,42,30,0.030000,1,0.999000,508,26
2675,1000,WeaklyCorrelated,fixed,1000,42,39,0.039000,1,0.999000,973,36
2676,1000,WeaklyCorrelated,fixed,1000,42,38,0.038000,2,0.998000,944,34
2677,1000,WeaklyCorrelated,fixed,1000,42,32,0.032000,1,0.999000,963,28
2678,1000,WeaklyCorrelated,fixed,1000,42,34,0.034000,1,0.999000,969,30
2679,1000,WeaklyCorrelated,fixed,1000,42,30,0.030000,4,0.996000,953,28
2680,1000,WeaklyCorrelated,fixed,1000,42,31,0.031000,0,1.000000,497,29
2681,1000,WeaklyCorrelated,fixed,1000,42,33,0.033000,1,0.999000,44,30
2682,1000,WeaklyCorrelated,fixed,1000,42,25,0.025000,1,0.999000,25,24
2683,1000,WeaklyCorrelated,fixed,1000,42,24,0.024000,2,0.998000,54,23
2684,1000,WeaklyCorrelated,fixed,1000,42,26,0.026000,4,0.996000,481,25
2685,1000,WeaklyCorrelated,fixed,1000,42,32,0.032000,1,0.999000,983,29
2686,1000,WeaklyCorrelated,fixed,1000,42,27,0.027000,0,1.000000,489,24
2687,1000,WeaklyCorrelated,fixed,1000,42,26,0.026000,1,0.999000,26,25
2688,1000,WeaklyCorrelated,fixed,1000,42,23,0.023000,1,0.999000,22,23
2689,1000,WeaklyCorrelated,fixed,1000,42,28,0.028000,4,0.996000,509,26
2690,1000,WeaklyCorrelated,fixed,1000,42,29,0.029000,2,0.998000,816,26
2691,1000,WeaklyCorrelated,fixed,1000,42,28,0.028000,3,0.997000,28,27
2692,1000,WeaklyCorrelated,fixed,1000,42,27,0.027000,4,0.996000,962,23
2693,1000,WeaklyCorrelated,fixed,1000,42,29,0.029000,0,1.000000,952,26
2694,1000,WeaklyCorrelated,fixed,1000,42,32,0.032000,0,1.000000,967,30
2695,1000,WeaklyCorrelated,fixed,1000,42,31,0.031000,2,0.998000,962,28
2696,1000,WeaklyCorrelated,fixed,1000,42,30,0.030000,3,0.997000,483,28
2697,1000,WeaklyCorrelated,fixed,1000,42,19,0.019000,1,0.999000,782,17
2698,1000,WeaklyCorrelated,fixed,1000,42,36,0.036000,3,0.997000,964,33
2699,1000,WeaklyCorrelated,fixed,1000,42,32,0.032000,1,0.999000,966,25
2700,1000,StronglyCorrelated,fixed,1000,42,45,0.045000,5,0.995000,45,44
2701,1000,StronglyCorrelated,fixed,1000,42,35,0.035000,10,0.990000,65,34
2702,1000,StronglyCorrelated,fixed,1000,42,28,0.028000,3,0.997000,28,27
2703,1000,StronglyCorrelated,fixed,1000,42,41,0.041000,6,0.994000,40,41
2704,1000,StronglyCorrelated,fixed,1000,42,40,0.040000,0,1.000000,40,39
2705,1000,StronglyCorrelated,fixed,1000,42,40,0.040000,0,1.000000,45,39
2706,1000,StronglyCorrelated,fixed,1000,42,36,0.036000,4,0.996000,36,34
2707,1000,StronglyCorrelated,fixed,1000,42,39,0.039000,13,0.987000,38,39
2708,1000,StronglyCorrelated,fixed,1000,42,43,0.043000,0,1.000000,48,42
2709,1000,StronglyCorrelated,fixed,1000,42,40,0.040000,5,0.995000,44,38
2710,1000,StronglyCorrelated,fixed,1000,42,43,0.043000,8,0.992000,44,41
2711,1000,StronglyCorrelated,fixed,1000,42,40,0.040000,6,0.994000,46,39
2712,1000,StronglyCorrelated,fixed,1000,42,42,0.042000,3,0.997000,53,40
2713,1000,StronglyCorrelated,fixed,1000,42,38,0.038000,3,0.997000,38,37
2714,1000,StronglyCorrelated,fixed,1000,42,30,0.030000,3,0.997000,29,30
2715,1000,StronglyCorrelated,fixed,1000,42,34,0.034000,1,0.999000,34,33
2716,1000,StronglyCorrelated,fixed,1000,42,39,0.039000,4,0.996000,51,38
2717,1000,StronglyCorrelated,fixed,1000,42,32,0.032000,17,0.983000,34,30
2718,1000,StronglyCorrelated,fixed,1000,42,46,0.046000,15,0.985000,57,44
2719,1000,StronglyCorrelated,fixed,1000,42,36,0.036000,3,0.997000,40,35
2720,1000,StronglyCorrelated,fixed,1000,42,38,0.038000,22,0.978000,37,38
2721,1000,StronglyCorrelated,fixed,1000,42,42,0.042000,6,0.994000,50,41
2722,1000,StronglyCorrelated,fixed,1000,42,38,0.038000,15,0.985000,37,38
2723,1000,StronglyCorrelated,fixed,1000,42,35,0.035000,2,0.998000,58,33
2724,1000,StronglyCorrelated,fixed,1000,42,48,0.048000,7,0.993000,51,47
2725,1000,StronglyCorrelated,fixed,1000,42,39,0.039000,4,0.996000,39,37
2726,1000,StronglyCorrelated,fixed,1000,42,34,0.034000,2,0.998000,36,33
2727,1000,StronglyCorrelated,fixed,1000,42,46,0.046000,0,1.000000,47,45
2728,1000,StronglyCorrelated,fixed,1000,42,34,0.034000,4,0.996000,33,34
2729,1000,StronglyCorrelated,fixed,1000,42,42,0.042000,0,1.000000,67,41
2730,1000,StronglyCorrelated,fixed,1000,42,43,0.043000,10,0.990000,44,42
2731,1000,StronglyCorrelated,fixed,1000,42,48,0.048000,7,0.993000,50,46
2732,1000,StronglyCorrelated,fixed,1000,42,36,0.036000,18,0.982000,35,36
2733,1000,StronglyCorrelated,fixed,1000,42,39,0.039000,1,0.999000,38,39
2734,1000,StronglyCorrelated,fixed,1000,42,34,0.034000,9,0.991000,38,33
2735,1000,StronglyCorrelated,fixed,1000,42,39,0.039000,0,1.000000,54,38
2736,1000,StronglyCorrelated,fixed,1000,42,43,0.043000,11,0.989000,88,42
2737,1000,StronglyCorrelated,fixed,1000,42,34,0.034000,1,0.999000,42,33
2738,1000,StronglyCorrelated,fixed,1000,42,42,0.042000,1,0.999000,49,40
2739,1000,StronglyCorrelated,fixed,1000,42,36,0.036000,14,0.986000,37,35
2740,1000,StronglyCorrelated,fixed,1000,42,38,0.038000,3,0.997000,37,38
2741,1000,StronglyCorrelated,fixed,1000,42,39,0.039000,4,0.996000,78,36
2742,1000,StronglyCorrelated,fixed,1000,42,46,0.046000,3,0.997000,45,46
2743,1000,StronglyCorrelated,fixed,1000,42,34,0.034000,1,0.999000,33,34
2744,1000,StronglyCorrelated,fixed,1000,42,42,0.042000,16,0.984000,41,42
2745,1000,StronglyCorrelated,fixed,1000,42,31,0.031000,0,1.000000,36,30
2746,1000,StronglyCorrelated,fixed,1000,42,37,0.037000,5,0.995000,37,36
2747,1000,StronglyCorrelated,fixed,1000,42,41,0.041000,3,0.997000,50,40
2748,1000,StronglyCorrelated,fixed,1000,42,39,0.039000,3,0.997000,38,39
2749,1000,StronglyCorrelated,fixed,1000,42,41,0.041000,2,0.998000,44,40
2750,1000,StronglyCorrelated,fixed,1000,42,37,0.037000,13,0.987000,36,37
2751,1000,StronglyCorrelated,fixed,1000,42,36,0.036000,19,0.981000,35,36
2752,1000,StronglyCorrelated,fixed,1000,42,44,0.044000,6,0.994000,58,42
2753,1000,StronglyCorrelated,fixed,1000,42,36,0.036000,3,0.997000,40,34
2754,1000,StronglyCorrelated,fixed,1000,42,39,0.039000,6,0.994000,44,38
2755,1000,StronglyCorrelated,fixed,1000,42,36,0.036000,14,0.986000,99,35
2756,1000,StronglyCorrelated,fixed,1000,42,39,0.039000,0,1.000000,41,38
2757,1000,StronglyCorrelated,fixed,1000,42,36,0.036000,5,0.995000,40,34
2758,1000,StronglyCorrelated,fixed,1000,42,38,0.038000,8,0.992000,42,37
2759,1000,StronglyCorrelated,fixed,1000,42,41,0.041000,4,0.996000,42,39
2760,1000,StronglyCorrelated,fixed,1000,42,40,0.040000,11,0.989000,39,40
2761,1000,StronglyCorrelated,fixed,1000,42,38,0.038000,9,0.991000,39,37
2762,1000,StronglyCorrelated,fixed,1000,42,45,0.045000,10,0.990000,44,45
2763,1000,StronglyCorrelated,fixed,1000,42,38,0.038000,10,0.990000,47,37
2764,1000,StronglyCorrelated,fixed,1000,42,39,0.039000,1,0.999000,74,38
2765,1000,StronglyCorrelated,fixed,1000,42,34,0.034000,2,0.998000,38,33
2766,1000,StronglyCorrelated,fixed,1000,42,40,0.040000,1,0.999000,47,39
2767,1000,StronglyCorrelated,fixed,1000,42,40,0.040000,0,1.000000,45,38
2768,1000,StronglyCorrelated,fixed,1000,42,44,0.044000,6,0.994000,65,42
2769,1000,StronglyCorrelated,fixed,1000,42,36,0.036000,0,1.000000,36,35
2770,1000,StronglyCorrelated,fixed,1000,42,39,0.039000,0,1.000000,120,37
2771,1000,StronglyCorrelated,fixed,1000,42,40,0.040000,1,0.999000,68,38
2772,1000,StronglyCorrelated,fixed,1000,42,39,0.039000,18,0.982000,61,36
2773,1000,StronglyCorrelated,fixed,1000,42,37,0.037000,11,0.989000,73,36
2774,1000,StronglyCorrelated,fixed,1000,42,39,0.039000,11,0.989000,50,38
2775,1000,StronglyCorrelated,fixed,1000,42,42,0.042000,6,0.994000,42,41
2776,1000,StronglyCorrelated,fixed,1000,42,41,0.041000,12,0.988000,42,40
2777,1000,StronglyCorrelated,fixed,1000,42,43,0.043000,7,0.993000,45,42
2778,1000,StronglyCorrelated,fixed,1000,42,39,0.039000,16,0.984000,89,37
2779,1000,StronglyCorrelated,fixed,1000,42,40,0.040000,10,0.990000,39,40
2780,1000,StronglyCorrelated,fixed,1000,42,50,0.050000,4,0.996000,49,50
2781,1000,StronglyCorrelated,fixed,1000,42,38,0.038000,4,0.996000,37,38
2782,1000,StronglyCorrelated,fixed,1000,42,35,0.035000,5,0.995000,57,34
2783,1000,StronglyCorrelated,fixed,1000,42,35,0.035000,13,0.987000,35,34
2784,1000,StronglyCorrelated,fixed,1000,42,41,0.041000,5,0.995000,54,40
2785,1000,StronglyCorrelated,fixed,1000,42,38,0.038000,1,0.999000,38,37
2786,1000,StronglyCorrelated,fixed,1000,42,43,0.043000,3,0.997000,63,42
2787,1000,StronglyCorrelated,fixed,1000,42,41,0.041000,5,0.995000,52,39
2788,1000,StronglyCorrelated,fixed,1000,42,36,0.036000,0,1.000000,37,35
2789,1000,StronglyCorrelated,fixed,1000,42,36,0.036000,5,0.995000,47,34
2790,1000,StronglyCorrelated,fixed,1000,42,40,0.040000,7,0.993000,39,40
2791,1000,StronglyCorrelated,fixed,1000,42,40,0.040000,3,0.997000,44,39
2792,1000,StronglyCorrelated,fixed,1000,42,40,0.040000,6,0.994000,40,39
2793,1000,StronglyCorrelated,fixed,1000,42,39,0.039000,11,0.989000,42,38
2794,1000,StronglyCorrelated,fixed,1000,42,36,0.036000,5,0.995000,38,35
2795,1000,StronglyCorrelated,fixed,1000,42,42,0.042000,1,0.999000,41,42
2796,1000,StronglyCorrelated,fixed,1000,42,35,0.035000,2,0.998000,34,35
2797,1000,StronglyCorrelated,fixed,1000,42,39,0.039000,5,0.995000,38,39
2798,1000,StronglyCorrelated,fixed,1000,42,39,0.039000,6,0.994000,38,39
2799,1000,StronglyCorrelated,fixed,1000,42,44,0.044000,5,0.995000,52,42
2800,1000,InverseCorrelated,fixed,1000,42,44,0.044000,7,0.993000,43,44
2801,1000,InverseCorrelated,fixed,1000,42,40,0.040000,41,0.959000,39,40
2802,1000,InverseCorrelated,fixed,1000,42,46,0.046000,38,0.962000,45,46
2803,1000,InverseCorrelated,fixed,1000,42,50,0.050000,25,0.975000,49,50
2804,1000,InverseCorrelated,fixed,1000,42,41,0.041000,20,0.980000,40,41
2805,1000,InverseCorrelated,fixed,1000,42,42,0.042000,41,0.959000,41,42
2806,1000,InverseCorrelated,fixed,1000,42,47,0.047000,22,0.978000,46,47
2807,1000,InverseCorrelated,fixed,1000,42,38,0.038000,36,0.964000,37,38
2808,1000,InverseCorrelated,fixed,1000,42,47,0.047000,31,0.969000,46,47
2809,1000,InverseCorrelated,fixed,1000,42,46,0.046000,9,0.991000,45,46
2810,1000,InverseCorrelated,fixed,1000,42,47,0.047000,20,0.980000,46,47
2811,1000,InverseCorrelated,fixed,1000,42,45,0.045000,32,0.968000,44,45
2812,1000,InverseCorrelated,fixed,1000,42,40,0.040000,41,0.959000,39,40
2813,1000,InverseCorrelated,fixed,1000,42,45,0.045000,12,0.988000,44,45
2814,1000,InverseCorrelated,fixed,1000,42,34,0.034000,2,0.998000,33,34
2815,1000,InverseCorrelated,fixed,1000,42,46,0.046000,20,0.980000,45,46
2816,1000,InverseCorrelated,fixed,1000,42,51,0.051000,16,0.984000,50,51
2817,1000,InverseCorrelated,fixed,1000,42,38,0.038000,45,0.955000,37,38
2818,1000,InverseCorrelated,fixed,1000,42,49,0.049000,18,0.982000,48,49
2819,1000,InverseCorrelated,fixed,1000,42,41,0.041000,12,0.988000,40,41
2820,1000,InverseCorrelated,fixed,1000,42,50,0.050000,34,0.966000,49,50
2821,1000,InverseCorrelated,fixed,1000,42,51,0.051000,18,0.982000,50,51
2822,1000,InverseCorrelated,fixed,1000,42,44,0.044000,35,0.965000,43,44
2823,1000,InverseCorrelated,fixed,1000,42,39,0.039000,29,0.971000,38,39
2824,1000,InverseCorrelated,fixed,1000,42,50,0.050000,28,0.972000,49,50
2825,1000,InverseCorrelated,fixed,1000,42,46,0.046000,31,0.969000,45,46
2826,1000,InverseCorrelated,fixed,1000,42,45,0.045000,12,0.988000,44,45
2827,1000,InverseCorrelated,fixed,1000,42,40,0.040000,14,0.986000,39,40
2828,1000,InverseCorrelated,fixed,1000,42,42,0.042000,33,0.967000,41,42
2829,1000,InverseCorrelated,fixed,1000,42,40,0.040000,14,0.986000,39,40
2830,1000,InverseCorrelated,fixed,1000,42,48,0.048000,12,0.988000,47,48
2831,1000,InverseCorrelated,fixed,1000,42,38,0.038000,45,0.955000,37,38
2832,1000,InverseCorrelated,fixed,1000,42,40,0.040000,6,0.994000,39,40
2833,1000,InverseCorrelated,fixed,1000,42,45,0.045000,18,0.982000,44,45
2834,1000,InverseCorrelated,fixed,1000,42,47,0.047000,21,0.979000,46,47
2835,1000,InverseCorrelated,fixed,1000,42,44,0.044000,5,0.995000,43,44
2836,1000,InverseCorrelated,fixed,1000,42,42,0.042000,24,0.976000,41,42
2837,1000,InverseCorrelated,fixed,1000,42,47,0.047000,26,0.974000,46,47
2838,1000,InverseCorrelated,fixed,1000,42,50,0.050000,22,0.978000,49,50
2839,1000,InverseCorrelated,fixed,1000,42,47,0.047000,41,0.959000,46,47
2840,1000,InverseCorrelated,fixed,1000,42,40,0.040000,41,0.959000,39,40
2841,1000,InverseCorrelated,fixed,1000,42,42,0.042000,40,0.960000,41,42
2842,1000,InverseCorrelated,fixed,1000,42,43,0.043000,36,0.964000,42,43
2843,1000,InverseCorrelated,fixed,1000,42,46,0.046000,22,0.978000,45,46
2844,1000,InverseCorrelated,fixed,1000,42,47,0.047000,8,0.992000,46,47
2845,1000,InverseCorrelated,fixed,1000,42,45,0.045000,24,0.976000,44,45
2846,1000,InverseCorrelated,fixed,1000,42,47,0.047000,6,0.994000,46,47
2847,1000,InverseCorrelated,fixed,1000,42,44,0.044000,23,0.977000,43,44
2848,1000,InverseCorrelated,fixed,1000,42,34,0.034000,39,0.961000,33,34
2849,1000,InverseCorrelated,fixed,1000,42,42,0.042000,45,0.955000,41,42
2850,1000,InverseCorrelated,fixed,1000,42,48,0.048000,27,0.973000,47,48
2851,1000,InverseCorrelated,fixed,1000,42,42,0.042000,19,0.981000,41,42
2852,1000,InverseCorrelated,fixed,1000,42,43,0.043000,3,0.997000,42,43
2853,1000,InverseCorrelated,fixed,1000,42,50,0.050000,12,0.988000,49,50
2854,1000,InverseCorrelated,fixed,1000,42,50,0.050000,37,0.963000,49,50
2855,1000,InverseCorrelated,fixed,1000,42,41,0.041000,14,0.986000,40,41
2856,1000,InverseCorrelated,fixed,1000,42,43,0.043000,26,0.974000,42,43
2857,1000,InverseCorrelated,fixed,1000,42,37,0.037000,20,0.980000,36,37
2858,1000,InverseCorrelated,fixed,1000,42,48,0.048000,10,0.990000,47,48
2859,1000,InverseCorrelated,fixed,1000,42,43,0.043000,2,0.998000,42,43
2860,1000,InverseCorrelated,fixed,1000,42,44,0.044000,26,0.974000,43,44
2861,1000,InverseCorrelated,fixed,1000,42,35,0.035000,35,0.965000,34,35
2862,1000,InverseCorrelated,fixed,1000,42,33,0.033000,39,0.961000,32,33
2863,1000,InverseCorrelated,fixed,1000,42,49,0.049000,27,0.973000,48,49
2864,1000,InverseCorrelated,fixed,1000,42,36,0.036000,20,0.980000,35,36
2865,1000,InverseCorrelated,fixed,1000,42,33,0.033000,36,0.964000,32,33
2866,1000,InverseCorrelated,fixed,1000,42,48,0.048000,25,0.975000,47,48
2867,1000,InverseCorrelated,fixed,1000,42,42,0.042000,26,0.974000,41,42
2868,1000,InverseCorrelated,fixed,1000,42,49,0.049000,25,0.975000,48,49
2869,1000,InverseCorrelated,fixed,1000,42,42,0.042000,6,0.994000,41,42
2870,1000,InverseCorrelated,fixed,1000,42,39,0.039000,24,0.976000,38,39
2871,1000,InverseCorrelated,fixed,1000,42,43,0.043000,18,0.982000,42,43
2872,1000,InverseCorrelated,fixed,1000,42,40,0.040000,38,0.962000,39,40
2873,1000,InverseCorrelated,fixed,1000,42,45,0.045000,7,0.993000,44,45
2874,1000,InverseCorrelated,fixed,1000,42,44,0.044000,34,0.966000,43,44
2875,1000,InverseCorrelated,fixed,1000,42,47,0.047000,27,0.973000,46,47
2876,1000,InverseCorrelated,fixed,1000,42,40,0.040000,17,0.983000,39,40
2877,1000,InverseCorrelated,fixed,1000,42,42,0.042000,34,0.966000,41,42
2878,1000,InverseCorrelated,fixed,1000,42,49,0.049000,36,0.964000,48,49
2879,1000,InverseCorrelated,fixed,1000,42,36,0.036000,32,0.968000,35,36
2880,1000,InverseCorrelated,fixed,1000,42,49,0.049000,27,0.973000,48,49
2881,1000,InverseCorrelated,fixed,1000,42,39,0.039000,20,0.980000,38,39
2882,1000,InverseCorrelated,fixed,1000,42,42,0.042000,28,0.972000,41,42
2883,1000,InverseCorrelated,fixed,1000,42,47,0.047000,25,0.975000,46,47
2884,1000,InverseCorrelated,fixed,1000,42,41,0.041000,24,0.976000,40,41
2885,1000,InverseCorrelated,fixed,1000,42,45,0.045000,3,0.997000,44,45
2886,1000,InverseCorrelated,fixed,1000,42,40,0.040000,33,0.967000,39,40
2887,1000,InverseCorrelated,fixed,1000,42,40,0.040000,12,0.988000,39,40
2888,1000,InverseCorrelated,fixed,1000,42,41,0.041000,39,0.961000,40,41
2889,1000,InverseCorrelated,fixed,1000,42,43,0.043000,14,0.986000,42,43
2890,1000,InverseCorrelated,fixed,1000,42,45,0.045000,13,0.987000,44,45
2891,1000,InverseCorrelated,fixed,1000,42,47,0.047000,19,0.981000,46,47
2892,1000,InverseCorrelated,fixed,1000,42,41,0.041000,37,0.963000,40,41
2893,1000,InverseCorrelated,fixed,1000,42,38,0.038000,35,0.965000,37,38
2894,1000,InverseCorrelated,fixed,1000,42,42,0.042000,17,0.983000,41,42
2895,1000,InverseCorrelated,fixed,1000,42,41,0.041000,14,0.986000,40,41
2896,1000,InverseCorrelated,fixed,1000,42,41,0.041000,13,0.987000,40,41
2897,1000,InverseCorrelated,fixed,1000,42,42,0.042000,39,0.961000,41,42
2898,1000,InverseCorrelated,fixed,1000,42,51,0.051000,1,0.999000,50,51
2899,1000,InverseCorrelated,fixed,1000,42,47,0.047000,12,0.988000,46,47
2900,1000,AlmostEqualRatios,fixed,1000,42,9,0.009000,0,1.000000,487,4
2901,1000,AlmostEqualRatios,fixed,1000,42,12,0.012000,0,1.000000,489,5
2902,1000,AlmostEqualRatios,fixed,1000,42,11,0.011000,3,0.997000,519,4
2903,1000,AlmostEqualRatios,fixed,1000,42,8,0.008000,0,1.000000,72,4
2904,1000,AlmostEqualRatios,fixed,1000,42,7,0.007000,0,1.000000,201,5
2905,1000,AlmostEqualRatios,fixed,1000,42,11,0.011000,2,0.998000,514,4
2906,1000,AlmostEqualRatios,fixed,1000,42,13,0.013000,0,1.000000,508,6
2907,1000,AlmostEqualRatios,fixed,1000,42,9,0.009000,0,1.000000,517,5
2908,1000,AlmostEqualRatios,fixed,1000,42,16,0.016000,0,1.000000,518,5
2909,1000,AlmostEqualRatios,fixed,1000,42,8,0.008000,1,0.999000,499,4
2910,1000,AlmostEqualRatios,fixed,1000,42,7,0.007000,0,1.000000,28,4
2911,1000,AlmostEqualRatios,fixed,1000,42,7,0.007000,0,1.000000,477,2
2912,1000,AlmostEqualRatios,fixed,1000,42,14,0.014000,0,1.000000,492,10
2913,1000,AlmostEqualRatios,fixed,1000,42,10,0.010000,0,1.000000,508,3
2914,1000,AlmostEqualRatios,fixed,1000,42,9,0.009000,0,1.000000,502,3
2915,1000,AlmostEqualRatios,fixed,1000,42,5,0.005000,0,1.000000,62,1
2916,1000,AlmostEqualRatios,fixed,1000,42,9,0.009000,0,1.000000,177,5
2917,1000,AlmostEqualRatios,fixed,1000,42,10,0.010000,0,1.000000,535,3
2918,1000,AlmostEqualRatios,fixed,1000,42,7,0.007000,2,0.998000,499,4
2919,1000,AlmostEqualRatios,fixed,1000,42,10,0.010000,0,1.000000,473,6
2920,1000,AlmostEqualRatios,fixed,1000,42,8,0.008000,4,0.996000,486,3
2921,1000,AlmostEqualRatios,fixed,1000,42,8,0.008000,0,1.000000,488,1
2922,1000,AlmostEqualRatios,fixed,1000,42,5,0.005000,0,1.000000,84,3
2923,1000,AlmostEqualRatios,fixed,1000,42,9,0.009000,0,1.000000,484,6
2924,1000,AlmostEqualRatios,fixed,1000,42,12,0.012000,6,0.994000,500,4
2925,1000,AlmostEqualRatios,fixed,1000,42,8,0.008000,1,0.999000,513,4
2926,1000,AlmostEqualRatios,fixed,1000,42,12,0.012000,0,1.000000,479,5
2927,1000,AlmostEqualRatios,fixed,1000,42,8,0.008000,0,1.000000,490,5
2928,1000,AlmostEqualRatios,fixed,1000,42,7,0.007000,4,0.996000,489,3
2929,1000,AlmostEqualRatios,fixed,1000,42,11,0.011000,0,1.000000,477,8
2930,1000,AlmostEqualRatios,fixed,1000,42,4,0.004000,0,1.000000,3,4
2931,1000,AlmostEqualRatios,fixed,1000,42,13,0.013000,1,0.999000,473,6
2932,1000,AlmostEqualRatios,fixed,1000,42,12,0.012000,0,1.000000,504,3
2933,1000,AlmostEqualRatios,fixed,1000,42,7,0.007000,0,1.000000,458,2
2934,1000,AlmostEqualRatios,fixed,1000,42,7,0.007000,1,0.999000,503,2
2935,1000,AlmostEqualRatios,fixed,1000,42,6,0.006000,0,1.000000,469,2
2936,1000,AlmostEqualRatios,fixed,1000,42,8,0.008000,0,1.000000,473,5
2937,1000,AlmostEqualRatios,fixed,1000,42,12,0.012000,0,1.000000,507,6
2938,1000,AlmostEqualRatios,fixed,1000,42,7,0.007000,0,1.000000,498,3
2939,1000,AlmostEqualRatios,fixed,1000,42,9,0.009000,0,1.000000,506,3
2940,1000,AlmostEqualRatios,fixed,1000,42,7,0.007000,1,0.999000,483,3
2941,1000,AlmostEqualRatios,fixed,1000,42,12,0.012000,3,0.997000,478,5
2942,1000,AlmostEqualRatios,fixed,1000,42,8,0.008000,0,1.000000,59,6
2943,1000,AlmostEqualRatios,fixed,1000,42,9,0.009000,0,1.000000,502,2
2944,1000,AlmostEqualRatios,fixed,1000,42,9,0.009000,0,1.000000,87,4
2945,1000,AlmostEqualRatios,fixed,1000,42,11,0.011000,0,1.000000,475,3
2946,1000,AlmostEqualRatios,fixed,1000,42,6,0.006000,0,1.000000,502,2
2947,1000,AlmostEqualRatios,fixed,1000,42,8,0.008000,0,1.000000,521,1
2948,1000,AlmostEqualRatios,fixed,1000,42,11,0.011000,0,1.000000,531,3
2949,1000,AlmostEqualRatios,fixed,1000,42,9,0.009000,0,1.000000,497,4
2950,1000,AlmostEqualRatios,fixed,1000,42,13,0.013000,0,1.000000,505,6
2951,1000,AlmostEqualRatios,fixed,1000,42,12,0.012000,0,1.000000,549,6
2952,1000,AlmostEqualRatios,fixed,1000,42,10,0.010000,1,0.999000,471,5
2953,1000,AlmostEqualRatios,fixed,1000,42,6,0.006000,2,0.998000,499,4
2954,1000,AlmostEqualRatios,fixed,1000,42,12,0.012000,1,0.999000,505,6
2955,1000,AlmostEqualRatios,fixed,1000,42,10,0.010000,1,0.999000,488,4
2956,1000,AlmostEqualRatios,fixed,1000,42,6,0.006000,0,1.000000,478,2
2957,1000,AlmostEqualRatios,fixed,1000,42,8,0.008000,1,0.999000,530,3
2958,1000,AlmostEqualRatios,fixed,1000,42,5,0.005000,0,1.000000,539,3
2959,1000,AlmostEqualRatios,fixed,1000,42,9,0.009000,0,1.000000,495,4
2960,1000,AlmostEqualRatios,fixed,1000,42,11,0.011000,1,0.999000,534,4
2961,1000,AlmostEqualRatios,fixed,1000,42,12,0.012000,0,1.000000,477,5
2962,1000,AlmostEqualRatios,fixed,1000,42,7,0.007000,1,0.999000,498,3
2963,1000,AlmostEqualRatios,fixed,1000,42,7,0.007000,2,0.998000,495,3
2964,1000,AlmostEqualRatios,fixed,1000,42,13,0.013000,2,0.998000,504,6
2965,1000,AlmostEqualRatios,fixed,1000,42,14,0.014000,0,1.000000,508,4
2966,1000,AlmostEqualRatios,fixed,1000,42,9,0.009000,1,0.999000,503,5
2967,1000,AlmostEqualRatios,fixed,1000,42,10,0.010000,1,0.999000,493,5
2968,1000,AlmostEqualRatios,fixed,1000,42,9,0.009000,0,1.000000,520,4
2969,1000,AlmostEqualRatios,fixed,1000,42,10,0.010000,0,1.000000,509,2
2970,1000,AlmostEqualRatios,fixed,1000,42,5,0.005000,0,1.000000,501,2
2971,1000,AlmostEqualRatios,fixed,1000,42,7,0.007000,0,1.000000,474,2
2972,1000,AlmostEqualRatios,fixed,1000,42,10,0.010000,0,1.000000,495,2
2973,1000,AlmostEqualRatios,fixed,1000,42,9,0.009000,1,0.999000,491,4
2974,1000,AlmostEqualRatios,fixed,1000,42,8,0.008000,0,1.000000,508,3
2975,1000,AlmostEqualRatios,fixed,1000,42,11,0.011000,0,1.000000,472,4
2976,1000,AlmostEqualRatios,fixed,1000,42,10,0.010000,2,0.998000,489,6
2977,1000,AlmostEqualRatios,fixed,1000,42,10,0.010000,1,0.999000,542,5
2978,1000,AlmostEqualRatios,fixed,1000,42,6,0.006000,0,1.000000,493,5
2979,1000,AlmostEqualRatios,fixed,1000,42,8,0.008000,2,0.998000,523,4
2980,1000,AlmostEqualRatios,fixed,1000,42,6,0.006000,2,0.998000,482,4
2981,1000,AlmostEqualRatios,fixed,1000,42,9,0.009000,0,1.000000,498,6
2982,1000,AlmostEqualRatios,fixed,1000,42,10,0.010000,0,1.000000,107,5
2983,1000,AlmostEqualRatios,fixed,1000,42,5,0.005000,0,1.000000,521,1
2984,1000,AlmostEqualRatios,fixed,1000,42,11,0.011000,0,1.000000,472,4
2985,1000,AlmostEqualRatios,fixed,1000,42,11,0.011000,1,0.999000,490,6
2986,1000,AlmostEqualRatios,fixed,1000,42,13,0.013000,0,1.000000,458,6
2987,1000,AlmostEqualRatios,fixed,1000,42,8,0.008000,0,1.000000,539,4
2988,1000,AlmostEqualRatios,fixed,1000,42,6,0.006000,1,0.999000,492,3
2989,1000,AlmostEqualRatios,fixed,1000,42,10,0.010000,0,1.000000,489,3
2990,1000,AlmostEqualRatios,fixed,1000,42,10,0.010000,0,1.000000,505,7
2991,1000,AlmostEqualRatios,fixed,1000,42,10,0.010000,0,1.000000,517,3
2992,1000,AlmostEqualRatios,fixed,1000,42,9,0.009000,3,0.997000,503,6
2993,1000,AlmostEqualRatios,fixed,1000,42,14,0.014000,2,0.998000,515,4
2994,1000,AlmostEqualRatios,fixed,1000,42,7,0.007000,2,0.998000,472,1
2995,1000,AlmostEqualRatios,fixed,1000,42,10,0.010000,4,0.996000,488,3
2996,1000,AlmostEqualRatios,fixed,1000,42,7,0.007000,0,1.000000,474,3
2997,1000,AlmostEqualRatios,fixed,1000,42,7,0.007000,0,1.000000,494,1
2998,1000,AlmostEqualRatios,fixed,1000,42,6,0.006000,0,1.000000,482,3
2999,1000,AlmostEqualRatios,fixed,1000,42,11,0.011000,1,0.999000,488,6
0,20,Uncorrelated,scaled,5968,42,12,0.600000,619,0.896280,11,12
1,20,Uncorrelated,scaled,5084,42,12,0.600000,21,0.995869,11,12
2,20,Uncorrelated,scaled,5255,42,12,0.600000,257,0.951094,11,12
3,20,Uncorrelated,scaled,5447,42,11,0.550000,135,0.975216,10,11
4,20,Uncorrelated,scaled,4314,42,13,0.650000,203,0.952944,13,12
5,20,Uncorrelated,scaled,5259,42,13,0.650000,206,0.960829,18,12
6,20,Uncorrelated,scaled,5663,42,12,0.600000,21,0.996292,11,12
7,20,Uncorrelated,scaled,5859,42,12,0.600000,143,0.975593,12,11
8,20,Uncorrelated,scaled,5089,42,14,0.700000,366,0.928080,15,13
9,20,Uncorrelated,scaled,6120,42,11,0.550000,344,0.943791,11,10
10,20,Uncorrelated,scaled,4336,42,14,0.700000,2,0.999539,18,12
11,20,Uncorrelated,scaled,4968,42,12,0.600000,105,0.978865,11,12
12,20,Uncorrelated,scaled,5349,42,12,0.600000,69,0.987100,14,11
13,20,Uncorrelated,scaled,5042,42,12,0.600000,248,0.950813,12,11
14,20,Uncorrelated,scaled,4373,42,14,0.700000,0,1.000000,13,14
15,20,Uncorrelated,scaled,5449,42,10,0.500000,75,0.986236,9,10
16,20,Uncorrelated,scaled,5362,42,13,0.650000,138,0.974263,15,11
17,20,Uncorrelated,scaled,5182,42,14,0.700000,116,0.977615,16,13
18,20,Uncorrelated,scaled,5155,42,13,0.650000,63,0.987779,15,12
19,20,Uncorrelated,scaled,5734,42,12,0.600000,227,0.960412,16,11
20,20,Uncorrelated,scaled,5080,42,13,0.650000,148,0.970866,13,12
21,20,Uncorrelated,scaled,4385,42,12,0.600000,248,0.943444,11,12
22,20,Uncorrelated,scaled,3779,42,15,0.750000,26,0.993120,17,13
23,20,Uncorrelated,scaled,5552,42,13,0.650000,148,0.973343,17,12
24,20,Uncorrelated,scaled,2927,42,14,0.700000,103,0.964810,17,13
25,20,Uncorrelated,scaled,4448,42,14,0.700000,55,0.987635,15,13
26,20,Uncorrelated,scaled,4743,42,13,0.650000,42,0.991145,13,12
27,20,Uncorrelated,scaled,5570,42,12,0.600000,119,0.978636,13,11
28,20,Uncorrelated,scaled,4970,42,12,0.600000,71,0.985714,11,12
29,20,Uncorrelated,scaled,4453,42,13,0.650000,69,0.984505,14,11
30,20,Uncorrelated,scaled,4728,42,13,0.650000,164,0.965313,12,13
31,20,Uncorrelated,scaled,6224,42,11,0.550000,179,0.971240,12,10
32,20,Uncorrelated,scaled,5348,42,14,0.700000,49,0.990838,17,13
33,20,Uncorrelated,scaled,3889,42,14,0.700000,121,0.968887,15,12
34,20,Uncorrelated,scaled,5018,42,13,0.650000,157,0.968713,18,12
35,20,Uncorrelated,scaled,3819,42,14,0.700000,210,0.945012,16,12
36,20,Uncorrelated,scaled,4217,42,13,0.650000,41,0.990277,13,12
37,20,Uncorrelated,scaled,5586,42,12,0.600000,300,0.946294,12,11
38,20,Uncorrelated,scaled,4851,42,13,0.650000,55,0.988662,14,11
39,20,Uncorrelated,scaled,4312,42,11,0.550000,74,0.982839,10,11
40,20,Uncorrelated,scaled,4564,42,13,0.650000,122,0.973269,12,13
41,20,Uncorrelated,scaled,5349,42,13,0.650000,6,0.998878,12,13
42,20,Uncorrelated,scaled,4887,42,14,0.700000,14,0.997135,15,13
43,20,Uncorrelated,scaled,4386,42,13,0.650000,308,0.929777,12,13
44,20,Uncorrelated,scaled,5289,42,12,0.600000,41,0.992248,18,11
45,20,Uncorrelated,scaled,4899,42,12,0.600000,243,0.950398,11,12
46,20,Uncorrelated,scaled,6030,42,12,0.600000,67,0.988889,11,12
47,20,Uncorrelated,scaled,4795,42,13,0.650000,142,0.970386,12,13
48,20,Uncorrelated,scaled,5558,42,13,0.650000,36,0.993523,15,11
49,20,Uncorrelated,scaled,5303,42,12,0.600000,133,0.974920,13,11
50,20,Uncorrelated,scaled,5292,42,11,0.550000,156,0.970522,11,10
51,20,Uncorrelated,scaled,6377,42,12,0.600000,152,0.976164,11,12
52,20,Uncorrelated,scaled,5823,42,12,0.600000,139,0.976129,11,12
53,20,Uncorrelated,scaled,5894,42,13,0.650000,154,0.973872,18,12
54,20,Uncorrelated,scaled,5130,42,13,0.650000,68,0.986745,12,13
55,20,Uncorrelated,scaled,5068,42,12,0.600000,8,0.998421,12,11
56,20,Uncorrelated,scaled,5586,42,13,0.650000,285,0.948980,12,13
57,20,Uncorrelated,scaled,3953,42,14,0.700000,180,0.954465,18,11
58,20,Uncorrelated,scaled,4911,42,13,0.650000,116,0.976380,15,12
59,20,Uncorrelated,scaled,4530,42,13,0.650000,40,0.991170,12,13
60,20,Uncorrelated,scaled,4696,42,14,0.700000,3,0.999361,14,13
61,20,Uncorrelated,scaled,5750,42,11,0.550000,210,0.963478,12,10
62,20,Uncorrelated,scaled,4182,42,15,0.750000,78,0.981349,17,14
63,20,Uncorrelated,scaled,5503,42,13,0.650000,127,0.976922,13,12
64,20,Uncorrelated,scaled,5152,42,13,0.650000,27,0.994759,14,12
65,20,Uncorrelated,scaled,5593,42,12,0.600000,38,0.993206,13,11
66,20,Uncorrelated,scaled,4729,42,11,0.550000,111,0.976528,10,11
67,20,Uncorrelated,scaled,4232,42,14,0.700000,203,0.952032,15,12
68,20,Uncorrelated,scaled,5619,42,12,0.600000,441,0.921516,11,12
69,20,Uncorrelated,scaled,5576,42,12,0.600000,135,0.975789,11,12
70,20,Uncorrelated,scaled,4781,42,13,0.650000,87,0.981803,12,13
71,20,Uncorrelated,scaled,4768,42,12,0.600000,40,0.991611,11,12
72,20,Uncorrelated,scaled,4594,42,12,0.600000,34,0.992599,18,11
73,20,Uncorrelated,scaled,4043,42,14,0.700000,17,0.995795,14,13
74,20,Uncorrelated,scaled,3549,42,13,0.650000,343,0.903353,18,12
75,20,Uncorrelated,scaled,4577,42,13,0.650000,165,0.963950,14,11
76,20,Uncorrelated,scaled,4696,42,12,0.600000,8,0.998296,17,11
77,20,Uncorrelated,scaled,5094,42,10,0.500000,2,0.999607,9,10
78,20,Uncorrelated,scaled,6648,42,12,0.600000,140,0.978941,16,11
79,20,Uncorrelated,scaled,5059,42,12,0.600000,254,0.949792,11,12
80,20,Uncorrelated,scaled,4778,42,13,0.650000,26,0.994558,16,11
81,20,Uncorrelated,scaled,5610,42,13,0.650000,22,0.996078,18,12
82,20,Uncorrelated,scaled,5742,42,12,0.600000,306,0.946708,14,11
83,20,Uncorrelated,scaled,5410,42,11,0.550000,215,0.960259,10,11
84,20,Uncorrelated,scaled,6060,42,11,0.550000,29,0.995215,10,11
85,20,Uncorrelated,scaled,4354,42,12,0.600000,42,0.990354,11,12
86,20,Uncorrelated,scaled,3775,42,14,0.700000,39,0.989669,14,13
87,20,Uncorrelated,scaled,4798,42,13,0.650000,131,0.972697,16,12
88,20,Uncorrelated,scaled,4787,42,13,0.650000,99,0.979319,12,13
89,20,Uncorrelated,scaled,4609,42,13,0.650000,123,0.973313,13,12
90,20,Uncorrelated,scaled,4581,42,12,0.600000,97,0.978826,13,10
91,20,Uncorrelated,scaled,4927,42,14,0.700000,268,0.945606,14,12
92,20,Uncorrelated,scaled,5820,42,12,0.600000,621,0.893299,11,12
93,20,Uncorrelated,scaled,5072,42,12,0.600000,14,0.997240,12,11
94,20,Uncorrelated,scaled,4135,42,12,0.600000,86,0.979202,11,12
95,20,Uncorrelated,scaled,3736,42,14,0.700000,183,0.951017,16,12
96,20,Uncorrelated,scaled,3614,42,14,0.700000,405,0.887936,13,14
97,20,Uncorrelated,scaled,5909,42,12,0.600000,82,0.986123,11,12
98,20,Uncorrelated,scaled,4775,42,13,0.650000,40,0.991623,17,11
99,20,Uncorrelated,scaled,5689,42,11,0.550000,33,0.994199,10,11
100,20,WeaklyCorrelated,scaled,5738,42,12,0.600000,23,0.995992,13,11
101,20,WeaklyCorrelated,scaled,4849,42,11,0.550000,1,0.999794,18,9
102,20,WeaklyCorrelated,scaled,4870,42,12,0.600000,56,0.988501,19,10
103,20,WeaklyCorrelated,scaled,4834,42,12,0.600000,51,0.989450,19,9
104,20,WeaklyCorrelated,scaled,4197,42,14,0.700000,21,0.994996,19,10
105,20,WeaklyCorrelated,scaled,3518,42,12,0.600000,31,0.991188,19,8
106,20,WeaklyCorrelated,scaled,4358,42,9,0.450000,1,0.999771,16,7
107,20,WeaklyCorrelated,scaled,5254,42,10,0.500000,23,0.995622,9,10
108,20,WeaklyCorrelated,scaled,4623,42,10,0.500000,44,0.990482,19,9
109,20,WeaklyCorrelated,scaled,5434,42,10,0.500000,93,0.982886,16,8
110,20,WeaklyCorrelated,scaled,5220,42,12,0.600000,27,0.994828,18,10
111,20,WeaklyCorrelated,scaled,5894,42,9,0.450000,6,0.998982,17,8
112,20,WeaklyCorrelated,scaled,5938,42,10,0.500000,3,0.999495,19,9
113,20,WeaklyCorrelated,scaled,5622,42,11,0.550000,30,0.994664,19,10
114,20,WeaklyCorrelated,scaled,5727,42,12,0.600000,107,0.981317,19,10
115,20,WeaklyCorrelated,scaled,4150,42,10,0.500000,4,0.999036,17,7
116,20,WeaklyCorrelated,scaled,4380,42,12,0.600000,16,0.996347,19,10
117,20,WeaklyCorrelated,scaled,4591,42,12,0.600000,17,0.996297,18,11
118,20,WeaklyCorrelated,scaled,5384,42,12,0.600000,139,0.974183,15,11
119,20,WeaklyCorrelated,scaled,5286,42,10,0.500000,15,0.997162,18,9
120,20,WeaklyCorrelated,scaled,5616,42,9,0.450000,19,0.996617,19,7
121,20,WeaklyCorrelated,scaled,5649,42,11,0.550000,46,0.991857,18,9
122,20,WeaklyCorrelated,scaled,5079,42,9,0.450000,20,0.996062,13,7
123,20,WeaklyCorrelated,scaled,5856,42,12,0.600000,178,0.969604,19,11
124,20,WeaklyCorrelated,scaled,4546,42,12,0.600000,45,0.990101,19,11
125,20,WeaklyCorrelated,scaled,4682,42,11,0.550000,77,0.983554,19,9
126,20,WeaklyCorrelated,scaled,4505,42,12,0.600000,55,0.987791,19,10
127,20,WeaklyCorrelated,scaled,5029,42,11,0.550000,54,0.989262,18,9
128,20,WeaklyCorrelated,scaled,4893,42,12,0.600000,32,0.993460,18,10
129,20,WeaklyCorrelated,scaled,5072,42,11,0.550000,10,0.998028,11,10
130,20,WeaklyCorrelated,scaled,5432,42,9,0.450000,56,0.989691,8,9
131,20,WeaklyCorrelated,scaled,4353,42,13,0.650000,49,0.988743,19,11
132,20,WeaklyCorrelated,scaled,3985,42,10,0.500000,33,0.991719,10,9
133,20,WeaklyCorrelated,scaled,5633,42,11,0.550000,169,0.969998,19,10
134,20,WeaklyCorrelated,scaled,5367,42,10,0.500000,43,0.991988,18,9
135,20,WeaklyCorrelated,scaled,5018,42,11,0.550000,8,0.998406,18,9
136,20,WeaklyCorrelated,scaled,5828,42,11,0.550000,90,0.984557,19,9
137,20,WeaklyCorrelated,scaled,4397,42,10,0.500000,55,0.987491,17,9
138,20,WeaklyCorrelated,scaled,4249,42,14,0.700000,41,0.990351,19,12
139,20,WeaklyCorrelated,scaled,4828,42,11,0.550000,48,0.990058,19,9
140,20,WeaklyCorrelated,scaled,5094,42,11,0.550000,185,0.963683,12,10
141,20,WeaklyCorrelated,scaled,5613,42,11,0.550000,2,0.999644,16,10
142,20,WeaklyCorrelated,scaled,4475,42,9,0.450000,17,0.996201,8,9
143,20,WeaklyCorrelated,scaled,5358,42,11,0.550000,117,0.978163,19,9
144,20,WeaklyCorrelated,scaled,4590,42,10,0.500000,22,0.995207,16,8
145,20,WeaklyCorrelated,scaled,5018,42,10,0.500000,54,0.989239,19,9
146,20,WeaklyCorrelated,scaled,4051,42,12,0.600000,34,0.991607,19,10
147,20,WeaklyCorrelated,scaled,5150,42,12,0.600000,14,0.997282,18,9
148,20,WeaklyCorrelated,scaled,4221,42,12,0.600000,5,0.998815,19,8
149,20,WeaklyCorrelated,scaled,5459,42,12,0.600000,30,0.994504,19,9
150,20,WeaklyCorrelated,scaled,5097,42,13,0.650000,182,0.964293,19,11
151,20,WeaklyCorrelated,scaled,3959,42,11,0.550000,61,0.984592,19,9
152,20,WeaklyCorrelated,scaled,5213,42,11,0.550000,68,0.986956,15,9
153,20,WeaklyCorrelated,scaled,5472,42,11,0.550000,247,0.954861,10,11
154,20,WeaklyCorrelated,scaled,2759,42,11,0.550000,25,0.990939,19,10
155,20,WeaklyCorrelated,scaled,5434,42,9,0.450000,168,0.969084,12,8
156,20,WeaklyCorrelated,scaled,5591,42,11,0.550000,12,0.997854,18,10
157,20,WeaklyCorrelated,scaled,5855,42,12,0.600000,176,0.969940,19,10
158,20,WeaklyCorrelated,scaled,5746,42,13,0.650000,59,0.989732,19,9
159,20,WeaklyCorrelated,scaled,4160,42,13,0.650000,65,0.984375,18,11
160,20,WeaklyCorrelated,scaled,3902,42,11,0.550000,8,0.997950,19,10
161,20,WeaklyCorrelated,scaled,5377,42,10,0.500000,62,0.988469,9,10
162,20,WeaklyCorrelated,scaled,4276,42,11,0.550000,12,0.997194,16,9
163,20,WeaklyCorrelated,scaled,6108,42,11,0.550000,91,0.985102,10,11
164,20,WeaklyCorrelated,scaled,5404,42,12,0.600000,288,0.946706,19,11
165,20,WeaklyCorrelated,scaled,4919,42,11,0.550000,62,0.987396,19,8
166,20,WeaklyCorrelated,scaled,4308,42,11,0.550000,56,0.987001,16,10
167,20,WeaklyCorrelated,scaled,5252,42,12,0.600000,21,0.996002,19,10
168,20,WeaklyCorrelated,scaled,6515,42,12,0.600000,291,0.955334,14,10
169,20,WeaklyCorrelated,scaled,4284,42,11,0.550000,1,0.999767,19,9
170,20,WeaklyCorrelated,scaled,5411,42,11,0.550000,94,0.982628,16,9
171,20,WeaklyCorrelated,scaled,6064,42,11,0.550000,142,0.976583,18,10
172,20,WeaklyCorrelated,scaled,5821,42,12,0.600000,13,0.997767,18,10
173,20,WeaklyCorrelated,scaled,6191,42,10,0.500000,85,0.986270,14,9
174,20,WeaklyCorrelated,scaled,5355,42,11,0.550000,103,0.980766,19,9
175,20,WeaklyCorrelated,scaled,5417,42,10,0.500000,220,0.959387,13,9
176,20,WeaklyCorrelated,scaled,5597,42,12,0.600000,32,0.994283,19,11
177,20,WeaklyCorrelated,scaled,4485,42,12,0.600000,70,0.984392,11,12
178,20,WeaklyCorrelated,scaled,5376,42,11,0.550000,99,0.981585,17,10
179,20,WeaklyCorrelated,scaled,5222,42,12,0.600000,25,0.995213,18,10
180,20,WeaklyCorrelated,scaled,5269,42,8,0.400000,20,0.996204,7,8
181,20,WeaklyCorrelated,scaled,5068,42,11,0.550000,118,0.976717,19,9
182,20,WeaklyCorrelated,scaled,5945,42,11,0.550000,12,0.997981,13,10
183,20,WeaklyCorrelated,scaled,4355,42,12,0.600000,55,0.987371,19,11
184,20,WeaklyCorrelated,scaled,4531,42,11,0.550000,60,0.986758,10,11
185,20,WeaklyCorrelated,scaled,4533,42,12,0.600000,75,0.983455,19,11
186,20,WeaklyCorrelated,scaled,5581,42,11,0.550000,15,0.997312,19,10
187,20,WeaklyCorrelated,scaled,5535,42,10,0.500000,23,0.995845,18,9
188,20,WeaklyCorrelated,scaled,5576,42,9,0.450000,30,0.994620,19,8
189,20,WeaklyCorrelated,scaled,4965,42,12,0.600000,163,0.967170,19,10
190,20,WeaklyCorrelated,scaled,4904,42,11,0.550000,291,0.940661,10,11
191,20,WeaklyCorrelated,scaled,5869,42,10,0.500000,39,0.993355,9,10
192,20,WeaklyCorrelated,scaled,4077,42,9,0.450000,6,0.998528,8,9
193,20,WeaklyCorrelated,scaled,5050,42,13,0.650000,13,0.997426,19,11
194,20,WeaklyCorrelated,scaled,5085,42,10,0.500000,78,0.984661,10,9
195,20,WeaklyCorrelated,scaled,5023,42,12,0.600000,192,0.961776,13,11
196,20,WeaklyCorrelated,scaled,4594,42,8,0.400000,2,0.999565,7,8
197,20,WeaklyCorrelated,scaled,4310,42,11,0.550000,19,0.995592,11,10
198,20,WeaklyCorrelated,scaled,4979,42,11,0.550000,24,0.995180,14,9
199,20,WeaklyCorrelated,scaled,5709,42,12,0.600000,100,0.982484,18,10
200,20,StronglyCorrelated,scaled,4543,42,14,0.700000,115,0.974686,16,13
201,20,StronglyCorrelated,scaled,4679,42,14,0.700000,257,0.945074,16,13
202,20,StronglyCorrelated,scaled,4508,42,14,0.700000,315,0.930124,13,14
203,20,StronglyCorrelated,scaled,5219,42,12,0.600000,320,0.938686,11,12
204,20,StronglyCorrelated,scaled,5212,42,12,0.600000,309,0.940714,11,12
205,20,StronglyCorrelated,scaled,5947,42,10,0.500000,257,0.956785,9,10
206,20,StronglyCorrelated,scaled,5543,42,13,0.650000,37,0.993325,16,12
207,20,StronglyCorrelated,scaled,4592,42,13,0.650000,107,0.976699,12,13
208,20,StronglyCorrelated,scaled,4879,42,12,0.600000,199,0.959213,11,12
209,20,StronglyCorrelated,scaled,4491,42,12,0.600000,292,0.934981,11,12
210,20,StronglyCorrelated,scaled,5107,42,13,0.650000,89,0.982573,12,13
211,20,StronglyCorrelated,scaled,5031,42,14,0.700000,26,0.994832,14,13
212,20,StronglyCorrelated,scaled,5382,42,11,0.550000,176,0.967298,10,11
213,20,StronglyCorrelated,scaled,5360,42,13,0.650000,406,0.924254,13,12
214,20,StronglyCorrelated,scaled,5198,42,12,0.600000,239,0.954021,11,12
215,20,StronglyCorrelated,scaled,4393,42,12,0.600000,5,0.998862,12,11
216,20,StronglyCorrelated,scaled,5591,42,13,0.650000,17,0.996959,12,13
217,20,StronglyCorrelated,scaled,4190,42,14,0.700000,22,0.994749,16,13
218,20,StronglyCorrelated,scaled,5052,42,13,0.650000,132,0.973872,13,12
219,20,StronglyCorrelated,scaled,4979,42,13,0.650000,12,0.997590,14,12
220,20,StronglyCorrelated,scaled,6818,42,11,0.550000,293,0.957026,10,11
221,20,StronglyCorrelated,scaled,5338,42,13,0.650000,169,0.968340,14,12
222,20,StronglyCorrelated,scaled,4646,42,13,0.650000,118,0.974602,14,11
223,20,StronglyCorrelated,scaled,5638,42,12,0.600000,39,0.993083,11,12
224,20,StronglyCorrelated,scaled,4426,42,13,0.650000,107,0.975825,12,13
225,20,StronglyCorrelated,scaled,4565,42,14,0.700000,147,0.967798,17,13
226,20,StronglyCorrelated,scaled,5415,42,12,0.600000,237,0.956233,16,11
227,20,StronglyCorrelated,scaled,5704,42,12,0.600000,139,0.975631,11,12
228,20,StronglyCorrelated,scaled,5019,42,13,0.650000,279,0.944411,14,12
229,20,StronglyCorrelated,scaled,4120,42,14,0.700000,75,0.981796,13,14
230,20,StronglyCorrelated,scaled,4903,42,13,0.650000,162,0.966959,14,12
231,20,StronglyCorrelated,scaled,3413,42,14,0.700000,368,0.892177,13,14
232,20,StronglyCorrelated,scaled,4125,42,12,0.600000,127,0.969212,11,12
233,20,StronglyCorrelated,scaled,4267,42,14,0.700000,77,0.981955,16,13
234,20,StronglyCorrelated,scaled,4138,42,14,0.700000,335,0.919043,13,14
235,20,StronglyCorrelated,scaled,5258,42,13,0.650000,314,0.940281,12,13
236,20,StronglyCorrelated,scaled,4111,42,13,0.650000,0,1.000000,14,12
237,20,StronglyCorrelated,scaled,4991,42,13,0.650000,49,0.990182,13,12
238,20,StronglyCorrelated,scaled,4071,42,14,0.700000,123,0.969786,13,14
239,20,StronglyCorrelated,scaled,4465,42,14,0.700000,76,0.982979,13,14
240,20,StronglyCorrelated,scaled,4536,42,13,0.650000,223,0.950838,14,12
241,20,StronglyCorrelated,scaled,5270,42,13,0.650000,7,0.998672,13,12
242,20,StronglyCorrelated,scaled,4740,42,12,0.600000,294,0.937975,11,12
243,20,StronglyCorrelated,scaled,5590,42,13,0.650000,138,0.975313,14,12
244,20,StronglyCorrelated,scaled,4461,42,12,0.600000,51,0.988568,11,12
245,20,StronglyCorrelated,scaled,5201,42,12,0.600000,109,0.979042,13,11
246,20,StronglyCorrelated,scaled,5189,42,12,0.600000,149,0.971285,11,12
247,20,StronglyCorrelated,scaled,4016,42,13,0.650000,59,0.985309,18,12
248,20,StronglyCorrelated,scaled,5536,42,12,0.600000,45,0.991871,11,12
249,20,StronglyCorrelated,scaled,5231,42,13,0.650000,207,0.960428,12,13
250,20,StronglyCorrelated,scaled,5347,42,12,0.600000,5,0.999065,15,10
251,20,StronglyCorrelated,scaled,4553,42,14,0.700000,144,0.968373,14,13
252,20,StronglyCorrelated,scaled,4651,42,13,0.650000,206,0.955708,12,13
253,20,StronglyCorrelated,scaled,4964,42,14,0.700000,84,0.983078,18,13
254,20,StronglyCorrelated,scaled,4439,42,14,0.700000,180,0.959450,13,14
255,20,StronglyCorrelated,scaled,5408,42,13,0.650000,289,0.946561,12,13
256,20,StronglyCorrelated,scaled,5099,42,13,0.650000,14,0.997254,14,12
257,20,StronglyCorrelated,scaled,5576,42,12,0.600000,482,0.913558,11,12
258,20,StronglyCorrelated,scaled,4824,42,14,0.700000,84,0.982587,13,14
259,20,StronglyCorrelated,scaled,7164,42,11,0.550000,239,0.966639,10,11
260,20,StronglyCorrelated,scaled,5878,42,11,0.550000,325,0.944709,10,11
261,20,StronglyCorrelated,scaled,5707,42,12,0.600000,334,0.941475,11,12
262,20,StronglyCorrelated,scaled,5281,42,11,0.550000,159,0.969892,10,11
263,20,StronglyCorrelated,scaled,4701,42,12,0.600000,326,0.930653,11,12
264,20,StronglyCorrelated,scaled,6320,42,12,0.600000,5,0.999209,12,10
265,20,StronglyCorrelated,scaled,5217,42,12,0.600000,37,0.992908,12,11
266,20,StronglyCorrelated,scaled,6240,42,11,0.550000,47,0.992468,12,10
267,20,StronglyCorrelated,scaled,4461,42,12,0.600000,6,0.998655,14,11
268,20,StronglyCorrelated,scaled,5376,42,12,0.600000,515,0.904204,11,12
269,20,StronglyCorrelated,scaled,5187,42,12,0.600000,63,0.987854,11,12
270,20,StronglyCorrelated,scaled,5249,42,12,0.600000,94,0.982092,12,11
271,20,StronglyCorrelated,scaled,5609,42,12,0.600000,196,0.965056,11,12
272,20,StronglyCorrelated,scaled,4144,42,13,0.650000,193,0.953427,12,13
273,20,StronglyCorrelated,scaled,5462,42,11,0.550000,183,0.966496,10,11
274,20,StronglyCorrelated,scaled,5512,42,13,0.650000,7,0.998730,17,12
275,20,StronglyCorrelated,scaled,6060,42,13,0.650000,23,0.996205,13,12
276,20,StronglyCorrelated,scaled,5609,42,13,0.650000,228,0.959351,12,13
277,20,StronglyCorrelated,scaled,4587,42,13,0.650000,35,0.992370,13,12
278,20,StronglyCorrelated,scaled,4199,42,14,0.700000,132,0.968564,17,13
279,20,StronglyCorrelated,scaled,4377,42,14,0.700000,201,0.954078,14,13
280,20,StronglyCorrelated,scaled,4900,42,13,0.650000,170,0.965306,12,13
281,20,StronglyCorrelated,scaled,4944,42,14,0.700000,52,0.989482,13,14
282,20,StronglyCorrelated,scaled,5303,42,12,0.600000,60,0.988686,12,11
283,20,StronglyCorrelated,scaled,5038,42,13,0.650000,398,0.921000,12,13
284,20,StronglyCorrelated,scaled,5664,42,12,0.600000,28,0.995056,17,10
285,20,StronglyCorrelated,scaled,4545,42,13,0.650000,182,0.959956,12,13
286,20,StronglyCorrelated,scaled,5137,42,14,0.700000,54,0.989488,19,12
287,20,StronglyCorrelated,scaled,4945,42,13,0.650000,138,0.972093,12,13
288,20,StronglyCorrelated,scaled,6178,42,11,0.550000,363,0.941243,10,11
289,20,StronglyCorrelated,scaled,6198,42,11,0.550000,316,0.949016,10,11
290,20,StronglyCorrelated,scaled,5079,42,13,0.650000,53,0.989565,13,12
291,20,StronglyCorrelated,scaled,4969,42,14,0.700000,132,0.973435,16,13
292,20,StronglyCorrelated,scaled,5643,42,12,0.600000,71,0.987418,11,12
293,20,StronglyCorrelated,scaled,4733,42,14,0.700000,169,0.964293,15,13
294,20,StronglyCorrelated,scaled,6583,42,11,0.550000,311,0.952757,10,11
295,20,StronglyCorrelated,scaled,3703,42,13,0.650000,101,0.972725,13,12
296,20,StronglyCorrelated,scaled,5411,42,13,0.650000,32,0.994086,15,11
297,20,StronglyCorrelated,scaled,4740,42,13,0.650000,442,0.906751,12,13
298,20,StronglyCorrelated,scaled,4984,42,13,0.650000,442,0.911316,12,13
299,20,StronglyCorrelated,scaled,5320,42,13,0.650000,706,0.867293,12,13
300,20,InverseCorrelated,scaled,5834,42,13,0.650000,325,0.944292,12,13
301,20,InverseCorrelated,scaled,5335,42,14,0.700000,54,0.989878,13,14
302,20,InverseCorrelated,scaled,4361,42,14,0.700000,240,0.944967,13,14
303,20,InverseCorrelated,scaled,4353,42,14,0.700000,62,0.985757,13,14
304,20,InverseCorrelated,scaled,6541,42,13,0.650000,136,0.979208,12,13
305,20,InverseCorrelated,scaled,5784,42,13,0.650000,692,0.880360,12,13
306,20,InverseCorrelated,scaled,5285,42,13,0.650000,219,0.958562,12,13
307,20,InverseCorrelated,scaled,5965,42,12,0.600000,687,0.884828,11,12
308,20,InverseCorrelated,scaled,4855,42,14,0.700000,40,0.991761,13,14
309,20,InverseCorrelated,scaled,5292,42,13,0.650000,714,0.865079,12,13
310,20,InverseCorrelated,scaled,5562,42,13,0.650000,693,0.875405,12,13
311,20,InverseCorrelated,scaled,4573,42,14,0.700000,404,0.911655,13,14
312,20,InverseCorrelated,scaled,4892,42,14,0.700000,410,0.916190,13,14
313,20,InverseCorrelated,scaled,5341,42,14,0.700000,271,0.949260,13,14
314,20,InverseCorrelated,scaled,4889,42,14,0.700000,277,0.943342,13,14
315,20,InverseCorrelated,scaled,4408,42,14,0.700000,354,0.919691,13,14
316,20,InverseCorrelated,scaled,5266,42,13,0.650000,656,0.875427,12,13
317,20,InverseCorrelated,scaled,4882,42,13,0.650000,485,0.900655,12,13
318,20,InverseCorrelated,scaled,4608,42,14,0.700000,278,0.939670,13,14
319,20,InverseCorrelated,scaled,4294,42,14,0.700000,99,0.976945,13,14
320,20,InverseCorrelated,scaled,5121,42,13,0.650000,638,0.875415,12,13
321,20,InverseCorrelated,scaled,4588,42,14,0.700000,168,0.963383,13,14
322,20,InverseCorrelated,scaled,5334,42,14,0.700000,148,0.972253,13,14
323,20,InverseCorrelated,scaled,6496,42,12,0.600000,413,0.936422,11,12
324,20,InverseCorrelated,scaled,5582,42,13,0.650000,407,0.927087,12,13
325,20,InverseCorrelated,scaled,4197,42,14,0.700000,157,0.962592,13,14
326,20,InverseCorrelated,scaled,4745,42,13,0.650000,566,0.880717,12,13
327,20,InverseCorrelated,scaled,5660,42,13,0.650000,204,0.963958,12,13
328,20,InverseCorrelated,scaled,5647,42,13,0.650000,173,0.969364,12,13
329,20,InverseCorrelated,scaled,5104,42,14,0.700000,96,0.981191,13,14
330,20,InverseCorrelated,scaled,4420,42,14,0.700000,352,0.920362,13,14
331,20,InverseCorrelated,scaled,4848,42,14,0.700000,392,0.919142,13,14
332,20,InverseCorrelated,scaled,5443,42,14,0.700000,200,0.963256,13,14
333,20,InverseCorrelated,scaled,3891,42,14,0.700000,239,0.938576,13,14
334,20,InverseCorrelated,scaled,6055,42,12,0.600000,708,0.883072,11,12
335,20,InverseCorrelated,scaled,4699,42,14,0.700000,608,0.870611,13,14
336,20,InverseCorrelated,scaled,4310,42,14,0.700000,19,0.995592,13,14
337,20,InverseCorrelated,scaled,4941,42,14,0.700000,465,0.905889,13,14
338,20,InverseCorrelated,scaled,5255,42,14,0.700000,6,0.998858,13,14
339,20,InverseCorrelated,scaled,5196,42,13,0.650000,599,0.884719,12,13
340,20,InverseCorrelated,scaled,4345,42,14,0.700000,281,0.935328,13,14
341,20,InverseCorrelated,scaled,5591,42,13,0.650000,626,0.888034,12,13
342,20,InverseCorrelated,scaled,4725,42,14,0.700000,580,0.877249,13,14
343,20,InverseCorrelated,scaled,4123,42,14,0.700000,507,0.877031,13,14
344,20,InverseCorrelated,scaled,6372,42,13,0.650000,102,0.983992,12,13
345,20,InverseCorrelated,scaled,6565,42,12,0.600000,578,0.911957,11,12
346,20,InverseCorrelated,scaled,5289,42,13,0.650000,462,0.912649,12,13
347,20,InverseCorrelated,scaled,5536,42,13,0.650000,472,0.914740,12,13
348,20,InverseCorrelated,scaled,5204,42,14,0.700000,232,0.955419,13,14
349,20,InverseCorrelated,scaled,4956,42,14,0.700000,342,0.930993,13,14
350,20,InverseCorrelated,scaled,5811,42,13,0.650000,504,0.913268,12,13
351,20,InverseCorrelated,scaled,5206,42,13,0.650000,412,0.920861,12,13
352,20,InverseCorrelated,scaled,4437,42,13,0.650000,516,0.883705,12,13
353,20,InverseCorrelated,scaled,4686,42,14,0.700000,105,0.977593,13,14
354,20,InverseCorrelated,scaled,4739,42,14,0.700000,465,0.901878,13,14
355,20,InverseCorrelated,scaled,5077,42,13,0.650000,68,0.986606,12,13
356,20,InverseCorrelated,scaled,5432,42,13,0.650000,637,0.882732,12,13
357,20,InverseCorrelated,scaled,5365,42,14,0.700000,17,0.996831,13,14
358,20,InverseCorrelated,scaled,4386,42,14,0.700000,534,0.878249,13,14
359,20,InverseCorrelated,scaled,5882,42,13,0.650000,245,0.958348,12,13
360,20,InverseCorrelated,scaled,5939,42,13,0.650000,210,0.964641,12,13
361,20,InverseCorrelated,scaled,5435,42,13,0.650000,365,0.932843,12,13
362,20,InverseCorrelated,scaled,5006,42,13,0.650000,489,0.902317,12,13
363,20,InverseCorrelated,scaled,3535,42,14,0.700000,318,0.910042,13,14
364,20,InverseCorrelated,scaled,3922,42,14,0.700000,590,0.849567,13,14
365,20,InverseCorrelated,scaled,5422,42,14,0.700000,51,0.990594,13,14
366,20,InverseCorrelated,scaled,5493,42,13,0.650000,27,0.995085,12,13
367,20,InverseCorrelated,scaled,4303,42,14,0.700000,307,0.928654,13,14
368,20,InverseCorrelated,scaled,4165,42,14,0.700000,323,0.922449,13,14
369,20,InverseCorrelated,scaled,5247,42,14,0.700000,311,0.940728,13,14
370,20,InverseCorrelated,scaled,4594,42,14,0.700000,284,0.938180,13,14
371,20,InverseCorrelated,scaled,4902,42,14,0.700000,171,0.965116,13,14
372,20,InverseCorrelated,scaled,5468,42,13,0.650000,527,0.903621,12,13
373,20,InverseCorrelated,scaled,5098,42,13,0.650000,222,0.956454,12,13
374,20,InverseCorrelated,scaled,4080,42,14,0.700000,295,0.927696,13,14
375,20,InverseCorrelated,scaled,4861,42,14,0.700000,169,0.965233,13,14
376,20,InverseCorrelated,scaled,5535,42,13,0.650000,106,0.980849,12,13
377,20,InverseCorrelated,scaled,4951,42,14,0.700000,148,0.970107,13,14
378,20,InverseCorrelated,scaled,5240,42,13,0.650000,449,0.914313,12,13
379,20,InverseCorrelated,scaled,4075,42,15,0.750000,111,0.972761,14,15
380,20,InverseCorrelated,scaled,5727,42,13,0.650000,235,0.958966,12,13
381,20,InverseCorrelated,scaled,4362,42,14,0.700000,91,0.979138,13,14
382,20,InverseCorrelated,scaled,4199,42,13,0.650000,441,0.894975,12,13
383,20,InverseCorrelated,scaled,5459,42,14,0.700000,10,0.998168,13,14
384,20,InverseCorrelated,scaled,4596,42,14,0.700000,477,0.896214,13,14
385,20,InverseCorrelated,scaled,5591,42,13,0.650000,393,0.929708,12,13
386,20,InverseCorrelated,scaled,4110,42,14,0.700000,578,0.859367,13,14
387,20,InverseCorrelated,scaled,5556,42,13,0.650000,291,0.947624,12,13
388,20,InverseCorrelated,scaled,3163,42,15,0.750000,460,0.854568,14,15
389,20,InverseCorrelated,scaled,5043,42,13,0.650000,618,0.877454,12,13
390,20,InverseCorrelated,scaled,6391,42,13,0.650000,126,0.980285,12,13
391,20,InverseCorrelated,scaled,5957,42,12,0.600000,583,0.902132,11,12
392,20,InverseCorrelated,scaled,5030,42,13,0.650000,486,0.903380,12,13
393,20,InverseCorrelated,scaled,4026,42,15,0.750000,160,0.960258,14,15
394,20,InverseCorrelated,scaled,5266,42,13,0.650000,499,0.905241,12,13
395,20,InverseCorrelated,scaled,4964,42,13,0.650000,597,0.879734,12,13
396,20,InverseCorrelated,scaled,6042,42,13,0.650000,349,0.942238,12,13
397,20,InverseCorrelated,scaled,5429,42,14,0.700000,70,0.987106,13,14
398,20,InverseCorrelated,scaled,6122,42,13,0.650000,270,0.955897,12,13
399,20,InverseCorrelated,scaled,4632,42,14,0.700000,282,0.939119,13,14
400,20,AlmostEqualRatios,scaled,5242,42,11,0.550000,16,0.996948,10,11
401,20,AlmostEqualRatios,scaled,5097,42,11,0.550000,70,0.986266,11,10
402,20,AlmostEqualRatios,scaled,6855,42,10,0.500000,44,0.993581,9,10
403,20,AlmostEqualRatios,scaled,5917,42,12,0.600000,79,0.986649,13,11
404,20,AlmostEqualRatios,scaled,5505,42,10,0.500000,1,0.999818,10,9
405,20,AlmostEqualRatios,scaled,5401,42,11,0.550000,203,0.962414,19,9
406,20,AlmostEqualRatios,scaled,3429,42,12,0.600000,85,0.975211,15,10
407,20,AlmostEqualRatios,scaled,5047,42,10,0.500000,113,0.977610,11,9
408,20,AlmostEqualRatios,scaled,5219,42,11,0.550000,101,0.980648,19,7
409,20,AlmostEqualRatios,scaled,4456,42,11,0.550000,100,0.977558,15,9
410,20,AlmostEqualRatios,scaled,5418,42,11,0.550000,26,0.995201,17,8
411,20,AlmostEqualRatios,scaled,5334,42,11,0.550000,175,0.967192,14,10
412,20,AlmostEqualRatios,scaled,5542,42,11,0.550000,34,0.993865,14,9
413,20,AlmostEqualRatios,scaled,3876,42,11,0.550000,2,0.999484,18,8
414,20,AlmostEqualRatios,scaled,4341,42,12,0.600000,6,0.998618,15,10
415,20,AlmostEqualRatios,scaled,3020,42,12,0.600000,2,0.999338,15,11
416,20,AlmostEqualRatios,scaled,4625,42,10,0.500000,0,1.000000,10,9
417,20,AlmostEqualRatios,scaled,5495,42,9,0.450000,82,0.985077,16,8
418,20,AlmostEqualRatios,scaled,3938,42,12,0.600000,203,0.948451,16,10
419,20,AlmostEqualRatios,scaled,3493,42,12,0.600000,95,0.972803,14,10
420,20,AlmostEqualRatios,scaled,5704,42,11,0.550000,17,0.997020,15,10
421,20,AlmostEqualRatios,scaled,4253,42,12,0.600000,79,0.981425,11,12
422,20,AlmostEqualRatios,scaled,4962,42,9,0.450000,32,0.993551,11,8
423,20,AlmostEqualRatios,scaled,4048,42,10,0.500000,18,0.995553,9,10
424,20,AlmostEqualRatios,scaled,5362,42,11,0.550000,150,0.972025,16,10
425,20,AlmostEqualRatios,scaled,4948,42,11,0.550000,32,0.993533,14,9
426,20,AlmostEqualRatios,scaled,5329,42,12,0.600000,39,0.992682,11,12
427,20,AlmostEqualRatios,scaled,5445,42,12,0.600000,70,0.987144,17,11
428,20,AlmostEqualRatios,scaled,4965,42,13,0.650000,13,0.997382,13,12
429,20,AlmostEqualRatios,scaled,5073,42,10,0.500000,84,0.983442,9,10
430,20,AlmostEqualRatios,scaled,5430,42,12,0.600000,31,0.994291,12,9
431,20,AlmostEqualRatios,scaled,4614,42,10,0.500000,20,0.995665,9,10
432,20,AlmostEqualRatios,scaled,5460,42,11,0.550000,49,0.991026,19,7
433,20,AlmostEqualRatios,scaled,5861,42,12,0.600000,25,0.995735,18,11
434,20,AlmostEqualRatios,scaled,4224,42,14,0.700000,39,0.990767,15,13
435,20,AlmostEqualRatios,scaled,6113,42,10,0.500000,19,0.996892,12,8
436,20,AlmostEqualRatios,scaled,4047,42,9,0.450000,19,0.995305,9,8
437,20,AlmostEqualRatios,scaled,4677,42,10,0.500000,52,0.988882,9,10
438,20,AlmostEqualRatios,scaled,4214,42,10,0.500000,21,0.995017,16,7
439,20,AlmostEqualRatios,scaled,5092,42,11,0.550000,46,0.990966,16,9
440,20,AlmostEqualRatios,scaled,6392,42,10,0.500000,11,0.998279,19,9
441,20,AlmostEqualRatios,scaled,4786,42,12,0.600000,327,0.931676,11,12
442,20,AlmostEqualRatios,scaled,6261,42,9,0.450000,50,0.992014,14,7
443,20,AlmostEqualRatios,scaled,4567,42,11,0.550000,0,1.000000,11,10
444,20,AlmostEqualRatios,scaled,4517,42,10,0.500000,53,0.988267,11,9
445,20,AlmostEqualRatios,scaled,5416,42,11,0.550000,35,0.993538,16,7
446,20,AlmostEqualRatios,scaled,5483,42,11,0.550000,4,0.999270,11,10
447,20,AlmostEqualRatios,scaled,5141,42,12,0.600000,63,0.987746,13,11
448,20,AlmostEqualRatios,scaled,3984,42,13,0.650000,34,0.991466,15,11
449,20,AlmostEqualRatios,scaled,4884,42,11,0.550000,141,0.971130,12,8
450,20,AlmostEqualRatios,scaled,5476,42,11,0.550000,281,0.948685,10,11
451,20,AlmostEqualRatios,scaled,4271,42,14,0.700000,46,0.989230,17,12
452,20,AlmostEqualRatios,scaled,4496,42,13,0.650000,119,0.973532,19,12
453,20,AlmostEqualRatios,scaled,5330,42,10,0.500000,14,0.997373,9,10
454,20,AlmostEqualRatios,scaled,5469,42,12,0.600000,305,0.944231,11,12
455,20,AlmostEqualRatios,scaled,3843,42,12,0.600000,35,0.990893,15,9
456,20,AlmostEqualRatios,scaled,5886,42,10,0.500000,52,0.991165,12,7
457,20,AlmostEqualRatios,scaled,5001,42,12,0.600000,16,0.996801,16,8
458,20,AlmostEqualRatios,scaled,5237,42,10,0.500000,103,0.980332,9,10
459,20,AlmostEqualRatios,scaled,3627,42,11,0.550000,169,0.953405,16,10
460,20,AlmostEqualRatios,scaled,5258,42,11,0.550000,56,0.989350,15,8
461,20,AlmostEqualRatios,scaled,5018,42,12,0.600000,137,0.972698,11,12
462,20,AlmostEqualRatios,scaled,5001,42,12,0.600000,189,0.962208,14,9
463,20,AlmostEqualRatios,scaled,4391,42,13,0.650000,74,0.983147,19,11
464,20,AlmostEqualRatios,scaled,5690,42,11,0.550000,159,0.972056,18,9
465,20,AlmostEqualRatios,scaled,5357,42,9,0.450000,0,1.000000,16,8
466,20,AlmostEqualRatios,scaled,5921,42,11,0.550000,275,0.953555,11,10
467,20,AlmostEqualRatios,scaled,5737,42,10,0.500000,12,0.997908,15,7
468,20,AlmostEqualRatios,scaled,3801,42,12,0.600000,11,0.997106,13,11
469,20,AlmostEqualRatios,scaled,5951,42,11,0.550000,104,0.982524,18,8
470,20,AlmostEqualRatios,scaled,5251,42,11,0.550000,38,0.992763,11,10
471,20,AlmostEqualRatios,scaled,4965,42,12,0.600000,71,0.985700,14,8
472,20,AlmostEqualRatios,scaled,4796,42,11,0.550000,98,0.979566,10,11
473,20,AlmostEqualRatios,scaled,5734,42,9,0.450000,39,0.993198,8,9
474,20,AlmostEqualRatios,scaled,4718,42,9,0.450000,3,0.999364,14,7
475,20,AlmostEqualRatios,scaled,4612,42,10,0.500000,13,0.997181,11,9
476,20,AlmostEqualRatios,scaled,6175,42,11,0.550000,0,1.000000,12,9
477,20,AlmostEqualRatios,scaled,4338,42,13,0.650000,43,0.990088,17,7
478,20,AlmostEqualRatios,scaled,4525,42,12,0.600000,318,0.929724,14,10
479,20,AlmostEqualRatios,scaled,4551,42,11,0.550000,221,0.951439,19,10
480,20,AlmostEqualRatios,scaled,4335,42,9,0.450000,88,0.979700,10,8
481,20,AlmostEqualRatios,scaled,4958,42,12,0.600000,50,0.989915,15,11
482,20,AlmostEqualRatios,scaled,5011,42,10,0.500000,203,0.959489,17,8
483,20,AlmostEqualRatios,scaled,3844,42,12,0.600000,24,0.993757,12,11
484,20,AlmostEqualRatios,scaled,4711,42,10,0.500000,14,0.997028,13,8
485,20,AlmostEqualRatios,scaled,5885,42,9,0.450000,22,0.996262,11,7
486,20,AlmostEqualRatios,scaled,5550,42,12,0.600000,86,0.984505,16,11
487,20,AlmostEqualRatios,scaled,3946,42,15,0.750000,92,0.976685,19,12
488,20,AlmostEqualRatios,scaled,4189,42,12,0.600000,8,0.998090,19,6
489,20,AlmostEqualRatios,scaled,4461,42,10,0.500000,0,1.000000,11,8
490,20,AlmostEqualRatios,scaled,6335,42,11,0.550000,20,0.996843,17,8
491,20,AlmostEqualRatios,scaled,4594,42,9,0.450000,102,0.977797,13,6
492,20,AlmostEqualRatios,scaled,5754,42,12,0.600000,80,0.986097,17,10
493,20,AlmostEqualRatios,scaled,5195,42,10,0.500000,29,0.994418,10,9
494,20,AlmostEqualRatios,scaled,5681,42,11,0.550000,182,0.967963,14,10
495,20,AlmostEqualRatios,scaled,4563,42,12,0.600000,188,0.958799,18,11
496,20,AlmostEqualRatios,scaled,5217,42,10,0.500000,90,0.982749,14,8
497,20,AlmostEqualRatios,scaled,4576,42,10,0.500000,132,0.971154,10,8
498,20,AlmostEqualRatios,scaled,5156,42,9,0.450000,67,0.987005,10,8
499,20,AlmostEqualRatios,scaled,4851,42,10,0.500000,12,0.997526,17,8
500,50,Uncorrelated,scaled,13054,42,32,0.640000,152,0.988356,31,32
501,50,Uncorrelated,scaled,12056,42,30,0.600000,127,0.989466,29,30
502,50,Uncorrelated,scaled,12301,42,33,0.660000,58,0.995285,32,33
503,50,Uncorrelated,scaled,12076,42,34,0.680000,9,0.999255,36,32
504,50,Uncorrelated,scaled,13496,42,31,0.620000,329,0.975622,30,31
505,50,Uncorrelated,scaled,13362,42,30,0.600000,151,0.988699,29,30
506,50,Uncorrelated,scaled,12632,42,34,0.680000,29,0.997704,42,33
507,50,Uncorrelated,scaled,13701,42,31,0.620000,29,0.997883,31,30
508,50,Uncorrelated,scaled,13080,42,33,0.660000,23,0.998242,38,32
509,50,Uncorrelated,scaled,10271,42,31,0.620000,59,0.994256,35,30
510,50,Uncorrelated,scaled,13582,42,32,0.640000,44,0.996760,34,31
511,50,Uncorrelated,scaled,9366,42,34,0.680000,148,0.984198,33,34
512,50,Uncorrelated,scaled,11732,42,31,0.620000,47,0.995994,33,30
513,50,Uncorrelated,scaled,11526,42,34,0.680000,99,0.991411,37,33
514,50,Uncorrelated,scaled,14352,42,29,0.580000,79,0.994496,45,27
515,50,Uncorrelated,scaled,13799,42,29,0.580000,94,0.993188,44,28
516,50,Uncorrelated,scaled,13050,42,32,0.640000,17,0.998697,36,30
517,50,Uncorrelated,scaled,11985,42,31,0.620000,51,0.995745,30,31
518,50,Uncorrelated,scaled,11065,42,33,0.660000,17,0.998464,33,32
519,50,Uncorrelated,scaled,13580,42,30,0.600000,127,0.990648,32,29
520,50,Uncorrelated,scaled,11972,42,31,0.620000,104,0.991313,49,29
521,50,Uncorrelated,scaled,11658,42,31,0.620000,139,0.988077,31,30
522,50,Uncorrelated,scaled,10457,42,33,0.660000,192,0.981639,32,33
523,50,Uncorrelated,scaled,13619,42,30,0.600000,155,0.988619,30,29
524,50,Uncorrelated,scaled,11682,42,31,0.620000,10,0.999144,30,31
525,50,Uncorrelated,scaled,11977,42,31,0.620000,133,0.988895,43,29
526,50,Uncorrelated,scaled,12755,42,32,0.640000,85,0.993336,38,31
527,50,Uncorrelated,scaled,11376,42,35,0.700000,16,0.998594,37,34
528,50,Uncorrelated,scaled,12143,42,32,0.640000,188,0.984518,31,32
529,50,Uncorrelated,scaled,11941,42,33,0.660000,74,0.993803,42,31
530,50,Uncorrelated,scaled,12497,42,33,0.660000,114,0.990878,48,32
531,50,Uncorrelated,scaled,12278,42,32,0.640000,121,0.990145,46,30
532,50,Uncorrelated,scaled,12870,42,31,0.620000,152,0.988190,30,31
533,50,Uncorrelated,scaled,10066,42,33,0.660000,71,0.992947,34,31
534,50,Uncorrelated,scaled,12330,42,31,0.620000,174,0.985888,30,31
535,50,Uncorrelated,scaled,13131,42,33,0.660000,9,0.999315,38,32
536,50,Uncorrelated,scaled,11454,42,33,0.660000,136,0.988126,34,32
537,50,Uncorrelated,scaled,12578,42,33,0.660000,88,0.993004,42,32
538,50,Uncorrelated,scaled,13161,42,29,0.580000,15,0.998860,36,28
539,50,Uncorrelated,scaled,13682,42,32,0.640000,82,0.994007,37,29
540,50,Uncorrelated,scaled,10776,42,32,0.640000,15,0.998608,31,32
541,50,Uncorrelated,scaled,12289,42,33,0.660000,74,0.993978,45,32
542,50,Uncorrelated,scaled,12553,42,31,0.620000,98,0.992193,30,31
543,50,Uncorrelated,scaled,12001,42,31,0.620000,9,0.999250,42,30
544,50,Uncorrelated,scaled,14343,42,31,0.620000,38,0.997351,42,30
545,50,Uncorrelated,scaled,11465,42,29,0.580000,30,0.997383,28,29
546,50,Uncorrelated,scaled,14853,42,29,0.580000,103,0.993065,31,28
547,50,Uncorrelated,scaled,13339,42,31,0.620000,106,0.992053,31,30
548,50,Uncorrelated,scaled,12416,42,33,0.660000,169,0.986389,34,32
549,50,Uncorrelated,scaled,13052,42,33,0.660000,59,0.995480,36,32
550,50,Uncorrelated,scaled,13114,42,31,0.620000,79,0.993976,43,29
551,50,Uncorrelated,scaled,12072,42,33,0.660000,203,0.983184,32,33
552,50,Uncorrelated,scaled,11041,42,34,0.680000,157,0.985780,46,32
553,50,Uncorrelated,scaled,11215,42,31,0.620000,29,0.997414,30,31
554,50,Uncorrelated,scaled,12018,42,33,0.660000,15,0.998752,38,32
555,50,Uncorrelated,scaled,10674,42,33,0.660000,227,0.978733,32,33
556,50,Uncorrelated,scaled,12210,42,28,0.560000,25,0.997952,27,28
557,50,Uncorrelated,scaled,13393,42,31,0.620000,144,0.989248,31,30
558,50,Uncorrelated,scaled,11713,42,34,0.680000,9,0.999232,44,32
559,50,Uncorrelated,scaled,13294,42,29,0.580000,4,0.999699,30,28
560,50,Uncorrelated,scaled,13395,42,31,0.620000,72,0.994625,30,31
561,50,Uncorrelated,scaled,11131,42,29,0.580000,77,0.993082,28,29
562,50,Uncorrelated,scaled,12333,42,35,0.700000,16,0.998703,46,32
563,50,Uncorrelated,scaled,12196,42,29,0.580000,126,0.989669,29,28
564,50,Uncorrelated,scaled,11760,42,34,0.680000,15,0.998724,34,33
565,50,Uncorrelated,scaled,12565,42,31,0.620000,8,0.999363,34,30
566,50,Uncorrelated,scaled,12787,42,31,0.620000,105,0.991789,30,31
567,50,Uncorrelated,scaled,12482,42,33,0.660000,133,0.989345,32,33
568,50,Uncorrelated,scaled,12199,42,29,0.580000,55,0.995491,28,29
569,50,Uncorrelated,scaled,12261,42,30,0.600000,89,0.992741,33,29
570,50,Uncorrelated,scaled,10952,42,34,0.680000,50,0.995435,33,34
571,50,Uncorrelated,scaled,11998,42,32,0.640000,155,0.987081,35,31
572,50,Uncorrelated,scaled,11021,42,33,0.660000,131,0.988114,44,31
573,50,Uncorrelated,scaled,8545,42,36,0.720000,76,0.991106,37,35
574,50,Uncorrelated,scaled,13070,42,31,0.620000,53,0.995945,43,29
575,50,Uncorrelated,scaled,12926,42,31,0.620000,217,0.983212,31,29
576,50,Uncorrelated,scaled,12953,42,30,0.600000,163,0.987416,31,29
577,50,Uncorrelated,scaled,11044,42,34,0.680000,30,0.997284,36,33
578,50,Uncorrelated,scaled,13073,42,32,0.640000,24,0.998164,31,32
579,50,Uncorrelated,scaled,13077,42,32,0.640000,33,0.997476,37,30
580,50,Uncorrelated,scaled,12186,42,33,0.660000,80,0.993435,38,32
581,50,Uncorrelated,scaled,12176,42,33,0.660000,20,0.998357,33,32
582,50,Uncorrelated,scaled,13289,42,31,0.620000,58,0.995635,35,30
583,50,Uncorrelated,scaled,13507,42,30,0.600000,111,0.991782,33,29
584,50,Uncorrelated,scaled,13023,42,31,0.620000,23,0.998234,44,29
585,50,Uncorrelated,scaled,14209,42,30,0.600000,106,0.992540,31,29
586,50,Uncorrelated,scaled,12092,42,33,0.660000,58,0.995203,40,32
587,50,Uncorrelated,scaled,15382,42,30,0.600000,112,0.992719,29,30
588,50,Uncorrelated,scaled,11518,42,30,0.600000,14,0.998785,45,28
589,50,Uncorrelated,scaled,15891,42,29,0.580000,81,0.994903,41,28
590,50,Uncorrelated,scaled,12052,42,32,0.640000,151,0.987471,32,31
591,50,Uncorrelated,scaled,12329,42,34,0.680000,6,0.999513,37,33
592,50,Uncorrelated,scaled,11992,42,31,0.620000,88,0.992662,32,29
593,50,Uncorrelated,scaled,12596,42,30,0.600000,47,0.996269,31,29
594,50,Uncorrelated,scaled,11760,42,33,0.660000,161,0.986310,33,32
595,50,Uncorrelated,scaled,12080,42,32,0.640000,81,0.993295,31,32
596,50,Uncorrelated,scaled,13818,42,32,0.640000,208,0.984947,31,32
597,50,Uncorrelated,scaled,11114,42,33,0.660000,56,0.994961,38,32
598,50,Uncorrelated,scaled,13108,42,32,0.640000,10,0.999237,32,31
599,50,Uncorrelated,scaled,13281,42,31,0.620000,116,0.991266,41,30
600,50,WeaklyCorrelated,scaled,11384,42,26,0.520000,44,0.996135,48,24
601,50,WeaklyCorrelated,scaled,13077,42,27,0.540000,11,0.999159,49,25
602,50,WeaklyCorrelated,scaled,10865,42,26,0.520000,24,0.997791,49,24
603,50,WeaklyCorrelated,scaled,12049,42,28,0.560000,3,0.999751,49,23
604,50,WeaklyCorrelated,scaled,11679,42,25,0.500000,13,0.998887,48,23
605,50,WeaklyCorrelated,scaled,13578,42,25,0.500000,12,0.999116,30,23
606,50,WeaklyCorrelated,scaled,12767,42,26,0.520000,14,0.998903,33,25
607,50,WeaklyCorrelated,scaled,12937,42,22,0.440000,6,0.999536,21,22
608,50,WeaklyCorrelated,scaled,11660,42,29,0.580000,17,0.998542,49,27
609,50,WeaklyCorrelated,scaled,13066,42,26,0.520000,7,0.999464,49,25
610,50,WeaklyCorrelated,scaled,13371,42,27,0.540000,19,0.998579,49,24
611,50,WeaklyCorrelated,scaled,13646,42,25,0.500000,4,0.999707,33,23
612,50,WeaklyCorrelated,scaled,12194,42,28,0.560000,0,1.000000,49,26
613,50,WeaklyCorrelated,scaled,13069,42,25,0.500000,40,0.996939,48,23
614,50,WeaklyCorrelated,scaled,13599,42,28,0.560000,63,0.995367,49,25
615,50,WeaklyCorrelated,scaled,13065,42,26,0.520000,21,0.998393,29,24
616,50,WeaklyCorrelated,scaled,10603,42,25,0.500000,94,0.991135,34,24
617,50,WeaklyCorrelated,scaled,13832,42,28,0.560000,205,0.985179,49,27
618,50,WeaklyCorrelated,scaled,12981,42,31,0.620000,77,0.994068,48,29
619,50,WeaklyCorrelated,scaled,12448,42,27,0.540000,8,0.999357,47,25
620,50,WeaklyCorrelated,scaled,11468,42,24,0.480000,0,1.000000,49,23
621,50,WeaklyCorrelated,scaled,11640,42,23,0.460000,8,0.999313,44,21
622,50,WeaklyCorrelated,scaled,12868,42,28,0.560000,27,0.997902,47,25
623,50,WeaklyCorrelated,scaled,11693,42,26,0.520000,28,0.997605,46,24
624,50,WeaklyCorrelated,scaled,13718,42,28,0.560000,15,0.998907,48,26
625,50,WeaklyCorrelated,scaled,12444,42,28,0.560000,64,0.994857,49,25
626,50,WeaklyCorrelated,scaled,13178,42,28,0.560000,0,1.000000,49,24
627,50,WeaklyCorrelated,scaled,13396,42,29,0.580000,42,0.996865,48,25
628,50,WeaklyCorrelated,scaled,13492,42,25,0.500000,1,0.999926,34,23
629,50,WeaklyCorrelated,scaled,11108,42,31,0.620000,10,0.999100,47,26
630,50,WeaklyCorrelated,scaled,12991,42,30,0.600000,6,0.999538,49,25
631,50,WeaklyCorrelated,scaled,13422,42,29,0.580000,3,0.999776,48,25
632,50,WeaklyCorrelated,scaled,11754,42,27,0.540000,63,0.994640,49,24
633,50,WeaklyCorrelated,scaled,13973,42,27,0.540000,37,0.997352,44,25
634,50,WeaklyCorrelated,scaled,12706,42,26,0.520000,20,0.998426,28,25
635,50,WeaklyCorrelated,scaled,11902,42,28,0.560000,21,0.998236,48,25
636,50,WeaklyCorrelated,scaled,11984,42,26,0.520000,7,0.999416,44,23
637,50,WeaklyCorrelated,scaled,13352,42,25,0.500000,10,0.999251,49,24
638,50,WeaklyCorrelated,scaled,13955,42,28,0.560000,68,0.995127,44,27
639,50,WeaklyCorrelated,scaled,10450,42,29,0.580000,31,0.997033,42,27
640,50,WeaklyCorrelated,scaled,10770,42,28,0.560000,46,0.995729,48,26
641,50,WeaklyCorrelated,scaled,13799,42,24,0.480000,12,0.999130,48,22
642,50,WeaklyCorrelated,scaled,12303,42,29,0.580000,12,0.999025,41,26
643,50,WeaklyCorrelated,scaled,12247,42,26,0.520000,0,1.000000,43,24
644,50,WeaklyCorrelated,scaled,11882,42,27,0.540000,5,0.999579,49,25
645,50,WeaklyCorrelated,scaled,10594,42,30,0.600000,61,0.994242,49,25
646,50,WeaklyCorrelated,scaled,12256,42,29,0.580000,71,0.994207,49,25
647,50,WeaklyCorrelated,scaled,12342,42,29,0.580000,3,0.999757,48,26
648,50,WeaklyCorrelated,scaled,12844,42,24,0.480000,95,0.992604,49,23
649,50,WeaklyCorrelated,scaled,14105,42,27,0.540000,42,0.997022,48,24
650,50,WeaklyCorrelated,scaled,12648,42,29,0.580000,9,0.999288,48,27
651,50,WeaklyCorrelated,scaled,14010,42,23,0.460000,38,0.997288,25,22
652,50,WeaklyCorrelated,scaled,11913,42,31,0.620000,19,0.998405,49,27
653,50,WeaklyCorrelated,scaled,11661,42,28,0.560000,1,0.999914,42,27
654,50,WeaklyCorrelated,scaled,12709,42,25,0.500000,19,0.998505,47,23
655,50,WeaklyCorrelated,scaled,13958,42,26,0.520000,4,0.999713,44,24
656,50,WeaklyCorrelated,scaled,14013,42,26,0.520000,10,0.999286,47,25
657,50,WeaklyCorrelated,scaled,11409,42,27,0.540000,10,0.999123,47,24
658,50,WeaklyCorrelated,scaled,10337,42,25,0.500000,71,0.993131,44,24
659,50,WeaklyCorrelated,scaled,12268,42,30,0.600000,18,0.998533,49,26
660,50,WeaklyCorrelated,scaled,11642,42,26,0.520000,21,0.998196,45,24
661,50,WeaklyCorrelated,scaled,11313,42,26,0.520000,13,0.998851,47,23
662,50,WeaklyCorrelated,scaled,13685,42,27,0.540000,125,0.990866,49,26
663,50,WeaklyCorrelated,scaled,13489,42,24,0.480000,72,0.994662,44,22
664,50,WeaklyCorrelated,scaled,12873,42,27,0.540000,27,0.997903,48,24
665,50,WeaklyCorrelated,scaled,12586,42,27,0.540000,11,0.999126,49,24
666,50,WeaklyCorrelated,scaled,12580,42,29,0.580000,7,0.999444,48,27
667,50,WeaklyCorrelated,scaled,12812,42,27,0.540000,18,0.998595,48,24
668,50,WeaklyCorrelated,scaled,14207,42,27,0.540000,0,1.000000,48,25
669,50,WeaklyCorrelated,scaled,12273,42,29,0.580000,89,0.992748,47,26
670,50,WeaklyCorrelated,scaled,12767,42,26,0.520000,2,0.999843,42,24
671,50,WeaklyCorrelated,scaled,13188,42,25,0.500000,78,0.994086,24,25
672,50,WeaklyCorrelated,scaled,11636,42,21,0.420000,2,0.999828,22,20
673,50,WeaklyCorrelated,scaled,12640,42,27,0.540000,45,0.996440,26,27
674,50,WeaklyCorrelated,scaled,12194,42,26,0.520000,9,0.999262,49,25
675,50,WeaklyCorrelated,scaled,13935,42,26,0.520000,37,0.997345,45,24
676,50,WeaklyCorrelated,scaled,12928,42,28,0.560000,40,0.996906,49,25
677,50,WeaklyCorrelated,scaled,9830,42,29,0.580000,17,0.998271,48,26
678,50,WeaklyCorrelated,scaled,12110,42,31,0.620000,12,0.999009,49,28
679,50,WeaklyCorrelated,scaled,12241,42,29,0.580000,5,0.999592,48,28
680,50,WeaklyCorrelated,scaled,12707,42,29,0.580000,10,0.999213,37,28
681,50,WeaklyCorrelated,scaled,11704,42,27,0.540000,1,0.999915,42,24
682,50,WeaklyCorrelated,scaled,12410,42,25,0.500000,13,0.998952,40,23
683,50,WeaklyCorrelated,scaled,13519,42,24,0.480000,1,0.999926,47,21
684,50,WeaklyCorrelated,scaled,11225,42,27,0.540000,5,0.999555,49,24
685,50,WeaklyCorrelated,scaled,12137,42,26,0.520000,19,0.998435,49,23
686,50,WeaklyCorrelated,scaled,14159,42,27,0.540000,3,0.999788,32,25
687,50,WeaklyCorrelated,scaled,12697,42,28,0.560000,7,0.999449,48,27
688,50,WeaklyCorrelated,scaled,12738,42,25,0.500000,8,0.999372,47,21
689,50,WeaklyCorrelated,scaled,10735,42,28,0.560000,43,0.995994,49,25
690,50,WeaklyCorrelated,scaled,12205,42,26,0.520000,11,0.999099,38,25
691,50,WeaklyCorrelated,scaled,12614,42,26,0.520000,16,0.998732,47,24
692,50,WeaklyCorrelated,scaled,12962,42,24,0.480000,51,0.996065,25,23
693,50,WeaklyCorrelated,scaled,13288,42,28,0.560000,42,0.996839,48,25
694,50,WeaklyCorrelated,scaled,13150,42,24,0.480000,26,0.998023,48,22
695,50,WeaklyCorrelated,scaled,11692,42,24,0.480000,18,0.998460,48,22
696,50,WeaklyCorrelated,scaled,13754,42,28,0.560000,6,0.999564,49,25
697,50,WeaklyCorrelated,scaled,12125,42,27,0.540000,40,0.996701,46,24
698,50,WeaklyCorrelated,scaled,12585,42,27,0.540000,15,0.998808,49,26
699,50,WeaklyCorrelated,scaled,13435,42,27,0.540000,28,0.997916,42,26
700,50,StronglyCorrelated,scaled,11460,42,34,0.680000,285,0.975131,34,33
701,50,StronglyCorrelated,scaled,13938,42,31,0.620000,192,0.986225,33,30
702,50,StronglyCorrelated,scaled,12048,42,34,0.680000,148,0.987716,43,33
703,50,StronglyCorrelated,scaled,11557,42,31,0.620000,56,0.995154,30,31
704,50,StronglyCorrelated,scaled,12245,42,33,0.660000,72,0.994120,36,32
705,50,StronglyCorrelated,scaled,13877,42,32,0.640000,108,0.992217,39,31
706,50,StronglyCorrelated,scaled,11021,42,34,0.680000,73,0.993376,34,32
707,50,StronglyCorrelated,scaled,14264,42,30,0.600000,29,0.997967,32,29
708,50,StronglyCorrelated,scaled,12932,42,33,0.660000,171,0.986777,39,31
709,50,StronglyCorrelated,scaled,13133,42,33,0.660000,80,0.993908,37,32
710,50,StronglyCorrelated,scaled,13042,42,32,0.640000,90,0.993099,39,31
711,50,StronglyCorrelated,scaled,13884,42,30,0.600000,231,0.983362,34,29
712,50,StronglyCorrelated,scaled,11770,42,33,0.660000,227,0.980714,33,32
713,50,StronglyCorrelated,scaled,11636,42,33,0.660000,99,0.991492,33,32
714,50,StronglyCorrelated,scaled,10681,42,34,0.680000,264,0.975283,37,33
715,50,StronglyCorrelated,scaled,11553,42,33,0.660000,167,0.985545,32,33
716,50,StronglyCorrelated,scaled,12880,42,30,0.600000,96,0.992547,31,29
717,50,StronglyCorrelated,scaled,13599,42,32,0.640000,102,0.992499,38,31
718,50,StronglyCorrelated,scaled,11524,42,29,0.580000,53,0.995401,28,29
719,50,StronglyCorrelated,scaled,12404,42,33,0.660000,280,0.977427,32,33
720,50,StronglyCorrelated,scaled,13296,42,29,0.580000,50,0.996239,28,29
721,50,StronglyCorrelated,scaled,13311,42,30,0.600000,139,0.989558,31,28
722,50,StronglyCorrelated,scaled,9898,42,35,0.700000,46,0.995353,34,35
723,50,StronglyCorrelated,scaled,11901,42,33,0.660000,141,0.988152,32,33
724,50,StronglyCorrelated,scaled,11219,42,35,0.700000,208,0.981460,35,34
725,50,StronglyCorrelated,scaled,12687,42,32,0.640000,271,0.978640,31,32
726,50,StronglyCorrelated,scaled,12465,42,32,0.640000,87,0.993020,33,31
727,50,StronglyCorrelated,scaled,12148,42,32,0.640000,147,0.987899,31,32
728,50,StronglyCorrelated,scaled,13685,42,34,0.680000,370,0.972963,33,34
729,50,StronglyCorrelated,scaled,11434,42,31,0.620000,69,0.993965,32,30
730,50,StronglyCorrelated,scaled,12512,42,29,0.580000,157,0.987452,29,28
731,50,StronglyCorrelated,scaled,11940,42,32,0.640000,220,0.981575,31,32
732,50,StronglyCorrelated,scaled,12114,42,31,0.620000,264,0.978207,30,31
733,50,StronglyCorrelated,scaled,13096,42,31,0.620000,17,0.998702,34,30
734,50,StronglyCorrelated,scaled,15114,42,31,0.620000,48,0.996824,41,30
735,50,StronglyCorrelated,scaled,12583,42,32,0.640000,13,0.998967,43,31
736,50,StronglyCorrelated,scaled,13599,42,31,0.620000,258,0.981028,30,31
737,50,StronglyCorrelated,scaled,11378,42,33,0.660000,16,0.998594,32,33
738,50,StronglyCorrelated,scaled,11389,42,32,0.640000,74,0.993503,32,31
739,50,StronglyCorrelated,scaled,11131,42,34,0.680000,185,0.983380,41,33
740,50,StronglyCorrelated,scaled,12532,42,32,0.640000,47,0.996250,33,31
741,50,StronglyCorrelated,scaled,12966,42,30,0.600000,125,0.990359,30,29
742,50,StronglyCorrelated,scaled,12049,42,33,0.660000,130,0.989211,36,31
743,50,StronglyCorrelated,scaled,12230,42,29,0.580000,119,0.990270,28,29
744,50,StronglyCorrelated,scaled,12810,42,34,0.680000,135,0.989461,35,33
745,50,StronglyCorrelated,scaled,13827,42,32,0.640000,355,0.974326,31,32
746,50,StronglyCorrelated,scaled,12640,42,30,0.600000,16,0.998734,30,29
747,50,StronglyCorrelated,scaled,12080,42,32,0.640000,249,0.979387,31,32
748,50,StronglyCorrelated,scaled,11865,42,32,0.640000,17,0.998567,32,30
749,50,StronglyCorrelated,scaled,11029,42,34,0.680000,119,0.989210,34,33
750,50,StronglyCorrelated,scaled,13358,42,32,0.640000,59,0.995583,35,30
751,50,StronglyCorrelated,scaled,13320,42,31,0.620000,123,0.990766,30,31
752,50,StronglyCorrelated,scaled,10308,42,34,0.680000,51,0.995052,33,34
753,50,StronglyCorrelated,scaled,13102,42,31,0.620000,3,0.999771,30,31
754,50,StronglyCorrelated,scaled,12661,42,30,0.600000,111,0.991233,39,29
755,50,StronglyCorrelated,scaled,12195,42,32,0.640000,228,0.981304,31,32
756,50,StronglyCorrelated,scaled,12019,42,34,0.680000,122,0.989849,35,33
757,50,StronglyCorrelated,scaled,12361,42,32,0.640000,326,0.973627,31,32
758,50,StronglyCorrelated,scaled,11773,42,32,0.640000,28,0.997622,31,32
759,50,StronglyCorrelated,scaled,12418,42,34,0.680000,8,0.999356,40,33
760,50,StronglyCorrelated,scaled,11130,42,33,0.660000,121,0.989128,32,33
761,50,StronglyCorrelated,scaled,10943,42,31,0.620000,33,0.996984,30,31
762,50,StronglyCorrelated,scaled,14662,42,30,0.600000,14,0.999045,29,30
763,50,StronglyCorrelated,scaled,10511,42,33,0.660000,60,0.994292,36,32
764,50,StronglyCorrelated,scaled,11980,42,32,0.640000,39,0.996745,37,30
765,50,StronglyCorrelated,scaled,12532,42,32,0.640000,14,0.998883,31,32
766,50,StronglyCorrelated,scaled,12350,42,31,0.620000,42,0.996599,32,30
767,50,StronglyCorrelated,scaled,11046,42,33,0.660000,110,0.990042,33,32
768,50,StronglyCorrelated,scaled,12324,42,32,0.640000,96,0.992210,33,30
769,50,StronglyCorrelated,scaled,12237,42,33,0.660000,96,0.992155,34,32
770,50,StronglyCorrelated,scaled,11922,42,33,0.660000,98,0.991780,42,32
771,50,StronglyCorrelated,scaled,12951,42,33,0.660000,109,0.991584,32,33
772,50,StronglyCorrelated,scaled,13267,42,34,0.680000,223,0.983191,33,34
773,50,StronglyCorrelated,scaled,13179,42,32,0.640000,210,0.984066,31,32
774,50,StronglyCorrelated,scaled,12194,42,32,0.640000,71,0.994177,35,31
775,50,StronglyCorrelated,scaled,12152,42,32,0.640000,112,0.990783,43,30
776,50,StronglyCorrelated,scaled,13627,42,29,0.580000,114,0.991634,29,28
777,50,StronglyCorrelated,scaled,11455,42,34,0.680000,144,0.987429,33,34
778,50,StronglyCorrelated,scaled,12562,42,32,0.640000,25,0.998010,31,32
779,50,StronglyCorrelated,scaled,13750,42,30,0.600000,71,0.994836,29,30
780,50,StronglyCorrelated,scaled,13264,42,32,0.640000,90,0.993215,31,32
781,50,StronglyCorrelated,scaled,12395,42,31,0.620000,93,0.992497,43,30
782,50,StronglyCorrelated,scaled,11402,42,34,0.680000,173,0.984827,41,33
783,50,StronglyCorrelated,scaled,13099,42,32,0.640000,99,0.992442,41,31
784,50,StronglyCorrelated,scaled,12766,42,33,0.660000,208,0.983707,34,32
785,50,StronglyCorrelated,scaled,14385,42,28,0.560000,132,0.990824,27,28
786,50,StronglyCorrelated,scaled,10764,42,30,0.600000,104,0.990338,29,30
787,50,StronglyCorrelated,scaled,13812,42,30,0.600000,268,0.980597,29,30
788,50,StronglyCorrelated,scaled,12031,42,35,0.700000,38,0.996841,38,33
789,50,StronglyCorrelated,scaled,13731,42,33,0.660000,193,0.985944,46,32
790,50,StronglyCorrelated,scaled,12321,42,34,0.680000,149,0.987907,34,33
791,50,StronglyCorrelated,scaled,14411,42,32,0.640000,59,0.995906,40,31
792,50,StronglyCorrelated,scaled,11337,42,32,0.640000,67,0.994090,31,32
793,50,StronglyCorrelated,scaled,11580,42,35,0.700000,186,0.983938,36,33
794,50,StronglyCorrelated,scaled,11882,42,33,0.660000,31,0.997391,34,32
795,50,StronglyCorrelated,scaled,12217,42,32,0.640000,79,0.993534,31,32
796,50,StronglyCorrelated,scaled,11147,42,34,0.680000,185,0.983404,38,33
797,50,StronglyCorrelated,scaled,13581,42,33,0.660000,115,0.991532,37,31
798,50,StronglyCorrelated,scaled,13440,42,31,0.620000,60,0.995536,30,31
799,50,StronglyCorrelated,scaled,13765,42,31,0.620000,200,0.985470,32,30
800,50,InverseCorrelated,scaled,12511,42,35,0.700000,405,0.967628,34,35
801,50,InverseCorrelated,scaled,12780,42,36,0.720000,43,0.996635,35,36
802,50,InverseCorrelated,scaled,14012,42,34,0.680000,91,0.993506,33,34
803,50,InverseCorrelated,scaled,13364,42,34,0.680000,672,0.949716,33,34
804,50,InverseCorrelated,scaled,14162,42,34,0.680000,64,0.995481,33,34
805,50,InverseCorrelated,scaled,11472,42,36,0.720000,141,0.987709,35,36
806,50,InverseCorrelated,scaled,15246,42,32,0.640000,100,0.993441,31,32
807,50,InverseCorrelated,scaled,12231,42,35,0.700000,308,0.974818,34,35
808,50,InverseCorrelated,scaled,12197,42,35,0.700000,80,0.993441,34,35
809,50,InverseCorrelated,scaled,11738,42,35,0.700000,215,0.981683,34,35
810,50,InverseCorrelated,scaled,14314,42,33,0.660000,644,0.955009,32,33
811,50,InverseCorrelated,scaled,12609,42,35,0.700000,152,0.987945,34,35
812,50,InverseCorrelated,scaled,13162,42,34,0.680000,235,0.982146,33,34
813,50,InverseCorrelated,scaled,13631,42,33,0.660000,610,0.955249,32,33
814,50,InverseCorrelated,scaled,11203,42,36,0.720000,607,0.945818,35,36
815,50,InverseCorrelated,scaled,11474,42,35,0.700000,375,0.967317,34,35
816,50,InverseCorrelated,scaled,11762,42,35,0.700000,578,0.950859,34,35
817,50,InverseCorrelated,scaled,11972,42,36,0.720000,180,0.984965,35,36
818,50,InverseCorrelated,scaled,12015,42,35,0.700000,608,0.949397,34,35
819,50,InverseCorrelated,scaled,11852,42,35,0.700000,445,0.962454,34,35
820,50,InverseCorrelated,scaled,11866,42,36,0.720000,485,0.959127,35,36
821,50,InverseCorrelated,scaled,12554,42,34,0.680000,482,0.961606,33,34
822,50,InverseCorrelated,scaled,12631,42,35,0.700000,243,0.980762,34,35
823,50,InverseCorrelated,scaled,12960,42,34,0.680000,368,0.971605,33,34
824,50,InverseCorrelated,scaled,12174,42,35,0.700000,750,0.938393,34,35
825,50,InverseCorrelated,scaled,11811,42,35,0.700000,467,0.960461,34,35
826,50,InverseCorrelated,scaled,11158,42,35,0.700000,603,0.945958,34,35
827,50,InverseCorrelated,scaled,13185,42,34,0.680000,556,0.957831,33,34
828,50,InverseCorrelated,scaled,13853,42,33,0.660000,489,0.964701,32,33
829,50,InverseCorrelated,scaled,10255,42,36,0.720000,489,0.952316,35,36
830,50,InverseCorrelated,scaled,12124,42,35,0.700000,523,0.956862,34,35
831,50,InverseCorrelated,scaled,11105,42,36,0.720000,625,0.943719,35,36
832,50,InverseCorrelated,scaled,14478,42,34,0.680000,196,0.986462,33,34
833,50,InverseCorrelated,scaled,14126,42,34,0.680000,134,0.990514,33,34
834,50,InverseCorrelated,scaled,12003,42,34,0.680000,567,0.952762,33,34
835,50,InverseCorrelated,scaled,11353,42,35,0.700000,114,0.989959,34,35
836,50,InverseCorrelated,scaled,12276,42,35,0.700000,30,0.997556,34,35
837,50,InverseCorrelated,scaled,13789,42,34,0.680000,411,0.970194,33,34
838,50,InverseCorrelated,scaled,12742,42,35,0.700000,113,0.991132,34,35
839,50,InverseCorrelated,scaled,12699,42,35,0.700000,299,0.976455,34,35
840,50,InverseCorrelated,scaled,12242,42,34,0.680000,511,0.958258,33,34
841,50,InverseCorrelated,scaled,13036,42,35,0.700000,342,0.973765,34,35
842,50,InverseCorrelated,scaled,13088,42,33,0.660000,635,0.951482,32,33
843,50,InverseCorrelated,scaled,11526,42,34,0.680000,214,0.981433,33,34
844,50,InverseCorrelated,scaled,15201,42,32,0.640000,712,0.953161,31,32
845,50,InverseCorrelated,scaled,12264,42,35,0.700000,152,0.987606,34,35
846,50,InverseCorrelated,scaled,11960,42,35,0.700000,567,0.952592,34,35
847,50,InverseCorrelated,scaled,14137,42,33,0.660000,449,0.968239,32,33
848,50,InverseCorrelated,scaled,11070,42,37,0.740000,187,0.983107,36,37
849,50,InverseCorrelated,scaled,12332,42,35,0.700000,89,0.992783,34,35
850,50,InverseCorrelated,scaled,15264,42,32,0.640000,756,0.950472,31,32
851,50,InverseCorrelated,scaled,12569,42,35,0.700000,499,0.960299,34,35
852,50,InverseCorrelated,scaled,12067,42,34,0.680000,644,0.946631,33,34
853,50,InverseCorrelated,scaled,11628,42,36,0.720000,677,0.941778,35,36
854,50,InverseCorrelated,scaled,13540,42,33,0.660000,392,0.971049,32,33
855,50,InverseCorrelated,scaled,11730,42,36,0.720000,184,0.984314,35,36
856,50,InverseCorrelated,scaled,12943,42,35,0.700000,473,0.963455,34,35
857,50,InverseCorrelated,scaled,12749,42,34,0.680000,412,0.967684,33,34
858,50,InverseCorrelated,scaled,10756,42,36,0.720000,71,0.993399,35,36
859,50,InverseCorrelated,scaled,14212,42,34,0.680000,466,0.967211,33,34
860,50,InverseCorrelated,scaled,12330,42,36,0.720000,32,0.997405,35,36
861,50,InverseCorrelated,scaled,11244,42,35,0.700000,437,0.961135,34,35
862,50,InverseCorrelated,scaled,10290,42,36,0.720000,257,0.975024,35,36
863,50,InverseCorrelated,scaled,12123,42,35,0.700000,427,0.964778,34,35
864,50,InverseCorrelated,scaled,10362,42,36,0.720000,185,0.982146,35,36
865,50,InverseCorrelated,scaled,14593,42,33,0.660000,619,0.957582,32,33
866,50,InverseCorrelated,scaled,12944,42,34,0.680000,676,0.947775,33,34
867,50,InverseCorrelated,scaled,12372,42,35,0.700000,277,0.977611,34,35
868,50,InverseCorrelated,scaled,13104,42,34,0.680000,613,0.953220,33,34
869,50,InverseCorrelated,scaled,13515,42,35,0.700000,183,0.986459,34,35
870,50,InverseCorrelated,scaled,11735,42,35,0.700000,398,0.966084,34,35
871,50,InverseCorrelated,scaled,11099,42,37,0.740000,22,0.998018,36,37
872,50,InverseCorrelated,scaled,12720,42,35,0.700000,257,0.979796,34,35
873,50,InverseCorrelated,scaled,11984,42,36,0.720000,359,0.970043,35,36
874,50,InverseCorrelated,scaled,12295,42,35,0.700000,297,0.975844,34,35
875,50,InverseCorrelated,scaled,12883,42,34,0.680000,101,0.992160,33,34
876,50,InverseCorrelated,scaled,13102,42,34,0.680000,492,0.962448,33,34
877,50,InverseCorrelated,scaled,11750,42,36,0.720000,253,0.978468,35,36
878,50,InverseCorrelated,scaled,12450,42,35,0.700000,463,0.962811,34,35
879,50,InverseCorrelated,scaled,12265,42,34,0.680000,604,0.950754,33,34
880,50,InverseCorrelated,scaled,12859,42,35,0.700000,274,0.978692,34,35
881,50,InverseCorrelated,scaled,13397,42,34,0.680000,181,0.986490,33,34
882,50,InverseCorrelated,scaled,13178,42,35,0.700000,214,0.983761,34,35
883,50,InverseCorrelated,scaled,11527,42,34,0.680000,610,0.947081,33,34
884,50,InverseCorrelated,scaled,13406,42,35,0.700000,280,0.979114,34,35
885,50,InverseCorrelated,scaled,13920,42,34,0.680000,133,0.990445,33,34
886,50,InverseCorrelated,scaled,12356,42,35,0.700000,92,0.992554,34,35
887,50,InverseCorrelated,scaled,13339,42,33,0.660000,535,0.959892,32,33
888,50,InverseCorrelated,scaled,12277,42,35,0.700000,647,0.947300,34,35
889,50,InverseCorrelated,scaled,12983,42,34,0.680000,496,0.961796,33,34
890,50,InverseCorrelated,scaled,14084,42,34,0.680000,147,0.989563,33,34
891,50,InverseCorrelated,scaled,12375,42,35,0.700000,33,0.997333,34,35
892,50,InverseCorrelated,scaled,13022,42,35,0.700000,187,0.985640,34,35
893,50,InverseCorrelated,scaled,11957,42,35,0.700000,105,0.991219,34,35
894,50,InverseCorrelated,scaled,13416,42,35,0.700000,163,0.987850,34,35
895,50,InverseCorrelated,scaled,11381,42,36,0.720000,317,0.972147,35,36
896,50,InverseCorrelated,scaled,12149,42,36,0.720000,559,0.953988,35,36
897,50,InverseCorrelated,scaled,12810,42,35,0.700000,105,0.991803,34,35
898,50,InverseCorrelated,scaled,11993,42,36,0.720000,47,0.996081,35,36
899,50,InverseCorrelated,scaled,12094,42,35,0.700000,356,0.970564,34,35
900,50,AlmostEqualRatios,scaled,9580,42,27,0.540000,0,1.000000,27,26
901,50,AlmostEqualRatios,scaled,11553,42,25,0.500000,2,0.999827,46,24
902,50,AlmostEqualRatios,scaled,12146,42,25,0.500000,8,0.999341,49,24
903,50,AlmostEqualRatios,scaled,11801,42,28,0.560000,6,0.999492,37,25
904,50,AlmostEqualRatios,scaled,12847,42,30,0.600000,14,0.998910,38,28
905,50,AlmostEqualRatios,scaled,13472,42,27,0.540000,34,0.997476,29,26
906,50,AlmostEqualRatios,scaled,11970,42,29,0.580000,21,0.998246,45,27
907,50,AlmostEqualRatios,scaled,12289,42,26,0.520000,59,0.995199,40,24
908,50,AlmostEqualRatios,scaled,10771,42,23,0.460000,12,0.998886,22,23
909,50,AlmostEqualRatios,scaled,12985,42,27,0.540000,11,0.999153,36,25
910,50,AlmostEqualRatios,scaled,10903,42,26,0.520000,23,0.997890,27,23
911,50,AlmostEqualRatios,scaled,11187,42,29,0.580000,59,0.994726,29,27
912,50,AlmostEqualRatios,scaled,11725,42,25,0.500000,46,0.996077,27,22
913,50,AlmostEqualRatios,scaled,12356,42,27,0.540000,21,0.998300,35,26
914,50,AlmostEqualRatios,scaled,12439,42,27,0.540000,68,0.994533,49,25
915,50,AlmostEqualRatios,scaled,13151,42,25,0.500000,63,0.995209,30,24
916,50,AlmostEqualRatios,scaled,13149,42,26,0.520000,12,0.999087,30,25
917,50,AlmostEqualRatios,scaled,12128,42,27,0.540000,41,0.996619,35,26
918,50,AlmostEqualRatios,scaled,12573,42,25,0.500000,32,0.997455,24,25
919,50,AlmostEqualRatios,scaled,12032,42,28,0.560000,8,0.999335,43,25
920,50,AlmostEqualRatios,scaled,12604,42,28,0.560000,7,0.999445,49,26
921,50,AlmostEqualRatios,scaled,12667,42,27,0.540000,55,0.995658,26,27
922,50,AlmostEqualRatios,scaled,12705,42,25,0.500000,26,0.997954,46,23
923,50,AlmostEqualRatios,scaled,13256,42,27,0.540000,66,0.995021,26,27
924,50,AlmostEqualRatios,scaled,11147,42,28,0.560000,7,0.999372,45,20
925,50,AlmostEqualRatios,scaled,12420,42,28,0.560000,86,0.993076,27,28
926,50,AlmostEqualRatios,scaled,13403,42,27,0.540000,18,0.998657,32,24
927,50,AlmostEqualRatios,scaled,12534,42,24,0.480000,32,0.997447,28,22
928,50,AlmostEqualRatios,scaled,12944,42,30,0.600000,8,0.999382,34,28
929,50,AlmostEqualRatios,scaled,11551,42,29,0.580000,23,0.998009,31,28
930,50,AlmostEqualRatios,scaled,11249,42,23,0.460000,13,0.998844,36,21
931,50,AlmostEqualRatios,scaled,11201,42,25,0.500000,21,0.998125,27,22
932,50,AlmostEqualRatios,scaled,13733,42,28,0.560000,40,0.997087,39,27
933,50,AlmostEqualRatios,scaled,11383,42,27,0.540000,53,0.995344,40,22
934,50,AlmostEqualRatios,scaled,10855,42,25,0.500000,2,0.999816,26,24
935,50,AlmostEqualRatios,scaled,12527,42,26,0.520000,33,0.997366,32,23
936,50,AlmostEqualRatios,scaled,13104,42,27,0.540000,70,0.994658,49,25
937,50,AlmostEqualRatios,scaled,13903,42,28,0.560000,117,0.991585,45,25
938,50,AlmostEqualRatios,scaled,14271,42,30,0.600000,73,0.994885,33,28
939,50,AlmostEqualRatios,scaled,12314,42,25,0.500000,67,0.994559,27,23
940,50,AlmostEqualRatios,scaled,13829,42,28,0.560000,111,0.991973,29,27
941,50,AlmostEqualRatios,scaled,13086,42,26,0.520000,26,0.998013,32,24
942,50,AlmostEqualRatios,scaled,13595,42,27,0.540000,51,0.996249,40,25
943,50,AlmostEqualRatios,scaled,12773,42,27,0.540000,11,0.999139,49,24
944,50,AlmostEqualRatios,scaled,12587,42,27,0.540000,61,0.995154,29,26
945,50,AlmostEqualRatios,scaled,12666,42,28,0.560000,77,0.993921,49,26
946,50,AlmostEqualRatios,scaled,14952,42,25,0.500000,108,0.992777,34,21
947,50,AlmostEqualRatios,scaled,14047,42,26,0.520000,56,0.996013,38,24
948,50,AlmostEqualRatios,scaled,12662,42,24,0.480000,56,0.995577,24,21
949,50,AlmostEqualRatios,scaled,12815,42,27,0.540000,106,0.991728,32,23
950,50,AlmostEqualRatios,scaled,13663,42,24,0.480000,135,0.990119,23,24
951,50,AlmostEqualRatios,scaled,11835,42,31,0.620000,14,0.998817,42,28
952,50,AlmostEqualRatios,scaled,11879,42,23,0.460000,3,0.999747,22,23
953,50,AlmostEqualRatios,scaled,12451,42,27,0.540000,0,1.000000,27,26
954,50,AlmostEqualRatios,scaled,12510,42,29,0.580000,26,0.997922,40,22
955,50,AlmostEqualRatios,scaled,12689,42,26,0.520000,23,0.998187,29,22
956,50,AlmostEqualRatios,scaled,12042,42,31,0.620000,29,0.997592,48,29
957,50,AlmostEqualRatios,scaled,11255,42,28,0.560000,70,0.993781,41,25
958,50,AlmostEqualRatios,scaled,11314,42,27,0.540000,48,0.995757,31,26
959,50,AlmostEqualRatios,scaled,11293,42,25,0.500000,24,0.997875,30,20
960,50,AlmostEqualRatios,scaled,9311,42,29,0.580000,18,0.998067,36,27
961,50,AlmostEqualRatios,scaled,14041,42,27,0.540000,79,0.994374,43,24
962,50,AlmostEqualRatios,scaled,12845,42,26,0.520000,45,0.996497,45,21
963,50,AlmostEqualRatios,scaled,12868,42,25,0.500000,3,0.999767,24,25
964,50,AlmostEqualRatios,scaled,13230,42,25,0.500000,105,0.992063,25,24
965,50,AlmostEqualRatios,scaled,12225,42,26,0.520000,10,0.999182,28,25
966,50,AlmostEqualRatios,scaled,12384,42,28,0.560000,31,0.997497,42,22
967,50,AlmostEqualRatios,scaled,12840,42,25,0.500000,8,0.999377,45,22
968,50,AlmostEqualRatios,scaled,13546,42,26,0.520000,17,0.998745,26,24
969,50,AlmostEqualRatios,scaled,13199,42,24,0.480000,58,0.995606,30,21
970,50,AlmostEqualRatios,scaled,12540,42,24,0.480000,48,0.996172,46,22
971,50,AlmostEqualRatios,scaled,12647,42,23,0.460000,18,0.998577,25,21
972,50,AlmostEqualRatios,scaled,11910,42,27,0.540000,12,0.998992,33,26
973,50,AlmostEqualRatios,scaled,13189,42,26,0.520000,17,0.998711,28,25
974,50,AlmostEqualRatios,scaled,12382,42,27,0.540000,4,0.999677,41,22
975,50,AlmostEqualRatios,scaled,12252,42,23,0.460000,7,0.999429,23,22
976,50,AlmostEqualRatios,scaled,14399,42,30,0.600000,11,0.999236,49,26
977,50,AlmostEqualRatios,scaled,13536,42,25,0.500000,13,0.999040,33,24
978,50,AlmostEqualRatios,scaled,12797,42,27,0.540000,52,0.995937,43,21
979,50,AlmostEqualRatios,scaled,11319,42,21,0.420000,1,0.999912,21,19
980,50,AlmostEqualRatios,scaled,11896,42,25,0.500000,9,0.999243,29,21
981,50,AlmostEqualRatios,scaled,11486,42,27,0.540000,18,0.998433,49,24
982,50,AlmostEqualRatios,scaled,13801,42,25,0.500000,66,0.995218,26,22
983,50,AlmostEqualRatios,scaled,11765,42,25,0.500000,6,0.999490,30,22
984,50,AlmostEqualRatios,scaled,12249,42,27,0.540000,5,0.999592,40,26
985,50,AlmostEqualRatios,scaled,12731,42,28,0.560000,48,0.996230,46,24
986,50,AlmostEqualRatios,scaled,13103,42,28,0.560000,10,0.999237,48,24
987,50,AlmostEqualRatios,scaled,12387,42,28,0.560000,23,0.998143,46,25
988,50,AlmostEqualRatios,scaled,13302,42,27,0.540000,2,0.999850,30,24
989,50,AlmostEqualRatios,scaled,11624,42,27,0.540000,0,1.000000,40,25
990,50,AlmostEqualRatios,scaled,12255,42,27,0.540000,29,0.997634,46,25
991,50,AlmostEqualRatios,scaled,12891,42,28,0.560000,5,0.999612,46,25
992,50,AlmostEqualRatios,scaled,11164,42,27,0.540000,39,0.996507,30,26
993,50,AlmostEqualRatios,scaled,11897,42,23,0.460000,4,0.999664,22,23
994,50,AlmostEqualRatios,scaled,12577,42,26,0.520000,0,1.000000,35,23
995,50,AlmostEqualRatios,scaled,12730,42,27,0.540000,60,0.995287,28,26
996,50,AlmostEqualRatios,scaled,10720,42,24,0.480000,28,0.997388,26,23
997,50,AlmostEqualRatios,scaled,11567,42,29,0.580000,12,0.998963,44,26
998,50,AlmostEqualRatios,scaled,12099,42,27,0.540000,8,0.999339,36,22
999,50,AlmostEqualRatios,scaled,12809,42,27,0.540000,9,0.999297,38,25
1000,100,Uncorrelated,scaled,25626,42,64,0.640000,10,0.999610,64,63
1001,100,Uncorrelated,scaled,23519,42,65,0.650000,42,0.998214,65,64
1002,100,Uncorrelated,scaled,26806,42,66,0.660000,167,0.993770,69,65
1003,100,Uncorrelated,scaled,23613,42,63,0.630000,98,0.995850,70,61
1004,100,Uncorrelated,scaled,24471,42,65,0.650000,25,0.998978,98,63
1005,100,Uncorrelated,scaled,24754,42,62,0.620000,137,0.994466,62,61
1006,100,Uncorrelated,scaled,24844,42,64,0.640000,349,0.985952,68,62
1007,100,Uncorrelated,scaled,25950,42,60,0.600000,188,0.992755,59,60
1008,100,Uncorrelated,scaled,24050,42,64,0.640000,115,0.995218,96,63
1009,100,Uncorrelated,scaled,25844,42,60,0.600000,11,0.999574,74,58
1010,100,Uncorrelated,scaled,24723,42,64,0.640000,52,0.997897,68,63
1011,100,Uncorrelated,scaled,24662,42,63,0.630000,112,0.995459,64,61
1012,100,Uncorrelated,scaled,24132,42,63,0.630000,66,0.997265,68,62
1013,100,Uncorrelated,scaled,24726,42,63,0.630000,210,0.991507,62,63
1014,100,Uncorrelated,scaled,25415,42,60,0.600000,101,0.996026,63,59
1015,100,Uncorrelated,scaled,22834,42,63,0.630000,36,0.998423,84,62
1016,100,Uncorrelated,scaled,23727,42,61,0.610000,7,0.999705,89,60
1017,100,Uncorrelated,scaled,21539,42,63,0.630000,28,0.998700,67,62
1018,100,Uncorrelated,scaled,25969,42,65,0.650000,28,0.998922,65,64
1019,100,Uncorrelated,scaled,24773,42,63,0.630000,237,0.990433,62,63
1020,100,Uncorrelated,scaled,27025,42,62,0.620000,16,0.999408,67,61
1021,100,Uncorrelated,scaled,23597,42,66,0.660000,113,0.995211,66,65
1022,100,Uncorrelated,scaled,25331,42,63,0.630000,157,0.993802,67,62
1023,100,Uncorrelated,scaled,22265,42,67,0.670000,17,0.999236,96,64
1024,100,Uncorrelated,scaled,25141,42,64,0.640000,67,0.997335,82,61
1025,100,Uncorrelated,scaled,24910,42,65,0.650000,78,0.996869,65,64
1026,100,Uncorrelated,scaled,26785,42,63,0.630000,151,0.994363,62,63
1027,100,Uncorrelated,scaled,25357,42,60,0.600000,32,0.998738,69,58
1028,100,Uncorrelated,scaled,24551,42,66,0.660000,5,0.999796,77,65
1029,100,Uncorrelated,scaled,24164,42,64,0.640000,99,0.995903,74,63
1030,100,Uncorrelated,scaled,22193,42,68,0.680000,99,0.995539,70,67
1031,100,Uncorrelated,scaled,24383,42,62,0.620000,81,0.996678,72,61
1032,100,Uncorrelated,scaled,23277,42,58,0.580000,33,0.998582,57,58
1033,100,Uncorrelated,scaled,24247,42,63,0.630000,253,0.989566,62,63
1034,100,Uncorrelated,scaled,23613,42,64,0.640000,30,0.998730,81,62
1035,100,Uncorrelated,scaled,23326,42,67,0.670000,116,0.995027,67,66
1036,100,Uncorrelated,scaled,24270,42,68,0.680000,45,0.998146,89,66
1037,100,Uncorrelated,scaled,25599,42,61,0.610000,13,0.999492,60,61
1038,100,Uncorrelated,scaled,23967,42,60,0.600000,24,0.998999,59,60
1039,100,Uncorrelated,scaled,26106,42,63,0.630000,30,0.998851,62,63
1040,100,Uncorrelated,scaled,24646,42,64,0.640000,179,0.992737,70,62
1041,100,Uncorrelated,scaled,23737,42,64,0.640000,2,0.999916,66,63
1042,100,Uncorrelated,scaled,26945,42,61,0.610000,237,0.991204,60,61
1043,100,Uncorrelated,scaled,24563,42,65,0.650000,6,0.999756,80,62
1044,100,Uncorrelated,scaled,24410,42,61,0.610000,44,0.998197,61,60
1045,100,Uncorrelated,scaled,22610,42,63,0.630000,47,0.997921,80,62
1046,100,Uncorrelated,scaled,22971,42,65,0.650000,30,0.998694,95,63
1047,100,Uncorrelated,scaled,23669,42,66,0.660000,25,0.998944,69,65
1048,100,Uncorrelated,scaled,25339,42,63,0.630000,43,0.998303,78,61
1049,100,Uncorrelated,scaled,27165,42,58,0.580000,75,0.997239,57,58
1050,100,Uncorrelated,scaled,25693,42,60,0.600000,149,0.994201,68,59
1051,100,Uncorrelated,scaled,23968,42,62,0.620000,43,0.998206,68,61
1052,100,Uncorrelated,scaled,23538,42,64,0.640000,22,0.999065,67,63
1053,100,Uncorrelated,scaled,23135,42,63,0.630000,88,0.996196,62,63
1054,100,Uncorrelated,scaled,25979,42,61,0.610000,124,0.995227,60,61
1055,100,Uncorrelated,scaled,23622,42,64,0.640000,45,0.998095,63,64
1056,100,Uncorrelated,scaled,25320,42,63,0.630000,4,0.999842,64,62
1057,100,Uncorrelated,scaled,26295,42,63,0.630000,90,0.996577,62,63
1058,100,Uncorrelated,scaled,23454,42,64,0.640000,11,0.999531,81,63
1059,100,Uncorrelated,scaled,26366,42,63,0.630000,24,0.999090,76,62
1060,100,Uncorrelated,scaled,23753,42,64,0.640000,33,0.998611,64,63
1061,100,Uncorrelated,scaled,22485,42,64,0.640000,72,0.996798,67,62
1062,100,Uncorrelated,scaled,21654,42,66,0.660000,11,0.999492,66,65
1063,100,Uncorrelated,scaled,25202,42,62,0.620000,81,0.996786,61,62
1064,100,Uncorrelated,scaled,24685,42,64,0.640000,1,0.999959,74,61
1065,100,Uncorrelated,scaled,26245,42,62,0.620000,143,0.994551,61,62
1066,100,Uncorrelated,scaled,24495,42,65,0.650000,47,0.998081,65,64
1067,100,Uncorrelated,scaled,27175,42,63,0.630000,251,0.990764,62,63
1068,100,Uncorrelated,scaled,24631,42,66,0.660000,5,0.999797,71,64
1069,100,Uncorrelated,scaled,27909,42,61,0.610000,98,0.996489,75,59
1070,100,Uncorrelated,scaled,27139,42,67,0.670000,1,0.999963,82,65
1071,100,Uncorrelated,scaled,24158,42,62,0.620000,223,0.990769,61,62
1072,100,Uncorrelated,scaled,24020,42,61,0.610000,11,0.999542,60,61
1073,100,Uncorrelated,scaled,25095,42,63,0.630000,61,0.997569,72,61
1074,100,Uncorrelated,scaled,24891,42,65,0.650000,186,0.992527,66,64
1075,100,Uncorrelated,scaled,24159,42,66,0.660000,50,0.997930,69,65
1076,100,Uncorrelated,scaled,25185,42,62,0.620000,18,0.999285,61,62
1077,100,Uncorrelated,scaled,28540,42,59,0.590000,11,0.999615,58,59
1078,100,Uncorrelated,scaled,23106,42,63,0.630000,120,0.994807,62,63
1079,100,Uncorrelated,scaled,25317,42,65,0.650000,147,0.994194,68,64
1080,100,Uncorrelated,scaled,24477,42,63,0.630000,43,0.998243,62,63
1081,100,Uncorrelated,scaled,24802,42,64,0.640000,39,0.998428,77,63
1082,100,Uncorrelated,scaled,24586,42,68,0.680000,83,0.996624,91,65
1083,100,Uncorrelated,scaled,26345,42,58,0.580000,98,0.996280,57,58
1084,100,Uncorrelated,scaled,25052,42,62,0.620000,85,0.996607,62,61
1085,100,Uncorrelated,scaled,25384,42,65,0.650000,241,0.990506,64,65
1086,100,Uncorrelated,scaled,24428,42,64,0.640000,155,0.993655,70,62
1087,100,Uncorrelated,scaled,24162,42,66,0.660000,66,0.997268,71,65
1088,100,Uncorrelated,scaled,23016,42,65,0.650000,101,0.995612,65,64
1089,100,Uncorrelated,scaled,25348,42,64,0.640000,90,0.996449,92,63
1090,100,Uncorrelated,scaled,25428,42,61,0.610000,36,0.998584,86,59
1091,100,Uncorrelated,scaled,25607,42,62,0.620000,52,0.997969,62,61
1092,100,Uncorrelated,scaled,28233,42,55,0.550000,17,0.999398,54,55
1093,100,Uncorrelated,scaled,23858,42,65,0.650000,7,0.999707,78,61
1094,100,Uncorrelated,scaled,25594,42,65,0.650000,194,0.992420,75,63
1095,100,Uncorrelated,scaled,24632,42,63,0.630000,0,1.000000,64,62
1096,100,Uncorrelated,scaled,23358,42,68,0.680000,239,0.989768,85,66
1097,100,Uncorrelated,scaled,28651,42,61,0.610000,59,0.997941,97,60
1098,100,Uncorrelated,scaled,25146,42,61,0.610000,70,0.997216,61,60
1099,100,Uncorrelated,scaled,24553,42,58,0.580000,14,0.999430,68,56
1100,100,WeaklyCorrelated,scaled,24197,42,49,0.490000,16,0.999339,98,47
1101,100,WeaklyCorrelated,scaled,25925,42,57,0.570000,5,0.999807,99,52
1102,100,WeaklyCorrelated,scaled,26330,42,57,0.570000,30,0.998861,99,54
1103,100,WeaklyCorrelated,scaled,26670,42,55,0.550000,3,0.999888,54,55
1104,100,WeaklyCorrelated,scaled,24778,42,53,0.530000,15,0.999395,98,50
1105,100,WeaklyCorrelated,scaled,25999,42,50,0.500000,19,0.999269,97,47
1106,100,WeaklyCorrelated,scaled,24569,42,54,0.540000,10,0.999593,98,51
1107,100,WeaklyCorrelated,scaled,23287,42,48,0.480000,1,0.999957,75,45
1108,100,WeaklyCorrelated,scaled,26150,42,51,0.510000,9,0.999656,50,51
1109,100,WeaklyCorrelated,scaled,26639,42,53,0.530000,26,0.999024,96,51
1110,100,WeaklyCorrelated,scaled,22116,42,53,0.530000,6,0.999729,95,51
1111,100,WeaklyCorrelated,scaled,24573,42,50,0.500000,25,0.998983,98,47
1112,100,WeaklyCorrelated,scaled,24462,42,47,0.470000,56,0.997711,47,46
1113,100,WeaklyCorrelated,scaled,26189,42,52,0.520000,3,0.999885,90,50
1114,100,WeaklyCorrelated,scaled,25993,42,51,0.510000,10,0.999615,80,49
1115,100,WeaklyCorrelated,scaled,22666,42,51,0.510000,7,0.999691,53,50
1116,100,WeaklyCorrelated,scaled,25535,42,51,0.510000,22,0.999138,92,49
1117,100,WeaklyCorrelated,scaled,23381,42,54,0.540000,29,0.998760,96,50
1118,100,WeaklyCorrelated,scaled,23353,42,56,0.560000,72,0.996917,98,52
1119,100,WeaklyCorrelated,scaled,24656,42,51,0.510000,0,1.000000,95,48
1120,100,WeaklyCorrelated,scaled,24308,42,54,0.540000,0,1.000000,90,50
1121,100,WeaklyCorrelated,scaled,25850,42,52,0.520000,18,0.999304,98,50
1122,100,WeaklyCorrelated,scaled,26443,42,51,0.510000,24,0.999092,95,49
1123,100,WeaklyCorrelated,scaled,24640,42,54,0.540000,35,0.998580,55,53
1124,100,WeaklyCorrelated,scaled,25899,42,52,0.520000,13,0.999498,94,51
1125,100,WeaklyCorrelated,scaled,27027,42,58,0.580000,22,0.999186,98,52
1126,100,WeaklyCorrelated,scaled,22200,42,57,0.570000,4,0.999820,97,53
1127,100,WeaklyCorrelated,scaled,24493,42,52,0.520000,12,0.999510,97,49
1128,100,WeaklyCorrelated,scaled,23789,42,49,0.490000,6,0.999748,90,47
1129,100,WeaklyCorrelated,scaled,25722,42,58,0.580000,16,0.999378,98,54
1130,100,WeaklyCorrelated,scaled,25798,42,56,0.560000,1,0.999961,97,52
1131,100,WeaklyCorrelated,scaled,26651,42,51,0.510000,40,0.998499,73,49
1132,100,WeaklyCorrelated,scaled,25448,42,48,0.480000,6,0.999764,47,48
1133,100,WeaklyCorrelated,scaled,23772,42,55,0.550000,1,0.999958,98,52
1134,100,WeaklyCorrelated,scaled,27034,42,50,0.500000,0,1.000000,98,48
1135,100,WeaklyCorrelated,scaled,25875,42,54,0.540000,4,0.999845,99,51
1136,100,WeaklyCorrelated,scaled,26911,42,55,0.550000,9,0.999666,99,50
1137,100,WeaklyCorrelated,scaled,23496,42,52,0.520000,5,0.999787,93,49
1138,100,WeaklyCorrelated,scaled,27817,42,53,0.530000,2,0.999928,98,51
1139,100,WeaklyCorrelated,scaled,23316,42,58,0.580000,2,0.999914,98,55
1140,100,WeaklyCorrelated,scaled,26524,42,51,0.510000,33,0.998756,96,48
1141,100,WeaklyCorrelated,scaled,26492,42,51,0.510000,22,0.999170,51,50
1142,100,WeaklyCorrelated,scaled,21904,42,50,0.500000,20,0.999087,96,47
1143,100,WeaklyCorrelated,scaled,24418,42,52,0.520000,37,0.998485,97,49
1144,100,WeaklyCorrelated,scaled,24219,42,50,0.500000,5,0.999794,55,48
1145,100,WeaklyCorrelated,scaled,26781,42,53,0.530000,2,0.999925,94,50
1146,100,WeaklyCorrelated,scaled,23555,42,57,0.570000,8,0.999660,99,52
1147,100,WeaklyCorrelated,scaled,24896,42,50,0.500000,7,0.999719,99,48
1148,100,WeaklyCorrelated,scaled,22956,42,50,0.500000,5,0.999782,99,47
1149,100,WeaklyCorrelated,scaled,24920,42,51,0.510000,8,0.999679,53,49
1150,100,WeaklyCorrelated,scaled,25365,42,51,0.510000,22,0.999133,98,50
1151,100,WeaklyCorrelated,scaled,23400,42,58,0.580000,10,0.999573,99,53
1152,100,WeaklyCorrelated,scaled,23279,42,50,0.500000,7,0.999699,94,48
1153,100,WeaklyCorrelated,scaled,27886,42,52,0.520000,9,0.999677,78,49
1154,100,WeaklyCorrelated,scaled,25016,42,53,0.530000,3,0.999880,99,50
1155,100,WeaklyCorrelated,scaled,23724,42,52,0.520000,8,0.999663,98,49
1156,100,WeaklyCorrelated,scaled,22799,42,52,0.520000,11,0.999518,98,49
1157,100,WeaklyCorrelated,scaled,26665,42,51,0.510000,41,0.998462,91,49
1158,100,WeaklyCorrelated,scaled,24734,42,52,0.520000,12,0.999515,98,49
1159,100,WeaklyCorrelated,scaled,24175,42,55,0.550000,5,0.999793,99,53
1160,100,WeaklyCorrelated,scaled,24046,42,53,0.530000,8,0.999667,86,49
1161,100,WeaklyCorrelated,scaled,26928,42,50,0.500000,13,0.999517,98,47
1162,100,WeaklyCorrelated,scaled,24640,42,55,0.550000,5,0.999797,96,53
1163,100,WeaklyCorrelated,scaled,25583,42,49,0.490000,23,0.999101,89,46
1164,100,WeaklyCorrelated,scaled,26032,42,51,0.510000,15,0.999424,57,50
1165,100,WeaklyCorrelated,scaled,26585,42,51,0.510000,38,0.998571,97,48
1166,100,WeaklyCorrelated,scaled,25726,42,55,0.550000,3,0.999883,98,52
1167,100,WeaklyCorrelated,scaled,26707,42,47,0.470000,30,0.998877,98,45
1168,100,WeaklyCorrelated,scaled,24931,42,52,0.520000,8,0.999679,97,50
1169,100,WeaklyCorrelated,scaled,24763,42,52,0.520000,4,0.999838,96,48
1170,100,WeaklyCorrelated,scaled,22463,42,54,0.540000,3,0.999866,82,50
1171,100,WeaklyCorrelated,scaled,22398,42,54,0.540000,3,0.999866,96,49
1172,100,WeaklyCorrelated,scaled,23860,42,50,0.500000,18,0.999246,96,48
1173,100,WeaklyCorrelated,scaled,21197,42,54,0.540000,32,0.998490,92,52
1174,100,WeaklyCorrelated,scaled,25392,42,53,0.530000,4,0.999842,87,51
1175,100,WeaklyCorrelated,scaled,28294,42,53,0.530000,25,0.999116,97,49
1176,100,WeaklyCorrelated,scaled,28680,42,54,0.540000,4,0.999861,99,49
1177,100,WeaklyCorrelated,scaled,25358,42,55,0.550000,14,0.999448,97,51
1178,100,WeaklyCorrelated,scaled,25905,42,53,0.530000,8,0.999691,92,50
1179,100,WeaklyCorrelated,scaled,24447,42,50,0.500000,11,0.999550,96,48
1180,100,WeaklyCorrelated,scaled,22695,42,49,0.490000,7,0.999692,54,47
1181,100,WeaklyCorrelated,scaled,23559,42,58,0.580000,24,0.998981,99,53
1182,100,WeaklyCorrelated,scaled,24451,42,54,0.540000,23,0.999059,98,51
1183,100,WeaklyCorrelated,scaled,25391,42,52,0.520000,12,0.999527,96,48
1184,100,WeaklyCorrelated,scaled,24899,42,52,0.520000,10,0.999598,98,50
1185,100,WeaklyCorrelated,scaled,26536,42,52,0.520000,21,0.999209,51,52
1186,100,WeaklyCorrelated,scaled,25615,42,53,0.530000,10,0.999610,95,50
1187,100,WeaklyCorrelated,scaled,24646,42,52,0.520000,30,0.998783,98,49
1188,100,WeaklyCorrelated,scaled,24424,42,56,0.560000,24,0.999017,98,53
1189,100,WeaklyCorrelated,scaled,26463,42,53,0.530000,61,0.997695,99,51
1190,100,WeaklyCorrelated,scaled,24429,42,54,0.540000,36,0.998526,97,50
1191,100,WeaklyCorrelated,scaled,25534,42,53,0.530000,5,0.999804,96,50
1192,100,WeaklyCorrelated,scaled,25349,42,50,0.500000,34,0.998659,98,48
1193,100,WeaklyCorrelated,scaled,24497,42,54,0.540000,56,0.997714,99,52
1194,100,WeaklyCorrelated,scaled,23386,42,51,0.510000,3,0.999872,98,48
1195,100,WeaklyCorrelated,scaled,21834,42,51,0.510000,0,1.000000,95,48
1196,100,WeaklyCorrelated,scaled,26300,42,52,0.520000,11,0.999582,93,50
1197,100,WeaklyCorrelated,scaled,27579,42,53,0.530000,98,0.996447,52,53
1198,100,WeaklyCorrelated,scaled,22998,42,51,0.510000,0,1.000000,93,49
1199,100,WeaklyCorrelated,scaled,26477,42,57,0.570000,4,0.999849,98,54
1200,100,StronglyCorrelated,scaled,24823,42,65,0.650000,25,0.998993,82,63
1201,100,StronglyCorrelated,scaled,25661,42,62,0.620000,124,0.995168,62,61
1202,100,StronglyCorrelated,scaled,23273,42,65,0.650000,14,0.999398,72,63
1203,100,StronglyCorrelated,scaled,26957,42,63,0.630000,32,0.998813,67,61
1204,100,StronglyCorrelated,scaled,25971,42,60,0.600000,178,0.993146,60,59
1205,100,StronglyCorrelated,scaled,24294,42,65,0.650000,128,0.994731,64,65
1206,100,StronglyCorrelated,scaled,24411,42,62,0.620000,50,0.997952,65,61
1207,100,StronglyCorrelated,scaled,23964,42,66,0.660000,115,0.995201,67,65
1208,100,StronglyCorrelated,scaled,26248,42,62,0.620000,153,0.994171,61,62
1209,100,StronglyCorrelated,scaled,23344,42,64,0.640000,190,0.991861,63,64
1210,100,StronglyCorrelated,scaled,22510,42,69,0.690000,143,0.993647,69,68
1211,100,StronglyCorrelated,scaled,24440,42,65,0.650000,56,0.997709,69,64
1212,100,StronglyCorrelated,scaled,25633,42,65,0.650000,36,0.998596,64,65
1213,100,StronglyCorrelated,scaled,25208,42,65,0.650000,214,0.991511,64,65
1214,100,StronglyCorrelated,scaled,20219,42,70,0.700000,59,0.997082,72,69
1215,100,StronglyCorrelated,scaled,23586,42,64,0.640000,23,0.999025,65,63
1216,100,StronglyCorrelated,scaled,25374,42,61,0.610000,188,0.992591,61,60
1217,100,StronglyCorrelated,scaled,25434,42,62,0.620000,82,0.996776,82,61
1218,100,StronglyCorrelated,scaled,24358,42,66,0.660000,28,0.998850,70,65
1219,100,StronglyCorrelated,scaled,26167,42,60,0.600000,5,0.999809,60,59
1220,100,StronglyCorrelated,scaled,22815,42,65,0.650000,20,0.999123,68,64
1221,100,StronglyCorrelated,scaled,23114,42,65,0.650000,244,0.989444,67,64
1222,100,StronglyCorrelated,scaled,24450,42,67,0.670000,35,0.998569,71,65
1223,100,StronglyCorrelated,scaled,24543,42,64,0.640000,110,0.995518,65,63
1224,100,StronglyCorrelated,scaled,27754,42,61,0.610000,180,0.993514,61,60
1225,100,StronglyCorrelated,scaled,25643,42,66,0.660000,82,0.996802,65,66
1226,100,StronglyCorrelated,scaled,25852,42,61,0.610000,126,0.995126,60,61
1227,100,StronglyCorrelated,scaled,28912,42,61,0.610000,68,0.997648,77,60
1228,100,StronglyCorrelated,scaled,23298,42,66,0.660000,52,0.997768,80,65
1229,100,StronglyCorrelated,scaled,23904,42,65,0.650000,14,0.999414,65,64
1230,100,StronglyCorrelated,scaled,26348,42,62,0.620000,125,0.995256,61,62
1231,100,StronglyCorrelated,scaled,24886,42,66,0.660000,234,0.990597,65,66
1232,100,StronglyCorrelated,scaled,25058,42,64,0.640000,91,0.996368,63,64
1233,100,StronglyCorrelated,scaled,25323,42,66,0.660000,212,0.991628,69,65
1234,100,StronglyCorrelated,scaled,26775,42,60,0.600000,193,0.992792,59,60
1235,100,StronglyCorrelated,scaled,24349,42,65,0.650000,95,0.996098,68,64
1236,100,StronglyCorrelated,scaled,26486,42,62,0.620000,113,0.995734,71,61
1237,100,StronglyCorrelated,scaled,25943,42,64,0.640000,154,0.994064,69,63
1238,100,StronglyCorrelated,scaled,27469,42,59,0.590000,100,0.996360,65,57
1239,100,StronglyCorrelated,scaled,24696,42,62,0.620000,267,0.989189,61,62
1240,100,StronglyCorrelated,scaled,23280,42,64,0.640000,54,0.997680,63,64
1241,100,StronglyCorrelated,scaled,26575,42,63,0.630000,131,0.995071,62,63
1242,100,StronglyCorrelated,scaled,23899,42,66,0.660000,70,0.997071,69,65
1243,100,StronglyCorrelated,scaled,25293,42,65,0.650000,19,0.999249,77,64
1244,100,StronglyCorrelated,scaled,24186,42,67,0.670000,146,0.993963,71,66
1245,100,StronglyCorrelated,scaled,24560,42,65,0.650000,87,0.996458,65,64
1246,100,StronglyCorrelated,scaled,23422,42,65,0.650000,263,0.988771,64,65
1247,100,StronglyCorrelated,scaled,26920,42,62,0.620000,59,0.997808,61,62
1248,100,StronglyCorrelated,scaled,25235,42,64,0.640000,28,0.998890,65,62
1249,100,StronglyCorrelated,scaled,28194,42,62,0.620000,228,0.991913,65,60
1250,100,StronglyCorrelated,scaled,24184,42,61,0.610000,115,0.995245,60,61
1251,100,StronglyCorrelated,scaled,24094,42,66,0.660000,272,0.988711,65,66
1252,100,StronglyCorrelated,scaled,25093,42,64,0.640000,230,0.990834,66,62
1253,100,StronglyCorrelated,scaled,24211,42,63,0.630000,108,0.995539,67,62
1254,100,StronglyCorrelated,scaled,25572,42,64,0.640000,35,0.998631,63,64
1255,100,StronglyCorrelated,scaled,25249,42,66,0.660000,30,0.998812,78,65
1256,100,StronglyCorrelated,scaled,25827,42,64,0.640000,140,0.994579,63,64
1257,100,StronglyCorrelated,scaled,25703,42,64,0.640000,113,0.995604,63,64
1258,100,StronglyCorrelated,scaled,24711,42,63,0.630000,7,0.999717,69,62
1259,100,StronglyCorrelated,scaled,26074,42,64,0.640000,64,0.997545,70,63
1260,100,StronglyCorrelated,scaled,27288,42,63,0.630000,143,0.994760,64,62
1261,100,StronglyCorrelated,scaled,24611,42,63,0.630000,114,0.995368,62,63
1262,100,StronglyCorrelated,scaled,24982,42,66,0.660000,21,0.999159,84,64
1263,100,StronglyCorrelated,scaled,25863,42,66,0.660000,48,0.998144,72,64
1264,100,StronglyCorrelated,scaled,25176,42,62,0.620000,17,0.999325,75,61
1265,100,StronglyCorrelated,scaled,26134,42,61,0.610000,58,0.997781,60,61
1266,100,StronglyCorrelated,scaled,23577,42,66,0.660000,85,0.996395,67,65
1267,100,StronglyCorrelated,scaled,22347,42,63,0.630000,28,0.998747,62,63
1268,100,StronglyCorrelated,scaled,26140,42,65,0.650000,205,0.992158,65,63
1269,100,StronglyCorrelated,scaled,27108,42,63,0.630000,45,0.998340,69,60
1270,100,StronglyCorrelated,scaled,22250,42,68,0.680000,67,0.996989,70,67
1271,100,StronglyCorrelated,scaled,24466,42,65,0.650000,168,0.993133,64,65
1272,100,StronglyCorrelated,scaled,24893,42,65,0.650000,191,0.992327,64,65
1273,100,StronglyCorrelated,scaled,24534,42,66,0.660000,46,0.998125,81,64
1274,100,StronglyCorrelated,scaled,23890,42,67,0.670000,123,0.994851,66,67
1275,100,StronglyCorrelated,scaled,23666,42,64,0.640000,39,0.998352,63,64
1276,100,StronglyCorrelated,scaled,23671,42,65,0.650000,217,0.990833,64,65
1277,100,StronglyCorrelated,scaled,25844,42,60,0.600000,168,0.993499,59,60
1278,100,StronglyCorrelated,scaled,23710,42,64,0.640000,36,0.998482,68,61
1279,100,StronglyCorrelated,scaled,23585,42,64,0.640000,199,0.991562,63,64
1280,100,StronglyCorrelated,scaled,26390,42,62,0.620000,260,0.990148,61,62
1281,100,StronglyCorrelated,scaled,26094,42,60,0.600000,168,0.993562,59,60
1282,100,StronglyCorrelated,scaled,22938,42,66,0.660000,81,0.996469,78,64
1283,100,StronglyCorrelated,scaled,26519,42,63,0.630000,75,0.997172,66,61
1284,100,StronglyCorrelated,scaled,24616,42,58,0.580000,72,0.997075,58,57
1285,100,StronglyCorrelated,scaled,23221,42,66,0.660000,19,0.999182,65,66
1286,100,StronglyCorrelated,scaled,26963,42,62,0.620000,124,0.995401,62,61
1287,100,StronglyCorrelated,scaled,27252,42,62,0.620000,30,0.998899,62,61
1288,100,StronglyCorrelated,scaled,27028,42,63,0.630000,39,0.998557,63,62
1289,100,StronglyCorrelated,scaled,25115,42,64,0.640000,82,0.996735,64,63
1290,100,StronglyCorrelated,scaled,25812,42,63,0.630000,86,0.996668,62,63
1291,100,StronglyCorrelated,scaled,25718,42,64,0.640000,24,0.999067,82,63
1292,100,StronglyCorrelated,scaled,26480,42,64,0.640000,90,0.996601,87,63
1293,100,StronglyCorrelated,scaled,22690,42,63,0.630000,51,0.997752,62,63
1294,100,StronglyCorrelated,scaled,26301,42,61,0.610000,109,0.995856,61,60
1295,100,StronglyCorrelated,scaled,23190,42,64,0.640000,144,0.993790,63,64
1296,100,StronglyCorrelated,scaled,23939,42,68,0.680000,41,0.998287,71,67
1297,100,StronglyCorrelated,scaled,22471,42,64,0.640000,68,0.996974,63,64
1298,100,StronglyCorrelated,scaled,25293,42,62,0.620000,85,0.996639,75,61
1299,100,StronglyCorrelated,scaled,23933,42,65,0.650000,155,0.993524,72,64
1300,100,InverseCorrelated,scaled,24350,42,70,0.700000,427,0.982464,69,70
1301,100,InverseCorrelated,scaled,25884,42,70,0.700000,730,0.971797,69,70
1302,100,InverseCorrelated,scaled,25994,42,69,0.690000,314,0.987920,68,69
1303,100,InverseCorrelated,scaled,23115,42,72,0.720000,10,0.999567,71,72
1304,100,InverseCorrelated,scaled,25175,42,71,0.710000,291,0.988441,70,71
1305,100,InverseCorrelated,scaled,25495,42,70,0.700000,249,0.990233,69,70
1306,100,InverseCorrelated,scaled,27740,42,68,0.680000,456,0.983562,67,68
1307,100,InverseCorrelated,scaled,24293,42,70,0.700000,642,0.973573,69,70
1308,100,InverseCorrelated,scaled,23903,42,71,0.710000,213,0.991089,70,71
1309,100,InverseCorrelated,scaled,24360,42,70,0.700000,431,0.982307,69,70
1310,100,InverseCorrelated,scaled,22248,42,72,0.720000,426,0.980852,71,72
1311,100,InverseCorrelated,scaled,22312,42,70,0.700000,278,0.987540,69,70
1312,100,InverseCorrelated,scaled,26382,42,68,0.680000,409,0.984497,67,68
1313,100,InverseCorrelated,scaled,24444,42,70,0.700000,385,0.984250,69,70
1314,100,InverseCorrelated,scaled,24471,42,72,0.720000,455,0.981407,71,72
1315,100,InverseCorrelated,scaled,23088,42,72,0.720000,516,0.977651,71,72
1316,100,InverseCorrelated,scaled,25196,42,70,0.700000,9,0.999643,69,70
1317,100,InverseCorrelated,scaled,25509,42,68,0.680000,628,0.975381,67,68
1318,100,InverseCorrelated,scaled,24460,42,70,0.700000,388,0.984137,69,70
1319,100,InverseCorrelated,scaled,26585,42,68,0.680000,492,0.981493,67,68
1320,100,InverseCorrelated,scaled,23200,42,71,0.710000,290,0.987500,70,71
1321,100,InverseCorrelated,scaled,24201,42,71,0.710000,257,0.989381,70,71
1322,100,InverseCorrelated,scaled,24163,42,72,0.720000,334,0.986177,71,72
1323,100,InverseCorrelated,scaled,26633,42,69,0.690000,280,0.989487,68,69
1324,100,InverseCorrelated,scaled,24362,42,70,0.700000,405,0.983376,69,70
1325,100,InverseCorrelated,scaled,27721,42,66,0.660000,671,0.975795,65,66
1326,100,InverseCorrelated,scaled,24212,42,70,0.700000,473,0.980464,69,70
1327,100,InverseCorrelated,scaled,24816,42,70,0.700000,111,0.995527,69,70
1328,100,InverseCorrelated,scaled,23482,42,71,0.710000,128,0.994549,70,71
1329,100,InverseCorrelated,scaled,25799,42,70,0.700000,33,0.998721,69,70
1330,100,InverseCorrelated,scaled,26191,42,70,0.700000,173,0.993395,69,70
1331,100,InverseCorrelated,scaled,24041,42,69,0.690000,350,0.985442,68,69
1332,100,InverseCorrelated,scaled,25556,42,70,0.700000,197,0.992291,69,70
1333,100,InverseCorrelated,scaled,24978,42,70,0.700000,403,0.983866,69,70
1334,100,InverseCorrelated,scaled,26334,42,69,0.690000,426,0.983823,68,69
1335,100,InverseCorrelated,scaled,23548,42,72,0.720000,286,0.987855,71,72
1336,100,InverseCorrelated,scaled,21128,42,71,0.710000,484,0.977092,70,71
1337,100,InverseCorrelated,scaled,24522,42,72,0.720000,183,0.992537,71,72
1338,100,InverseCorrelated,scaled,27495,42,68,0.680000,591,0.978505,67,68
1339,100,InverseCorrelated,scaled,24534,42,70,0.700000,415,0.983085,69,70
1340,100,InverseCorrelated,scaled,21230,42,73,0.730000,195,0.990815,72,73
1341,100,InverseCorrelated,scaled,25560,42,70,0.700000,9,0.999648,69,70
1342,100,InverseCorrelated,scaled,25897,42,69,0.690000,127,0.995096,68,69
1343,100,InverseCorrelated,scaled,24817,42,70,0.700000,547,0.977959,69,70
1344,100,InverseCorrelated,scaled,24812,42,69,0.690000,358,0.985571,68,69
1345,100,InverseCorrelated,scaled,24718,42,70,0.700000,421,0.982968,69,70
1346,100,InverseCorrelated,scaled,24922,42,69,0.690000,657,0.973638,68,69
1347,100,InverseCorrelated,scaled,25431,42,70,0.700000,74,0.997090,69,70
1348,100,InverseCorrelated,scaled,22656,42,73,0.730000,327,0.985567,72,73
1349,100,InverseCorrelated,scaled,28338,42,68,0.680000,313,0.988955,67,68
1350,100,InverseCorrelated,scaled,24856,42,71,0.710000,742,0.970148,70,71
1351,100,InverseCorrelated,scaled,25674,42,70,0.700000,87,0.996611,69,70
1352,100,InverseCorrelated,scaled,24490,42,69,0.690000,564,0.976970,68,69
1353,100,InverseCorrelated,scaled,24040,42,71,0.710000,238,0.990100,70,71
1354,100,InverseCorrelated,scaled,23457,42,71,0.710000,364,0.984482,70,71
1355,100,InverseCorrelated,scaled,26580,42,68,0.680000,217,0.991836,67,68
1356,100,InverseCorrelated,scaled,24682,42,71,0.710000,100,0.995948,70,71
1357,100,InverseCorrelated,scaled,25567,42,71,0.710000,234,0.990848,70,71
1358,100,InverseCorrelated,scaled,25845,42,70,0.700000,422,0.983672,69,70
1359,100,InverseCorrelated,scaled,26277,42,69,0.690000,96,0.996347,68,69
1360,100,InverseCorrelated,scaled,25576,42,69,0.690000,327,0.987215,68,69
1361,100,InverseCorrelated,scaled,26166,42,68,0.680000,178,0.993197,67,68
1362,100,InverseCorrelated,scaled,22547,42,72,0.720000,98,0.995654,71,72
1363,100,InverseCorrelated,scaled,25663,42,71,0.710000,358,0.986050,70,71
1364,100,InverseCorrelated,scaled,28302,42,67,0.670000,649,0.977069,66,67
1365,100,InverseCorrelated,scaled,26866,42,69,0.690000,677,0.974801,68,69
1366,100,InverseCorrelated,scaled,25060,42,70,0.700000,628,0.974940,69,70
1367,100,InverseCorrelated,scaled,23099,42,71,0.710000,670,0.970994,70,71
1368,100,InverseCorrelated,scaled,26014,42,70,0.700000,125,0.995195,69,70
1369,100,InverseCorrelated,scaled,21979,42,73,0.730000,377,0.982847,72,73
1370,100,InverseCorrelated,scaled,26907,42,69,0.690000,314,0.988330,68,69
1371,100,InverseCorrelated,scaled,23749,42,71,0.710000,570,0.975999,70,71
1372,100,InverseCorrelated,scaled,24158,42,70,0.700000,579,0.976033,69,70
1373,100,InverseCorrelated,scaled,26729,42,68,0.680000,588,0.978001,67,68
1374,100,InverseCorrelated,scaled,24084,42,71,0.710000,662,0.972513,70,71
1375,100,InverseCorrelated,scaled,24165,42,72,0.720000,266,0.988992,71,72
1376,100,InverseCorrelated,scaled,25267,42,71,0.710000,297,0.988246,70,71
1377,100,InverseCorrelated,scaled,22474,42,71,0.710000,201,0.991056,70,71
1378,100,InverseCorrelated,scaled,27743,42,68,0.680000,472,0.982987,67,68
1379,100,InverseCorrelated,scaled,23214,42,72,0.720000,188,0.991901,71,72
1380,100,InverseCorrelated,scaled,24034,42,71,0.710000,535,0.977740,70,71
1381,100,InverseCorrelated,scaled,23492,42,71,0.710000,473,0.979865,70,71
1382,100,InverseCorrelated,scaled,24101,42,70,0.700000,625,0.974067,69,70
1383,100,InverseCorrelated,scaled,22668,42,73,0.730000,48,0.997882,72,73
1384,100,InverseCorrelated,scaled,27404,42,68,0.680000,454,0.983433,67,68
1385,100,InverseCorrelated,scaled,24409,42,72,0.720000,125,0.994879,71,72
1386,100,InverseCorrelated,scaled,26026,42,70,0.700000,724,0.972182,69,70
1387,100,InverseCorrelated,scaled,23018,42,72,0.720000,572,0.975150,71,72
1388,100,InverseCorrelated,scaled,25132,42,70,0.700000,66,0.997374,69,70
1389,100,InverseCorrelated,scaled,23869,42,70,0.700000,409,0.982865,69,70
1390,100,InverseCorrelated,scaled,25837,42,70,0.700000,92,0.996439,69,70
1391,100,InverseCorrelated,scaled,24599,42,70,0.700000,521,0.978820,69,70
1392,100,InverseCorrelated,scaled,25541,42,69,0.690000,651,0.974512,68,69
1393,100,InverseCorrelated,scaled,26233,42,68,0.680000,432,0.983532,67,68
1394,100,InverseCorrelated,scaled,26674,42,69,0.690000,675,0.974694,68,69
1395,100,InverseCorrelated,scaled,25607,42,69,0.690000,462,0.981958,68,69
1396,100,InverseCorrelated,scaled,24047,42,69,0.690000,319,0.986734,68,69
1397,100,InverseCorrelated,scaled,28263,42,68,0.680000,622,0.977992,67,68
1398,100,InverseCorrelated,scaled,25345,42,70,0.700000,113,0.995542,69,70
1399,100,InverseCorrelated,scaled,25025,42,70,0.700000,516,0.979381,69,70
1400,100,AlmostEqualRatios,scaled,26115,42,51,0.510000,6,0.999770,80,47
1401,100,AlmostEqualRatios,scaled,25736,42,55,0.550000,36,0.998601,83,49
1402,100,AlmostEqualRatios,scaled,24739,42,49,0.490000,6,0.999757,59,46
1403,100,AlmostEqualRatios,scaled,25293,42,56,0.560000,3,0.999881,90,51
1404,100,AlmostEqualRatios,scaled,26586,42,52,0.520000,2,0.999925,72,48
1405,100,AlmostEqualRatios,scaled,24388,42,53,0.530000,0,1.000000,82,52
1406,100,AlmostEqualRatios,scaled,24298,42,56,0.560000,4,0.999835,70,53
1407,100,AlmostEqualRatios,scaled,26480,42,56,0.560000,61,0.997696,71,53
1408,100,AlmostEqualRatios,scaled,26825,42,48,0.480000,6,0.999776,95,44
1409,100,AlmostEqualRatios,scaled,25238,42,52,0.520000,37,0.998534,55,50
1410,100,AlmostEqualRatios,scaled,26067,42,47,0.470000,31,0.998811,55,44
1411,100,AlmostEqualRatios,scaled,25193,42,49,0.490000,1,0.999960,48,49
1412,100,AlmostEqualRatios,scaled,25219,42,54,0.540000,9,0.999643,85,52
1413,100,AlmostEqualRatios,scaled,24791,42,57,0.570000,19,0.999234,99,54
1414,100,AlmostEqualRatios,scaled,20688,42,52,0.520000,0,1.000000,83,47
1415,100,AlmostEqualRatios,scaled,25672,42,55,0.550000,3,0.999883,64,52
1416,100,AlmostEqualRatios,scaled,26234,42,51,0.510000,59,0.997751,54,50
1417,100,AlmostEqualRatios,scaled,26035,42,57,0.570000,27,0.998963,99,49
1418,100,AlmostEqualRatios,scaled,25062,42,49,0.490000,7,0.999721,53,46
1419,100,AlmostEqualRatios,scaled,25145,42,49,0.490000,21,0.999165,99,47
1420,100,AlmostEqualRatios,scaled,24494,42,52,0.520000,19,0.999224,80,50
1421,100,AlmostEqualRatios,scaled,25292,42,55,0.550000,7,0.999723,97,53
1422,100,AlmostEqualRatios,scaled,26678,42,58,0.580000,43,0.998388,99,50
1423,100,AlmostEqualRatios,scaled,27609,42,50,0.500000,4,0.999855,92,45
1424,100,AlmostEqualRatios,scaled,26291,42,50,0.500000,12,0.999544,98,46
1425,100,AlmostEqualRatios,scaled,26262,42,52,0.520000,66,0.997487,59,49
1426,100,AlmostEqualRatios,scaled,25375,42,52,0.520000,44,0.998266,55,51
1427,100,AlmostEqualRatios,scaled,27135,42,52,0.520000,29,0.998931,82,51
1428,100,AlmostEqualRatios,scaled,24916,42,53,0.530000,1,0.999960,59,49
1429,100,AlmostEqualRatios,scaled,24303,42,55,0.550000,9,0.999630,99,51
1430,100,AlmostEqualRatios,scaled,21983,42,48,0.480000,1,0.999955,99,46
1431,100,AlmostEqualRatios,scaled,24396,42,49,0.490000,40,0.998360,62,44
1432,100,AlmostEqualRatios,scaled,27992,42,54,0.540000,44,0.998428,87,50
1433,100,AlmostEqualRatios,scaled,27102,42,52,0.520000,32,0.998819,51,52
1434,100,AlmostEqualRatios,scaled,26387,42,55,0.550000,41,0.998446,77,51
1435,100,AlmostEqualRatios,scaled,26991,42,51,0.510000,77,0.997147,55,49
1436,100,AlmostEqualRatios,scaled,25219,42,53,0.530000,14,0.999445,85,47
1437,100,AlmostEqualRatios,scaled,25180,42,56,0.560000,67,0.997339,93,54
1438,100,AlmostEqualRatios,scaled,28197,42,50,0.500000,49,0.998262,98,49
1439,100,AlmostEqualRatios,scaled,25289,42,49,0.490000,6,0.999763,51,48
1440,100,AlmostEqualRatios,scaled,22490,42,55,0.550000,24,0.998933,99,50
1441,100,AlmostEqualRatios,scaled,26031,42,52,0.520000,12,0.999539,68,50
1442,100,AlmostEqualRatios,scaled,22741,42,53,0.530000,63,0.997230,65,50
1443,100,AlmostEqualRatios,scaled,24219,42,53,0.530000,4,0.999835,60,50
1444,100,AlmostEqualRatios,scaled,26464,42,52,0.520000,55,0.997922,56,47
1445,100,AlmostEqualRatios,scaled,24069,42,51,0.510000,28,0.998837,55,49
1446,100,AlmostEqualRatios,scaled,24980,42,51,0.510000,13,0.999480,53,47
1447,100,AlmostEqualRatios,scaled,25394,42,51,0.510000,1,0.999961,53,48
1448,100,AlmostEqualRatios,scaled,25097,42,47,0.470000,1,0.999960,49,42
1449,100,AlmostEqualRatios,scaled,24025,42,59,0.590000,19,0.999209,99,57
1450,100,AlmostEqualRatios,scaled,25863,42,52,0.520000,5,0.999807,99,46
1451,100,AlmostEqualRatios,scaled,26108,42,48,0.480000,31,0.998813,55,46
1452,100,AlmostEqualRatios,scaled,24238,42,50,0.500000,1,0.999959,66,48
1453,100,AlmostEqualRatios,scaled,22176,42,53,0.530000,7,0.999684,62,50
1454,100,AlmostEqualRatios,scaled,24027,42,58,0.580000,43,0.998210,61,56
1455,100,AlmostEqualRatios,scaled,24767,42,52,0.520000,23,0.999071,81,51
1456,100,AlmostEqualRatios,scaled,23922,42,49,0.490000,18,0.999248,55,47
1457,100,AlmostEqualRatios,scaled,22738,42,52,0.520000,21,0.999076,99,46
1458,100,AlmostEqualRatios,scaled,27458,42,53,0.530000,4,0.999854,86,49
1459,100,AlmostEqualRatios,scaled,23044,42,55,0.550000,25,0.998915,84,52
1460,100,AlmostEqualRatios,scaled,25172,42,53,0.530000,7,0.999722,92,48
1461,100,AlmostEqualRatios,scaled,26347,42,59,0.590000,72,0.997267,99,53
1462,100,AlmostEqualRatios,scaled,22027,42,54,0.540000,55,0.997503,78,47
1463,100,AlmostEqualRatios,scaled,24196,42,54,0.540000,0,1.000000,54,51
1464,100,AlmostEqualRatios,scaled,23980,42,58,0.580000,12,0.999500,72,52
1465,100,AlmostEqualRatios,scaled,24684,42,58,0.580000,8,0.999676,63,54
1466,100,AlmostEqualRatios,scaled,25781,42,52,0.520000,2,0.999922,77,49
1467,100,AlmostEqualRatios,scaled,24876,42,51,0.510000,5,0.999799,73,49
1468,100,AlmostEqualRatios,scaled,28410,42,52,0.520000,51,0.998205,73,50
1469,100,AlmostEqualRatios,scaled,25504,42,54,0.540000,16,0.999373,97,48
1470,100,AlmostEqualRatios,scaled,23142,42,54,0.540000,14,0.999395,69,52
1471,100,AlmostEqualRatios,scaled,25342,42,51,0.510000,31,0.998777,57,48
1472,100,AlmostEqualRatios,scaled,24701,42,49,0.490000,14,0.999433,81,46
1473,100,AlmostEqualRatios,scaled,23448,42,57,0.570000,5,0.999787,98,48
1474,100,AlmostEqualRatios,scaled,24310,42,52,0.520000,23,0.999054,58,49
1475,100,AlmostEqualRatios,scaled,26344,42,52,0.520000,26,0.999013,77,50
1476,100,AlmostEqualRatios,scaled,26337,42,46,0.460000,37,0.998595,54,43
1477,100,AlmostEqualRatios,scaled,24324,42,55,0.550000,11,0.999548,54,55
1478,100,AlmostEqualRatios,scaled,24242,42,53,0.530000,5,0.999794,52,53
1479,100,AlmostEqualRatios,scaled,26220,42,51,0.510000,21,0.999199,77,48
1480,100,AlmostEqualRatios,scaled,27493,42,50,0.500000,29,0.998945,68,48
1481,100,AlmostEqualRatios,scaled,24863,42,57,0.570000,23,0.999075,66,56
1482,100,AlmostEqualRatios,scaled,25264,42,56,0.560000,21,0.999169,87,53
1483,100,AlmostEqualRatios,scaled,24738,42,53,0.530000,2,0.999919,92,51
1484,100,AlmostEqualRatios,scaled,24100,42,54,0.540000,12,0.999502,73,50
1485,100,AlmostEqualRatios,scaled,25288,42,47,0.470000,7,0.999723,51,45
1486,100,AlmostEqualRatios,scaled,24106,42,58,0.580000,32,0.998673,88,54
1487,100,AlmostEqualRatios,scaled,24622,42,48,0.480000,7,0.999716,49,46
1488,100,AlmostEqualRatios,scaled,24803,42,51,0.510000,35,0.998589,63,49
1489,100,AlmostEqualRatios,scaled,23634,42,50,0.500000,45,0.998096,99,48
1490,100,AlmostEqualRatios,scaled,25162,42,54,0.540000,12,0.999523,58,51
1491,100,AlmostEqualRatios,scaled,23552,42,49,0.490000,0,1.000000,99,46
1492,100,AlmostEqualRatios,scaled,24655,42,53,0.530000,5,0.999797,64,49
1493,100,AlmostEqualRatios,scaled,24588,42,52,0.520000,7,0.999715,62,50
1494,100,AlmostEqualRatios,scaled,25188,42,47,0.470000,19,0.999246,54,44
1495,100,AlmostEqualRatios,scaled,24676,42,57,0.570000,20,0.999189,64,53
1496,100,AlmostEqualRatios,scaled,21843,42,57,0.570000,3,0.999863,77,56
1497,100,AlmostEqualRatios,scaled,22671,42,55,0.550000,9,0.999603,64,53
1498,100,AlmostEqualRatios,scaled,24513,42,50,0.500000,3,0.999878,66,47
1499,100,AlmostEqualRatios,scaled,24667,42,45,0.450000,8,0.999676,52,42
1500,200,Uncorrelated,scaled,52161,42,119,0.595000,22,0.999578,124,118
1501,200,Uncorrelated,scaled,48450,42,128,0.640000,0,1.000000,192,125
1502,200,Uncorrelated,scaled,48158,42,127,0.635000,18,0.999626,129,126
1503,200,Uncorrelated,scaled,48555,42,126,0.630000,64,0.998682,151,124
1504,200,Uncorrelated,scaled,48662,42,129,0.645000,41,0.999157,134,128
1505,200,Uncorrelated,scaled,50637,42,128,0.640000,111,0.997808,157,127
1506,200,Uncorrelated,scaled,48552,42,131,0.655000,39,0.999197,184,129
1507,200,Uncorrelated,scaled,50849,42,126,0.630000,16,0.999685,145,124
1508,200,Uncorrelated,scaled,49295,42,128,0.640000,15,0.999696,178,125
1509,200,Uncorrelated,scaled,51465,42,129,0.645000,98,0.998096,154,127
1510,200,Uncorrelated,scaled,50910,42,129,0.645000,22,0.999568,138,127
1511,200,Uncorrelated,scaled,50183,42,125,0.625000,46,0.999083,128,124
1512,200,Uncorrelated,scaled,50462,42,126,0.630000,100,0.998018,135,124
1513,200,Uncorrelated,scaled,49512,42,121,0.605000,2,0.999960,121,120
1514,200,Uncorrelated,scaled,50988,42,127,0.635000,93,0.998176,131,126
1515,200,Uncorrelated,scaled,50640,42,123,0.615000,111,0.997808,122,123
1516,200,Uncorrelated,scaled,50241,42,126,0.630000,146,0.997094,126,125
1517,200,Uncorrelated,scaled,50347,42,130,0.650000,16,0.999682,189,127
1518,200,Uncorrelated,scaled,47721,42,130,0.650000,63,0.998680,136,128
1519,200,Uncorrelated,scaled,47337,42,124,0.620000,8,0.999831,138,122
1520,200,Uncorrelated,scaled,46229,42,128,0.640000,48,0.998962,141,127
1521,200,Uncorrelated,scaled,49874,42,124,0.620000,40,0.999198,124,123
1522,200,Uncorrelated,scaled,49521,42,129,0.645000,25,0.999495,130,127
1523,200,Uncorrelated,scaled,49625,42,129,0.645000,18,0.999637,130,128
1524,200,Uncorrelated,scaled,51447,42,127,0.635000,24,0.999534,191,126
1525,200,Uncorrelated,scaled,48103,42,125,0.625000,15,0.999688,143,124
1526,200,Uncorrelated,scaled,50012,42,125,0.625000,4,0.999920,146,124
1527,200,Uncorrelated,scaled,51973,42,131,0.655000,4,0.999923,130,131
1528,200,Uncorrelated,scaled,47900,42,123,0.615000,69,0.998559,124,121
1529,200,Uncorrelated,scaled,48597,42,124,0.620000,25,0.999486,196,122
1530,200,Uncorrelated,scaled,43247,42,129,0.645000,6,0.999861,138,125
1531,200,Uncorrelated,scaled,49950,42,126,0.630000,12,0.999760,125,126
1532,200,Uncorrelated,scaled,52082,42,126,0.630000,62,0.998810,164,124
1533,200,Uncorrelated,scaled,49781,42,128,0.640000,146,0.997067,157,127
1534,200,Uncorrelated,scaled,46830,42,128,0.640000,30,0.999359,190,126
1535,200,Uncorrelated,scaled,49278,42,124,0.620000,48,0.999026,131,122
1536,200,Uncorrelated,scaled,47193,42,128,0.640000,101,0.997860,134,126
1537,200,Uncorrelated,scaled,50991,42,127,0.635000,75,0.998529,126,127
1538,200,Uncorrelated,scaled,49821,42,125,0.625000,52,0.998956,156,122
1539,200,Uncorrelated,scaled,52325,42,124,0.620000,59,0.998872,124,123
1540,200,Uncorrelated,scaled,54063,42,121,0.605000,29,0.999464,193,119
1541,200,Uncorrelated,scaled,47965,42,124,0.620000,104,0.997832,169,123
1542,200,Uncorrelated,scaled,46383,42,132,0.660000,7,0.999849,187,130
1543,200,Uncorrelated,scaled,50756,42,125,0.625000,8,0.999842,195,123
1544,200,Uncorrelated,scaled,48900,42,127,0.635000,21,0.999571,126,127
1545,200,Uncorrelated,scaled,51322,42,126,0.630000,75,0.998539,147,123
1546,200,Uncorrelated,scaled,45963,42,127,0.635000,24,0.999478,130,126
1547,200,Uncorrelated,scaled,48516,42,127,0.635000,4,0.999918,134,124
1548,200,Uncorrelated,scaled,50935,42,126,0.630000,67,0.998685,126,125
1549,200,Uncorrelated,scaled,50092,42,126,0.630000,27,0.999461,127,125
1550,200,Uncorrelated,scaled,49178,42,128,0.640000,8,0.999837,145,124
1551,200,Uncorrelated,scaled,52268,42,124,0.620000,60,0.998852,126,123
1552,200,Uncorrelated,scaled,51469,42,126,0.630000,90,0.998251,185,124
1553,200,Uncorrelated,scaled,48184,42,130,0.650000,3,0.999938,138,128
1554,200,Uncorrelated,scaled,47528,42,130,0.650000,138,0.997096,151,128
1555,200,Uncorrelated,scaled,52061,42,125,0.625000,1,0.999981,124,125
1556,200,Uncorrelated,scaled,52247,42,128,0.640000,0,1.000000,144,124
1557,200,Uncorrelated,scaled,51553,42,126,0.630000,80,0.998448,186,124
1558,200,Uncorrelated,scaled,48007,42,131,0.655000,85,0.998229,181,129
1559,200,Uncorrelated,scaled,49383,42,125,0.625000,3,0.999939,187,123
1560,200,Uncorrelated,scaled,47054,42,130,0.650000,64,0.998640,190,128
1561,200,Uncorrelated,scaled,48267,42,128,0.640000,22,0.999544,178,123
1562,200,Uncorrelated,scaled,51625,42,121,0.605000,38,0.999264,125,120
1563,200,Uncorrelated,scaled,51449,42,126,0.630000,59,0.998853,125,126
1564,200,Uncorrelated,scaled,53716,42,122,0.610000,53,0.999013,129,119
1565,200,Uncorrelated,scaled,48331,42,122,0.610000,44,0.999090,122,121
1566,200,Uncorrelated,scaled,54071,42,123,0.615000,89,0.998354,123,122
1567,200,Uncorrelated,scaled,49512,42,127,0.635000,88,0.998223,167,125
1568,200,Uncorrelated,scaled,52975,42,126,0.630000,26,0.999509,132,125
1569,200,Uncorrelated,scaled,48497,42,123,0.615000,128,0.997361,122,123
1570,200,Uncorrelated,scaled,46676,42,129,0.645000,122,0.997386,128,129
1571,200,Uncorrelated,scaled,45702,42,130,0.650000,86,0.998118,144,129
1572,200,Uncorrelated,scaled,50014,42,130,0.650000,51,0.998980,167,126
1573,200,Uncorrelated,scaled,51859,42,125,0.625000,14,0.999730,136,124
1574,200,Uncorrelated,scaled,53698,42,125,0.625000,48,0.999106,127,124
1575,200,Uncorrelated,scaled,51686,42,126,0.630000,84,0.998375,175,123
1576,200,Uncorrelated,scaled,49238,42,128,0.640000,3,0.999939,138,127
1577,200,Uncorrelated,scaled,52736,42,124,0.620000,5,0.999905,123,124
1578,200,Uncorrelated,scaled,54283,42,127,0.635000,0,1.000000,153,125
1579,200,Uncorrelated,scaled,52485,42,118,0.590000,112,0.997866,117,118
1580,200,Uncorrelated,scaled,46174,42,129,0.645000,51,0.998895,179,128
1581,200,Uncorrelated,scaled,48382,42,125,0.625000,17,0.999649,130,124
1582,200,Uncorrelated,scaled,50662,42,129,0.645000,65,0.998717,173,128
1583,200,Uncorrelated,scaled,51767,42,123,0.615000,24,0.999536,126,122
1584,200,Uncorrelated,scaled,48164,42,132,0.660000,11,0.999772,183,130
1585,200,Uncorrelated,scaled,51086,42,126,0.630000,14,0.999726,127,125
1586,200,Uncorrelated,scaled,52364,42,126,0.630000,42,0.999198,126,125
1587,200,Uncorrelated,scaled,52790,42,121,0.605000,43,0.999185,121,120
1588,200,Uncorrelated,scaled,49212,42,126,0.630000,61,0.998760,128,124
1589,200,Uncorrelated,scaled,48167,42,131,0.655000,28,0.999419,192,130
1590,200,Uncorrelated,scaled,46989,42,127,0.635000,55,0.998830,146,125
1591,200,Uncorrelated,scaled,47812,42,127,0.635000,62,0.998703,176,126
1592,200,Uncorrelated,scaled,49240,42,128,0.640000,36,0.999269,152,125
1593,200,Uncorrelated,scaled,49556,42,123,0.615000,28,0.999435,139,122
1594,200,Uncorrelated,scaled,53779,42,121,0.605000,15,0.999721,127,119
1595,200,Uncorrelated,scaled,46768,42,125,0.625000,22,0.999530,162,124
1596,200,Uncorrelated,scaled,48359,42,128,0.640000,10,0.999793,154,127
1597,200,Uncorrelated,scaled,49280,42,125,0.625000,2,0.999959,124,125
1598,200,Uncorrelated,scaled,51437,42,120,0.600000,34,0.999339,123,119
1599,200,Uncorrelated,scaled,49339,42,124,0.620000,45,0.999088,125,122
1600,200,WeaklyCorrelated,scaled,51865,42,100,0.500000,14,0.999730,120,99
1601,200,WeaklyCorrelated,scaled,48194,42,98,0.490000,0,1.000000,190,94
1602,200,WeaklyCorrelated,scaled,47023,42,104,0.520000,25,0.999468,148,103
1603,200,WeaklyCorrelated,scaled,46928,42,105,0.525000,19,0.999595,194,100
1604,200,WeaklyCorrelated,scaled,52766,42,101,0.505000,0,1.000000,196,96
1605,200,WeaklyCorrelated,scaled,52882,42,106,0.530000,2,0.999962,195,102
1606,200,WeaklyCorrelated,scaled,49786,42,99,0.495000,17,0.999659,194,95
1607,200,WeaklyCorrelated,scaled,53015,42,93,0.465000,9,0.999830,193,92
1608,200,WeaklyCorrelated,scaled,51501,42,108,0.540000,5,0.999903,196,105
1609,200,WeaklyCorrelated,scaled,52769,42,102,0.510000,6,0.999886,106,100
1610,200,WeaklyCorrelated,scaled,46109,42,99,0.495000,17,0.999631,193,95
1611,200,WeaklyCorrelated,scaled,51272,42,104,0.520000,13,0.999746,190,100
1612,200,WeaklyCorrelated,scaled,52481,42,104,0.520000,20,0.999619,196,101
1613,200,WeaklyCorrelated,scaled,51259,42,105,0.525000,6,0.999883,178,102
1614,200,WeaklyCorrelated,scaled,50580,42,110,0.550000,43,0.999150,196,103
1615,200,WeaklyCorrelated,scaled,51410,42,105,0.525000,2,0.999961,195,100
1616,200,WeaklyCorrelated,scaled,53047,42,101,0.505000,7,0.999868,198,96
1617,200,WeaklyCorrelated,scaled,47574,42,98,0.490000,10,0.999790,107,96
1618,200,WeaklyCorrelated,scaled,49104,42,103,0.515000,0,1.000000,198,99
1619,200,WeaklyCorrelated,scaled,48237,42,105,0.525000,5,0.999896,190,102
1620,200,WeaklyCorrelated,scaled,48126,42,100,0.500000,0,1.000000,193,99
1621,200,WeaklyCorrelated,scaled,53814,42,100,0.500000,11,0.999796,131,98
1622,200,WeaklyCorrelated,scaled,50168,42,93,0.465000,0,1.000000,193,90
1623,200,WeaklyCorrelated,scaled,46351,42,99,0.495000,8,0.999827,118,98
1624,200,WeaklyCorrelated,scaled,50155,42,101,0.505000,5,0.999900,193,97
1625,200,WeaklyCorrelated,scaled,54132,42,100,0.500000,2,0.999963,120,98
1626,200,WeaklyCorrelated,scaled,51991,42,103,0.515000,5,0.999904,184,100
1627,200,WeaklyCorrelated,scaled,49075,42,102,0.510000,10,0.999796,179,100
1628,200,WeaklyCorrelated,scaled,49396,42,101,0.505000,7,0.999858,188,98
1629,200,WeaklyCorrelated,scaled,51333,42,100,0.500000,9,0.999825,195,96
1630,200,WeaklyCorrelated,scaled,48082,42,99,0.495000,7,0.999854,191,96
1631,200,WeaklyCorrelated,scaled,51208,42,100,0.500000,2,0.999961,197,95
1632,200,WeaklyCorrelated,scaled,51107,42,109,0.545000,3,0.999941,194,105
1633,200,WeaklyCorrelated,scaled,48741,42,97,0.485000,16,0.999672,190,94
1634,200,WeaklyCorrelated,scaled,45950,42,93,0.465000,9,0.999804,93,92
1635,200,WeaklyCorrelated,scaled,49762,42,103,0.515000,8,0.999839,193,99
1636,200,WeaklyCorrelated,scaled,52304,42,102,0.510000,2,0.999962,172,101
1637,200,WeaklyCorrelated,scaled,48580,42,108,0.540000,8,0.999835,194,103
1638,200,WeaklyCorrelated,scaled,54002,42,104,0.520000,6,0.999889,196,101
1639,200,WeaklyCorrelated,scaled,51463,42,103,0.515000,2,0.999961,143,100
1640,200,WeaklyCorrelated,scaled,47685,42,105,0.525000,8,0.999832,185,103
1641,200,WeaklyCorrelated,scaled,54252,42,103,0.515000,9,0.999834,197,99
1642,200,WeaklyCorrelated,scaled,46013,42,101,0.505000,3,0.999935,185,99
1643,200,WeaklyCorrelated,scaled,49752,42,109,0.545000,32,0.999357,178,104
1644,200,WeaklyCorrelated,scaled,49773,42,110,0.550000,16,0.999679,198,106
1645,200,WeaklyCorrelated,scaled,52642,42,101,0.505000,2,0.999962,176,100
1646,200,WeaklyCorrelated,scaled,50302,42,98,0.490000,0,1.000000,191,95
1647,200,WeaklyCorrelated,scaled,48590,42,109,0.545000,13,0.999732,108,109
1648,200,WeaklyCorrelated,scaled,52782,42,99,0.495000,9,0.999829,193,97
1649,200,WeaklyCorrelated,scaled,50327,42,99,0.495000,7,0.999861,194,96
1650,200,WeaklyCorrelated,scaled,51431,42,104,0.520000,10,0.999806,195,100
1651,200,WeaklyCorrelated,scaled,48045,42,106,0.530000,1,0.999979,195,100
1652,200,WeaklyCorrelated,scaled,53008,42,106,0.530000,26,0.999510,196,104
1653,200,WeaklyCorrelated,scaled,49875,42,100,0.500000,0,1.000000,122,97
1654,200,WeaklyCorrelated,scaled,50935,42,106,0.530000,29,0.999431,199,104
1655,200,WeaklyCorrelated,scaled,52190,42,101,0.505000,13,0.999751,194,99
1656,200,WeaklyCorrelated,scaled,49519,42,103,0.515000,0,1.000000,192,101
1657,200,WeaklyCorrelated,scaled,48282,42,104,0.520000,13,0.999731,194,98
1658,200,WeaklyCorrelated,scaled,59027,42,104,0.520000,34,0.999424,197,100
1659,200,WeaklyCorrelated,scaled,49010,42,105,0.525000,6,0.999878,157,103
1660,200,WeaklyCorrelated,scaled,51189,42,96,0.480000,2,0.999961,195,92
1661,200,WeaklyCorrelated,scaled,50867,42,98,0.490000,1,0.999980,192,96
1662,200,WeaklyCorrelated,scaled,52952,42,101,0.505000,8,0.999849,196,96
1663,200,WeaklyCorrelated,scaled,51589,42,107,0.535000,23,0.999554,106,107
1664,200,WeaklyCorrelated,scaled,48797,42,101,0.505000,0,1.000000,181,98
1665,200,WeaklyCorrelated,scaled,50949,42,102,0.510000,12,0.999764,194,99
1666,200,WeaklyCorrelated,scaled,52116,42,105,0.525000,7,0.999866,160,104
1667,200,WeaklyCorrelated,scaled,53224,42,101,0.505000,27,0.999493,198,98
1668,200,WeaklyCorrelated,scaled,49177,42,106,0.530000,5,0.999898,195,103
1669,200,WeaklyCorrelated,scaled,50664,42,98,0.490000,6,0.999882,184,96
1670,200,WeaklyCorrelated,scaled,50929,42,106,0.530000,8,0.999843,198,100
1671,200,WeaklyCorrelated,scaled,47275,42,103,0.515000,17,0.999640,195,100
1672,200,WeaklyCorrelated,scaled,46525,42,95,0.475000,3,0.999936,189,94
1673,200,WeaklyCorrelated,scaled,53586,42,103,0.515000,5,0.999907,188,99
1674,200,WeaklyCorrelated,scaled,49855,42,106,0.530000,0,1.000000,195,102
1675,200,WeaklyCorrelated,scaled,50884,42,103,0.515000,5,0.999902,189,101
1676,200,WeaklyCorrelated,scaled,51982,42,107,0.535000,1,0.999981,191,104
1677,200,WeaklyCorrelated,scaled,51583,42,104,0.520000,4,0.999922,193,99
1678,200,WeaklyCorrelated,scaled,50352,42,103,0.515000,4,0.999921,178,100
1679,200,WeaklyCorrelated,scaled,51111,42,103,0.515000,0,1.000000,110,101
1680,200,WeaklyCorrelated,scaled,50515,42,105,0.525000,37,0.999268,180,101
1681,200,WeaklyCorrelated,scaled,54273,42,108,0.540000,30,0.999447,199,100
1682,200,WeaklyCorrelated,scaled,52289,42,98,0.490000,19,0.999637,190,96
1683,200,WeaklyCorrelated,scaled,52874,42,99,0.495000,6,0.999887,184,97
1684,200,WeaklyCorrelated,scaled,47501,42,105,0.525000,6,0.999874,195,99
1685,200,WeaklyCorrelated,scaled,50647,42,104,0.520000,10,0.999803,133,101
1686,200,WeaklyCorrelated,scaled,49768,42,106,0.530000,17,0.999658,198,105
1687,200,WeaklyCorrelated,scaled,51132,42,106,0.530000,9,0.999824,195,102
1688,200,WeaklyCorrelated,scaled,47312,42,98,0.490000,17,0.999641,195,95
1689,200,WeaklyCorrelated,scaled,49778,42,102,0.510000,10,0.999799,193,98
1690,200,WeaklyCorrelated,scaled,46861,42,109,0.545000,33,0.999296,190,106
1691,200,WeaklyCorrelated,scaled,52446,42,104,0.520000,14,0.999733,196,100
1692,200,WeaklyCorrelated,scaled,49557,42,97,0.485000,3,0.999939,184,94
1693,200,WeaklyCorrelated,scaled,50173,42,107,0.535000,14,0.999721,196,101
1694,200,WeaklyCorrelated,scaled,52067,42,96,0.480000,14,0.999731,119,93
1695,200,WeaklyCorrelated,scaled,47861,42,105,0.525000,5,0.999896,190,100
1696,200,WeaklyCorrelated,scaled,49598,42,111,0.555000,0,1.000000,196,106
1697,200,WeaklyCorrelated,scaled,49498,42,106,0.530000,9,0.999818,196,103
1698,200,WeaklyCorrelated,scaled,48864,42,102,0.510000,13,0.999734,194,99
1699,200,WeaklyCorrelated,scaled,48988,42,99,0.495000,0,1.000000,103,98
1700,200,StronglyCorrelated,scaled,48230,42,129,0.645000,127,0.997367,131,127
1701,200,StronglyCorrelated,scaled,49190,42,131,0.655000,121,0.997540,142,129
1702,200,StronglyCorrelated,scaled,49742,42,127,0.635000,145,0.997085,140,126
1703,200,StronglyCorrelated,scaled,50594,42,131,0.655000,53,0.998952,158,129
1704,200,StronglyCorrelated,scaled,50579,42,128,0.640000,6,0.999881,169,126
1705,200,StronglyCorrelated,scaled,48757,42,133,0.665000,136,0.997211,142,131
1706,200,StronglyCorrelated,scaled,50138,42,131,0.655000,106,0.997886,131,130
1707,200,StronglyCorrelated,scaled,49653,42,126,0.630000,168,0.996617,136,125
1708,200,StronglyCorrelated,scaled,46067,42,131,0.655000,42,0.999088,130,131
1709,200,StronglyCorrelated,scaled,48667,42,132,0.660000,36,0.999260,131,132
1710,200,StronglyCorrelated,scaled,46066,42,133,0.665000,38,0.999175,144,132
1711,200,StronglyCorrelated,scaled,48105,42,130,0.650000,34,0.999293,129,130
1712,200,StronglyCorrelated,scaled,49626,42,128,0.640000,35,0.999295,134,127
1713,200,StronglyCorrelated,scaled,51883,42,127,0.635000,242,0.995336,126,127
1714,200,StronglyCorrelated,scaled,47490,42,135,0.675000,16,0.999663,146,134
1715,200,StronglyCorrelated,scaled,50744,42,123,0.615000,151,0.997024,122,123
1716,200,StronglyCorrelated,scaled,47120,42,129,0.645000,89,0.998111,128,129
1717,200,StronglyCorrelated,scaled,49094,42,124,0.620000,21,0.999572,123,124
1718,200,StronglyCorrelated,scaled,47412,42,128,0.640000,117,0.997532,130,127
1719,200,StronglyCorrelated,scaled,53978,42,124,0.620000,51,0.999055,123,124
1720,200,StronglyCorrelated,scaled,48055,42,126,0.630000,44,0.999084,129,125
1721,200,StronglyCorrelated,scaled,48694,42,131,0.655000,40,0.999179,141,130
1722,200,StronglyCorrelated,scaled,50983,42,127,0.635000,145,0.997156,126,127
1723,200,StronglyCorrelated,scaled,51511,42,129,0.645000,183,0.996447,137,128
1724,200,StronglyCorrelated,scaled,44918,42,131,0.655000,11,0.999755,133,129
1725,200,StronglyCorrelated,scaled,48129,42,130,0.650000,83,0.998275,132,129
1726,200,StronglyCorrelated,scaled,53602,42,125,0.625000,144,0.997314,125,124
1727,200,StronglyCorrelated,scaled,51989,42,126,0.630000,102,0.998038,126,125
1728,200,StronglyCorrelated,scaled,50323,42,129,0.645000,147,0.997079,145,127
1729,200,StronglyCorrelated,scaled,49929,42,125,0.625000,67,0.998658,124,125
1730,200,StronglyCorrelated,scaled,53391,42,124,0.620000,41,0.999232,126,123
1731,200,StronglyCorrelated,scaled,49251,42,124,0.620000,7,0.999858,126,123
1732,200,StronglyCorrelated,scaled,51839,42,123,0.615000,78,0.998495,136,121
1733,200,StronglyCorrelated,scaled,51080,42,120,0.600000,46,0.999099,119,120
1734,200,StronglyCorrelated,scaled,53905,42,120,0.600000,39,0.999277,119,120
1735,200,StronglyCorrelated,scaled,50407,42,125,0.625000,90,0.998215,125,124
1736,200,StronglyCorrelated,scaled,48843,42,131,0.655000,43,0.999120,145,129
1737,200,StronglyCorrelated,scaled,50769,42,129,0.645000,51,0.998995,140,128
1738,200,StronglyCorrelated,scaled,50043,42,128,0.640000,10,0.999800,154,125
1739,200,StronglyCorrelated,scaled,51134,42,127,0.635000,6,0.999883,126,127
1740,200,StronglyCorrelated,scaled,48651,42,131,0.655000,48,0.999013,131,129
1741,200,StronglyCorrelated,scaled,50649,42,132,0.660000,117,0.997690,131,132
1742,200,StronglyCorrelated,scaled,52019,42,126,0.630000,90,0.998270,127,125
1743,200,StronglyCorrelated,scaled,50043,42,124,0.620000,56,0.998881,123,124
1744,200,StronglyCorrelated,scaled,45737,42,131,0.655000,40,0.999125,133,129
1745,200,StronglyCorrelated,scaled,54171,42,128,0.640000,85,0.998431,129,127
1746,200,StronglyCorrelated,scaled,49228,42,126,0.630000,21,0.999573,128,125
1747,200,StronglyCorrelated,scaled,53815,42,127,0.635000,79,0.998532,127,126
1748,200,StronglyCorrelated,scaled,53463,42,127,0.635000,84,0.998429,126,127
1749,200,StronglyCorrelated,scaled,49729,42,134,0.670000,6,0.999879,170,132
1750,200,StronglyCorrelated,scaled,49276,42,127,0.635000,89,0.998194,128,126
1751,200,StronglyCorrelated,scaled,49935,42,127,0.635000,102,0.997957,126,127
1752,200,StronglyCorrelated,scaled,47116,42,134,0.670000,38,0.999193,155,133
1753,200,StronglyCorrelated,scaled,47090,42,128,0.640000,107,0.997728,142,126
1754,200,StronglyCorrelated,scaled,50013,42,127,0.635000,90,0.998200,131,126
1755,200,StronglyCorrelated,scaled,53346,42,127,0.635000,6,0.999888,138,126
1756,200,StronglyCorrelated,scaled,53288,42,126,0.630000,191,0.996416,125,126
1757,200,StronglyCorrelated,scaled,44887,42,131,0.655000,150,0.996658,131,130
1758,200,StronglyCorrelated,scaled,52501,42,128,0.640000,129,0.997543,131,127
1759,200,StronglyCorrelated,scaled,50904,42,130,0.650000,119,0.997662,130,129
1760,200,StronglyCorrelated,scaled,49102,42,125,0.625000,39,0.999206,124,125
1761,200,StronglyCorrelated,scaled,51805,42,128,0.640000,71,0.998629,131,127
1762,200,StronglyCorrelated,scaled,52079,42,125,0.625000,33,0.999366,124,125
1763,200,StronglyCorrelated,scaled,53608,42,124,0.620000,98,0.998172,124,123
1764,200,StronglyCorrelated,scaled,49803,42,124,0.620000,57,0.998855,125,123
1765,200,StronglyCorrelated,scaled,52930,42,122,0.610000,121,0.997714,129,119
1766,200,StronglyCorrelated,scaled,50266,42,127,0.635000,20,0.999602,135,126
1767,200,StronglyCorrelated,scaled,52172,42,122,0.610000,7,0.999866,121,122
1768,200,StronglyCorrelated,scaled,47902,42,125,0.625000,162,0.996618,124,125
1769,200,StronglyCorrelated,scaled,52428,42,125,0.625000,118,0.997749,145,123
1770,200,StronglyCorrelated,scaled,45924,42,133,0.665000,11,0.999760,146,132
1771,200,StronglyCorrelated,scaled,49447,42,127,0.635000,161,0.996744,126,127
1772,200,StronglyCorrelated,scaled,49535,42,126,0.630000,123,0.997517,125,126
1773,200,StronglyCorrelated,scaled,46946,42,133,0.665000,14,0.999702,132,133
1774,200,StronglyCorrelated,scaled,49893,42,129,0.645000,85,0.998296,128,129
1775,200,StronglyCorrelated,scaled,49452,42,131,0.655000,66,0.998665,136,128
1776,200,StronglyCorrelated,scaled,50790,42,122,0.610000,58,0.998858,148,121
1777,200,StronglyCorrelated,scaled,45757,42,127,0.635000,26,0.999432,133,126
1778,200,StronglyCorrelated,scaled,47704,42,133,0.665000,45,0.999057,153,131
1779,200,StronglyCorrelated,scaled,47620,42,128,0.640000,116,0.997564,128,127
1780,200,StronglyCorrelated,scaled,48837,42,125,0.625000,11,0.999775,124,125
1781,200,StronglyCorrelated,scaled,49243,42,129,0.645000,90,0.998172,128,129
1782,200,StronglyCorrelated,scaled,49170,42,132,0.660000,77,0.998434,133,131
1783,200,StronglyCorrelated,scaled,47037,42,133,0.665000,147,0.996875,144,132
1784,200,StronglyCorrelated,scaled,51392,42,123,0.615000,83,0.998385,127,122
1785,200,StronglyCorrelated,scaled,49207,42,130,0.650000,5,0.999898,129,130
1786,200,StronglyCorrelated,scaled,48643,42,130,0.650000,18,0.999630,129,130
1787,200,StronglyCorrelated,scaled,48886,42,126,0.630000,29,0.999407,140,125
1788,200,StronglyCorrelated,scaled,49320,42,128,0.640000,32,0.999351,127,128
1789,200,StronglyCorrelated,scaled,51316,42,125,0.625000,122,0.997623,124,125
1790,200,StronglyCorrelated,scaled,49623,42,127,0.635000,105,0.997884,134,126
1791,200,StronglyCorrelated,scaled,48396,42,127,0.635000,84,0.998264,129,125
1792,200,StronglyCorrelated,scaled,56014,42,127,0.635000,121,0.997840,133,126
1793,200,StronglyCorrelated,scaled,54100,42,124,0.620000,67,0.998762,125,123
1794,200,StronglyCorrelated,scaled,47571,42,131,0.655000,8,0.999832,130,131
1795,200,StronglyCorrelated,scaled,49196,42,125,0.625000,125,0.997459,124,125
1796,200,StronglyCorrelated,scaled,51381,42,129,0.645000,53,0.998968,131,128
1797,200,StronglyCorrelated,scaled,51761,42,123,0.615000,138,0.997334,124,122
1798,200,StronglyCorrelated,scaled,53466,42,130,0.650000,54,0.998990,156,129
1799,200,StronglyCorrelated,scaled,51928,42,127,0.635000,28,0.999461,130,126
1800,200,InverseCorrelated,scaled,49728,42,142,0.710000,107,0.997848,141,142
1801,200,InverseCorrelated,scaled,50735,42,141,0.705000,158,0.996886,140,141
1802,200,InverseCorrelated,scaled,49551,42,139,0.695000,490,0.990111,138,139
1803,200,InverseCorrelated,scaled,52726,42,140,0.700000,79,0.998502,139,140
1804,200,InverseCorrelated,scaled,48618,42,144,0.720000,136,0.997203,143,144
1805,200,InverseCorrelated,scaled,46337,42,146,0.730000,583,0.987418,145,146
1806,200,InverseCorrelated,scaled,50952,42,140,0.700000,428,0.991600,139,140
1807,200,InverseCorrelated,scaled,48760,42,143,0.715000,401,0.991776,142,143
1808,200,InverseCorrelated,scaled,50568,42,141,0.705000,54,0.998932,140,141
1809,200,InverseCorrelated,scaled,49148,42,140,0.700000,569,0.988423,139,140
1810,200,InverseCorrelated,scaled,52387,42,140,0.700000,5,0.999905,139,140
1811,200,InverseCorrelated,scaled,46394,42,143,0.715000,438,0.990559,142,143
1812,200,InverseCorrelated,scaled,47714,42,146,0.730000,268,0.994383,145,146
1813,200,InverseCorrelated,scaled,50226,42,141,0.705000,355,0.992932,140,141
1814,200,InverseCorrelated,scaled,50148,42,141,0.705000,264,0.994736,140,141
1815,200,InverseCorrelated,scaled,47560,42,141,0.705000,146,0.996930,140,141
1816,200,InverseCorrelated,scaled,47395,42,143,0.715000,125,0.997363,142,143
1817,200,InverseCorrelated,scaled,52857,42,139,0.695000,353,0.993322,138,139
1818,200,InverseCorrelated,scaled,49241,42,141,0.705000,626,0.987287,140,141
1819,200,InverseCorrelated,scaled,46611,42,144,0.720000,235,0.994958,143,144
1820,200,InverseCorrelated,scaled,47987,42,142,0.710000,406,0.991539,141,142
1821,200,InverseCorrelated,scaled,51440,42,140,0.700000,408,0.992068,139,140
1822,200,InverseCorrelated,scaled,49695,42,139,0.695000,370,0.992555,138,139
1823,200,InverseCorrelated,scaled,51160,42,139,0.695000,333,0.993491,138,139
1824,200,InverseCorrelated,scaled,51128,42,140,0.700000,242,0.995267,139,140
1825,200,InverseCorrelated,scaled,49767,42,139,0.695000,149,0.997006,138,139
1826,200,InverseCorrelated,scaled,47388,42,144,0.720000,332,0.992994,143,144
1827,200,InverseCorrelated,scaled,48931,42,143,0.715000,351,0.992827,142,143
1828,200,InverseCorrelated,scaled,55380,42,135,0.675000,592,0.989310,134,135
1829,200,InverseCorrelated,scaled,49609,42,142,0.710000,114,0.997702,141,142
1830,200,InverseCorrelated,scaled,50733,42,142,0.710000,253,0.995013,141,142
1831,200,InverseCorrelated,scaled,50436,42,141,0.705000,569,0.988718,140,141
1832,200,InverseCorrelated,scaled,49548,42,141,0.705000,462,0.990676,140,141
1833,200,InverseCorrelated,scaled,48479,42,142,0.710000,601,0.987603,141,142
1834,200,InverseCorrelated,scaled,48297,42,142,0.710000,482,0.990020,141,142
1835,200,InverseCorrelated,scaled,49857,42,141,0.705000,151,0.996971,140,141
1836,200,InverseCorrelated,scaled,51090,42,141,0.705000,434,0.991505,140,141
1837,200,InverseCorrelated,scaled,49527,42,142,0.710000,12,0.999758,141,142
1838,200,InverseCorrelated,scaled,48178,42,142,0.710000,289,0.994001,141,142
1839,200,InverseCorrelated,scaled,50700,42,141,0.705000,23,0.999546,140,141
1840,200,InverseCorrelated,scaled,50206,42,141,0.705000,105,0.997909,140,141
1841,200,InverseCorrelated,scaled,50347,42,140,0.700000,723,0.985640,139,140
1842,200,InverseCorrelated,scaled,50708,42,141,0.705000,271,0.994656,140,141
1843,200,InverseCorrelated,scaled,51859,42,138,0.690000,604,0.988353,137,138
1844,200,InverseCorrelated,scaled,49890,42,140,0.700000,551,0.988956,139,140
1845,200,InverseCorrelated,scaled,49942,42,141,0.705000,673,0.986524,140,141
1846,200,InverseCorrelated,scaled,52545,42,139,0.695000,396,0.992464,138,139
1847,200,InverseCorrelated,scaled,51358,42,140,0.700000,463,0.990985,139,140
1848,200,InverseCorrelated,scaled,47717,42,140,0.700000,470,0.990150,139,140
1849,200,InverseCorrelated,scaled,54344,42,138,0.690000,260,0.995216,137,138
1850,200,InverseCorrelated,scaled,50630,42,140,0.700000,449,0.991132,139,140
1851,200,InverseCorrelated,scaled,51827,42,138,0.690000,540,0.989581,137,138
1852,200,InverseCorrelated,scaled,50646,42,140,0.700000,239,0.995281,139,140
1853,200,InverseCorrelated,scaled,50251,42,142,0.710000,262,0.994786,141,142
1854,200,InverseCorrelated,scaled,49552,42,142,0.710000,338,0.993179,141,142
1855,200,InverseCorrelated,scaled,49991,42,141,0.705000,126,0.997480,140,141
1856,200,InverseCorrelated,scaled,49299,42,140,0.700000,523,0.989391,139,140
1857,200,InverseCorrelated,scaled,51003,42,142,0.710000,101,0.998020,141,142
1858,200,InverseCorrelated,scaled,48492,42,143,0.715000,156,0.996783,142,143
1859,200,InverseCorrelated,scaled,49308,42,142,0.710000,598,0.987872,141,142
1860,200,InverseCorrelated,scaled,51338,42,141,0.705000,255,0.995033,140,141
1861,200,InverseCorrelated,scaled,46219,42,144,0.720000,331,0.992838,143,144
1862,200,InverseCorrelated,scaled,48497,42,141,0.705000,696,0.985649,140,141
1863,200,InverseCorrelated,scaled,49964,42,140,0.700000,367,0.992655,139,140
1864,200,InverseCorrelated,scaled,53352,42,137,0.685000,143,0.997320,136,137
1865,200,InverseCorrelated,scaled,51944,42,138,0.690000,611,0.988237,137,138
1866,200,InverseCorrelated,scaled,50110,42,142,0.710000,47,0.999062,141,142
1867,200,InverseCorrelated,scaled,49977,42,142,0.710000,370,0.992597,141,142
1868,200,InverseCorrelated,scaled,50234,42,140,0.700000,262,0.994784,139,140
1869,200,InverseCorrelated,scaled,54269,42,138,0.690000,271,0.995006,137,138
1870,200,InverseCorrelated,scaled,50913,42,141,0.705000,24,0.999529,140,141
1871,200,InverseCorrelated,scaled,50998,42,139,0.695000,210,0.995882,138,139
1872,200,InverseCorrelated,scaled,51164,42,140,0.700000,596,0.988351,139,140
1873,200,InverseCorrelated,scaled,51547,42,141,0.705000,11,0.999787,140,141
1874,200,InverseCorrelated,scaled,46805,42,144,0.720000,383,0.991817,143,144
1875,200,InverseCorrelated,scaled,50795,42,142,0.710000,9,0.999823,141,142
1876,200,InverseCorrelated,scaled,51170,42,140,0.700000,582,0.988626,139,140
1877,200,InverseCorrelated,scaled,51349,42,140,0.700000,636,0.987614,139,140
1878,200,InverseCorrelated,scaled,50109,42,142,0.710000,527,0.989483,141,142
1879,200,InverseCorrelated,scaled,49320,42,140,0.700000,649,0.986841,139,140
1880,200,InverseCorrelated,scaled,49596,42,139,0.695000,12,0.999758,138,139
1881,200,InverseCorrelated,scaled,48793,42,141,0.705000,79,0.998381,140,141
1882,200,InverseCorrelated,scaled,53759,42,138,0.690000,136,0.997470,137,138
1883,200,InverseCorrelated,scaled,47648,42,144,0.720000,290,0.993914,143,144
1884,200,InverseCorrelated,scaled,50966,42,140,0.700000,340,0.993329,139,140
1885,200,InverseCorrelated,scaled,47716,42,143,0.715000,40,0.999162,142,143
1886,200,InverseCorrelated,scaled,51144,42,139,0.695000,178,0.996520,138,139
1887,200,InverseCorrelated,scaled,50078,42,141,0.705000,151,0.996985,140,141
1888,200,InverseCorrelated,scaled,52374,42,138,0.690000,295,0.994367,137,138
1889,200,InverseCorrelated,scaled,54067,42,137,0.685000,476,0.991196,136,137
1890,200,InverseCorrelated,scaled,51972,42,139,0.695000,43,0.999173,138,139
1891,200,InverseCorrelated,scaled,53375,42,138,0.690000,628,0.988234,137,138
1892,200,InverseCorrelated,scaled,49272,42,142,0.710000,665,0.986503,141,142
1893,200,InverseCorrelated,scaled,52556,42,139,0.695000,420,0.992009,138,139
1894,200,InverseCorrelated,scaled,49706,42,141,0.705000,558,0.988774,140,141
1895,200,InverseCorrelated,scaled,49823,42,138,0.690000,384,0.992293,137,138
1896,200,InverseCorrelated,scaled,49098,42,141,0.705000,481,0.990203,140,141
1897,200,InverseCorrelated,scaled,50937,42,140,0.700000,449,0.991185,139,140
1898,200,InverseCorrelated,scaled,48302,42,141,0.705000,615,0.987268,140,141
1899,200,InverseCorrelated,scaled,48070,42,144,0.720000,143,0.997025,143,144
1900,200,AlmostEqualRatios,scaled,48662,42,98,0.490000,5,0.999897,106,95
1901,200,AlmostEqualRatios,scaled,49862,42,104,0.520000,1,0.999980,119,102
1902,200,AlmostEqualRatios,scaled,51233,42,109,0.545000,30,0.999414,199,106
1903,200,AlmostEqualRatios,scaled,48029,42,101,0.505000,2,0.999958,159,96
1904,200,AlmostEqualRatios,scaled,53587,42,104,0.520000,13,0.999757,156,100
1905,200,AlmostEqualRatios,scaled,48409,42,100,0.500000,4,0.999917,101,98
1906,200,AlmostEqualRatios,scaled,51068,42,99,0.495000,0,1.000000,105,96
1907,200,AlmostEqualRatios,scaled,52427,42,100,0.500000,11,0.999790,115,95
1908,200,AlmostEqualRatios,scaled,46906,42,100,0.500000,3,0.999936,187,97
1909,200,AlmostEqualRatios,scaled,52731,42,98,0.490000,2,0.999962,98,97
1910,200,AlmostEqualRatios,scaled,47898,42,106,0.530000,23,0.999520,108,104
1911,200,AlmostEqualRatios,scaled,51002,42,104,0.520000,2,0.999961,109,98
1912,200,AlmostEqualRatios,scaled,50230,42,104,0.520000,0,1.000000,118,103
1913,200,AlmostEqualRatios,scaled,51124,42,103,0.515000,8,0.999844,154,94
1914,200,AlmostEqualRatios,scaled,50917,42,109,0.545000,10,0.999804,172,107
1915,200,AlmostEqualRatios,scaled,47481,42,104,0.520000,13,0.999726,199,101
1916,200,AlmostEqualRatios,scaled,49640,42,107,0.535000,17,0.999658,158,104
1917,200,AlmostEqualRatios,scaled,52257,42,106,0.530000,15,0.999713,136,104
1918,200,AlmostEqualRatios,scaled,48489,42,106,0.530000,5,0.999897,172,103
1919,200,AlmostEqualRatios,scaled,49545,42,104,0.520000,13,0.999738,197,102
1920,200,AlmostEqualRatios,scaled,49273,42,109,0.545000,15,0.999696,199,105
1921,200,AlmostEqualRatios,scaled,49655,42,99,0.495000,9,0.999819,166,97
1922,200,AlmostEqualRatios,scaled,52289,42,98,0.490000,8,0.999847,165,96
1923,200,AlmostEqualRatios,scaled,49410,42,107,0.535000,17,0.999656,157,103
1924,200,AlmostEqualRatios,scaled,49676,42,102,0.510000,0,1.000000,193,96
1925,200,AlmostEqualRatios,scaled,50290,42,110,0.550000,3,0.999940,118,107
1926,200,AlmostEqualRatios,scaled,47369,42,99,0.495000,13,0.999726,154,94
1927,200,AlmostEqualRatios,scaled,46700,42,107,0.535000,4,0.999914,142,101
1928,200,AlmostEqualRatios,scaled,47180,42,101,0.505000,26,0.999449,131,96
1929,200,AlmostEqualRatios,scaled,48590,42,103,0.515000,22,0.999547,146,99
1930,200,AlmostEqualRatios,scaled,50515,42,101,0.505000,1,0.999980,102,100
1931,200,AlmostEqualRatios,scaled,50493,42,104,0.520000,21,0.999584,121,100
1932,200,AlmostEqualRatios,scaled,48473,42,103,0.515000,11,0.999773,143,100
1933,200,AlmostEqualRatios,scaled,50070,42,106,0.530000,45,0.999101,110,104
1934,200,AlmostEqualRatios,scaled,51449,42,102,0.510000,4,0.999922,185,98
1935,200,AlmostEqualRatios,scaled,51052,42,98,0.490000,13,0.999745,154,95
1936,200,AlmostEqualRatios,scaled,51245,42,100,0.500000,5,0.999902,111,98
1937,200,AlmostEqualRatios,scaled,51047,42,102,0.510000,8,0.999843,145,98
1938,200,AlmostEqualRatios,scaled,47380,42,98,0.490000,9,0.999810,108,93
1939,200,AlmostEqualRatios,scaled,46333,42,110,0.550000,11,0.999763,136,106
1940,200,AlmostEqualRatios,scaled,48763,42,102,0.510000,18,0.999631,139,99
1941,200,AlmostEqualRatios,scaled,48422,42,104,0.520000,19,0.999608,199,102
1942,200,AlmostEqualRatios,scaled,50449,42,99,0.495000,11,0.999782,156,97
1943,200,AlmostEqualRatios,scaled,51870,42,106,0.530000,6,0.999884,163,97
1944,200,AlmostEqualRatios,scaled,46974,42,106,0.530000,29,0.999383,122,104
1945,200,AlmostEqualRatios,scaled,52674,42,105,0.525000,3,0.999943,116,99
1946,200,AlmostEqualRatios,scaled,49617,42,102,0.510000,1,0.999980,159,98
1947,200,AlmostEqualRatios,scaled,49399,42,108,0.540000,23,0.999534,153,106
1948,200,AlmostEqualRatios,scaled,50622,42,101,0.505000,20,0.999605,108,98
1949,200,AlmostEqualRatios,scaled,52155,42,105,0.525000,9,0.999827,109,102
1950,200,AlmostEqualRatios,scaled,50768,42,102,0.510000,46,0.999094,155,101
1951,200,AlmostEqualRatios,scaled,49951,42,103,0.515000,0,1.000000,199,98
1952,200,AlmostEqualRatios,scaled,52608,42,105,0.525000,20,0.999620,135,101
1953,200,AlmostEqualRatios,scaled,50423,42,108,0.540000,6,0.999881,199,105
1954,200,AlmostEqualRatios,scaled,50218,42,104,0.520000,22,0.999562,154,103
1955,200,AlmostEqualRatios,scaled,50812,42,106,0.530000,3,0.999941,155,101
1956,200,AlmostEqualRatios,scaled,52578,42,99,0.495000,22,0.999582,150,95
1957,200,AlmostEqualRatios,scaled,50040,42,102,0.510000,24,0.999520,173,100
1958,200,AlmostEqualRatios,scaled,51880,42,100,0.500000,9,0.999827,100,96
1959,200,AlmostEqualRatios,scaled,53820,42,103,0.515000,6,0.999889,170,99
1960,200,AlmostEqualRatios,scaled,48615,42,109,0.545000,34,0.999301,174,107
1961,200,AlmostEqualRatios,scaled,49486,42,106,0.530000,1,0.999980,113,103
1962,200,AlmostEqualRatios,scaled,49465,42,107,0.535000,10,0.999798,171,104
1963,200,AlmostEqualRatios,scaled,52103,42,100,0.500000,6,0.999885,159,93
1964,200,AlmostEqualRatios,scaled,49813,42,99,0.495000,18,0.999639,165,94
1965,200,AlmostEqualRatios,scaled,48246,42,101,0.505000,10,0.999793,104,94
1966,200,AlmostEqualRatios,scaled,49018,42,108,0.540000,6,0.999878,114,94
1967,200,AlmostEqualRatios,scaled,47314,42,102,0.510000,1,0.999979,102,101
1968,200,AlmostEqualRatios,scaled,50304,42,104,0.520000,3,0.999940,137,102
1969,200,AlmostEqualRatios,scaled,52413,42,102,0.510000,1,0.999981,102,97
1970,200,AlmostEqualRatios,scaled,50693,42,97,0.485000,4,0.999921,123,93
1971,200,AlmostEqualRatios,scaled,49430,42,103,0.515000,8,0.999838,199,101
1972,200,AlmostEqualRatios,scaled,49296,42,111,0.555000,7,0.999858,128,108
1973,200,AlmostEqualRatios,scaled,50340,42,110,0.550000,3,0.999940,174,103
1974,200,AlmostEqualRatios,scaled,49579,42,103,0.515000,17,0.999657,134,102
1975,200,AlmostEqualRatios,scaled,52083,42,105,0.525000,9,0.999827,132,97
1976,200,AlmostEqualRatios,scaled,50433,42,100,0.500000,9,0.999822,99,100
1977,200,AlmostEqualRatios,scaled,52319,42,104,0.520000,4,0.999924,109,102
1978,200,AlmostEqualRatios,scaled,52525,42,109,0.545000,16,0.999695,110,108
1979,200,AlmostEqualRatios,scaled,51036,42,103,0.515000,12,0.999765,146,98
1980,200,AlmostEqualRatios,scaled,49026,42,94,0.470000,13,0.999735,146,89
1981,200,AlmostEqualRatios,scaled,51948,42,102,0.510000,5,0.999904,107,94
1982,200,AlmostEqualRatios,scaled,50196,42,100,0.500000,0,1.000000,117,97
1983,200,AlmostEqualRatios,scaled,51587,42,101,0.505000,1,0.999981,110,99
1984,200,AlmostEqualRatios,scaled,47239,42,102,0.510000,2,0.999958,108,101
1985,200,AlmostEqualRatios,scaled,50751,42,102,0.510000,4,0.999921,108,99
1986,200,AlmostEqualRatios,scaled,48266,42,111,0.555000,5,0.999896,156,102
1987,200,AlmostEqualRatios,scaled,50448,42,99,0.495000,15,0.999703,117,97
1988,200,AlmostEqualRatios,scaled,49987,42,106,0.530000,34,0.999320,110,104
1989,200,AlmostEqualRatios,scaled,52728,42,101,0.505000,0,1.000000,118,100
1990,200,AlmostEqualRatios,scaled,49698,42,113,0.565000,10,0.999799,139,109
1991,200,AlmostEqualRatios,scaled,50030,42,103,0.515000,0,1.000000,115,100
1992,200,AlmostEqualRatios,scaled,50394,42,100,0.500000,6,0.999881,198,95
1993,200,AlmostEqualRatios,scaled,48972,42,105,0.525000,2,0.999959,199,98
1994,200,AlmostEqualRatios,scaled,49832,42,103,0.515000,7,0.999860,119,102
1995,200,AlmostEqualRatios,scaled,49995,42,93,0.465000,0,1.000000,92,93
1996,200,AlmostEqualRatios,scaled,54299,42,111,0.555000,22,0.999595,141,108
1997,200,AlmostEqualRatios,scaled,48735,42,109,0.545000,15,0.999692,119,94
1998,200,AlmostEqualRatios,scaled,50055,42,103,0.515000,0,1.000000,198,100
1999,200,AlmostEqualRatios,scaled,50703,42,101,0.505000,12,0.999763,151,98
2000,500,Uncorrelated,scaled,122986,42,317,0.634000,54,0.999561,360,315
2001,500,Uncorrelated,scaled,127367,42,307,0.614000,11,0.999914,337,306
2002,500,Uncorrelated,scaled,125886,42,316,0.632000,22,0.999825,473,314
2003,500,Uncorrelated,scaled,131222,42,302,0.604000,8,0.999939,352,301
2004,500,Uncorrelated,scaled,123384,42,316,0.632000,38,0.999692,384,313
2005,500,Uncorrelated,scaled,124914,42,313,0.626000,40,0.999680,312,313
2006,500,Uncorrelated,scaled,128870,42,306,0.612000,5,0.999961,315,305
2007,500,Uncorrelated,scaled,125372,42,313,0.626000,16,0.999872,368,311
2008,500,Uncorrelated,scaled,121763,42,319,0.638000,34,0.999721,332,317
2009,500,Uncorrelated,scaled,131748,42,313,0.626000,65,0.999507,326,312
2010,500,Uncorrelated,scaled,128558,42,312,0.624000,51,0.999603,312,310
2011,500,Uncorrelated,scaled,123318,42,320,0.640000,27,0.999781,403,318
2012,500,Uncorrelated,scaled,127136,42,319,0.638000,52,0.999591,342,318
2013,500,Uncorrelated,scaled,127388,42,311,0.622000,5,0.999961,377,309
2014,500,Uncorrelated,scaled,120270,42,316,0.632000,18,0.999850,319,315
2015,500,Uncorrelated,scaled,123799,42,318,0.636000,8,0.999935,322,317
2016,500,Uncorrelated,scaled,124825,42,309,0.618000,27,0.999784,401,308
2017,500,Uncorrelated,scaled,126443,42,316,0.632000,80,0.999367,318,315
2018,500,Uncorrelated,scaled,124739,42,318,0.636000,29,0.999768,391,316
2019,500,Uncorrelated,scaled,125359,42,317,0.634000,45,0.999641,420,316
2020,500,Uncorrelated,scaled,124085,42,319,0.638000,33,0.999734,318,319
2021,500,Uncorrelated,scaled,128515,42,308,0.616000,16,0.999876,349,306
2022,500,Uncorrelated,scaled,125955,42,311,0.622000,8,0.999936,324,310
2023,500,Uncorrelated,scaled,124281,42,315,0.630000,4,0.999968,431,312
2024,500,Uncorrelated,scaled,122970,42,315,0.630000,15,0.999878,318,313
2025,500,Uncorrelated,scaled,125286,42,313,0.626000,102,0.999186,320,312
2026,500,Uncorrelated,scaled,124091,42,321,0.642000,10,0.999919,459,319
2027,500,Uncorrelated,scaled,129085,42,310,0.620000,8,0.999938,493,307
2028,500,Uncorrelated,scaled,124562,42,321,0.642000,48,0.999615,321,320
2029,500,Uncorrelated,scaled,129702,42,313,0.626000,35,0.999730,447,311
2030,500,Uncorrelated,scaled,125153,42,315,0.630000,3,0.999976,402,312
2031,500,Uncorrelated,scaled,122783,42,322,0.644000,37,0.999699,391,319
2032,500,Uncorrelated,scaled,125589,42,320,0.640000,51,0.999594,340,319
2033,500,Uncorrelated,scaled,123566,42,322,0.644000,4,0.999968,396,320
2034,500,Uncorrelated,scaled,131969,42,316,0.632000,64,0.999515,315,316
2035,500,Uncorrelated,scaled,122219,42,318,0.636000,11,0.999910,422,316
2036,500,Uncorrelated,scaled,122480,42,314,0.628000,63,0.999486,407,312
2037,500,Uncorrelated,scaled,123518,42,312,0.624000,18,0.999854,390,310
2038,500,Uncorrelated,scaled,127393,42,320,0.640000,43,0.999662,353,319
2039,500,Uncorrelated,scaled,121916,42,325,0.650000,12,0.999902,485,320
2040,500,Uncorrelated,scaled,113533,42,318,0.636000,3,0.999974,396,316
2041,500,Uncorrelated,scaled,127082,42,307,0.614000,86,0.999323,315,305
2042,500,Uncorrelated,scaled,126423,42,319,0.638000,6,0.999953,372,317
2043,500,Uncorrelated,scaled,129764,42,311,0.622000,25,0.999807,346,310
2044,500,Uncorrelated,scaled,125456,42,311,0.622000,18,0.999857,315,309
2045,500,Uncorrelated,scaled,126141,42,312,0.624000,47,0.999627,312,311
2046,500,Uncorrelated,scaled,126995,42,309,0.618000,26,0.999795,308,309
2047,500,Uncorrelated,scaled,126628,42,309,0.618000,22,0.999826,340,308
2048,500,Uncorrelated,scaled,128854,42,313,0.626000,76,0.999410,493,310
2049,500,Uncorrelated,scaled,129097,42,309,0.618000,15,0.999884,335,306
2050,500,Uncorrelated,scaled,125186,42,316,0.632000,20,0.999840,427,312
2051,500,Uncorrelated,scaled,124836,42,319,0.638000,40,0.999680,320,318
2052,500,Uncorrelated,scaled,124045,42,317,0.634000,39,0.999686,440,315
2053,500,Uncorrelated,scaled,130576,42,309,0.618000,0,1.000000,391,307
2054,500,Uncorrelated,scaled,124906,42,311,0.622000,0,1.000000,405,308
2055,500,Uncorrelated,scaled,127131,42,311,0.622000,29,0.999772,326,310
2056,500,Uncorrelated,scaled,126451,42,311,0.622000,70,0.999446,310,311
2057,500,Uncorrelated,scaled,125740,42,312,0.624000,55,0.999563,313,311
2058,500,Uncorrelated,scaled,122685,42,314,0.628000,8,0.999935,482,311
2059,500,Uncorrelated,scaled,124459,42,313,0.626000,20,0.999839,340,310
2060,500,Uncorrelated,scaled,122213,42,312,0.624000,9,0.999926,439,308
2061,500,Uncorrelated,scaled,123809,42,310,0.620000,73,0.999410,316,309
2062,500,Uncorrelated,scaled,121078,42,318,0.636000,44,0.999637,322,317
2063,500,Uncorrelated,scaled,128798,42,315,0.630000,7,0.999946,324,313
2064,500,Uncorrelated,scaled,125673,42,308,0.616000,53,0.999578,315,307
2065,500,Uncorrelated,scaled,127531,42,311,0.622000,113,0.999114,314,308
2066,500,Uncorrelated,scaled,124132,42,313,0.626000,43,0.999654,313,312
2067,500,Uncorrelated,scaled,121322,42,314,0.628000,22,0.999819,404,311
2068,500,Uncorrelated,scaled,130371,42,310,0.620000,1,0.999992,316,308
2069,500,Uncorrelated,scaled,118411,42,312,0.624000,0,1.000000,313,310
2070,500,Uncorrelated,scaled,124154,42,315,0.630000,16,0.999871,397,314
2071,500,Uncorrelated,scaled,126164,42,314,0.628000,6,0.999952,349,312
2072,500,Uncorrelated,scaled,128616,42,320,0.640000,8,0.999938,339,319
2073,500,Uncorrelated,scaled,122258,42,324,0.648000,60,0.999509,325,323
2074,500,Uncorrelated,scaled,122273,42,319,0.638000,36,0.999706,321,317
2075,500,Uncorrelated,scaled,124366,42,313,0.626000,15,0.999879,339,312
2076,500,Uncorrelated,scaled,123134,42,317,0.634000,70,0.999432,336,315
2077,500,Uncorrelated,scaled,127544,42,315,0.630000,38,0.999702,314,315
2078,500,Uncorrelated,scaled,121648,42,309,0.618000,13,0.999893,312,306
2079,500,Uncorrelated,scaled,121406,42,319,0.638000,35,0.999712,324,317
2080,500,Uncorrelated,scaled,122511,42,307,0.614000,6,0.999951,322,306
2081,500,Uncorrelated,scaled,127599,42,310,0.620000,4,0.999969,467,307
2082,500,Uncorrelated,scaled,124071,42,310,0.620000,57,0.999541,317,308
2083,500,Uncorrelated,scaled,128117,42,311,0.622000,36,0.999719,339,310
2084,500,Uncorrelated,scaled,120192,42,317,0.634000,104,0.999135,358,315
2085,500,Uncorrelated,scaled,128253,42,310,0.620000,27,0.999789,445,308
2086,500,Uncorrelated,scaled,124023,42,321,0.642000,75,0.999395,469,319
2087,500,Uncorrelated,scaled,124094,42,315,0.630000,33,0.999734,320,314
2088,500,Uncorrelated,scaled,125711,42,318,0.636000,57,0.999547,317,318
2089,500,Uncorrelated,scaled,133711,42,307,0.614000,18,0.999865,307,306
2090,500,Uncorrelated,scaled,120056,42,314,0.628000,31,0.999742,430,312
2091,500,Uncorrelated,scaled,125242,42,311,0.622000,79,0.999369,313,310
2092,500,Uncorrelated,scaled,124522,42,307,0.614000,18,0.999855,367,305
2093,500,Uncorrelated,scaled,121131,42,311,0.622000,57,0.999529,486,308
2094,500,Uncorrelated,scaled,123557,42,314,0.628000,36,0.999709,330,313
2095,500,Uncorrelated,scaled,129387,42,309,0.618000,31,0.999760,356,307
2096,500,Uncorrelated,scaled,122267,42,317,0.634000,52,0.999575,316,317
2097,500,Uncorrelated,scaled,121590,42,317,0.634000,15,0.999877,334,316
2098,500,Uncorrelated,scaled,127221,42,311,0.622000,23,0.999819,330,310
2099,500,Uncorrelated,scaled,129654,42,310,0.620000,11,0.999915,329,308
2100,500,WeaklyCorrelated,scaled,122771,42,260,0.520000,6,0.999951,490,257
2101,500,WeaklyCorrelated,scaled,125168,42,240,0.480000,2,0.999984,458,238
2102,500,WeaklyCorrelated,scaled,125706,42,247,0.494000,14,0.999889,489,243
2103,500,WeaklyCorrelated,scaled,123905,42,254,0.508000,11,0.999911,491,252
2104,500,WeaklyCorrelated,scaled,125972,42,269,0.538000,21,0.999833,491,265
2105,500,WeaklyCorrelated,scaled,121554,42,252,0.504000,0,1.000000,488,246
2106,500,WeaklyCorrelated,scaled,122154,42,254,0.508000,6,0.999951,489,251
2107,500,WeaklyCorrelated,scaled,125258,42,247,0.494000,2,0.999984,294,245
2108,500,WeaklyCorrelated,scaled,133431,42,255,0.510000,3,0.999978,432,253
2109,500,WeaklyCorrelated,scaled,122044,42,262,0.524000,3,0.999975,489,258
2110,500,WeaklyCorrelated,scaled,127145,42,246,0.492000,3,0.999976,269,244
2111,500,WeaklyCorrelated,scaled,124784,42,253,0.506000,0,1.000000,486,249
2112,500,WeaklyCorrelated,scaled,123456,42,248,0.496000,7,0.999943,481,244
2113,500,WeaklyCorrelated,scaled,130842,42,250,0.500000,4,0.999969,375,248
2114,500,WeaklyCorrelated,scaled,125977,42,251,0.502000,6,0.999952,482,248
2115,500,WeaklyCorrelated,scaled,125544,42,249,0.498000,3,0.999976,482,244
2116,500,WeaklyCorrelated,scaled,124381,42,253,0.506000,2,0.999984,253,252
2117,500,WeaklyCorrelated,scaled,125475,42,254,0.508000,4,0.999968,471,251
2118,500,WeaklyCorrelated,scaled,125833,42,256,0.512000,4,0.999968,487,249
2119,500,WeaklyCorrelated,scaled,124259,42,251,0.502000,2,0.999984,466,249
2120,500,WeaklyCorrelated,scaled,118234,42,259,0.518000,5,0.999958,405,255
2121,500,WeaklyCorrelated,scaled,127994,42,250,0.500000,9,0.999930,483,244
2122,500,WeaklyCorrelated,scaled,126015,42,256,0.512000,8,0.999937,478,253
2123,500,WeaklyCorrelated,scaled,122523,42,247,0.494000,3,0.999976,480,244
2124,500,WeaklyCorrelated,scaled,124326,42,257,0.514000,4,0.999968,466,253
2125,500,WeaklyCorrelated,scaled,121156,42,255,0.510000,5,0.999959,485,253
2126,500,WeaklyCorrelated,scaled,128518,42,237,0.474000,1,0.999992,298,236
2127,500,WeaklyCorrelated,scaled,131533,42,245,0.490000,2,0.999985,487,240
2128,500,WeaklyCorrelated,scaled,123278,42,256,0.512000,2,0.999984,476,252
2129,500,WeaklyCorrelated,scaled,123156,42,251,0.502000,3,0.999976,260,249
2130,500,WeaklyCorrelated,scaled,124666,42,248,0.496000,1,0.999992,472,245
2131,500,WeaklyCorrelated,scaled,126230,42,253,0.506000,4,0.999968,486,249
2132,500,WeaklyCorrelated,scaled,120721,42,253,0.506000,8,0.999934,293,250
2133,500,WeaklyCorrelated,scaled,125885,42,249,0.498000,4,0.999968,481,247
2134,500,WeaklyCorrelated,scaled,125431,42,258,0.516000,6,0.999952,491,249
2135,500,WeaklyCorrelated,scaled,127163,42,256,0.512000,11,0.999913,491,251
2136,500,WeaklyCorrelated,scaled,125480,42,261,0.522000,0,1.000000,489,257
2137,500,WeaklyCorrelated,scaled,126573,42,263,0.526000,7,0.999945,488,257
2138,500,WeaklyCorrelated,scaled,122137,42,274,0.548000,18,0.999853,490,271
2139,500,WeaklyCorrelated,scaled,129417,42,254,0.508000,1,0.999992,488,250
2140,500,WeaklyCorrelated,scaled,130249,42,253,0.506000,3,0.999977,450,251
2141,500,WeaklyCorrelated,scaled,119245,42,258,0.516000,3,0.999975,490,256
2142,500,WeaklyCorrelated,scaled,129272,42,254,0.508000,3,0.999977,496,250
2143,500,WeaklyCorrelated,scaled,126912,42,260,0.520000,11,0.999913,260,259
2144,500,WeaklyCorrelated,scaled,122023,42,245,0.490000,1,0.999992,476,244
2145,500,WeaklyCorrelated,scaled,121507,42,261,0.522000,0,1.000000,485,260
2146,500,WeaklyCorrelated,scaled,123299,42,248,0.496000,23,0.999813,479,242
2147,500,WeaklyCorrelated,scaled,124914,42,251,0.502000,4,0.999968,483,248
2148,500,WeaklyCorrelated,scaled,123857,42,247,0.494000,16,0.999871,488,244
2149,500,WeaklyCorrelated,scaled,126338,42,266,0.532000,16,0.999873,488,261
2150,500,WeaklyCorrelated,scaled,129722,42,257,0.514000,9,0.999931,489,251
2151,500,WeaklyCorrelated,scaled,123159,42,242,0.484000,2,0.999984,256,240
2152,500,WeaklyCorrelated,scaled,129460,42,255,0.510000,1,0.999992,403,253
2153,500,WeaklyCorrelated,scaled,123207,42,255,0.510000,11,0.999911,302,254
2154,500,WeaklyCorrelated,scaled,124939,42,259,0.518000,4,0.999968,491,255
2155,500,WeaklyCorrelated,scaled,121074,42,253,0.506000,12,0.999901,482,249
2156,500,WeaklyCorrelated,scaled,126518,42,251,0.502000,0,1.000000,482,246
2157,500,WeaklyCorrelated,scaled,124381,42,262,0.524000,8,0.999936,484,257
2158,500,WeaklyCorrelated,scaled,124156,42,258,0.516000,14,0.999887,483,255
2159,500,WeaklyCorrelated,scaled,122193,42,254,0.508000,3,0.999975,278,252
2160,500,WeaklyCorrelated,scaled,124216,42,253,0.506000,1,0.999992,466,250
2161,500,WeaklyCorrelated,scaled,120462,42,254,0.508000,0,1.000000,343,252
2162,500,WeaklyCorrelated,scaled,121707,42,247,0.494000,3,0.999975,258,245
2163,500,WeaklyCorrelated,scaled,127261,42,253,0.506000,1,0.999992,487,251
2164,500,WeaklyCorrelated,scaled,125840,42,257,0.514000,2,0.999984,467,254
2165,500,WeaklyCorrelated,scaled,127650,42,260,0.520000,2,0.999984,492,254
2166,500,WeaklyCorrelated,scaled,128361,42,251,0.502000,8,0.999938,491,248
2167,500,WeaklyCorrelated,scaled,126745,42,251,0.502000,2,0.999984,484,245
2168,500,WeaklyCorrelated,scaled,125614,42,256,0.512000,3,0.999976,489,250
2169,500,WeaklyCorrelated,scaled,125879,42,249,0.498000,7,0.999944,492,244
2170,500,WeaklyCorrelated,scaled,127009,42,251,0.502000,5,0.999961,489,248
2171,500,WeaklyCorrelated,scaled,127857,42,254,0.508000,2,0.999984,481,249
2172,500,WeaklyCorrelated,scaled,122740,42,254,0.508000,4,0.999967,484,251
2173,500,WeaklyCorrelated,scaled,126116,42,255,0.510000,2,0.999984,483,248
2174,500,WeaklyCorrelated,scaled,124911,42,261,0.522000,5,0.999960,470,259
2175,500,WeaklyCorrelated,scaled,120411,42,250,0.500000,4,0.999967,347,247
2176,500,WeaklyCorrelated,scaled,126467,42,250,0.500000,0,1.000000,482,245
2177,500,WeaklyCorrelated,scaled,123892,42,252,0.504000,13,0.999895,491,250
2178,500,WeaklyCorrelated,scaled,126163,42,246,0.492000,2,0.999984,484,240
2179,500,WeaklyCorrelated,scaled,118651,42,249,0.498000,5,0.999958,484,245
2180,500,WeaklyCorrelated,scaled,128141,42,260,0.520000,2,0.999984,485,257
2181,500,WeaklyCorrelated,scaled,120624,42,245,0.490000,1,0.999992,485,243
2182,500,WeaklyCorrelated,scaled,121463,42,256,0.512000,1,0.999992,483,249
2183,500,WeaklyCorrelated,scaled,125010,42,241,0.482000,1,0.999992,481,239
2184,500,WeaklyCorrelated,scaled,124245,42,249,0.498000,4,0.999968,487,245
2185,500,WeaklyCorrelated,scaled,123672,42,259,0.518000,0,1.000000,454,255
2186,500,WeaklyCorrelated,scaled,125045,42,247,0.494000,0,1.000000,248,246
2187,500,WeaklyCorrelated,scaled,122856,42,251,0.502000,5,0.999959,486,249
2188,500,WeaklyCorrelated,scaled,131679,42,253,0.506000,11,0.999916,263,252
2189,500,WeaklyCorrelated,scaled,127920,42,247,0.494000,2,0.999984,454,245
2190,500,WeaklyCorrelated,scaled,128816,42,251,0.502000,2,0.999984,485,248
2191,500,WeaklyCorrelated,scaled,129071,42,257,0.514000,0,1.000000,479,252
2192,500,WeaklyCorrelated,scaled,124131,42,249,0.498000,1,0.999992,484,244
2193,500,WeaklyCorrelated,scaled,126294,42,242,0.484000,0,1.000000,475,239
2194,500,WeaklyCorrelated,scaled,128145,42,257,0.514000,1,0.999992,487,252
2195,500,WeaklyCorrelated,scaled,126987,42,255,0.510000,0,1.000000,490,252
2196,500,WeaklyCorrelated,scaled,130975,42,244,0.488000,2,0.999985,483,241
2197,500,WeaklyCorrelated,scaled,123518,42,252,0.504000,1,0.999992,484,250
2198,500,WeaklyCorrelated,scaled,125517,42,248,0.496000,3,0.999976,460,245
2199,500,WeaklyCorrelated,scaled,124089,42,253,0.506000,2,0.999984,477,250
2200,500,StronglyCorrelated,scaled,128564,42,321,0.642000,73,0.999432,353,320
2201,500,StronglyCorrelated,scaled,119880,42,330,0.660000,68,0.999433,332,329
2202,500,StronglyCorrelated,scaled,123580,42,322,0.644000,27,0.999782,359,320
2203,500,StronglyCorrelated,scaled,127125,42,316,0.632000,89,0.999300,316,315
2204,500,StronglyCorrelated,scaled,118228,42,326,0.652000,22,0.999814,326,325
2205,500,StronglyCorrelated,scaled,125534,42,324,0.648000,119,0.999052,323,324
2206,500,StronglyCorrelated,scaled,123720,42,322,0.644000,63,0.999491,329,321
2207,500,StronglyCorrelated,scaled,126405,42,315,0.630000,130,0.998972,314,315
2208,500,StronglyCorrelated,scaled,126565,42,317,0.634000,106,0.999162,328,316
2209,500,StronglyCorrelated,scaled,128705,42,308,0.616000,44,0.999658,307,308
2210,500,StronglyCorrelated,scaled,126924,42,314,0.628000,5,0.999961,315,313
2211,500,StronglyCorrelated,scaled,127790,42,312,0.624000,145,0.998865,311,312
2212,500,StronglyCorrelated,scaled,121532,42,319,0.638000,33,0.999728,318,319
2213,500,StronglyCorrelated,scaled,119127,42,323,0.646000,33,0.999723,329,321
2214,500,StronglyCorrelated,scaled,120567,42,319,0.638000,2,0.999983,374,316
2215,500,StronglyCorrelated,scaled,130230,42,313,0.626000,24,0.999816,313,312
2216,500,StronglyCorrelated,scaled,119398,42,324,0.648000,131,0.998903,331,323
2217,500,StronglyCorrelated,scaled,123267,42,322,0.644000,104,0.999156,322,321
2218,500,StronglyCorrelated,scaled,121943,42,324,0.648000,71,0.999418,329,322
2219,500,StronglyCorrelated,scaled,120227,42,328,0.656000,21,0.999825,327,328
2220,500,StronglyCorrelated,scaled,120864,42,321,0.642000,71,0.999413,320,321
2221,500,StronglyCorrelated,scaled,130523,42,317,0.634000,39,0.999701,335,315
2222,500,StronglyCorrelated,scaled,123976,42,319,0.638000,36,0.999710,330,317
2223,500,StronglyCorrelated,scaled,119805,42,321,0.642000,25,0.999791,334,320
2224,500,StronglyCorrelated,scaled,123765,42,318,0.636000,15,0.999879,362,317
2225,500,StronglyCorrelated,scaled,126854,42,321,0.642000,75,0.999409,329,319
2226,500,StronglyCorrelated,scaled,128085,42,314,0.628000,62,0.999516,314,313
2227,500,StronglyCorrelated,scaled,126850,42,321,0.642000,21,0.999834,320,321
2228,500,StronglyCorrelated,scaled,120940,42,318,0.636000,6,0.999950,320,317
2229,500,StronglyCorrelated,scaled,124971,42,315,0.630000,45,0.999640,329,313
2230,500,StronglyCorrelated,scaled,118578,42,326,0.652000,58,0.999511,378,324
2231,500,StronglyCorrelated,scaled,123865,42,319,0.638000,106,0.999144,318,319
2232,500,StronglyCorrelated,scaled,123974,42,323,0.646000,17,0.999863,322,323
2233,500,StronglyCorrelated,scaled,120968,42,323,0.646000,36,0.999702,322,323
2234,500,StronglyCorrelated,scaled,130829,42,315,0.630000,56,0.999572,314,315
2235,500,StronglyCorrelated,scaled,130704,42,318,0.636000,77,0.999411,323,317
2236,500,StronglyCorrelated,scaled,127377,42,311,0.622000,16,0.999874,310,311
2237,500,StronglyCorrelated,scaled,124745,42,320,0.640000,132,0.998942,319,320
2238,500,StronglyCorrelated,scaled,124007,42,320,0.640000,87,0.999298,344,319
2239,500,StronglyCorrelated,scaled,126742,42,314,0.628000,69,0.999456,314,313
2240,500,StronglyCorrelated,scaled,125005,42,320,0.640000,29,0.999768,377,318
2241,500,StronglyCorrelated,scaled,117661,42,328,0.656000,130,0.998895,329,327
2242,500,StronglyCorrelated,scaled,121228,42,322,0.644000,11,0.999909,322,321
2243,500,StronglyCorrelated,scaled,128635,42,312,0.624000,77,0.999401,336,311
2244,500,StronglyCorrelated,scaled,128405,42,314,0.628000,41,0.999681,327,311
2245,500,StronglyCorrelated,scaled,122273,42,322,0.644000,6,0.999951,328,320
2246,500,StronglyCorrelated,scaled,124273,42,317,0.634000,55,0.999557,323,315
2247,500,StronglyCorrelated,scaled,128575,42,319,0.638000,64,0.999502,347,317
2248,500,StronglyCorrelated,scaled,124137,42,319,0.638000,22,0.999823,319,318
2249,500,StronglyCorrelated,scaled,123533,42,319,0.638000,106,0.999142,323,317
2250,500,StronglyCorrelated,scaled,120162,42,325,0.650000,95,0.999209,324,325
2251,500,StronglyCorrelated,scaled,125744,42,316,0.632000,91,0.999276,324,315
2252,500,StronglyCorrelated,scaled,123179,42,310,0.620000,13,0.999894,313,308
2253,500,StronglyCorrelated,scaled,121001,42,325,0.650000,10,0.999917,325,324
2254,500,StronglyCorrelated,scaled,127468,42,317,0.634000,59,0.999537,317,316
2255,500,StronglyCorrelated,scaled,126131,42,314,0.628000,126,0.999001,313,314
2256,500,StronglyCorrelated,scaled,126405,42,315,0.630000,47,0.999628,316,314
2257,500,StronglyCorrelated,scaled,122247,42,322,0.644000,5,0.999959,321,322
2258,500,StronglyCorrelated,scaled,119555,42,328,0.656000,109,0.999088,327,328
2259,500,StronglyCorrelated,scaled,127046,42,312,0.624000,112,0.999118,314,311
2260,500,StronglyCorrelated,scaled,122752,42,322,0.644000,94,0.999234,338,320
2261,500,StronglyCorrelated,scaled,128400,42,314,0.628000,72,0.999439,353,312
2262,500,StronglyCorrelated,scaled,130538,42,316,0.632000,49,0.999625,347,314
2263,500,StronglyCorrelated,scaled,122964,42,320,0.640000,138,0.998878,363,317
2264,500,StronglyCorrelated,scaled,125090,42,321,0.642000,28,0.999776,320,321
2265,500,StronglyCorrelated,scaled,125931,42,317,0.634000,69,0.999452,332,315
2266,500,StronglyCorrelated,scaled,123662,42,323,0.646000,71,0.999426,327,322
2267,500,StronglyCorrelated,scaled,125419,42,321,0.642000,45,0.999641,321,320
2268,500,StronglyCorrelated,scaled,131131,42,319,0.638000,8,0.999939,328,318
2269,500,StronglyCorrelated,scaled,117238,42,330,0.660000,97,0.999173,335,329
2270,500,StronglyCorrelated,scaled,124320,42,311,0.622000,43,0.999654,314,310
2271,500,StronglyCorrelated,scaled,131375,42,313,0.626000,7,0.999947,321,310
2272,500,StronglyCorrelated,scaled,132461,42,313,0.626000,92,0.999305,339,312
2273,500,StronglyCorrelated,scaled,125069,42,317,0.634000,20,0.999840,319,315
2274,500,StronglyCorrelated,scaled,131685,42,313,0.626000,27,0.999795,328,312
2275,500,StronglyCorrelated,scaled,125703,42,317,0.634000,120,0.999045,322,316
2276,500,StronglyCorrelated,scaled,124032,42,323,0.646000,138,0.998887,324,322
2277,500,StronglyCorrelated,scaled,125221,42,319,0.638000,36,0.999713,347,317
2278,500,StronglyCorrelated,scaled,123014,42,315,0.630000,104,0.999155,317,313
2279,500,StronglyCorrelated,scaled,122386,42,325,0.650000,54,0.999559,343,323
2280,500,StronglyCorrelated,scaled,131742,42,312,0.624000,60,0.999545,314,311
2281,500,StronglyCorrelated,scaled,123244,42,322,0.644000,43,0.999651,322,321
2282,500,StronglyCorrelated,scaled,123487,42,321,0.642000,1,0.999992,322,320
2283,500,StronglyCorrelated,scaled,128966,42,316,0.632000,38,0.999705,317,315
2284,500,StronglyCorrelated,scaled,128716,42,315,0.630000,77,0.999402,328,314
2285,500,StronglyCorrelated,scaled,127004,42,314,0.628000,63,0.999504,358,311
2286,500,StronglyCorrelated,scaled,125923,42,321,0.642000,120,0.999047,359,320
2287,500,StronglyCorrelated,scaled,125945,42,324,0.648000,39,0.999690,396,322
2288,500,StronglyCorrelated,scaled,131825,42,307,0.614000,130,0.999014,319,306
2289,500,StronglyCorrelated,scaled,125306,42,318,0.636000,5,0.999960,350,317
2290,500,StronglyCorrelated,scaled,127755,42,320,0.640000,111,0.999131,323,318
2291,500,StronglyCorrelated,scaled,125469,42,315,0.630000,107,0.999147,316,313
2292,500,StronglyCorrelated,scaled,123034,42,329,0.658000,63,0.999488,353,328
2293,500,StronglyCorrelated,scaled,126796,42,314,0.628000,42,0.999669,314,313
2294,500,StronglyCorrelated,scaled,126404,42,318,0.636000,31,0.999755,317,318
2295,500,StronglyCorrelated,scaled,122550,42,317,0.634000,75,0.999388,344,316
2296,500,StronglyCorrelated,scaled,126692,42,317,0.634000,89,0.999298,317,316
2297,500,StronglyCorrelated,scaled,132266,42,314,0.628000,0,1.000000,337,313
2298,500,StronglyCorrelated,scaled,130883,42,314,0.628000,34,0.999740,313,314
2299,500,StronglyCorrelated,scaled,126413,42,317,0.634000,23,0.999818,323,315
2300,500,InverseCorrelated,scaled,129681,42,348,0.696000,635,0.995103,347,348
2301,500,InverseCorrelated,scaled,124039,42,354,0.708000,385,0.996896,353,354
2302,500,InverseCorrelated,scaled,119003,42,353,0.706000,214,0.998202,352,353
2303,500,InverseCorrelated,scaled,122854,42,356,0.712000,571,0.995352,355,356
2304,500,InverseCorrelated,scaled,123071,42,354,0.708000,585,0.995247,353,354
2305,500,InverseCorrelated,scaled,122976,42,355,0.710000,204,0.998341,354,355
2306,500,InverseCorrelated,scaled,128858,42,349,0.698000,705,0.994529,348,349
2307,500,InverseCorrelated,scaled,124190,42,352,0.704000,642,0.994831,351,352
2308,500,InverseCorrelated,scaled,125242,42,353,0.706000,116,0.999074,352,353
2309,500,InverseCorrelated,scaled,128750,42,352,0.704000,175,0.998641,351,352
2310,500,InverseCorrelated,scaled,127128,42,353,0.706000,523,0.995886,352,353
2311,500,InverseCorrelated,scaled,122991,42,354,0.708000,311,0.997471,353,354
2312,500,InverseCorrelated,scaled,124140,42,352,0.704000,549,0.995578,351,352
2313,500,InverseCorrelated,scaled,121434,42,355,0.710000,97,0.999201,354,355
2314,500,InverseCorrelated,scaled,128669,42,351,0.702000,77,0.999402,350,351
2315,500,InverseCorrelated,scaled,129089,42,348,0.696000,345,0.997327,347,348
2316,500,InverseCorrelated,scaled,125681,42,351,0.702000,375,0.997016,350,351
2317,500,InverseCorrelated,scaled,129792,42,348,0.696000,413,0.996818,347,348
2318,500,InverseCorrelated,scaled,121993,42,358,0.716000,647,0.994696,357,358
2319,500,InverseCorrelated,scaled,128748,42,351,0.702000,428,0.996676,350,351
2320,500,InverseCorrelated,scaled,131713,42,348,0.696000,309,0.997654,347,348
2321,500,InverseCorrelated,scaled,128048,42,354,0.708000,438,0.996579,353,354
2322,500,InverseCorrelated,scaled,125914,42,351,0.702000,685,0.994560,350,351
2323,500,InverseCorrelated,scaled,121552,42,357,0.714000,658,0.994587,356,357
2324,500,InverseCorrelated,scaled,127660,42,351,0.702000,4,0.999969,350,351
2325,500,InverseCorrelated,scaled,130360,42,346,0.692000,283,0.997829,345,346
2326,500,InverseCorrelated,scaled,124582,42,354,0.708000,95,0.999237,353,354
2327,500,InverseCorrelated,scaled,124034,42,355,0.710000,242,0.998049,354,355
2328,500,InverseCorrelated,scaled,130331,42,346,0.692000,512,0.996072,345,346
2329,500,InverseCorrelated,scaled,122093,42,357,0.714000,263,0.997846,356,357
2330,500,InverseCorrelated,scaled,122813,42,357,0.714000,86,0.999300,356,357
2331,500,InverseCorrelated,scaled,119212,42,356,0.712000,542,0.995453,355,356
2332,500,InverseCorrelated,scaled,128130,42,348,0.696000,575,0.995512,347,348
2333,500,InverseCorrelated,scaled,122080,42,359,0.718000,5,0.999959,358,359
2334,500,InverseCorrelated,scaled,123622,42,353,0.706000,120,0.999029,352,353
2335,500,InverseCorrelated,scaled,127712,42,354,0.708000,67,0.999475,353,354
2336,500,InverseCorrelated,scaled,124330,42,351,0.702000,312,0.997491,350,351
2337,500,InverseCorrelated,scaled,117687,42,361,0.722000,224,0.998097,360,361
2338,500,InverseCorrelated,scaled,122253,42,355,0.710000,486,0.996025,354,355
2339,500,InverseCorrelated,scaled,123099,42,355,0.710000,142,0.998846,354,355
2340,500,InverseCorrelated,scaled,122133,42,353,0.706000,414,0.996610,352,353
2341,500,InverseCorrelated,scaled,131397,42,349,0.698000,584,0.995555,348,349
2342,500,InverseCorrelated,scaled,122053,42,358,0.716000,99,0.999189,357,358
2343,500,InverseCorrelated,scaled,131247,42,349,0.698000,130,0.999010,348,349
2344,500,InverseCorrelated,scaled,126110,42,354,0.708000,338,0.997320,353,354
2345,500,InverseCorrelated,scaled,122300,42,356,0.712000,49,0.999599,355,356
2346,500,InverseCorrelated,scaled,123221,42,355,0.710000,47,0.999619,354,355
2347,500,InverseCorrelated,scaled,131944,42,345,0.690000,427,0.996764,344,345
2348,500,InverseCorrelated,scaled,131116,42,350,0.700000,440,0.996644,349,350
2349,500,InverseCorrelated,scaled,124322,42,356,0.712000,108,0.999131,355,356
2350,500,InverseCorrelated,scaled,127405,42,354,0.708000,183,0.998564,353,354
2351,500,InverseCorrelated,scaled,125164,42,350,0.700000,662,0.994711,349,350
2352,500,InverseCorrelated,scaled,124739,42,352,0.704000,42,0.999663,351,352
2353,500,InverseCorrelated,scaled,123978,42,356,0.712000,539,0.995652,355,356
2354,500,InverseCorrelated,scaled,118728,42,355,0.710000,105,0.999116,354,355
2355,500,InverseCorrelated,scaled,125835,42,353,0.706000,683,0.994572,352,353
2356,500,InverseCorrelated,scaled,120042,42,359,0.718000,559,0.995343,358,359
2357,500,InverseCorrelated,scaled,126207,42,349,0.698000,665,0.994731,348,349
2358,500,InverseCorrelated,scaled,126800,42,349,0.698000,655,0.994834,348,349
2359,500,InverseCorrelated,scaled,126054,42,353,0.706000,37,0.999706,352,353
2360,500,InverseCorrelated,scaled,125652,42,348,0.696000,504,0.995989,347,348
2361,500,InverseCorrelated,scaled,127010,42,350,0.700000,151,0.998811,349,350
2362,500,InverseCorrelated,scaled,126094,42,351,0.702000,351,0.997216,350,351
2363,500,InverseCorrelated,scaled,125430,42,355,0.710000,170,0.998645,354,355
2364,500,InverseCorrelated,scaled,121955,42,353,0.706000,669,0.994514,352,353
2365,500,InverseCorrelated,scaled,126701,42,352,0.704000,400,0.996843,351,352
2366,500,InverseCorrelated,scaled,118361,42,356,0.712000,59,0.999502,355,356
2367,500,InverseCorrelated,scaled,128529,42,353,0.706000,106,0.999175,352,353
2368,500,InverseCorrelated,scaled,125515,42,351,0.702000,51,0.999594,350,351
2369,500,InverseCorrelated,scaled,125073,42,354,0.708000,55,0.999560,353,354
2370,500,InverseCorrelated,scaled,124041,42,356,0.712000,267,0.997847,355,356
2371,500,InverseCorrelated,scaled,124016,42,354,0.708000,661,0.994670,353,354
2372,500,InverseCorrelated,scaled,124247,42,354,0.708000,716,0.994237,353,354
2373,500,InverseCorrelated,scaled,125637,42,351,0.702000,16,0.999873,350,351
2374,500,InverseCorrelated,scaled,126082,42,352,0.704000,458,0.996367,351,352
2375,500,InverseCorrelated,scaled,123474,42,355,0.710000,617,0.995003,354,355
2376,500,InverseCorrelated,scaled,130572,42,349,0.698000,98,0.999249,348,349
2377,500,InverseCorrelated,scaled,125805,42,350,0.700000,9,0.999928,349,350
2378,500,InverseCorrelated,scaled,118459,42,359,0.718000,208,0.998244,358,359
2379,500,InverseCorrelated,scaled,122729,42,358,0.716000,335,0.997270,357,358
2380,500,InverseCorrelated,scaled,126042,42,350,0.700000,7,0.999944,349,350
2381,500,InverseCorrelated,scaled,125803,42,353,0.706000,414,0.996709,352,353
2382,500,InverseCorrelated,scaled,127965,42,352,0.704000,684,0.994655,351,352
2383,500,InverseCorrelated,scaled,123228,42,355,0.710000,234,0.998101,354,355
2384,500,InverseCorrelated,scaled,128378,42,350,0.700000,261,0.997967,349,350
2385,500,InverseCorrelated,scaled,122696,42,356,0.712000,197,0.998394,355,356
2386,500,InverseCorrelated,scaled,124613,42,351,0.702000,419,0.996638,350,351
2387,500,InverseCorrelated,scaled,126004,42,352,0.704000,463,0.996326,351,352
2388,500,InverseCorrelated,scaled,126563,42,350,0.700000,194,0.998467,349,350
2389,500,InverseCorrelated,scaled,131017,42,349,0.698000,332,0.997466,348,349
2390,500,InverseCorrelated,scaled,128161,42,352,0.704000,160,0.998752,351,352
2391,500,InverseCorrelated,scaled,129841,42,352,0.704000,448,0.996550,351,352
2392,500,InverseCorrelated,scaled,128224,42,351,0.702000,283,0.997793,350,351
2393,500,InverseCorrelated,scaled,122764,42,355,0.710000,23,0.999813,354,355
2394,500,InverseCorrelated,scaled,123805,42,353,0.706000,506,0.995913,352,353
2395,500,InverseCorrelated,scaled,127133,42,351,0.702000,94,0.999261,350,351
2396,500,InverseCorrelated,scaled,127786,42,351,0.702000,410,0.996792,350,351
2397,500,InverseCorrelated,scaled,117912,42,357,0.714000,567,0.995191,356,357
2398,500,InverseCorrelated,scaled,121838,42,357,0.714000,95,0.999220,356,357
2399,500,InverseCorrelated,scaled,124901,42,354,0.708000,231,0.998151,353,354
2400,500,AlmostEqualRatios,scaled,122354,42,249,0.498000,5,0.999959,261,243
2401,500,AlmostEqualRatios,scaled,127755,42,262,0.524000,5,0.999961,449,259
2402,500,AlmostEqualRatios,scaled,123868,42,238,0.476000,0,1.000000,260,235
2403,500,AlmostEqualRatios,scaled,125875,42,253,0.506000,11,0.999913,270,251
2404,500,AlmostEqualRatios,scaled,127218,42,258,0.516000,3,0.999976,269,252
2405,500,AlmostEqualRatios,scaled,117602,42,253,0.506000,2,0.999983,257,251
2406,500,AlmostEqualRatios,scaled,127075,42,263,0.526000,5,0.999961,303,260
2407,500,AlmostEqualRatios,scaled,118170,42,249,0.498000,0,1.000000,291,248
2408,500,AlmostEqualRatios,scaled,127572,42,247,0.494000,7,0.999945,280,239
2409,500,AlmostEqualRatios,scaled,122578,42,265,0.530000,4,0.999967,331,263
2410,500,AlmostEqualRatios,scaled,125034,42,264,0.528000,0,1.000000,499,257
2411,500,AlmostEqualRatios,scaled,128429,42,244,0.488000,10,0.999922,255,240
2412,500,AlmostEqualRatios,scaled,121444,42,250,0.500000,3,0.999975,268,245
2413,500,AlmostEqualRatios,scaled,129512,42,244,0.488000,11,0.999915,332,239
2414,500,AlmostEqualRatios,scaled,126048,42,245,0.490000,2,0.999984,272,241
2415,500,AlmostEqualRatios,scaled,120877,42,250,0.500000,6,0.999950,253,247
2416,500,AlmostEqualRatios,scaled,130967,42,267,0.534000,7,0.999947,267,266
2417,500,AlmostEqualRatios,scaled,119959,42,251,0.502000,4,0.999967,268,242
2418,500,AlmostEqualRatios,scaled,127487,42,248,0.496000,7,0.999945,260,241
2419,500,AlmostEqualRatios,scaled,124072,42,253,0.506000,2,0.999984,257,249
2420,500,AlmostEqualRatios,scaled,124413,42,250,0.500000,7,0.999944,256,248
2421,500,AlmostEqualRatios,scaled,125990,42,240,0.480000,5,0.999960,268,236
2422,500,AlmostEqualRatios,scaled,123555,42,244,0.488000,0,1.000000,437,240
2423,500,AlmostEqualRatios,scaled,126771,42,267,0.534000,1,0.999992,365,265
2424,500,AlmostEqualRatios,scaled,124522,42,262,0.524000,0,1.000000,343,259
2425,500,AlmostEqualRatios,scaled,125376,42,251,0.502000,2,0.999984,308,246
2426,500,AlmostEqualRatios,scaled,122377,42,258,0.516000,6,0.999951,267,249
2427,500,AlmostEqualRatios,scaled,128592,42,252,0.504000,9,0.999930,277,251
2428,500,AlmostEqualRatios,scaled,126014,42,260,0.520000,4,0.999968,484,259
2429,500,AlmostEqualRatios,scaled,127303,42,245,0.490000,5,0.999961,245,244
2430,500,AlmostEqualRatios,scaled,124004,42,273,0.546000,4,0.999968,314,269
2431,500,AlmostEqualRatios,scaled,126298,42,256,0.512000,0,1.000000,338,254
2432,500,AlmostEqualRatios,scaled,122183,42,254,0.508000,8,0.999935,345,251
2433,500,AlmostEqualRatios,scaled,121371,42,253,0.506000,2,0.999984,264,245
2434,500,AlmostEqualRatios,scaled,124919,42,261,0.522000,5,0.999960,456,257
2435,500,AlmostEqualRatios,scaled,129804,42,254,0.508000,5,0.999961,267,246
2436,500,AlmostEqualRatios,scaled,129672,42,261,0.522000,14,0.999892,296,259
2437,500,AlmostEqualRatios,scaled,128079,42,264,0.528000,2,0.999984,302,262
2438,500,AlmostEqualRatios,scaled,127925,42,256,0.512000,13,0.999898,499,248
2439,500,AlmostEqualRatios,scaled,128205,42,253,0.506000,1,0.999992,258,249
2440,500,AlmostEqualRatios,scaled,126146,42,265,0.530000,7,0.999945,267,259
2441,500,AlmostEqualRatios,scaled,126230,42,249,0.498000,10,0.999921,333,241
2442,500,AlmostEqualRatios,scaled,120237,42,257,0.514000,2,0.999983,341,255
2443,500,AlmostEqualRatios,scaled,125467,42,259,0.518000,7,0.999944,499,256
2444,500,AlmostEqualRatios,scaled,122565,42,257,0.514000,0,1.000000,499,253
2445,500,AlmostEqualRatios,scaled,124148,42,256,0.512000,2,0.999984,271,245
2446,500,AlmostEqualRatios,scaled,120703,42,249,0.498000,0,1.000000,266,248
2447,500,AlmostEqualRatios,scaled,121826,42,257,0.514000,2,0.999984,300,253
2448,500,AlmostEqualRatios,scaled,128657,42,257,0.514000,7,0.999946,400,241
2449,500,AlmostEqualRatios,scaled,123694,42,254,0.508000,2,0.999984,277,252
2450,500,AlmostEqualRatios,scaled,124805,42,270,0.540000,7,0.999944,425,266
2451,500,AlmostEqualRatios,scaled,125002,42,261,0.522000,1,0.999992,497,255
2452,500,AlmostEqualRatios,scaled,128818,42,258,0.516000,8,0.999938,340,254
2453,500,AlmostEqualRatios,scaled,122861,42,258,0.516000,7,0.999943,272,247
2454,500,AlmostEqualRatios,scaled,129488,42,262,0.524000,6,0.999954,267,260
2455,500,AlmostEqualRatios,scaled,120494,42,261,0.522000,1,0.999992,499,256
2456,500,AlmostEqualRatios,scaled,125056,42,251,0.502000,0,1.000000,254,247
2457,500,AlmostEqualRatios,scaled,123162,42,248,0.496000,1,0.999992,254,239
2458,500,AlmostEqualRatios,scaled,129961,42,256,0.512000,2,0.999985,408,254
2459,500,AlmostEqualRatios,scaled,127362,42,254,0.508000,8,0.999937,267,253
2460,500,AlmostEqualRatios,scaled,127142,42,265,0.530000,7,0.999945,386,262
2461,500,AlmostEqualRatios,scaled,124024,42,272,0.544000,3,0.999976,395,268
2462,500,AlmostEqualRatios,scaled,128283,42,246,0.492000,0,1.000000,372,238
2463,500,AlmostEqualRatios,scaled,124182,42,256,0.512000,8,0.999936,273,249
2464,500,AlmostEqualRatios,scaled,122799,42,265,0.530000,2,0.999984,391,260
2465,500,AlmostEqualRatios,scaled,125210,42,262,0.524000,6,0.999952,293,261
2466,500,AlmostEqualRatios,scaled,128150,42,250,0.500000,1,0.999992,424,235
2467,500,AlmostEqualRatios,scaled,126437,42,246,0.492000,1,0.999992,362,241
2468,500,AlmostEqualRatios,scaled,124173,42,254,0.508000,1,0.999992,399,250
2469,500,AlmostEqualRatios,scaled,121618,42,252,0.504000,5,0.999959,498,249
2470,500,AlmostEqualRatios,scaled,120468,42,256,0.512000,5,0.999958,297,254
2471,500,AlmostEqualRatios,scaled,123780,42,246,0.492000,2,0.999984,263,238
2472,500,AlmostEqualRatios,scaled,122356,42,250,0.500000,0,1.000000,260,244
2473,500,AlmostEqualRatios,scaled,121314,42,255,0.510000,0,1.000000,262,242
2474,500,AlmostEqualRatios,scaled,126519,42,267,0.534000,11,0.999913,499,263
2475,500,AlmostEqualRatios,scaled,122549,42,245,0.490000,5,0.999959,267,239
2476,500,AlmostEqualRatios,scaled,121481,42,259,0.518000,10,0.999918,475,256
2477,500,AlmostEqualRatios,scaled,122131,42,233,0.466000,0,1.000000,243,229
2478,500,AlmostEqualRatios,scaled,128383,42,237,0.474000,1,0.999992,236,237
2479,500,AlmostEqualRatios,scaled,124143,42,257,0.514000,1,0.999992,458,253
2480,500,AlmostEqualRatios,scaled,126976,42,262,0.524000,4,0.999968,352,259
2481,500,AlmostEqualRatios,scaled,130554,42,251,0.502000,3,0.999977,353,248
2482,500,AlmostEqualRatios,scaled,126035,42,264,0.528000,2,0.999984,340,261
2483,500,AlmostEqualRatios,scaled,121017,42,261,0.522000,2,0.999983,274,260
2484,500,AlmostEqualRatios,scaled,125955,42,263,0.526000,0,1.000000,498,259
2485,500,AlmostEqualRatios,scaled,128893,42,259,0.518000,7,0.999946,351,257
2486,500,AlmostEqualRatios,scaled,130602,42,239,0.478000,1,0.999992,247,237
2487,500,AlmostEqualRatios,scaled,118913,42,258,0.516000,4,0.999966,499,254
2488,500,AlmostEqualRatios,scaled,126748,42,256,0.512000,29,0.999771,258,245
2489,500,AlmostEqualRatios,scaled,125959,42,250,0.500000,0,1.000000,260,240
2490,500,AlmostEqualRatios,scaled,126291,42,244,0.488000,4,0.999968,295,241
2491,500,AlmostEqualRatios,scaled,123329,42,267,0.534000,4,0.999968,373,265
2492,500,AlmostEqualRatios,scaled,122818,42,246,0.492000,0,1.000000,370,244
2493,500,AlmostEqualRatios,scaled,123765,42,257,0.514000,2,0.999984,333,249
2494,500,AlmostEqualRatios,scaled,126373,42,244,0.488000,9,0.999929,249,242
2495,500,AlmostEqualRatios,scaled,120196,42,258,0.516000,2,0.999983,498,255
2496,500,AlmostEqualRatios,scaled,128436,42,260,0.520000,3,0.999977,498,253
2497,500,AlmostEqualRatios,scaled,129878,42,267,0.534000,0,1.000000,499,260
2498,500,AlmostEqualRatios,scaled,124355,42,256,0.512000,1,0.999992,341,254
2499,500,AlmostEqualRatios,scaled,129001,42,257,0.514000,5,0.999961,441,253
2500,1000,Uncorrelated,scaled,252974,42,620,0.620000,0,1.000000,630,618
2501,1000,Uncorrelated,scaled,261565,42,614,0.614000,37,0.999859,876,613
2502,1000,Uncorrelated,scaled,248242,42,629,0.629000,13,0.999948,804,627
2503,1000,Uncorrelated,scaled,244815,42,629,0.629000,8,0.999967,958,625
2504,1000,Uncorrelated,scaled,247429,42,623,0.623000,43,0.999826,761,620
2505,1000,Uncorrelated,scaled,246335,42,621,0.621000,12,0.999951,943,617
2506,1000,Uncorrelated,scaled,248547,42,619,0.619000,2,0.999992,618,619
2507,1000,Uncorrelated,scaled,248445,42,637,0.637000,10,0.999960,767,636
2508,1000,Uncorrelated,scaled,250471,42,619,0.619000,3,0.999988,638,618
2509,1000,Uncorrelated,scaled,253847,42,633,0.633000,73,0.999712,654,631
2510,1000,Uncorrelated,scaled,251556,42,632,0.632000,1,0.999996,644,631
2511,1000,Uncorrelated,scaled,248848,42,627,0.627000,12,0.999952,807,622
2512,1000,Uncorrelated,scaled,250358,42,626,0.626000,5,0.999980,628,625
2513,1000,Uncorrelated,scaled,245686,42,631,0.631000,30,0.999878,660,630
2514,1000,Uncorrelated,scaled,254597,42,620,0.620000,17,0.999933,974,617
2515,1000,Uncorrelated,scaled,253144,42,622,0.622000,18,0.999929,631,621
2516,1000,Uncorrelated,scaled,247510,42,628,0.628000,1,0.999996,749,623
2517,1000,Uncorrelated,scaled,253595,42,619,0.619000,40,0.999842,633,616
2518,1000,Uncorrelated,scaled,251072,42,623,0.623000,10,0.999960,942,621
2519,1000,Uncorrelated,scaled,251535,42,621,0.621000,24,0.999905,620,621
2520,1000,Uncorrelated,scaled,256626,42,621,0.621000,3,0.999988,644,620
2521,1000,Uncorrelated,scaled,248415,42,638,0.638000,2,0.999992,844,637
2522,1000,Uncorrelated,scaled,250305,42,618,0.618000,25,0.999900,836,615
2523,1000,Uncorrelated,scaled,248874,42,640,0.640000,19,0.999924,639,640
2524,1000,Uncorrelated,scaled,242882,42,634,0.634000,22,0.999909,637,633
2525,1000,Uncorrelated,scaled,255878,42,631,0.631000,12,0.999953,665,630
2526,1000,Uncorrelated,scaled,251112,42,635,0.635000,37,0.999853,706,633
2527,1000,Uncorrelated,scaled,245503,42,631,0.631000,28,0.999886,630,631
2528,1000,Uncorrelated,scaled,259413,42,625,0.625000,21,0.999919,641,623
2529,1000,Uncorrelated,scaled,250099,42,619,0.619000,18,0.999928,692,617
2530,1000,Uncorrelated,scaled,250285,42,624,0.624000,5,0.999980,661,622
2531,1000,Uncorrelated,scaled,245413,42,636,0.636000,2,0.999992,739,632
2532,1000,Uncorrelated,scaled,252826,42,626,0.626000,40,0.999842,671,623
2533,1000,Uncorrelated,scaled,249409,42,637,0.637000,34,0.999864,675,636
2534,1000,Uncorrelated,scaled,244952,42,629,0.629000,8,0.999967,911,627
2535,1000,Uncorrelated,scaled,246611,42,634,0.634000,2,0.999992,754,632
2536,1000,Uncorrelated,scaled,242624,42,626,0.626000,41,0.999831,859,625
2537,1000,Uncorrelated,scaled,246978,42,628,0.628000,14,0.999943,758,626
2538,1000,Uncorrelated,scaled,252495,42,628,0.628000,26,0.999897,663,625
2539,1000,Uncorrelated,scaled,250510,42,628,0.628000,25,0.999900,893,623
2540,1000,Uncorrelated,scaled,249240,42,627,0.627000,13,0.999948,786,626
2541,1000,Uncorrelated,scaled,257144,42,616,0.616000,4,0.999984,623,615
2542,1000,Uncorrelated,scaled,248352,42,628,0.628000,13,0.999948,726,626
2543,1000,Uncorrelated,scaled,257527,42,629,0.629000,20,0.999922,635,628
2544,1000,Uncorrelated,scaled,247531,42,635,0.635000,27,0.999891,845,633
2545,1000,Uncorrelated,scaled,249107,42,632,0.632000,45,0.999819,670,630
2546,1000,Uncorrelated,scaled,252998,42,618,0.618000,1,0.999996,902,616
2547,1000,Uncorrelated,scaled,249581,42,625,0.625000,11,0.999956,690,624
2548,1000,Uncorrelated,scaled,258688,42,620,0.620000,1,0.999996,833,617
2549,1000,Uncorrelated,scaled,250081,42,620,0.620000,30,0.999880,645,619
2550,1000,Uncorrelated,scaled,260550,42,617,0.617000,64,0.999754,625,616
2551,1000,Uncorrelated,scaled,251774,42,621,0.621000,35,0.999861,811,619
2552,1000,Uncorrelated,scaled,239362,42,638,0.638000,9,0.999962,752,636
2553,1000,Uncorrelated,scaled,239356,42,636,0.636000,66,0.999724,635,636
2554,1000,Uncorrelated,scaled,249185,42,629,0.629000,12,0.999952,742,627
2555,1000,Uncorrelated,scaled,254654,42,619,0.619000,13,0.999949,838,616
2556,1000,Uncorrelated,scaled,253634,42,619,0.619000,27,0.999894,625,617
2557,1000,Uncorrelated,scaled,251049,42,624,0.624000,63,0.999749,787,622
2558,1000,Uncorrelated,scaled,251069,42,620,0.620000,33,0.999869,619,620
2559,1000,Uncorrelated,scaled,250058,42,640,0.640000,24,0.999904,813,638
2560,1000,Uncorrelated,scaled,246092,42,633,0.633000,14,0.999943,879,630
2561,1000,Uncorrelated,scaled,249517,42,620,0.620000,11,0.999956,699,616
2562,1000,Uncorrelated,scaled,250185,42,622,0.622000,3,0.999988,622,621
2563,1000,Uncorrelated,scaled,249410,42,629,0.629000,24,0.999904,634,627
2564,1000,Uncorrelated,scaled,250219,42,624,0.624000,15,0.999940,955,622
2565,1000,Uncorrelated,scaled,249216,42,622,0.622000,0,1.000000,653,621
2566,1000,Uncorrelated,scaled,244339,42,629,0.629000,2,0.999992,652,627
2567,1000,Uncorrelated,scaled,253308,42,624,0.624000,1,0.999996,797,622
2568,1000,Uncorrelated,scaled,250001,42,632,0.632000,10,0.999960,649,631
2569,1000,Uncorrelated,scaled,248120,42,629,0.629000,42,0.999831,628,629
2570,1000,Uncorrelated,scaled,256077,42,612,0.612000,12,0.999953,730,609
2571,1000,Uncorrelated,scaled,249271,42,630,0.630000,18,0.999928,657,628
2572,1000,Uncorrelated,scaled,244459,42,636,0.636000,28,0.999885,989,632
2573,1000,Uncorrelated,scaled,247849,42,624,0.624000,41,0.999835,623,624
2574,1000,Uncorrelated,scaled,244008,42,623,0.623000,1,0.999996,640,620
2575,1000,Uncorrelated,scaled,254015,42,623,0.623000,23,0.999909,629,622
2576,1000,Uncorrelated,scaled,239443,42,633,0.633000,65,0.999729,632,633
2577,1000,Uncorrelated,scaled,247867,42,631,0.631000,14,0.999944,631,630
2578,1000,Uncorrelated,scaled,259720,42,619,0.619000,0,1.000000,955,616
2579,1000,Uncorrelated,scaled,249897,42,624,0.624000,16,0.999936,629,623
2580,1000,Uncorrelated,scaled,251160,42,614,0.614000,11,0.999956,646,613
2581,1000,Uncorrelated,scaled,252202,42,624,0.624000,5,0.999980,690,622
2582,1000,Uncorrelated,scaled,256163,42,625,0.625000,84,0.999672,680,623
2583,1000,Uncorrelated,scaled,249490,42,631,0.631000,19,0.999924,734,629
2584,1000,Uncorrelated,scaled,244500,42,632,0.632000,14,0.999943,833,630
2585,1000,Uncorrelated,scaled,240848,42,634,0.634000,0,1.000000,747,630
2586,1000,Uncorrelated,scaled,250147,42,624,0.624000,28,0.999888,796,623
2587,1000,Uncorrelated,scaled,247767,42,616,0.616000,2,0.999992,647,614
2588,1000,Uncorrelated,scaled,250103,42,621,0.621000,17,0.999932,888,617
2589,1000,Uncorrelated,scaled,245193,42,641,0.641000,51,0.999792,660,639
2590,1000,Uncorrelated,scaled,251497,42,624,0.624000,45,0.999821,623,624
2591,1000,Uncorrelated,scaled,254469,42,624,0.624000,15,0.999941,625,622
2592,1000,Uncorrelated,scaled,255656,42,622,0.622000,22,0.999914,838,620
2593,1000,Uncorrelated,scaled,250576,42,628,0.628000,4,0.999984,702,623
2594,1000,Uncorrelated,scaled,250426,42,617,0.617000,0,1.000000,830,614
2595,1000,Uncorrelated,scaled,249970,42,630,0.630000,19,0.999924,792,626
2596,1000,Uncorrelated,scaled,246678,42,628,0.628000,47,0.999809,630,626
2597,1000,Uncorrelated,scaled,257940,42,620,0.620000,7,0.999973,737,618
2598,1000,Uncorrelated,scaled,253126,42,622,0.622000,39,0.999846,731,620
2599,1000,Uncorrelated,scaled,242101,42,634,0.634000,23,0.999905,633,634
2600,1000,WeaklyCorrelated,scaled,252443,42,503,0.503000,1,0.999996,964,500
2601,1000,WeaklyCorrelated,scaled,247245,42,499,0.499000,0,1.000000,938,492
2602,1000,WeaklyCorrelated,scaled,244740,42,508,0.508000,0,1.000000,637,504
2603,1000,WeaklyCorrelated,scaled,243916,42,507,0.507000,0,1.000000,969,503
2604,1000,WeaklyCorrelated,scaled,254892,42,497,0.497000,3,0.999988,917,492
2605,1000,WeaklyCorrelated,scaled,258942,42,504,0.504000,2,0.999992,951,500
2606,1000,WeaklyCorrelated,scaled,245754,42,507,0.507000,7,0.999972,985,499
2607,1000,WeaklyCorrelated,scaled,256801,42,504,0.504000,5,0.999981,979,500
2608,1000,WeaklyCorrelated,scaled,250963,42,498,0.498000,0,1.000000,974,493
2609,1000,WeaklyCorrelated,scaled,248706,42,504,0.504000,6,0.999976,980,499
2610,1000,WeaklyCorrelated,scaled,248828,42,520,0.520000,5,0.999980,973,514
2611,1000,WeaklyCorrelated,scaled,251829,42,504,0.504000,1,0.999996,813,501
2612,1000,WeaklyCorrelated,scaled,249724,42,507,0.507000,0,1.000000,600,504
2613,1000,WeaklyCorrelated,scaled,242871,42,501,0.501000,1,0.999996,960,500
2614,1000,WeaklyCorrelated,scaled,252937,42,504,0.504000,2,0.999992,967,501
2615,1000,WeaklyCorrelated,scaled,250931,42,508,0.508000,8,0.999968,977,501
2616,1000,WeaklyCorrelated,scaled,250906,42,509,0.509000,2,0.999992,973,506
2617,1000,WeaklyCorrelated,scaled,255179,42,500,0.500000,1,0.999996,499,500
2618,1000,WeaklyCorrelated,scaled,250462,42,496,0.496000,2,0.999992,964,492
2619,1000,WeaklyCorrelated,scaled,251965,42,499,0.499000,2,0.999992,972,495
2620,1000,WeaklyCorrelated,scaled,251962,42,505,0.505000,1,0.999996,963,500
2621,1000,WeaklyCorrelated,scaled,254127,42,497,0.497000,3,0.999988,961,492
2622,1000,WeaklyCorrelated,scaled,248586,42,502,0.502000,2,0.999992,961,498
2623,1000,WeaklyCorrelated,scaled,256359,42,521,0.521000,8,0.999969,983,513
2624,1000,WeaklyCorrelated,scaled,243497,42,501,0.501000,0,1.000000,521,500
2625,1000,WeaklyCorrelated,scaled,258040,42,486,0.486000,0,1.000000,960,482
2626,1000,WeaklyCorrelated,scaled,252688,42,488,0.488000,3,0.999988,600,487
2627,1000,WeaklyCorrelated,scaled,252061,42,514,0.514000,4,0.999984,973,508
2628,1000,WeaklyCorrelated,scaled,254342,42,500,0.500000,1,0.999996,966,497
2629,1000,WeaklyCorrelated,scaled,256827,42,498,0.498000,0,1.000000,976,492
2630,1000,WeaklyCorrelated,scaled,249551,42,507,0.507000,4,0.999984,966,499
2631,1000,WeaklyCorrelated,scaled,250664,42,505,0.505000,1,0.999996,972,501
2632,1000,WeaklyCorrelated,scaled,255224,42,505,0.505000,4,0.999984,971,499
2633,1000,WeaklyCorrelated,scaled,248502,42,500,0.500000,2,0.999992,978,496
2634,1000,WeaklyCorrelated,scaled,251139,42,494,0.494000,5,0.999980,950,491
2635,1000,WeaklyCorrelated,scaled,248052,42,506,0.506000,2,0.999992,984,500
2636,1000,WeaklyCorrelated,scaled,248805,42,510,0.510000,3,0.999988,969,506
2637,1000,WeaklyCorrelated,scaled,252363,42,516,0.516000,2,0.999992,957,513
2638,1000,WeaklyCorrelated,scaled,251721,42,520,0.520000,5,0.999980,964,513
2639,1000,WeaklyCorrelated,scaled,243367,42,497,0.497000,2,0.999992,914,494
2640,1000,WeaklyCorrelated,scaled,249232,42,513,0.513000,3,0.999988,981,509
2641,1000,WeaklyCorrelated,scaled,247876,42,491,0.491000,4,0.999984,956,485
2642,1000,WeaklyCorrelated,scaled,246302,42,516,0.516000,4,0.999984,973,513
2643,1000,WeaklyCorrelated,scaled,249437,42,511,0.511000,2,0.999992,973,503
2644,1000,WeaklyCorrelated,scaled,255540,42,512,0.512000,1,0.999996,963,506
2645,1000,WeaklyCorrelated,scaled,251651,42,499,0.499000,1,0.999996,958,495
2646,1000,WeaklyCorrelated,scaled,248469,42,503,0.503000,2,0.999992,983,496
2647,1000,WeaklyCorrelated,scaled,249673,42,515,0.515000,6,0.999976,974,507
2648,1000,WeaklyCorrelated,scaled,249466,42,495,0.495000,1,0.999996,954,489
2649,1000,WeaklyCorrelated,scaled,252459,42,502,0.502000,0,1.000000,573,500
2650,1000,WeaklyCorrelated,scaled,250729,42,500,0.500000,0,1.000000,909,497
2651,1000,WeaklyCorrelated,scaled,246952,42,510,0.510000,3,0.999988,961,506
2652,1000,WeaklyCorrelated,scaled,252352,42,507,0.507000,1,0.999996,973,501
2653,1000,WeaklyCorrelated,scaled,259031,42,506,0.506000,0,1.000000,976,500
2654,1000,WeaklyCorrelated,scaled,248694,42,500,0.500000,1,0.999996,978,494
2655,1000,WeaklyCorrelated,scaled,252388,42,494,0.494000,1,0.999996,951,491
2656,1000,WeaklyCorrelated,scaled,248054,42,509,0.509000,3,0.999988,965,503
2657,1000,WeaklyCorrelated,scaled,242805,42,508,0.508000,0,1.000000,953,505
2658,1000,WeaklyCorrelated,scaled,250879,42,506,0.506000,2,0.999992,970,497
2659,1000,WeaklyCorrelated,scaled,253211,42,515,0.515000,0,1.000000,970,507
2660,1000,WeaklyCorrelated,scaled,250326,42,509,0.509000,3,0.999988,967,505
2661,1000,WeaklyCorrelated,scaled,248972,42,517,0.517000,5,0.999980,973,513
2662,1000,WeaklyCorrelated,scaled,251558,42,504,0.504000,4,0.999984,963,500
2663,1000,WeaklyCorrelated,scaled,250944,42,506,0.506000,0,1.000000,980,501
2664,1000,WeaklyCorrelated,scaled,241576,42,493,0.493000,1,0.999996,956,484
2665,1000,WeaklyCorrelated,scaled,260048,42,516,0.516000,2,0.999992,980,507
2666,1000,WeaklyCorrelated,scaled,251137,42,506,0.506000,3,0.999988,975,500
2667,1000,WeaklyCorrelated,scaled,248158,42,502,0.502000,2,0.999992,955,496
2668,1000,WeaklyCorrelated,scaled,251016,42,513,0.513000,1,0.999996,974,509
2669,1000,WeaklyCorrelated,scaled,254328,42,504,0.504000,1,0.999996,963,499
2670,1000,WeaklyCorrelated,scaled,247579,42,516,0.516000,5,0.999980,974,511
2671,1000,WeaklyCorrelated,scaled,245902,42,505,0.505000,3,0.999988,977,499
2672,1000,WeaklyCorrelated,scaled,255295,42,508,0.508000,2,0.999992,963,505
2673,1000,WeaklyCorrelated,scaled,247902,42,521,0.521000,0,1.000000,968,514
2674,1000,WeaklyCorrelated,scaled,245303,42,502,0.502000,2,0.999992,960,494
2675,1000,WeaklyCorrelated,scaled,246729,42,534,0.534000,4,0.999984,973,529
2676,1000,WeaklyCorrelated,scaled,242680,42,501,0.501000,0,1.000000,973,494
2677,1000,WeaklyCorrelated,scaled,252279,42,517,0.517000,2,0.999992,963,513
2678,1000,WeaklyCorrelated,scaled,248835,42,507,0.507000,0,1.000000,969,504
2679,1000,WeaklyCorrelated,scaled,248659,42,513,0.513000,2,0.999992,976,505
2680,1000,WeaklyCorrelated,scaled,245748,42,498,0.498000,1,0.999996,964,494
2681,1000,WeaklyCorrelated,scaled,253344,42,515,0.515000,0,1.000000,964,514
2682,1000,WeaklyCorrelated,scaled,250466,42,491,0.491000,3,0.999988,966,485
2683,1000,WeaklyCorrelated,scaled,250730,42,497,0.497000,3,0.999988,972,495
2684,1000,WeaklyCorrelated,scaled,252676,42,503,0.503000,12,0.999953,975,500
2685,1000,WeaklyCorrelated,scaled,254030,42,509,0.509000,6,0.999976,982,507
2686,1000,WeaklyCorrelated,scaled,253677,42,499,0.499000,6,0.999976,971,496
2687,1000,WeaklyCorrelated,scaled,253428,42,500,0.500000,0,1.000000,968,498
2688,1000,WeaklyCorrelated,scaled,250240,42,496,0.496000,10,0.999960,967,493
2689,1000,WeaklyCorrelated,scaled,250246,42,502,0.502000,7,0.999972,963,494
2690,1000,WeaklyCorrelated,scaled,248047,42,510,0.510000,4,0.999984,966,503
2691,1000,WeaklyCorrelated,scaled,254281,42,498,0.498000,3,0.999988,921,494
2692,1000,WeaklyCorrelated,scaled,254660,42,516,0.516000,2,0.999992,699,513
2693,1000,WeaklyCorrelated,scaled,245437,42,518,0.518000,2,0.999992,953,514
2694,1000,WeaklyCorrelated,scaled,252488,42,500,0.500000,6,0.999976,971,494
2695,1000,WeaklyCorrelated,scaled,252435,42,505,0.505000,2,0.999992,960,499
2696,1000,WeaklyCorrelated,scaled,247321,42,508,0.508000,0,1.000000,657,505
2697,1000,WeaklyCorrelated,scaled,246949,42,496,0.496000,4,0.999984,978,494
2698,1000,WeaklyCorrelated,scaled,249102,42,524,0.524000,1,0.999996,973,519
2699,1000,WeaklyCorrelated,scaled,252538,42,508,0.508000,6,0.999976,970,501
2700,1000,StronglyCorrelated,scaled,245701,42,637,0.637000,34,0.999862,636,637
2701,1000,StronglyCorrelated,scaled,255123,42,628,0.628000,100,0.999608,627,628
2702,1000,StronglyCorrelated,scaled,254844,42,635,0.635000,103,0.999596,636,634
2703,1000,StronglyCorrelated,scaled,248313,42,648,0.648000,49,0.999803,720,647
2704,1000,StronglyCorrelated,scaled,250950,42,644,0.644000,115,0.999542,665,643
2705,1000,StronglyCorrelated,scaled,253432,42,634,0.634000,81,0.999680,643,633
2706,1000,StronglyCorrelated,scaled,249704,42,644,0.644000,5,0.999980,648,642
2707,1000,StronglyCorrelated,scaled,253381,42,639,0.639000,58,0.999771,643,638
2708,1000,StronglyCorrelated,scaled,248657,42,636,0.636000,99,0.999602,637,634
2709,1000,StronglyCorrelated,scaled,254127,42,628,0.628000,8,0.999969,631,627
2710,1000,StronglyCorrelated,scaled,242614,42,648,0.648000,37,0.999847,655,647
2711,1000,StronglyCorrelated,scaled,244928,42,650,0.650000,143,0.999416,659,648
2712,1000,StronglyCorrelated,scaled,249875,42,642,0.642000,5,0.999980,688,640
2713,1000,StronglyCorrelated,scaled,240337,42,644,0.644000,8,0.999967,656,643
2714,1000,StronglyCorrelated,scaled,254869,42,631,0.631000,89,0.999651,716,630
2715,1000,StronglyCorrelated,scaled,258571,42,633,0.633000,132,0.999490,637,632
2716,1000,StronglyCorrelated,scaled,255901,42,631,0.631000,77,0.999699,630,631
2717,1000,StronglyCorrelated,scaled,247941,42,643,0.643000,85,0.999657,642,643
2718,1000,StronglyCorrelated,scaled,251950,42,649,0.649000,51,0.999798,701,647
2719,1000,StronglyCorrelated,scaled,250717,42,640,0.640000,51,0.999797,639,640
2720,1000,StronglyCorrelated,scaled,254764,42,638,0.638000,104,0.999592,640,637
2721,1000,StronglyCorrelated,scaled,248963,42,636,0.636000,81,0.999675,651,633
2722,1000,StronglyCorrelated,scaled,250056,42,647,0.647000,94,0.999624,646,647
2723,1000,StronglyCorrelated,scaled,257863,42,630,0.630000,87,0.999663,650,629
2724,1000,StronglyCorrelated,scaled,251625,42,635,0.635000,24,0.999905,636,634
2725,1000,StronglyCorrelated,scaled,240763,42,638,0.638000,2,0.999992,664,637
2726,1000,StronglyCorrelated,scaled,256318,42,640,0.640000,21,0.999918,704,639
2727,1000,StronglyCorrelated,scaled,255130,42,647,0.647000,118,0.999537,665,646
2728,1000,StronglyCorrelated,scaled,247623,42,640,0.640000,91,0.999633,645,639
2729,1000,StronglyCorrelated,scaled,247380,42,644,0.644000,107,0.999567,643,644
2730,1000,StronglyCorrelated,scaled,254979,42,631,0.631000,122,0.999522,633,630
2731,1000,StronglyCorrelated,scaled,244406,42,643,0.643000,92,0.999624,642,643
2732,1000,StronglyCorrelated,scaled,252477,42,643,0.643000,61,0.999758,659,642
2733,1000,StronglyCorrelated,scaled,241998,42,648,0.648000,38,0.999843,671,647
2734,1000,StronglyCorrelated,scaled,251356,42,644,0.644000,44,0.999825,669,642
2735,1000,StronglyCorrelated,scaled,240807,42,643,0.643000,36,0.999851,642,643
2736,1000,StronglyCorrelated,scaled,243635,42,648,0.648000,55,0.999774,678,647
2737,1000,StronglyCorrelated,scaled,254709,42,626,0.626000,44,0.999827,635,624
2738,1000,StronglyCorrelated,scaled,245124,42,628,0.628000,61,0.999751,644,625
2739,1000,StronglyCorrelated,scaled,255033,42,625,0.625000,45,0.999824,629,624
2740,1000,StronglyCorrelated,scaled,256759,42,625,0.625000,53,0.999794,667,623
2741,1000,StronglyCorrelated,scaled,245181,42,636,0.636000,147,0.999400,637,635
2742,1000,StronglyCorrelated,scaled,252436,42,645,0.645000,72,0.999715,668,644
2743,1000,StronglyCorrelated,scaled,253748,42,632,0.632000,27,0.999894,631,632
2744,1000,StronglyCorrelated,scaled,249359,42,635,0.635000,73,0.999707,644,634
2745,1000,StronglyCorrelated,scaled,246399,42,640,0.640000,116,0.999529,645,638
2746,1000,StronglyCorrelated,scaled,245494,42,634,0.634000,101,0.999589,643,632
2747,1000,StronglyCorrelated,scaled,246011,42,640,0.640000,10,0.999959,640,639
2748,1000,StronglyCorrelated,scaled,252163,42,626,0.626000,57,0.999774,671,625
2749,1000,StronglyCorrelated,scaled,243763,42,644,0.644000,35,0.999856,647,643
2750,1000,StronglyCorrelated,scaled,252711,42,635,0.635000,61,0.999759,636,634
2751,1000,StronglyCorrelated,scaled,248160,42,634,0.634000,24,0.999903,656,633
2752,1000,StronglyCorrelated,scaled,245620,42,635,0.635000,67,0.999727,639,634
2753,1000,StronglyCorrelated,scaled,248469,42,633,0.633000,69,0.999722,633,632
2754,1000,StronglyCorrelated,scaled,243406,42,641,0.641000,110,0.999548,640,641
2755,1000,StronglyCorrelated,scaled,254620,42,631,0.631000,17,0.999933,639,630
2756,1000,StronglyCorrelated,scaled,248755,42,629,0.629000,6,0.999976,630,628
2757,1000,StronglyCorrelated,scaled,247156,42,640,0.640000,37,0.999850,659,639
2758,1000,StronglyCorrelated,scaled,253427,42,640,0.640000,91,0.999641,693,638
2759,1000,StronglyCorrelated,scaled,248491,42,634,0.634000,65,0.999738,644,632
2760,1000,StronglyCorrelated,scaled,249157,42,641,0.641000,79,0.999683,654,640
2761,1000,StronglyCorrelated,scaled,252820,42,648,0.648000,141,0.999442,647,648
2762,1000,StronglyCorrelated,scaled,239777,42,633,0.633000,96,0.999600,643,630
2763,1000,StronglyCorrelated,scaled,252565,42,628,0.628000,45,0.999822,638,627
2764,1000,StronglyCorrelated,scaled,259478,42,627,0.627000,24,0.999908,628,626
2765,1000,StronglyCorrelated,scaled,245573,42,643,0.643000,74,0.999699,663,642
2766,1000,StronglyCorrelated,scaled,251598,42,635,0.635000,30,0.999881,680,633
2767,1000,StronglyCorrelated,scaled,254070,42,638,0.638000,5,0.999980,639,637
2768,1000,StronglyCorrelated,scaled,240070,42,640,0.640000,14,0.999942,643,639
2769,1000,StronglyCorrelated,scaled,252758,42,631,0.631000,84,0.999668,643,630
2770,1000,StronglyCorrelated,scaled,258326,42,635,0.635000,58,0.999775,638,634
2771,1000,StronglyCorrelated,scaled,257146,42,630,0.630000,4,0.999984,718,628
2772,1000,StronglyCorrelated,scaled,244931,42,638,0.638000,87,0.999645,646,637
2773,1000,StronglyCorrelated,scaled,260120,42,631,0.631000,54,0.999792,668,629
2774,1000,StronglyCorrelated,scaled,243683,42,635,0.635000,98,0.999598,641,634
2775,1000,StronglyCorrelated,scaled,257766,42,636,0.636000,43,0.999833,718,633
2776,1000,StronglyCorrelated,scaled,248881,42,636,0.636000,67,0.999731,641,634
2777,1000,StronglyCorrelated,scaled,246227,42,641,0.641000,22,0.999911,644,640
2778,1000,StronglyCorrelated,scaled,253785,42,638,0.638000,96,0.999622,638,637
2779,1000,StronglyCorrelated,scaled,251431,42,631,0.631000,114,0.999547,631,630
2780,1000,StronglyCorrelated,scaled,247067,42,635,0.635000,7,0.999972,635,634
2781,1000,StronglyCorrelated,scaled,253742,42,636,0.636000,41,0.999838,638,635
2782,1000,StronglyCorrelated,scaled,255378,42,633,0.633000,82,0.999679,684,631
2783,1000,StronglyCorrelated,scaled,253572,42,640,0.640000,80,0.999685,687,639
2784,1000,StronglyCorrelated,scaled,254965,42,631,0.631000,65,0.999745,639,629
2785,1000,StronglyCorrelated,scaled,252690,42,639,0.639000,82,0.999675,643,638
2786,1000,StronglyCorrelated,scaled,247821,42,649,0.649000,12,0.999952,648,649
2787,1000,StronglyCorrelated,scaled,253424,42,638,0.638000,73,0.999712,642,637
2788,1000,StronglyCorrelated,scaled,247409,42,642,0.642000,45,0.999818,641,642
2789,1000,StronglyCorrelated,scaled,252573,42,642,0.642000,92,0.999636,651,641
2790,1000,StronglyCorrelated,scaled,246063,42,635,0.635000,61,0.999752,642,633
2791,1000,StronglyCorrelated,scaled,254327,42,630,0.630000,73,0.999713,632,629
2792,1000,StronglyCorrelated,scaled,253729,42,629,0.629000,9,0.999965,634,628
2793,1000,StronglyCorrelated,scaled,251865,42,634,0.634000,90,0.999643,634,632
2794,1000,StronglyCorrelated,scaled,243092,42,640,0.640000,114,0.999531,643,639
2795,1000,StronglyCorrelated,scaled,246843,42,644,0.644000,8,0.999968,646,643
2796,1000,StronglyCorrelated,scaled,248603,42,633,0.633000,49,0.999803,658,632
2797,1000,StronglyCorrelated,scaled,244857,42,640,0.640000,104,0.999575,645,638
2798,1000,StronglyCorrelated,scaled,250087,42,639,0.639000,1,0.999996,667,637
2799,1000,StronglyCorrelated,scaled,250156,42,638,0.638000,31,0.999876,638,637
2800,1000,InverseCorrelated,scaled,254876,42,699,0.699000,95,0.999627,698,699
2801,1000,InverseCorrelated,scaled,248974,42,709,0.709000,298,0.998803,708,709
2802,1000,InverseCorrelated,scaled,247237,42,711,0.711000,441,0.998216,710,711
2803,1000,InverseCorrelated,scaled,251864,42,707,0.707000,498,0.998023,706,707
2804,1000,InverseCorrelated,scaled,253248,42,706,0.706000,493,0.998053,705,706
2805,1000,InverseCorrelated,scaled,249782,42,705,0.705000,643,0.997426,704,705
2806,1000,InverseCorrelated,scaled,258801,42,697,0.697000,150,0.999420,696,697
2807,1000,InverseCorrelated,scaled,257505,42,703,0.703000,502,0.998051,702,703
2808,1000,InverseCorrelated,scaled,247732,42,715,0.715000,100,0.999596,714,715
2809,1000,InverseCorrelated,scaled,249942,42,707,0.707000,274,0.998904,706,707
2810,1000,InverseCorrelated,scaled,244437,42,714,0.714000,312,0.998724,713,714
2811,1000,InverseCorrelated,scaled,248822,42,704,0.704000,180,0.999277,703,704
2812,1000,InverseCorrelated,scaled,248673,42,708,0.708000,655,0.997366,707,708
2813,1000,InverseCorrelated,scaled,256095,42,702,0.702000,691,0.997302,701,702
2814,1000,InverseCorrelated,scaled,249564,42,708,0.708000,148,0.999407,707,708
2815,1000,InverseCorrelated,scaled,247254,42,706,0.706000,648,0.997379,705,706
2816,1000,InverseCorrelated,scaled,245130,42,708,0.708000,673,0.997255,707,708
2817,1000,InverseCorrelated,scaled,248549,42,708,0.708000,168,0.999324,707,708
2818,1000,InverseCorrelated,scaled,244837,42,710,0.710000,578,0.997639,709,710
2819,1000,InverseCorrelated,scaled,248432,42,711,0.711000,82,0.999670,710,711
2820,1000,InverseCorrelated,scaled,247933,42,709,0.709000,170,0.999314,708,709
2821,1000,InverseCorrelated,scaled,246904,42,711,0.711000,211,0.999145,710,711
2822,1000,InverseCorrelated,scaled,248159,42,707,0.707000,399,0.998392,706,707
2823,1000,InverseCorrelated,scaled,250597,42,705,0.705000,101,0.999597,704,705
2824,1000,InverseCorrelated,scaled,247084,42,708,0.708000,295,0.998806,707,708
2825,1000,InverseCorrelated,scaled,247068,42,706,0.706000,298,0.998794,705,706
2826,1000,InverseCorrelated,scaled,246782,42,711,0.711000,668,0.997293,710,711
2827,1000,InverseCorrelated,scaled,251942,42,708,0.708000,311,0.998766,707,708
2828,1000,InverseCorrelated,scaled,263265,42,697,0.697000,665,0.997474,696,697
2829,1000,InverseCorrelated,scaled,246823,42,710,0.710000,603,0.997557,709,710
2830,1000,InverseCorrelated,scaled,245927,42,710,0.710000,285,0.998841,709,710
2831,1000,InverseCorrelated,scaled,257208,42,699,0.699000,368,0.998569,698,699
2832,1000,InverseCorrelated,scaled,249804,42,707,0.707000,638,0.997446,706,707
2833,1000,InverseCorrelated,scaled,249909,42,706,0.706000,308,0.998768,705,706
2834,1000,InverseCorrelated,scaled,242687,42,715,0.715000,464,0.998088,714,715
2835,1000,InverseCorrelated,scaled,249393,42,708,0.708000,563,0.997743,707,708
2836,1000,InverseCorrelated,scaled,254322,42,704,0.704000,641,0.997480,703,704
2837,1000,InverseCorrelated,scaled,247739,42,710,0.710000,395,0.998406,709,710
2838,1000,InverseCorrelated,scaled,240761,42,715,0.715000,418,0.998264,714,715
2839,1000,InverseCorrelated,scaled,249773,42,702,0.702000,670,0.997318,701,702
2840,1000,InverseCorrelated,scaled,261223,42,699,0.699000,411,0.998427,698,699
2841,1000,InverseCorrelated,scaled,240509,42,715,0.715000,605,0.997485,714,715
2842,1000,InverseCorrelated,scaled,253761,42,701,0.701000,198,0.999220,700,701
2843,1000,InverseCorrelated,scaled,249572,42,707,0.707000,562,0.997748,706,707
2844,1000,InverseCorrelated,scaled,256117,42,702,0.702000,439,0.998286,701,702
2845,1000,InverseCorrelated,scaled,248181,42,707,0.707000,289,0.998836,706,707
2846,1000,InverseCorrelated,scaled,246518,42,710,0.710000,183,0.999258,709,710
2847,1000,InverseCorrelated,scaled,251874,42,702,0.702000,699,0.997225,701,702
2848,1000,InverseCorrelated,scaled,255490,42,701,0.701000,694,0.997284,700,701
2849,1000,InverseCorrelated,scaled,251806,42,708,0.708000,621,0.997534,707,708
2850,1000,InverseCorrelated,scaled,243946,42,711,0.711000,418,0.998287,710,711
2851,1000,InverseCorrelated,scaled,250549,42,709,0.709000,483,0.998072,708,709
2852,1000,InverseCorrelated,scaled,250444,42,707,0.707000,207,0.999173,706,707
2853,1000,InverseCorrelated,scaled,254351,42,697,0.697000,519,0.997960,696,697
2854,1000,InverseCorrelated,scaled,242393,42,709,0.709000,414,0.998292,708,709
2855,1000,InverseCorrelated,scaled,246447,42,712,0.712000,122,0.999505,711,712
2856,1000,InverseCorrelated,scaled,247511,42,705,0.705000,50,0.999798,704,705
2857,1000,InverseCorrelated,scaled,256701,42,702,0.702000,643,0.997495,701,702
2858,1000,InverseCorrelated,scaled,252630,42,706,0.706000,72,0.999715,705,706
2859,1000,InverseCorrelated,scaled,253649,42,703,0.703000,434,0.998289,702,703
2860,1000,InverseCorrelated,scaled,253528,42,703,0.703000,93,0.999633,702,703
2861,1000,InverseCorrelated,scaled,258018,42,696,0.696000,6,0.999977,695,696
2862,1000,InverseCorrelated,scaled,265810,42,692,0.692000,286,0.998924,691,692
2863,1000,InverseCorrelated,scaled,251818,42,707,0.707000,206,0.999182,706,707
2864,1000,InverseCorrelated,scaled,252627,42,707,0.707000,212,0.999161,706,707
2865,1000,InverseCorrelated,scaled,253548,42,706,0.706000,491,0.998063,705,706
2866,1000,InverseCorrelated,scaled,244042,42,711,0.711000,162,0.999336,710,711
2867,1000,InverseCorrelated,scaled,249219,42,712,0.712000,448,0.998202,711,712
2868,1000,InverseCorrelated,scaled,247064,42,711,0.711000,562,0.997725,710,711
2869,1000,InverseCorrelated,scaled,252569,42,706,0.706000,204,0.999192,705,706
2870,1000,InverseCorrelated,scaled,251222,42,708,0.708000,394,0.998432,707,708
2871,1000,InverseCorrelated,scaled,256459,42,701,0.701000,20,0.999922,700,701
2872,1000,InverseCorrelated,scaled,246165,42,703,0.703000,440,0.998213,702,703
2873,1000,InverseCorrelated,scaled,255320,42,701,0.701000,57,0.999777,700,701
2874,1000,InverseCorrelated,scaled,249880,42,706,0.706000,65,0.999740,705,706
2875,1000,InverseCorrelated,scaled,240084,42,714,0.714000,217,0.999096,713,714
2876,1000,InverseCorrelated,scaled,254826,42,701,0.701000,192,0.999247,700,701
2877,1000,InverseCorrelated,scaled,252794,42,704,0.704000,433,0.998287,703,704
2878,1000,InverseCorrelated,scaled,241436,42,719,0.719000,462,0.998086,718,719
2879,1000,InverseCorrelated,scaled,252437,42,703,0.703000,520,0.997940,702,703
2880,1000,InverseCorrelated,scaled,254230,42,702,0.702000,176,0.999308,701,702
2881,1000,InverseCorrelated,scaled,240373,42,713,0.713000,418,0.998261,712,713
2882,1000,InverseCorrelated,scaled,258279,42,699,0.699000,696,0.997305,698,699
2883,1000,InverseCorrelated,scaled,239750,42,716,0.716000,590,0.997539,715,716
2884,1000,InverseCorrelated,scaled,249345,42,706,0.706000,13,0.999948,705,706
2885,1000,InverseCorrelated,scaled,245502,42,711,0.711000,574,0.997662,710,711
2886,1000,InverseCorrelated,scaled,254936,42,702,0.702000,458,0.998203,701,702
2887,1000,InverseCorrelated,scaled,255601,42,700,0.700000,580,0.997731,699,700
2888,1000,InverseCorrelated,scaled,254532,42,700,0.700000,123,0.999517,699,700
2889,1000,InverseCorrelated,scaled,247616,42,706,0.706000,386,0.998441,705,706
2890,1000,InverseCorrelated,scaled,252981,42,704,0.704000,111,0.999561,703,704
2891,1000,InverseCorrelated,scaled,249521,42,706,0.706000,186,0.999255,705,706
2892,1000,InverseCorrelated,scaled,247122,42,707,0.707000,54,0.999781,706,707
2893,1000,InverseCorrelated,scaled,245144,42,712,0.712000,152,0.999380,711,712
2894,1000,InverseCorrelated,scaled,248829,42,706,0.706000,309,0.998758,705,706
2895,1000,InverseCorrelated,scaled,254186,42,703,0.703000,330,0.998702,702,703
2896,1000,InverseCorrelated,scaled,262002,42,698,0.698000,65,0.999752,697,698
2897,1000,InverseCorrelated,scaled,255369,42,702,0.702000,163,0.999362,701,702
2898,1000,InverseCorrelated,scaled,242892,42,711,0.711000,355,0.998538,710,711
2899,1000,InverseCorrelated,scaled,242780,42,712,0.712000,399,0.998357,711,712
2900,1000,AlmostEqualRatios,scaled,256187,42,486,0.486000,0,1.000000,496,478
2901,1000,AlmostEqualRatios,scaled,248311,42,475,0.475000,0,1.000000,476,471
2902,1000,AlmostEqualRatios,scaled,256075,42,506,0.506000,1,0.999996,519,500
2903,1000,AlmostEqualRatios,scaled,253491,42,518,0.518000,2,0.999992,628,516
2904,1000,AlmostEqualRatios,scaled,262859,42,517,0.517000,1,0.999996,682,515
2905,1000,AlmostEqualRatios,scaled,258093,42,519,0.519000,2,0.999992,622,512
2906,1000,AlmostEqualRatios,scaled,248213,42,494,0.494000,0,1.000000,529,489
2907,1000,AlmostEqualRatios,scaled,249957,42,493,0.493000,0,1.000000,525,491
2908,1000,AlmostEqualRatios,scaled,248060,42,492,0.492000,0,1.000000,504,485
2909,1000,AlmostEqualRatios,scaled,248674,42,506,0.506000,6,0.999976,518,490
2910,1000,AlmostEqualRatios,scaled,244878,42,503,0.503000,0,1.000000,514,499
2911,1000,AlmostEqualRatios,scaled,253489,42,523,0.523000,1,0.999996,672,520
2912,1000,AlmostEqualRatios,scaled,253030,42,516,0.516000,1,0.999996,554,515
2913,1000,AlmostEqualRatios,scaled,248690,42,508,0.508000,6,0.999976,513,500
2914,1000,AlmostEqualRatios,scaled,247885,42,509,0.509000,1,0.999996,993,507
2915,1000,AlmostEqualRatios,scaled,243984,42,497,0.497000,4,0.999984,518,486
2916,1000,AlmostEqualRatios,scaled,250989,42,496,0.496000,0,1.000000,517,492
2917,1000,AlmostEqualRatios,scaled,243712,42,510,0.510000,1,0.999996,536,500
2918,1000,AlmostEqualRatios,scaled,255616,42,489,0.489000,2,0.999992,502,484
2919,1000,AlmostEqualRatios,scaled,256431,42,516,0.516000,0,1.000000,539,514
2920,1000,AlmostEqualRatios,scaled,250661,42,512,0.512000,0,1.000000,948,509
2921,1000,AlmostEqualRatios,scaled,245864,42,514,0.514000,2,0.999992,999,509
2922,1000,AlmostEqualRatios,scaled,242789,42,486,0.486000,1,0.999996,516,482
2923,1000,AlmostEqualRatios,scaled,246580,42,502,0.502000,2,0.999992,994,500
2924,1000,AlmostEqualRatios,scaled,243162,42,519,0.519000,4,0.999984,643,516
2925,1000,AlmostEqualRatios,scaled,246480,42,492,0.492000,0,1.000000,508,487
2926,1000,AlmostEqualRatios,scaled,245256,42,504,0.504000,3,0.999988,510,503
2927,1000,AlmostEqualRatios,scaled,252059,42,523,0.523000,0,1.000000,596,522
2928,1000,AlmostEqualRatios,scaled,254067,42,509,0.509000,0,1.000000,659,507
2929,1000,AlmostEqualRatios,scaled,247182,42,527,0.527000,2,0.999992,656,525
2930,1000,AlmostEqualRatios,scaled,252676,42,484,0.484000,2,0.999992,494,475
2931,1000,AlmostEqualRatios,scaled,244141,42,510,0.510000,6,0.999975,509,510
2932,1000,AlmostEqualRatios,scaled,249585,42,516,0.516000,2,0.999992,999,514
2933,1000,AlmostEqualRatios,scaled,252376,42,506,0.506000,9,0.999964,722,504
2934,1000,AlmostEqualRatios,scaled,256883,42,488,0.488000,1,0.999996,491,481
2935,1000,AlmostEqualRatios,scaled,257076,42,514,0.514000,1,0.999996,772,511
2936,1000,AlmostEqualRatios,scaled,251345,42,522,0.522000,2,0.999992,699,518
2937,1000,AlmostEqualRatios,scaled,255658,42,510,0.510000,7,0.999973,513,501
2938,1000,AlmostEqualRatios,scaled,251356,42,510,0.510000,0,1.000000,520,495
2939,1000,AlmostEqualRatios,scaled,251791,42,502,0.502000,0,1.000000,506,490
2940,1000,AlmostEqualRatios,scaled,252323,42,509,0.509000,2,0.999992,511,501
2941,1000,AlmostEqualRatios,scaled,247597,42,502,0.502000,8,0.999968,505,500
2942,1000,AlmostEqualRatios,scaled,251018,42,508,0.508000,0,1.000000,998,494
2943,1000,AlmostEqualRatios,scaled,243479,42,492,0.492000,0,1.000000,506,486
2944,1000,AlmostEqualRatios,scaled,249985,42,518,0.518000,1,0.999996,522,509
2945,1000,AlmostEqualRatios,scaled,248082,42,509,0.509000,6,0.999976,999,506
2946,1000,AlmostEqualRatios,scaled,251813,42,520,0.520000,3,0.999988,691,519
2947,1000,AlmostEqualRatios,scaled,254468,42,502,0.502000,0,1.000000,521,495
2948,1000,AlmostEqualRatios,scaled,258092,42,490,0.490000,0,1.000000,535,482
2949,1000,AlmostEqualRatios,scaled,243685,42,508,0.508000,0,1.000000,788,505
2950,1000,AlmostEqualRatios,scaled,251347,42,486,0.486000,0,1.000000,514,482
2951,1000,AlmostEqualRatios,scaled,251116,42,518,0.518000,0,1.000000,538,510
2952,1000,AlmostEqualRatios,scaled,240727,42,510,0.510000,8,0.999967,606,506
2953,1000,AlmostEqualRatios,scaled,250247,42,488,0.488000,0,1.000000,505,481
2954,1000,AlmostEqualRatios,scaled,249416,42,520,0.520000,6,0.999976,594,508
2955,1000,AlmostEqualRatios,scaled,254019,42,506,0.506000,2,0.999992,512,497
2956,1000,AlmostEqualRatios,scaled,243475,42,513,0.513000,6,0.999975,537,511
2957,1000,AlmostEqualRatios,scaled,251255,42,518,0.518000,5,0.999980,530,512
2958,1000,AlmostEqualRatios,scaled,248435,42,501,0.501000,0,1.000000,523,498
2959,1000,AlmostEqualRatios,scaled,255088,42,495,0.495000,0,1.000000,511,489
2960,1000,AlmostEqualRatios,scaled,254843,42,498,0.498000,3,0.999988,534,491
2961,1000,AlmostEqualRatios,scaled,240374,42,515,0.515000,5,0.999979,527,514
2962,1000,AlmostEqualRatios,scaled,248170,42,510,0.510000,8,0.999968,562,505
2963,1000,AlmostEqualRatios,scaled,253050,42,510,0.510000,2,0.999992,845,502
2964,1000,AlmostEqualRatios,scaled,254745,42,510,0.510000,0,1.000000,722,509
2965,1000,AlmostEqualRatios,scaled,249269,42,493,0.493000,1,0.999996,506,484
2966,1000,AlmostEqualRatios,scaled,252397,42,514,0.514000,4,0.999984,593,509
2967,1000,AlmostEqualRatios,scaled,257978,42,517,0.517000,1,0.999996,665,515
2968,1000,AlmostEqualRatios,scaled,245554,42,506,0.506000,7,0.999971,533,496
2969,1000,AlmostEqualRatios,scaled,256698,42,509,0.509000,6,0.999977,517,499
2970,1000,AlmostEqualRatios,scaled,258327,42,509,0.509000,4,0.999985,756,508
2971,1000,AlmostEqualRatios,scaled,260746,42,512,0.512000,4,0.999985,678,509
2972,1000,AlmostEqualRatios,scaled,245085,42,502,0.502000,0,1.000000,515,486
2973,1000,AlmostEqualRatios,scaled,241342,42,483,0.483000,2,0.999992,487,475
2974,1000,AlmostEqualRatios,scaled,251030,42,523,0.523000,0,1.000000,834,520
2975,1000,AlmostEqualRatios,scaled,247171,42,512,0.512000,7,0.999972,818,510
2976,1000,AlmostEqualRatios,scaled,254731,42,490,0.490000,2,0.999992,504,476
2977,1000,AlmostEqualRatios,scaled,248221,42,504,0.504000,0,1.000000,542,502
2978,1000,AlmostEqualRatios,scaled,245384,42,507,0.507000,2,0.999992,509,506
2979,1000,AlmostEqualRatios,scaled,247156,42,513,0.513000,2,0.999992,539,498
2980,1000,AlmostEqualRatios,scaled,248167,42,521,0.521000,0,1.000000,837,518
2981,1000,AlmostEqualRatios,scaled,245441,42,514,0.514000,4,0.999984,585,512
2982,1000,AlmostEqualRatios,scaled,253412,42,500,0.500000,7,0.999972,558,498
2983,1000,AlmostEqualRatios,scaled,250623,42,502,0.502000,1,0.999996,521,487
2984,1000,AlmostEqualRatios,scaled,253608,42,503,0.503000,2,0.999992,564,500
2985,1000,AlmostEqualRatios,scaled,241127,42,513,0.513000,5,0.999979,517,512
2986,1000,AlmostEqualRatios,scaled,252156,42,503,0.503000,2,0.999992,708,501
2987,1000,AlmostEqualRatios,scaled,248954,42,502,0.502000,0,1.000000,548,496
2988,1000,AlmostEqualRatios,scaled,256238,42,501,0.501000,3,0.999988,512,487
2989,1000,AlmostEqualRatios,scaled,241452,42,520,0.520000,5,0.999979,689,517
2990,1000,AlmostEqualRatios,scaled,249949,42,487,0.487000,1,0.999996,514,484
2991,1000,AlmostEqualRatios,scaled,256989,42,511,0.511000,3,0.999988,515,503
2992,1000,AlmostEqualRatios,scaled,251858,42,518,0.518000,6,0.999976,635,516
2993,1000,AlmostEqualRatios,scaled,242492,42,518,0.518000,11,0.999955,532,517
2994,1000,AlmostEqualRatios,scaled,252591,42,513,0.513000,7,0.999972,623,509
2995,1000,AlmostEqualRatios,scaled,257736,42,506,0.506000,5,0.999981,565,504
2996,1000,AlmostEqualRatios,scaled,242054,42,536,0.536000,5,0.999979,622,533
2997,1000,AlmostEqualRatios,scaled,248647,42,478,0.478000,0,1.000000,517,469
2998,1000,AlmostEqualRatios,scaled,248498,42,534,0.534000,5,0.999980,566,530
2999,1000,AlmostEqualRatios,scaled,240451,42,505,0.505000,4,0.999983,624,503
