instance_id,depth_p10,depth_p50,depth_p90,depth_entropy,depth_skew,queue_entropy
0,3,7,14,3.9738708822655253,0.6560244159720072,0.9136617865655932
1,1,6,16,4.066108939837481,0.5666087981610257,0.0
2,1,8,17,4.2626923908396215,0.22706775840343307,0.0
3,1,8,17,4.277613436819116,0.14553478053699212,0.0
4,2,7,17,4.187255606858693,0.3551373723135993,0.0
5,1,7,18,4.235926350629033,0.39897672035655574,0.0
6,2,7,13,3.9798730959450577,0.08981356898809359,0.0
7,1,7,17,4.243856189774724,0.3626484153545563,0.0
8,1,7,17,4.237291339955158,0.436895509287441,0.0
9,1,7,17,4.251629167387824,0.3009446460729951,0.0
10,2,8,16,4.249999999999999,0.3033962744520551,0.0
11,3,8,15,4.125747894870812,0.3082105528996016,0.0
12,1,7,16,4.1757358691004915,0.316494755959171,0.0
13,1,7,17,4.251629167387824,0.3009446460729951,0.0
14,2,8,16,4.175273297885967,0.3647326617754536,0.0
15,1,5,17,4.1550455468258045,0.5429639133939759,0.0
16,1,8,17,4.243856189774724,0.20894607255067857,0.0
17,2,8,16,4.249999999999999,0.3033962744520551,0.0
18,1,6,17,4.238901256602632,0.4090310484629023,0.0
19,2,8,16,4.200702573517886,0.30141394223287565,0.0
20,1,7,17,4.238901256602632,0.39284634867572354,0.0
21,2,6,15,4.054538856580819,0.558756137017885,0.0
22,1,7,17,4.21126073643228,0.4564866516997287,0.0
23,1,7,16,4.1757358691004915,0.316494755959171,0.0
24,2,9,15,4.180365114215879,0.006458123316477604,0.0
25,1,7,17,4.236368983644951,0.40336772271703325,0.0
26,2,7,16,4.124999999999999,0.5792806118693605,0.0
27,3,10,17,4.2400130401389315,-0.044375818361852074,0.0
28,1,6,15,4.088779347361361,0.39219755906086573,0.0
29,1,7,17,4.236368983644951,0.43774095549252046,0.0
30,1,6,16,4.161978179679555,0.44320430846197034,0.0
31,1,6,16,4.103465189601646,0.45441307233046513,0.0
32,1,7,16,4.163856189774725,0.38670236753607434,0.0
33,2,9,16,4.229327351940021,0.17431277883599303,0.0
34,2,9,16,4.248426788747655,0.18859410637691373,0.0
35,2,8,16,4.226409765557391,0.37215883047813547,0.0
36,2,7,16,4.162023973678587,0.44181090680037394,0.0
37,1,7,17,4.251629167387824,0.3009446460729951,0.0
38,1,7,17,4.251629167387824,0.3009446460729951,0.0
39,1,6,17,4.238901256602632,0.4090310484629023,0.0
40,2,7,16,4.148955904159995,0.44718414349555213,0.0
41,3,9,16,4.0783429063397145,-0.0003431839853368368,0.0
42,2,6,15,4.051821770808045,0.643993998884816,0.0
43,3,9,15,4.0928171090636285,0.1380852848331316,0.0
44,1,8,16,4.201841232302569,0.15596522456406137,0.0
45,1,7,17,4.251629167387824,0.3009446460729951,0.0
46,1,8,17,4.277613436819116,0.14553478053699212,0.0
47,2,7,16,4.19715972342415,0.4644018012575315,0.0
48,2,5,17,4.101881223476019,0.558620667194287,0.0
49,1,7,17,4.21126073643228,0.5053978185749269,0.0
50,1,8,15,4.121928094887363,0.16752762569626023,0.0
51,1,4,9,3.392747410448785,0.2950434305646559,0.0
52,2,7,15,4.035276898293953,0.5718777232758767,0.0
53,1,6,17,4.209867121904037,0.42823896667485184,0.0
54,1,6,17,4.238901256602632,0.4090310484629023,0.0
55,2,8,17,4.238521032323435,0.2869462954394856,0.0
56,3,8,15,4.122267155281455,0.29193278655662824,0.0
57,1,6,14,4.011365041826379,0.3499494848597793,0.0
58,1,7,17,4.235926350629033,0.44720989380041976,0.0
59,2,7,16,4.124999999999999,0.5792806118693605,0.0
60,2,7,16,4.202819531114782,0.47444322344583567,0.0
61,3,8,17,4.227915764066453,0.22825755727193364,0.0
62,3,10,16,4.118877177185879,-0.20139826883475848,0.0
63,2,8,16,4.208924987016684,0.3615942299250694,0.0
64,2,8,16,4.224751985026255,0.27499155454206536,0.0
65,2,7,16,4.183542362433232,0.4603171805273423,0.0
66,1,6,17,4.238901256602632,0.4090310484629023,0.0
67,1,7,17,4.243856189774724,0.3626484153545563,0.0
68,2,8,15,4.124083797069061,0.06687741803057112,0.0
69,2,8,16,4.250571945454582,0.20022696264183024,0.0
70,1,7,17,4.215061012203069,0.47839925135381833,0.0
71,3,8,15,4.099626798732838,0.4132232578160629,0.0
72,3,7,15,4.045426587124314,0.37406310057498454,0.0
73,3,9,16,4.117006714075159,0.3193707619061822,0.9709505944546688
74,2,6,16,4.124083797069062,0.6610883504735212,0.0
75,1,7,17,4.251629167387824,0.3009446460729951,0.0
76,1,6,16,4.134336113194452,0.5049166611162632,0.0
77,1,6,17,4.1852301329094015,0.533183639379762,0.0
78,2,6,16,4.112427831414106,0.7020691592447248,0.0
79,1,6,15,4.095795255000934,0.33286816525244356,0.0
80,2,8,16,4.159093797417738,0.32263402137938535,0.0
81,2,7,15,3.954413924157359,0.6743023345662921,0.0
82,2,8,15,4.124268564627779,0.3042933421342549,0.0
83,1,6,17,4.1804513908921015,0.4835295415869325,0.0
84,2,8,15,4.22756715711693,0.28373337701037293,0.0
85,1,7,17,4.243856189774724,0.3626484153545563,0.0
86,1,7,17,4.236368983644951,0.4190997987036753,0.0
87,3,7,14,4.0070194025455175,0.5203256997566583,0.0
88,1,7,17,4.236368983644951,0.43774095549252046,0.0
89,1,7,17,4.251629167387824,0.3009446460729951,0.0
90,1,8,17,4.2626923908396215,0.22706775840343307,0.0
91,1,7,17,4.251629167387824,0.3009446460729951,0.0
92,1,7,17,4.243856189774724,0.3626484153545563,0.0
93,1,8,16,4.168295834054491,0.06267819354129106,0.0
94,2,8,16,4.155565013329719,0.3469598319356948,0.0
95,1,6,17,4.238901256602632,0.4090310484629023,0.0
96,2,7,15,4.077819531114782,0.5034082838278462,0.0
97,2,8,16,4.263933429485635,0.17157046695775527,0.0
98,1,6,15,4.095795255000934,0.33286816525244356,0.0
99,2,5,16,4.077819531114782,0.7199697911027785,0.0
100,4,9,16,4.183020504456277,0.10523570904277571,0.0
101,3,7,17,4.10662372175846,0.6021202481519223,0.0
102,4,9,15,4.027863979366843,0.1208151675550826,0.8778037341417048
103,1,5,9,3.392147223664535,-0.05247567599914718,0.0
104,1,6,15,4.095795255000934,0.33286816525244356,0.0
105,3,7,13,3.954776551245421,0.45822960677361235,0.7671903206448684
106,3,8,15,4.037316199087396,0.22038510970209363,0.0
107,1,8,17,4.1757358691004915,0.19379522767028368,0.0
108,3,8,14,4.077499063022762,0.28177672970217726,0.0
109,3,11,17,4.229625746918359,-0.12980812975035194,0.0
110,3,8,16,4.178979102437744,0.37518393217584123,0.0
111,3,8,15,4.105568222805231,0.22150069039650605,0.0
112,3,8,15,4.116971915521123,0.28015124886086795,0.0
113,2,9,17,4.27675442739884,0.04811798730166442,0.0
114,3,8,15,4.184057504550513,0.2033104948206489,0.0
115,2,7,15,3.9710004669182735,0.40078643959572063,0.0
116,4,10,15,4.074710254366017,-0.16113439072117564,0.9957274520849256
117,3,8,15,4.060936308391112,0.17962861410491376,0.26676498780302604
118,3,10,17,4.236737557343902,0.07376128592355993,0.0
119,3,9,16,4.209639810541157,0.1523109113478649,0.0
120,2,7,15,4.111397397429334,0.4791053305672576,0.0
121,2,8,16,4.161665157263952,0.26457237178646487,0.0
122,3,9,14,4.004351083062741,-0.04824560610719272,0.0
123,2,9,17,4.296337980122304,0.08843266750610887,0.0
124,5,10,16,4.066179225029156,-0.004538485346715651,0.5318826028800232
125,4,7,16,3.9950247868662756,0.4906070754607994,0.0
126,3,7,15,3.9693625560064105,0.529245830478879,0.0
127,3,7,14,3.9459644688472357,0.5534116131162952,0.0
128,3,8,16,4.173181962688816,0.361956852473586,0.0
129,4,10,15,4.053201072431213,-0.03457511245368864,0.9659212398860464
130,1,9,17,4.2626923908396215,0.09414499888752287,0.0
131,4,8,15,4.077763402251199,0.2503383147502141,0.9117517586347538
132,2,8,16,4.2161746300696405,0.18331874424067848,0.0
133,3,7,16,4.066281849422529,0.5465557083804634,0.5032583347756457
134,3,6,15,4.007308613329266,0.7613908373136452,0.0
135,3,7,16,4.146068610649194,0.5082570040957088,0.0
136,3,10,16,4.226409765557392,-0.0981431957286542,0.0
137,3,8,16,4.113791335190207,0.20256843210602374,0.0
138,4,10,15,4.029498058330467,-0.03098737693000511,0.9078619154263697
139,2,8,17,4.197049999347145,0.31965643802068255,0.0
140,3,9,17,4.226102333589595,0.11833838859642748,0.39481484603049405
141,3,9,17,4.178771703061194,0.26680837359914983,0.22474036695139357
142,1,6,15,4.055958151615123,0.4093372119935348,0.0
143,2,9,15,4.22756715711693,0.08421434239599956,0.0
144,4,10,15,3.934472738379967,-0.13382803900229254,0.9772445152396546
145,2,8,15,4.171264743846753,0.26958893947222184,0.0
146,3,8,16,4.169223882961095,0.25453170049051616,0.0
147,4,8,13,3.8282530958166348,0.39714112264389334,0.7318569839450779
148,3,7,14,3.9735730426945337,0.4667443954977842,0.0
149,2,9,17,4.202652956501439,0.042496610958807066,0.0
150,3,8,15,4.10648775522199,0.39697237713534705,0.0
151,3,9,16,4.102966862258795,0.05450514634381465,0.9182958340544894
152,3,9,17,4.212235341990807,0.14362116849828815,0.3576467062456333
153,3,9,17,4.258218794369483,0.18341134283990637,0.0
154,2,7,13,3.9572958738405704,0.20432961725334442,0.0
155,4,12,18,4.181251705814022,-0.3376587305445222,0.0
156,4,10,17,4.203380678901684,0.08353046300402356,0.0
157,4,8,16,4.116226528012483,0.2955151000841546,0.8403586716091171
158,3,9,15,4.1141278433565995,0.20817786109388275,0.0
159,4,9,15,3.9909181175993984,0.20082535339950097,0.7062740891876007
160,2,5,16,3.9880774349981336,0.8977745861466154,0.0
161,3,7,15,4.04897166323631,0.5604788177021383,0.3939152573634121
162,2,7,17,4.216255488903056,0.30890958997507434,0.0
163,5,10,17,4.123984053027623,-0.001879283456470482,0.5111069421844562
164,1,6,17,4.168325822713778,0.5552158754398383,0.0
165,3,7,14,4.0645465673948955,0.3526208489432745,0.0
166,4,10,16,4.021791541182185,0.07798842775818468,0.9824740868386409
167,4,10,16,4.127826450593146,-0.10835432695201785,0.960670611329215
168,3,10,17,4.261184179450871,0.014653862747971286,0.0
169,3,8,15,4.034669974935564,0.37220204152984177,0.0
170,4,9,15,4.0998854806104195,0.13685678605891194,0.0
171,2,8,16,4.176915736636332,0.4106293727673932,0.0
172,2,8,17,4.229808798348054,0.3361914648218935,0.0
173,2,7,17,4.171241170818225,0.5344954046664123,0.0
174,2,6,15,3.973655305505571,0.9385258145898154,0.0
175,4,11,17,4.2380246592630035,-0.09236260385230935,0.0
176,3,8,14,4.043921151075369,0.5212882043553261,0.0
177,3,6,10,3.510879636921937,0.7966352636106528,0.9997226475394071
178,4,8,15,4.00054599277676,0.5079255060134834,0.9240330969308371
179,3,9,16,4.1520381981587215,0.19985154073463202,0.5499109046334101
180,2,9,16,4.150272058535218,0.08431514500167397,0.0
181,3,8,15,4.078368341392089,0.38141910145785485,0.3943002379274748
182,4,10,17,4.125146947050659,0.0706378567016411,0.6593758812786993
183,1,7,16,4.168295834054491,0.37744441810789964,0.0
184,3,8,16,4.169057819988999,0.3248281055223453,0.9564574047992596
185,4,9,16,4.057185307514315,0.15898713491909439,0.6926889992682925
186,2,7,15,4.157872114061109,0.4125246959859159,0.0
187,3,8,17,4.190370937835377,0.4193965784443065,0.0
188,2,7,17,4.200297609257072,0.443607419482726,0.0
189,3,8,16,4.105975250134347,0.2330265018718647,0.0
190,4,10,17,4.163314639209529,0.10102323814229622,0.9784493292686188
191,1,7,17,4.220175521464346,0.3028186084614037,0.0
192,2,6,14,4.023703012456053,0.5421835825158717,0.9932338197397066
193,2,5,14,3.835418895247059,0.9655326817992208,0.0
194,1,8,17,4.2626923908396215,0.22706775840343307,0.0
195,2,7,15,4.097906255195965,0.6066521184890372,0.0
196,3,8,16,4.1091401493781134,0.3060852699095749,0.0
197,3,9,15,4.092244264976117,0.026200749157842762,0.0
198,2,8,16,4.263933429485635,0.17157046695775527,0.0
199,2,10,17,4.213460597220266,-0.07870707741832,0.0
200,4,9,17,4.130738554211636,0.22930336124113398,0.9985090989176322
201,8,14,18,3.8253793608941624,-0.4198078133106096,1.1837612518587994
202,3,10,17,4.233927321526099,0.008473262414088217,0.0
203,6,12,18,4.040156917205421,-0.07396025180874999,0.3446457310907598
204,5,12,18,4.095946694335843,-0.11162186488529058,0.3752548292793094
205,1,7,17,4.215061012203069,0.4934325477603494,0.0
206,6,12,18,4.033982730942953,-0.12197563316903687,0.2964494008502674
207,7,14,18,3.9564062042454164,-0.4964415929758581,0.3395216785744501
208,4,10,17,4.197713682391104,0.08633054859997702,0.0
209,7,12,18,3.9595379603577623,-0.07647639100091774,0.5482667526972593
210,0,2,4,2.2810361125534233,-0.12073632210407415,0.0
211,7,13,18,3.9476739816002717,-0.33244525061675423,0.3984592740952357
212,5,12,18,4.132838015924808,-0.21470707004961553,0.9666186325481027
213,7,13,18,3.9556274661139983,-0.3000471611105088,0.4102827349992784
214,6,11,18,4.116065289922217,-0.15804795559092022,0.0
215,6,13,18,4.053862706502841,-0.3918941593827885,0.9750157547407654
216,6,12,18,4.055593322250243,-0.15019316916279818,0.4155103850474909
217,7,12,18,3.9247690056092894,0.0076114260653527,1.122550125389388
218,7,13,18,4.012213048336423,-0.34204161807115374,0.8950843373590857
219,6,12,18,4.004831664702993,-0.19194100689294458,1.31994178271622
220,4,9,17,4.168836871060285,0.30517725473665214,0.0
221,6,13,18,4.083885641455858,-0.3925111302343932,0.9134601452569628
222,7,14,18,3.8954090471336356,-0.680734736895897,0.4354823165420378
223,5,11,18,4.1443253853748026,0.02293756125402871,0.996847959123844
224,6,11,18,4.059927568771687,-0.073424803118119,0.6396274065092096
225,6,11,18,4.0895301598536555,-0.07039402272865003,0.6173818400611749
226,4,10,18,4.211820547089721,-0.012042762960623121,0.0
227,6,13,18,4.042777534569536,-0.2859199241885278,0.7981657300345458
228,7,12,18,3.998095927747214,-0.1267391017924691,0.5781666236596262
229,6,12,18,4.026719823111383,-0.220142356199984,0.6433071292001626
230,7,14,18,3.9524091271103674,-0.496976804997746,0.40049573245963466
231,7,10,17,3.8497843952190256,0.29091537349418517,1.6884965337378908
232,6,13,18,4.034246890431198,-0.29152961994350146,0.32107878263230194
233,5,10,18,4.136555967306248,0.03776551754121166,0.5494827677177796
234,6,11,18,4.096872915181258,-0.05094595100174487,0.45908858701699284
235,7,13,18,3.946082416501336,-0.44895785913951086,0.4573138084190144
236,3,7,16,3.9803095536118502,0.7424729219407578,0.9626147059982517
237,6,13,18,4.017004620056891,-0.5119392855158649,0.9519364610872557
238,7,12,18,3.978455116038933,-0.19086368761983374,0.6163868386722483
239,6,12,18,4.037845061274636,-0.35502507687637436,0.9890254186342097
240,7,13,18,3.996283482729592,-0.5013702001852783,0.9984073220991562
241,5,10,17,4.140395946135886,0.1919959562966468,0.9079083254587078
242,6,12,18,4.055380630428575,-0.2006789680146287,0.37738503740472756
243,7,13,18,3.9755865618128645,-0.20788589008245428,0.288326296482353
244,4,11,18,4.185240200473472,-0.09238887356584727,0.827374477500317
245,7,14,18,3.9889586024835064,-0.4694161262687031,0.7507680558667281
246,5,9,17,4.096394436260512,0.2738451251221023,0.9998343950590575
247,5,10,18,4.134300010865786,0.00759787207165008,0.9957274520849256
248,6,12,18,4.024739518581743,-0.11353954201112915,0.5593358712160281
249,6,12,18,4.001648234740553,-0.1830339243412054,0.23921808729053162
250,6,13,18,4.025160081749608,-0.47260622220299375,0.9788698505067782
251,5,11,17,4.123889855770865,-0.007992378686141444,0.7165141808604707
252,3,7,16,4.011861070134596,0.6344118833690671,0.961236604722876
253,5,11,18,4.122582805071082,-0.06814360120159568,0.9976239285128742
254,6,11,18,4.042608623387961,0.012014388929239506,0.49763049843791557
255,5,10,17,4.1125087072772715,0.06043458500679641,0.5446917368324674
256,8,14,18,3.8596930644620207,-0.42910939851817176,0.9259888860053156
257,5,11,18,4.09918225427207,0.02641575770665197,0.5413058827705304
258,5,10,17,4.147772032068369,0.10358567405692512,0.9870359911209631
259,6,12,18,4.084484442067627,-0.30037274816317727,0.4259160966992508
260,5,12,18,4.14305836519692,-0.19720235829394334,0.0
261,4,11,18,4.202713090310195,-0.13840315484350463,0.0
262,6,13,18,4.016513152160216,-0.42550439596018896,0.8831144966095444
263,7,13,18,3.993236726845695,-0.4572477966797348,0.5205561550272186
264,6,13,18,4.043046403824317,-0.504480346764496,0.9719014755966039
265,5,11,18,4.145151210118134,-0.07760349770723851,1.0
266,5,12,18,4.145208270966752,-0.2344774531371756,0.5987981837442872
267,7,14,18,3.930657223212448,-0.5622332277873486,0.4847637015376413
268,5,11,17,4.06622435229836,0.11395666916612743,0.5242703262526937
269,6,12,18,4.056791326700894,-0.2233167161943736,0.8677344548445382
270,5,11,18,4.123655204479219,-0.11390718209554085,0.9973866676054016
271,6,11,18,4.088203363205489,-0.09638167188702712,0.7054690408228712
272,6,11,18,4.114096293684756,-0.09350634098546406,0.9913053315834369
273,7,14,19,3.9241880107914886,-0.5791923247581029,0.9786500761663295
274,5,11,18,4.085780296480042,0.06823071561109534,0.4003096458335464
275,4,9,17,4.18267884570213,0.17450571303987375,0.0
276,0,2,4,2.2810361125534233,-0.12073632210407415,0.0
277,7,12,18,4.001355058890588,-0.1425068535633503,0.9474752849416939
278,6,12,18,4.04034380224971,-0.18576945565391967,1.1074126889411957
279,5,11,18,4.164481599617143,-0.1566202903652018,0.0
280,5,11,17,4.0723581043386154,-0.032880084605864,0.7995738589806759
281,5,11,17,4.092722979208646,-0.14352817774444462,0.882088381754447
282,7,13,18,3.976244848579086,-0.47436139214322687,0.6241593982396274
283,4,10,18,4.215224690380496,0.005901105680975516,0.0
284,3,8,17,4.226636531627805,0.3572899873704677,0.0
285,6,12,18,4.086130894347315,-0.29643544269670896,0.998735614378655
286,6,12,18,4.035777145130242,-0.18250218373008603,0.3364889567976339
287,7,13,18,4.001373974727898,-0.3567022050855066,0.7820076739618316
288,7,13,18,3.982222025270673,-0.359399714650863,0.6564536281201304
289,5,12,18,4.16332797145377,-0.16973363801723007,0.0
290,7,13,18,3.9399941892453434,-0.2783345382301633,0.44459490224774795
291,5,8,16,3.920748573949468,0.5683480704675684,1.2235874386572996
292,6,13,18,4.059477146587864,-0.2743042746445529,0.7293305833133191
293,7,12,18,4.009634761026576,-0.1545276040621662,0.4329294897874506
294,4,10,18,4.2270039540543864,-0.006113445991445504,0.0
295,3,7,15,4.148037590695171,0.4330268870472296,0.998363672593813
296,5,11,18,4.135733858008763,-0.01796213608392211,0.8978733538232883
297,6,12,18,4.08038121079045,-0.28591834548208334,0.980597440991727
298,7,13,18,3.917172209493844,-0.26856500821669615,1.1929408368935184
299,6,11,18,4.016061521146082,0.04489395370646504,0.7525904381397784
300,3,8,14,4.0823826895369075,0.40691268040706186,0.0
301,3,9,15,4.121570755112654,0.05889860156513249,0.0
302,1,6,17,4.238901256602632,0.4090310484629023,0.0
303,2,8,16,4.197325708706505,0.39060293679515956,0.0
304,1,6,14,4.011365041826379,0.3499494848597793,0.0
305,2,7,15,4.088828126694495,0.5796262804923045,0.0
306,1,7,17,4.251629167387824,0.3009446460729951,0.0
307,3,9,17,4.2677807887598,0.1166438058386079,0.0
308,2,9,15,4.204278528638956,0.15159862544892283,0.0
309,2,8,15,4.180002761999779,0.25870882044434407,0.0
310,1,7,16,4.168295834054491,0.37744441810789964,0.0
311,1,6,16,4.161978179679555,0.44320430846197034,0.0
312,2,9,17,4.236480392655977,-0.007563516512550439,0.0
313,1,8,17,4.240223928941851,0.40760590029697485,0.0
314,2,8,16,4.263933429485635,0.17157046695775527,0.0
315,4,10,14,3.905363813952971,-0.2948649992671539,0.8951127210954559
316,2,8,16,4.249999999999999,0.3033962744520551,0.0
317,1,7,17,4.243856189774724,0.3626484153545563,0.0
318,3,9,15,4.064468304875446,-0.04190732555349985,0.0
319,4,9,16,4.058648666218175,0.20934115397218586,0.8349135582554505
320,1,7,16,4.168295834054491,0.37744441810789964,0.0
321,5,9,15,3.9975722502416082,0.1140968008499888,0.9994730201859837
322,2,8,16,4.256515331479665,0.2379489961427051,0.0
323,2,8,16,4.1427308737169435,0.4493184630518023,0.0
324,4,8,14,3.944950424129918,0.3161465832636806,0.7355085815538399
325,2,9,16,4.188758439731455,0.028473023740131553,0.0
326,2,8,16,4.231486767965343,0.20515275086078172,0.0
327,1,7,17,4.251629167387824,0.3009446460729951,0.0
328,2,10,16,4.228976883086187,-0.09435416053240459,0.0
329,3,9,16,4.117547949145269,0.14256898201754356,0.0
330,2,9,17,4.290534446710032,0.021978642488814176,0.0
331,3,9,14,4.025229142180101,0.0889368007520297,0.0
332,3,8,14,3.760729769630449,0.7457659420281444,0.5373760853377335
333,3,11,17,4.161269653998344,-0.33511600058610175,0.0
334,1,4,11,3.616874605956222,0.4169198748797688,0.0
335,2,10,17,4.250814583693913,-0.10058196326534452,0.0
336,5,9,16,4.068081841178768,0.2883667714667756,0.7575647292413967
337,2,9,16,4.191340563438217,0.03684726199351268,0.0
338,3,9,16,4.120003516331224,0.166903518247505,0.0
339,1,7,17,4.243856189774724,0.3626484153545563,0.0
340,3,10,16,4.199912170308852,-0.10586879381852128,0.0
341,2,9,15,4.110902344426084,-0.043011172096489414,0.0
342,4,9,14,3.9404430288601513,0.015600036966132408,0.5032583347756457
343,1,6,17,4.238901256602632,0.4090310484629023,0.0
344,2,7,15,4.006328385912462,0.7396792982769378,0.0
345,2,8,16,4.256515331479665,0.2379489961427051,0.0
346,1,7,17,4.243856189774724,0.3626484153545563,0.0
347,1,7,17,4.251629167387824,0.3009446460729951,0.0
348,3,9,16,4.162474940236534,0.0698140033612932,0.0
349,1,7,16,4.168295834054491,0.37744441810789964,0.0
350,1,6,16,4.163856189774725,0.4205030765297109,0.0
351,2,8,16,4.221097250057958,0.2972417148983652,0.0
352,4,9,15,4.014481511857882,0.056014067387791244,0.0
353,5,9,13,3.812457464581744,0.08282913616649694,0.9262122127346664
354,2,9,16,4.189822782008757,0.1164128614383731,0.0
355,1,7,17,4.251629167387824,0.3009446460729951,0.0
356,3,9,16,4.121718505399335,0.12227994177021373,0.0
357,1,7,16,4.168295834054491,0.37744441810789964,0.0
358,2,7,16,4.195816471537619,0.4727501637021567,0.0
359,5,9,14,3.8870561987394674,0.22594839111356274,0.8775550760855518
360,3,8,16,4.201960274134418,0.19892518871161766,0.0
361,2,7,16,4.150158513166728,0.5900419471893386,0.0
362,1,7,17,4.251629167387824,0.3009446460729951,0.0
363,1,3,6,2.777362795064169,-0.05971368162112933,0.0
364,1,7,17,4.235926350629033,0.44720989380041976,0.0
365,1,7,17,4.243856189774724,0.3626484153545563,0.0
366,1,8,17,4.2626923908396215,0.22706775840343307,0.0
367,2,9,15,4.047299846679545,0.21236485310517494,0.0
368,2,8,15,4.141105590449127,0.33426734838994887,0.0
369,2,9,16,4.2248747399889846,0.005630418384000052,0.0
370,2,9,15,4.183465189601647,0.12773046519207884,0.0
371,2,8,16,4.240962710641207,0.15301106578771342,0.0
372,1,7,16,4.168295834054491,0.37744441810789964,0.0
373,4,10,16,4.116457768456929,-0.2020566935417612,0.0
374,5,9,16,3.994233181036827,0.05040291860529847,0.9324631422909171
375,1,6,15,4.088779347361361,0.39219755906086573,0.0
376,2,9,16,4.229573958513623,0.021860412984439054,0.0
377,3,9,16,4.228332391152975,0.08891643069442959,0.0
378,3,8,15,4.082274564924432,0.3032339357940502,0.0
379,2,10,15,4.2188837914658,-0.11738990475390818,0.0
380,1,7,17,4.236368983644951,0.43774095549252046,0.0
381,2,9,16,4.180737139901119,0.03209307380601778,0.0
382,4,9,17,4.167688712302311,0.20479023785004694,0.0
383,1,6,15,4.083856189774724,0.4454081964252518,0.0
384,2,8,15,4.180002761999779,0.25870882044434407,0.0
385,2,8,15,4.1879764393853005,0.1488317427482331,0.0
386,1,7,17,4.236368983644951,0.43774095549252046,0.0
387,1,7,17,4.251629167387824,0.3009446460729951,0.0
388,5,12,16,3.9737158494725517,-0.7243642111688421,0.9355315642388212
389,2,9,17,4.300559092390953,-8.326672684688674e-17,0.0
390,1,7,16,4.168325822713779,0.38255241101445137,0.0
391,2,8,16,4.249999999999999,0.3033962744520551,0.0
392,3,7,16,4.169892195244227,0.44119797650466913,0.0
393,1,6,17,4.238901256602632,0.4090310484629023,0.0
394,3,9,14,4.073677798013546,0.18712272905313368,0.0
395,2,8,15,4.195909270873605,0.12198063356257594,0.0
396,4,8,14,3.9351454923119076,0.40475471877435365,0.0
397,4,8,14,3.888227576045511,0.3142751112378427,0.9926410394727399
398,2,6,15,4.115311532225103,0.6830487868433337,0.0
399,2,9,16,4.214997302659253,0.024460735142974005,0.0
400,2,4,11,3.5600259571974036,0.5914641235009868,0.0
401,2,10,18,4.207435516759526,0.01071767457795153,0.0
402,4,12,18,4.171351741387765,-0.3670539478216973,0.0
403,4,10,17,4.208026857381115,-0.09644546112463326,0.0
404,4,8,16,4.067748278193284,0.5290595017567199,0.7928879255776673
405,4,8,12,3.736324115850898,0.5442265182397531,0.8717983558276394
406,2,5,8,3.1978772664508974,-0.20931564546022596,0.4138168503036338
407,4,10,18,4.2191782709162196,-0.00035652468046123986,0.0
408,1,5,10,3.521640636343318,0.27062700108745075,0.0
409,1,6,17,4.208410187268527,0.4651933185228797,0.0
410,2,8,16,4.232478054670668,0.24433498882284743,0.0
411,5,11,18,4.14582906645336,-0.07589057743788602,0.0
412,3,10,18,4.253894091483981,0.054285188511957266,0.0
413,5,9,16,4.05828236270979,0.2529051241351464,0.8899025864014881
414,2,10,17,4.246963925571253,0.05265720167594265,0.0
415,1,6,17,4.088220835496803,0.49498625341096425,0.0
416,6,13,18,3.937122184494866,-0.7853141459515283,0.9826154285526119
417,4,11,18,4.179674215343894,-0.2225771789223688,0.0
418,2,8,16,4.195093026400145,0.45813508095252875,0.0
419,8,13,18,3.904903894792191,-0.4834212479624621,1.0278266520729458
420,3,9,17,4.269265096690703,0.11547827390572665,0.0
421,4,11,17,4.147802457726953,-0.0008151631440399265,0.7834258162334264
422,2,12,18,4.2201676812848286,-0.24514901648716975,0.0
423,3,8,15,4.1477511420344,0.3255274518256061,0.0
424,3,10,18,4.217088886209722,0.08056759552153647,0.0
425,3,8,17,4.203866771307946,0.38794313744815967,0.0
426,0,1,2,1.5,0.0,0.0
427,5,12,18,4.1444039560368395,-0.3402755820476465,0.0
428,2,7,17,4.221946673862943,0.3104361341819052,0.0
429,4,11,18,4.2022988791625515,-0.17435349776419198,0.0
430,6,12,18,4.086557502584528,-0.2900179371828776,0.7698205808588191
431,4,10,17,4.135275044224647,0.11046034822976811,0.6319373346971617
432,3,12,18,4.193160520251566,-0.2984183402184436,0.0
433,3,7,14,3.9603151334828284,0.5344835535299456,0.0
434,3,9,16,4.1537235125196075,0.23024701817793528,0.0
435,5,13,17,4.069619081806451,-0.553718650385341,0.0
436,4,10,18,4.14305980781574,0.03828168947945848,0.8739810481273579
437,4,11,18,4.2090693311302845,-0.13215690916353431,0.0
438,3,13,19,4.071713005248746,-0.6350334488274658,0.0
439,1,7,17,4.251629167387824,0.3009446460729951,0.0
440,3,9,18,4.249326362300325,0.12882820675519432,0.0
441,2,5,14,3.9138711021427395,0.91264205094681,0.0
442,2,8,17,4.235902344426085,0.34391200214750184,0.0
443,3,12,19,4.151503710565653,-0.34707644309808483,0.0
444,6,13,18,4.085782867428655,-0.37155604580464086,0.3660688405037593
445,2,7,14,4.1087271858567025,0.51204256235696,0.0
446,4,11,17,4.18274797006482,-0.12783649056565033,0.9609615820704237
447,3,10,17,4.251355349379051,0.0738245042830783,0.0
448,4,11,18,4.1814731278668225,-0.013703147453069525,0.0
449,2,5,16,4.0652602676572975,0.7856259706096234,0.0
450,4,10,17,4.229179077918741,-0.006166679918817419,0.0
451,3,8,14,4.054999224095615,0.3667290800767037,0.9812872088817246
452,1,5,11,3.594482506519421,0.44485978641089874,0.0
453,3,7,16,4.070617499905209,0.5489805828307432,0.903116172156872
454,3,7,15,3.9901148961056063,0.6652266986704257,0.9981341775041116
455,2,8,17,4.265311532225102,0.11758504270179643,0.0
456,3,11,18,4.274460831990492,-0.09680836059649409,0.0
457,1,10,17,4.321928094887362,0.0,0.0
458,2,8,15,4.105672184271433,0.16365940331949444,0.0
459,4,8,15,3.9199247633620065,0.5861388276788073,0.63884693917719
460,2,12,18,4.243856189774725,-0.3333333333333336,0.0
461,1,8,17,4.277613436819116,0.14553478053699212,0.0
462,2,8,18,3.985800113165513,0.17522487109530713,0.0
463,4,9,17,4.179068154104856,0.19232466681547908,0.7578784625383954
464,4,9,17,4.182709887680421,0.2267295304075232,0.7544062039636577
465,7,14,18,3.9562678280857293,-0.7152295461170106,0.38579524764444173
466,4,9,17,4.0891453163697244,0.30605172662908975,0.964078764808229
467,4,12,18,4.209626101983473,-0.26035841184414776,0.0
468,5,13,18,4.088992127150897,-0.5060042052131032,0.9451917693702082
469,1,6,17,4.209867121904037,0.42329314165023213,0.0
470,3,10,18,4.22683222431907,0.10603339482509852,0.0
471,3,7,16,4.018186778615745,0.7144661842592963,0.0
472,3,10,17,4.237653324182956,0.053731469250602654,0.0
473,1,5,9,3.41829583405449,0.15208461470441803,0.0
474,3,8,16,4.189793695208332,0.32452166602035204,0.0
475,3,7,16,4.151545660713813,0.364546366484604,0.0
476,3,8,15,4.144965232931931,0.4060672370135604,0.0
477,3,12,18,4.214760105627863,-0.29462448780641204,0.0
478,6,12,18,4.091777360576804,-0.30220102141680505,0.8022174062763242
479,1,7,17,4.12323142879762,0.5282400699306502,0.0
480,1,5,17,4.1550455468258045,0.5429639133939759,0.0
481,4,10,17,4.16794478016255,0.09973105959846826,0.0
482,1,8,17,4.277613436819116,0.14553478053699212,0.0
483,4,10,18,4.222815880380308,0.006063651917832064,0.9415322984536676
484,3,9,17,4.2240293667591216,0.2138530416465448,0.0
485,1,10,17,4.321928094887362,0.0,0.0
486,3,7,17,4.126832608213662,0.5741016397838742,0.0
487,2,5,7,3.099042277989232,-0.021471116622632846,0.6373874992221911
488,4,10,18,4.214328072703268,0.0011755732837072097,0.0
489,5,13,18,4.005704530039118,-0.7611305163502505,0.0
490,2,11,18,4.229003731107054,-0.07873393752407457,0.0
491,3,12,17,4.184310887623542,-0.4121846384593565,0.0
492,4,12,18,4.17531294245906,-0.30207316331613615,0.0
493,5,11,17,4.070100353619199,-0.1680614909730367,0.9999292854321659
494,4,10,17,4.168574424868992,-0.030128722314525458,0.40320713284374027
495,4,11,16,4.110758223090765,-0.22316832528448696,0.9510689418191818
496,3,9,17,4.19445050580011,0.22297721817204494,0.0
497,3,9,16,4.1658336838473735,0.1268234224972842,0.8952722642402938
498,4,10,18,4.219421319635096,0.016252913270887737,0.0
499,1,9,18,4.213660689688186,0.10594436332013954,0.0
500,3,8,28,4.7705586501339186,0.8439664676597197,0.9842399889605549
501,2,11,25,4.7933451941915175,0.25102331755837526,0.0
502,7,19,40,5.480958635432825,0.33056230160570316,0.9899927915575186
503,2,8,22,4.616874605956223,0.4117393406052212,0.0
504,3,15,37,5.280394654123195,0.4229603848794985,0.0
505,2,19,39,5.443856189774724,0.14412216516624768,0.0
506,3,19,42,5.527642470572463,0.31636347139828624,0.0
507,3,21,42,5.532665279941246,0.16559494570673902,0.0
508,3,12,37,5.272508205443481,0.5429904414285183,0.0
509,3,13,37,5.27886722508722,0.5356722970884814,0.9468188316776024
510,2,8,19,4.438067278128812,0.4366586327300322,0.0
511,6,17,35,5.31622988314967,0.6659063180063485,0.5940812491539164
512,2,8,21,4.558051076544458,0.4413446687932797,0.0
513,3,10,38,5.242773786134487,0.6987821440648196,0.9182958340544894
514,4,12,31,5.088328572707749,0.4699194908411146,0.0
515,3,21,45,5.564763600172629,0.1912996577196648,0.0
516,5,17,39,5.466124863501098,0.5568508219970123,0.0
517,4,18,41,5.50918371977919,0.4751532901232348,1.0
518,8,15,37,5.255995555916532,0.6209151655927061,0.5032583347756457
519,3,9,18,4.339059313536089,0.5163089492566109,0.0
520,3,19,42,5.513153408920676,0.29110952475410123,0.0
521,3,18,42,5.534841471677197,0.36408724853679103,0.0
522,3,15,41,5.426138774533633,0.47499659849197784,0.9500796252338518
523,4,16,38,5.466105730229999,0.5636853062559419,0.0
524,3,15,43,5.465560283204253,0.5035674957025612,0.3750514064240124
525,9,20,41,5.471945855641332,0.41134322578719207,0.8359399258935529
526,3,18,42,5.496966990003138,0.3222820738528326,0.0
527,4,17,42,5.506665436630216,0.5646177182973644,0.9456603046006401
528,5,14,36,5.287622862305624,0.7895949196661936,0.0
529,4,16,43,5.506665436630216,0.4710949698444329,0.0
530,2,14,34,5.206546578809086,0.35728432504016994,0.0
531,4,16,42,5.468619813556232,0.5971806974124576,0.0
532,3,17,42,5.477124764701078,0.4003275946265218,0.0
533,4,15,42,5.461019879341731,0.5784789658590653,0.8003922080453356
534,6,17,39,5.412888097561378,0.5704169183373919,0.6113457841625994
535,4,17,40,5.456219759565304,0.5801051121211245,0.9774178175281716
536,4,13,33,5.0787738798242925,0.7352923956644708,0.6554444445609847
537,3,20,44,5.577558303599129,0.2515473889178003,0.0
538,5,20,40,5.558487650193505,0.24053639686224243,0.0
539,3,19,40,5.463769511166972,0.2099588457252082,0.0
540,3,18,41,5.50689059560852,0.3469199401036547,0.9480782435939054
541,3,20,43,5.5476361675413655,0.2573624447052165,0.0
542,3,11,34,5.112716669736091,0.8191863939744592,0.24476508202089722
543,3,21,43,5.563177895342841,0.16111346005282623,0.0
544,3,16,42,5.495993116104396,0.5046498805820493,0.0
545,3,17,41,5.463068684918394,0.3562766244514021,0.0
546,5,20,38,5.419198145599781,0.17909058665806094,0.0
547,3,8,16,4.082382689536908,0.784631133273578,0.9957274520849256
548,4,11,41,5.234593367880543,0.7659569366399427,0.8915996278279094
549,3,20,44,5.577558303599129,0.2515473889178003,0.0
550,3,17,43,5.507659765557393,0.39232338908868536,0.0
551,3,19,41,5.490450622615569,0.23770168067808967,0.0
552,3,17,37,5.354285871987247,0.2963291931639756,0.0
553,3,20,43,5.573557262275186,0.280856192246021,0.0
554,3,21,44,5.587275979077023,0.1891465890317111,0.0
555,3,17,43,5.519454882778697,0.3905160904162516,0.0
556,3,22,44,5.59306920777189,0.156809426692936,0.0
557,3,18,43,5.52863448688896,0.3656109624139676,0.0
558,3,20,43,5.552188259778777,0.22628358433920498,0.0
559,3,21,40,5.450212064914747,0.11800823753616507,0.0
560,6,17,34,5.310232986988725,0.4692924739706985,0.8173174158670672
561,5,21,39,5.551535848894808,0.14389202184770894,0.0
562,3,21,43,5.557354922057605,0.19405781914504056,0.0
563,3,20,44,5.577558303599129,0.2515473889178003,0.0
564,4,15,42,5.445533308550365,0.6400117290382726,0.9957274520849256
565,4,13,42,5.35380998509001,0.6186145929434196,0.10215803640865039
566,6,17,38,5.420503831571674,0.4577406686509897,0.9941939797828719
567,3,17,43,5.519454882778697,0.3905160904162516,0.7578784625383954
568,3,18,42,5.522665866803593,0.3682783961308486,0.0
569,5,15,36,5.237765029675101,1.01752050654164,0.8764120076557033
570,3,17,43,5.494304250365621,0.39135337870048825,0.0
571,3,15,42,5.495335451449011,0.4837174880456591,0.0
572,6,21,40,5.500046676064168,0.21455371536626922,0.0
573,3,19,43,5.567099536193326,0.33427758963456305,0.6373874992221911
574,5,18,38,5.449976233793169,0.4255991003667002,0.0
575,4,14,40,5.375498352602816,0.6075077508305426,0.43949698692151334
576,3,20,43,5.534620865779926,0.2572995217412417,0.0
577,7,12,39,5.112592067340725,0.8382076153724686,0.672294817075638
578,7,15,37,5.246603245823024,0.7934055133525031,0.7833465670569364
579,3,19,40,5.463769511166972,0.2099588457252082,0.0
580,3,10,25,4.810081020521733,0.5642804517503759,0.0
581,4,15,40,5.413625112371016,0.5735203833105692,0.7438987452884342
582,3,11,37,5.22526886355783,0.6722991263712002,0.0
583,4,15,34,5.231739997737513,0.5637742090063141,0.9948631079048572
584,3,19,40,5.418157288156417,0.1958219675727511,0.0
585,3,21,44,5.582118926162055,0.22086544451723772,0.0
586,4,17,39,5.428055907333278,0.4963942377523122,0.0
587,3,18,42,5.487793894798068,0.32721353326747904,0.0
588,6,11,34,5.000520948982519,1.2233174400766476,0.6483297633559647
589,4,16,39,5.432536712374912,0.5832471710121822,0.0
590,5,17,38,5.401229978307627,0.3198304469619643,0.6987003526563345
591,4,12,30,4.963505021954202,0.9227994471556961,0.9182958340544894
592,5,16,38,5.387337139293367,0.6408753997003399,0.9182958340544894
593,3,17,43,5.500000000000001,0.3918070037844839,0.0
594,4,11,34,5.094397553657498,0.9353599300198356,0.8423074510400834
595,3,14,42,5.405631547476807,0.524969981784621,0.0
596,4,23,41,5.595795255000935,0.09380903456879533,0.0
597,3,18,39,5.421554168830136,0.2825316574247688,0.0
598,4,19,39,5.480852379090923,0.29032928892628496,0.0
599,5,17,34,5.339112991584132,0.4278891191556244,0.954434002924965
600,1,8,19,4.392747410448787,0.27244893376898155,0.0
601,5,16,37,5.3652576152117115,0.5099884570402344,0.8375360821789878
602,6,17,39,5.419069892809601,0.5508902338684458,0.9844630773607896
603,4,31,45,5.449941206061439,-0.38832444273667893,0.0
604,4,16,34,5.347969022112486,0.4930132868803314,0.0
605,4,15,39,5.437690284175016,0.5441675792379341,0.0
606,4,12,25,4.803046547997497,0.6900816320422842,0.9182958340544894
607,5,15,36,5.389685170014387,0.5801180128432644,0.4946069181690487
608,5,16,37,5.339020595884929,0.8163890252869077,0.8779620013943912
609,3,15,41,5.339614648336088,0.44997650350283425,0.0
610,5,18,40,5.435459683615337,0.3660452460196415,0.9919150773158514
611,5,21,41,5.534680683196306,0.18920971994129557,0.9985746465403506
612,5,13,35,5.2623029778329595,0.9144002846126302,0.7885131605379786
613,6,19,41,5.503763849966193,0.33094702579521695,0.0
614,5,15,38,5.359811115996863,0.8140216129944424,0.0
615,6,13,34,5.128312853192697,1.1331969873184666,0.6006085754131871
616,6,17,37,5.35948885309522,0.6691644792934874,0.8130501578647327
617,7,22,39,5.4605044082601415,0.1877061715094171,0.9362450133154984
618,9,22,40,5.426512321305623,0.2818580031475509,0.8188095887691864
619,3,13,40,5.390671364189496,0.7354398437991442,0.0
620,5,18,42,5.520532405690651,0.34828125640957425,0.0
621,5,15,35,5.280180991448224,0.7892462156727729,0.14032727099059328
622,5,19,38,5.504671425746562,0.2477788725947644,0.0
623,5,17,36,5.407675521464347,0.37417806118712393,0.0
624,5,15,40,5.378353097155096,0.7866504034149518,0.6873150928309273
625,5,17,39,5.445137729861138,0.5029380221288419,0.0
626,6,23,40,5.433416121953823,-0.013937133408629634,0.8443634254292235
627,6,16,38,5.3784744147150985,0.6072366768654986,0.999974441901213
628,5,18,41,5.496633934449659,0.433109683061623,0.5783292967167245
629,7,17,38,5.323964585379511,0.5782991013249271,0.4697172565729325
630,3,21,41,5.515562596873455,0.10155814101958502,0.0
631,3,21,42,5.5392412092801795,0.1317703586356678,0.0
632,6,14,39,5.2656622875852355,0.8309659359024979,0.5944151152723656
633,6,15,39,5.370046010166827,0.6785847841266465,0.8501526018769358
634,6,19,40,5.454089206182952,0.46607455257824604,0.9526092095121206
635,5,14,37,5.225804191192508,1.0274600379732342,0.5340042729285396
636,5,20,37,5.445278160912707,0.18797092755814204,0.0
637,6,22,42,5.527091831622624,0.20303992310376973,0.9354322131841879
638,4,15,36,5.344697757411229,0.8510287258489833,0.0
639,7,19,40,5.4307635302708555,0.3490686390149594,0.3533593350214213
640,6,14,35,5.16646962033188,1.034911488237463,0.6736547152290011
641,4,14,39,5.359442519048339,0.7460446896047358,0.0
642,10,29,44,5.481273690430828,-0.09295928491814152,0.2699254367164573
643,8,19,39,5.396132881985884,0.49884230948848196,0.33590897715305523
644,5,15,32,5.209843837418005,0.9837602286002988,0.9875943537925622
645,5,15,39,5.351916881925763,0.5221496781457899,0.5048067743702243
646,3,19,42,5.540223928941852,0.3130473041835736,0.0
647,7,19,37,5.388853672052788,0.41836825177034087,0.7586638628883697
648,5,14,35,5.272516829057493,0.8949151710546861,0.0
649,6,18,40,5.4593048817357746,0.5257844395435615,0.6606841289626046
650,9,17,34,5.18985169891751,0.777522710561743,0.5967927277729628
651,6,22,40,5.499242134870221,0.17491396795802439,0.0
652,7,22,40,5.445328544918378,0.08012819044016758,0.42708558894562587
653,3,18,41,5.494309137239127,0.34815571310104165,0.0
654,5,19,39,5.426668334948093,0.35717224411614557,0.9941939797828719
655,3,17,40,5.4739818184397375,0.4801696431422001,0.0
656,3,20,43,5.552188259778777,0.22628358433920498,0.0
657,3,20,41,5.501505360223575,0.17026339032606386,0.0
658,5,15,37,5.363185997313485,0.579640979219116,0.9272780575976948
659,2,8,22,4.616874605956223,0.4117393406052212,0.0
660,3,21,42,5.5392412092801795,0.1317703586356678,0.0
661,5,17,36,5.406512554388319,0.4698437432696694,0.0
662,7,17,37,5.3916921413661765,0.6420665499624493,0.9886130806547064
663,3,13,25,4.865693896819468,0.21578159673628594,0.0
664,6,17,38,5.403955338825556,0.44490925551835336,0.9996098363678071
665,3,18,42,5.5001690997515675,0.3281134096657469,0.0
666,7,19,37,5.395276601783681,0.377650953194982,0.3540376398567898
667,6,20,37,5.416907188613637,0.23058524887637316,0.9845360025910552
668,5,24,38,5.482334612851933,0.04721323454067893,0.7062740891876007
669,6,21,37,5.406452195957376,0.2665053091970534,0.6840384356390417
670,6,17,41,5.486489480282253,0.42963602472222595,0.0
671,3,21,44,5.569103624400616,0.22053453448265775,0.0
672,3,16,42,5.519454882778697,0.4045487449154253,0.0
673,9,21,43,5.482230257823225,0.4339190642812449,0.6373874992221911
674,6,19,39,5.492023866475413,0.37878712439799017,0.995148095654003
675,6,14,33,5.176157410477097,0.8023997529681683,0.5524951143251111
676,3,18,41,5.482012821182286,0.2996511737663141,0.0
677,7,18,40,5.449436190537351,0.4265954770419079,0.7826075923789538
678,8,21,38,5.459593172978534,0.26623477152415875,0.7219280948873623
679,3,21,42,5.532665279941246,0.16559494570673902,0.0
680,6,21,40,5.474481004891054,0.2775139919874426,0.971864344549656
681,6,16,34,5.319105214898332,0.6811404025159713,0.9835018986559216
682,4,22,42,5.594235639936431,0.13000010634249415,0.0
683,6,18,38,5.411739493169317,0.4062027179339824,0.36317128097565077
684,8,22,39,5.439628672686251,0.21523747990115227,0.32847848215077463
685,5,14,33,5.232846728478336,1.0274419203122154,0.0
686,5,18,41,5.5379324757817265,0.3564174635338943,0.0
687,3,21,43,5.563177895342841,0.16111346005282623,0.0
688,6,23,41,5.483449401329123,0.07732152513537224,0.8025113906455065
689,5,17,38,5.451664754204223,0.5764305733194203,0.6631968402398287
690,8,15,36,5.152553648475129,0.8734898040746594,0.7202652357015176
691,5,10,29,4.830439593787304,0.9290579385772806,0.6477274924606293
692,6,17,39,5.367957683249345,0.5208526136904325,0.4987858277377123
693,5,21,40,5.500436249740023,0.2472713002315612,0.0
694,7,24,40,5.470893503324545,-0.038810523903266884,0.863727047668439
695,3,19,42,5.44692510188404,0.24590946587141993,0.0
696,6,19,38,5.451399477671413,0.40599959398741714,0.9967123557000845
697,7,18,39,5.418045580037543,0.6213571038172414,0.945929794305359
698,7,18,38,5.400621934912524,0.5450982634650704,0.5181840773098123
699,3,19,43,5.530572721572513,0.338567300483055,0.0
700,11,25,45,5.532611247416119,0.08035913885486609,0.288833296928616
701,9,26,45,5.558956212920514,0.02871835202021515,0.6020346097545212
702,6,16,42,5.445309544831844,0.6154409025781672,0.4847183178847712
703,4,14,42,5.4230551280438934,0.5966030356252624,0.40985537031840497
704,7,23,44,5.582339292992565,0.14889676301672666,0.5552032130637711
705,11,25,44,5.497387914122146,0.13422491358496197,0.4531160020160412
706,9,22,44,5.3903523217120375,0.38739133565875106,1.1981078328578856
707,11,23,43,5.448556523329185,0.32676061198508133,0.70600315813294
708,8,22,44,5.488023944100011,0.29017584998634727,0.7198560887838907
709,11,26,44,5.4827308290586565,0.12842639181267054,1.2838666300853618
710,7,23,44,5.572912366812711,0.1930081893490092,0.3256490425605765
711,9,25,45,5.489420249921753,0.1408746589874553,0.36317128097565077
712,11,24,44,5.4541985596949845,0.2454815009287043,0.3912435636292556
713,9,23,43,5.512013275637548,0.2929895208324165,0.4457718559738563
714,12,29,45,5.4846768529793035,-0.12337667471289841,0.3795243778626806
715,14,30,46,5.423100997626109,-0.09739669035563843,1.4778153146156403
716,11,27,45,5.470135626250804,0.07679954998489445,1.583649773925902
717,13,28,45,5.435937916691902,-0.0004489390358749096,1.4528903441537473
718,9,23,44,5.5059046164039875,0.24555523602206836,0.574412738032255
719,1,7,15,4.004364184708143,0.45523090105702235,0.0
720,11,34,46,5.455133430073234,-0.47715658305951886,0.5398115504459291
721,8,23,44,5.525736757469958,0.23251123788738368,0.5937576282384182
722,14,26,45,5.366863576463823,0.22573975528368084,0.7532370146401092
723,10,25,44,5.501226277766601,0.17512796849868986,0.18860628365673196
724,10,24,44,5.489691575438485,0.2332557788905888,1.2642034589197069
725,10,26,45,5.522224664391093,0.06062850770246811,1.2236328584938927
726,9,25,44,5.547786068677225,0.12253579759822347,0.6741287008484704
727,14,27,45,5.363965236692376,0.15707944967114507,1.0784517438107621
728,12,27,45,5.419589968771746,0.1023780338969178,0.8664171109826022
729,9,23,44,5.433652838704672,0.30909251876207955,1.5665823212496153
730,9,27,45,5.582287478428796,-0.03655010238030762,0.0
731,10,24,44,5.439913573938667,0.2721527326953079,1.5458869965035749
732,10,23,44,5.474987177170445,0.29409900868506317,1.080029696236887
733,9,24,44,5.5278657404843,0.18897369575251116,0.8904916402194913
734,11,30,46,5.476484161550569,-0.13101299875661454,1.1628305880166272
735,12,29,45,5.473807484826771,-0.0813635469765234,1.1851042154504798
736,11,26,44,5.494450047013188,0.12576850284282956,1.269113178711724
737,9,24,44,5.526516836900203,0.180538195156552,1.0825381602371065
738,9,20,43,5.442566130971686,0.4520637874187038,0.831027306528201
739,14,30,45,5.392722424680759,-0.10102345285108069,1.3086869785163708
740,12,28,45,5.452965132121408,0.04604221386238595,1.1411618848568128
741,11,28,45,5.482387738303614,-0.017451030057688208,1.1362000242292145
742,11,26,45,5.4905044312744335,0.12957148258936063,0.5112422945708728
743,7,24,44,5.602530920197184,0.10487102092616392,0.0
744,12,28,45,5.480873183116935,-0.05308241535055107,1.0631024980829042
745,10,23,43,5.498620584787249,0.282969243911247,0.4602098128408839
746,9,27,45,5.510470240189516,0.005329585603669862,1.1555601018503323
747,10,25,45,5.501540297812555,0.1661171202217212,0.5255744938775451
748,2,7,12,3.7632467313456583,-0.07484643973964222,0.9103480624345155
749,10,26,45,5.532596583824876,0.06784233082442838,0.5441347714640475
750,12,28,45,5.4686183975518174,0.022794377368358876,1.0625074780353885
751,1,4,9,3.3921472236645354,0.1901193565560137,0.0
752,10,20,43,5.425063845361619,0.4435635692175308,0.2943584841293552
753,10,24,44,5.4811990107794,0.23619681776146523,0.7498476172980484
754,10,25,45,5.525402739153152,0.13600804198524952,0.6076753657017661
755,10,26,44,5.527766967008508,0.06198633609683221,0.7048847137368273
756,11,27,45,5.488566519836189,0.0038436601726141717,0.6088343713218617
757,11,23,43,5.415171966657133,0.32817010869630664,1.1237667641901392
758,9,24,44,5.5277049833028995,0.17502963194111304,0.9566522721480909
759,10,27,45,5.531194718245287,-0.025614013673618777,0.4914203068081204
760,10,27,45,5.508657369048582,0.04877236603328711,0.4258404010059861
761,3,12,42,5.353190671338322,0.651936702521541,0.8844839729019954
762,8,24,44,5.541425278632781,0.18799439194411421,0.5288855597258213
763,9,24,44,5.516047910335362,0.18913753572148,0.8708990321910212
764,10,25,44,5.472520290419494,0.1784112690895991,0.8165488293039634
765,11,26,45,5.482212772105039,0.10634918092210734,0.4445768490084804
766,3,15,43,5.458714495630289,0.49222609198394485,0.9488482942421287
767,7,19,43,5.508647967300186,0.40037081269435587,0.4357882520954338
768,9,26,45,5.502966549651498,0.0780821300006404,0.21450983370697768
769,9,22,44,5.473472808538393,0.2957197222679018,0.7219280948873623
770,11,26,45,5.4489638323654095,0.1868538222346794,1.0095719079643521
771,7,23,44,5.572075498433147,0.20454318290807305,0.6280710155029396
772,11,26,44,5.471535333811843,0.1265400640885843,0.4649794123062273
773,10,26,45,5.486749045595336,0.1136532354899847,1.1879952558112714
774,3,21,44,5.569103624400616,0.22053453448265775,0.0
775,10,27,45,5.517342675175263,0.0036699533333884454,1.193836753883841
776,11,27,45,5.499982544717428,0.05128300561869341,0.3560778167408258
777,12,27,45,5.485978076052621,0.032631975070988195,0.1445402656465918
778,12,28,45,5.463401986855987,0.022823376475442095,1.1290898463195833
779,10,27,45,5.5428872838000975,0.009838241117777716,0.5901976701679693
780,9,25,44,5.5707906914710055,0.06830711053146014,0.4194047861743435
781,9,24,44,5.525289174830049,0.1858888381742076,0.42123176324066985
782,10,27,45,5.520704119877076,0.027886523089460255,0.3543385819759186
783,9,27,45,5.513757243082332,0.0056754612717082875,1.1927860659232548
784,7,19,43,5.422799407860588,0.40026067421247646,0.6452227300087223
785,12,26,45,5.486273210865837,0.0926406312760409,0.490952038112115
786,9,23,44,5.533261829173064,0.21537806359704453,0.9993488303798663
787,12,28,45,5.4901217308828105,-0.049437310592120545,0.35408620079971004
788,10,26,45,5.505944398896748,0.09517014279626093,0.292009260941372
789,10,26,45,5.489899373759991,0.0908336073994854,0.25621450274449836
790,9,26,45,5.546180159359264,0.04352369827971332,0.522785514437835
791,8,25,45,5.57630867329164,0.07814994999232688,0.807251105380078
792,12,24,44,5.420215562896434,0.2832432007673047,1.2039540259276647
793,11,28,45,5.476983757886261,-0.04795503875763009,1.2382717901148392
794,12,20,42,5.303181215080232,0.6075469583829085,0.3089711665919836
795,10,21,43,5.430665116750609,0.39828368184858026,0.419921097375718
796,5,13,40,5.0557434283709,1.0179118805925849,0.8592759806609698
797,7,22,44,5.566067937489273,0.2478455363495363,0.5949898952560515
798,10,25,45,5.517566332631249,0.1447495918634989,0.7275150786068649
799,8,25,44,5.566831147165161,0.08757963755697475,0.3835580843809463
800,12,19,31,4.913791876433892,0.7653990194773307,0.8955174182556849
801,10,18,31,4.991556326582471,0.7870215383059045,0.32984607020714635
802,9,17,32,5.143277247556039,0.6225268896863011,0.4941829348497886
803,3,20,43,5.5476361675413655,0.2573624447052165,0.0
804,10,16,32,4.891157860434481,1.0944449376355028,1.0364207057324102
805,6,23,40,5.54808377138519,0.06510479446390298,0.7183098216110975
806,6,17,35,5.332520075966139,0.5979710009249107,0.0
807,11,24,40,5.406266591058967,0.07834948257123159,0.6073814252851001
808,10,17,29,4.989125567795266,0.8688269502552981,0.5311831755095601
809,10,18,34,5.120058069262268,0.753444541313604,0.2506703710641219
810,7,15,36,5.218091706522799,1.0328949732716481,0.8344210035612928
811,8,19,35,5.26973781124903,0.6211041714308532,0.8993939706927323
812,3,21,44,5.582118926162055,0.22086544451723772,0.0
813,6,16,38,5.305549991634421,0.8512540746238728,0.8942376044259771
814,10,20,37,5.2868097707666815,0.49411648134984676,0.45505980319060263
815,11,21,37,5.2666554531528575,0.3813648044274465,0.3182152976832331
816,11,20,35,5.089701825819456,0.6656220567014762,1.1006468432649608
817,12,19,31,4.904349289000233,0.7202443183981839,0.9966002597218168
818,9,18,33,5.200475805399918,0.6013592525565743,0.43109911719061084
819,7,24,43,5.587266334284703,0.03321488982738794,0.624722916628114
820,10,20,33,5.19541341014803,0.44684530411082257,0.4349734800747427
821,4,18,40,5.445311455395036,0.5689015573321767,0.8158009273789574
822,4,16,41,5.451788001705767,0.5819650366556999,0.9901226308935799
823,3,20,43,5.552188259778777,0.22628358433920498,0.0
824,12,19,32,4.917572022550638,0.7399542911484815,0.8361951138990411
825,11,19,32,4.967733043805083,0.6037436573674263,1.168141323141146
826,12,18,31,4.952459444168501,0.7919853014775616,0.3134365192386419
827,8,15,30,5.02478162173096,1.0557692749124934,0.64277924269092
828,9,21,39,5.451792244135997,0.2989726061586511,0.5256270403693393
829,2,13,33,5.1657302522784745,0.3917114129017498,0.9924760039430819
830,5,22,43,5.584679141051595,0.13070300081364525,0.7622688025356509
831,3,17,39,5.438333513297847,0.45200570848660737,0.9182958340544894
832,5,18,40,5.489560226702039,0.5033585452754996,1.0
833,3,19,41,5.490450622615569,0.23770168067808967,0.0
834,8,18,36,5.313187153286422,0.6414537376898445,0.888146718958805
835,11,19,35,5.115446155604397,0.6528345592709938,0.23373142267009808
836,9,18,35,5.221313425908828,0.6138148209623785,0.4470288133728118
837,10,15,34,4.8600830391045635,1.1376897550924046,1.540189883326082
838,9,16,32,5.0960104618316215,0.8329341198802289,0.23284168102748837
839,11,19,33,5.115402469324397,0.6155129909399242,0.3638469981769295
840,8,19,36,5.385887232664626,0.4318865687095291,0.6783035074537305
841,7,15,34,5.183518563949319,1.0301243175821992,0.879697578277517
842,6,17,36,5.3923979299841935,0.6889958463133593,0.0
843,5,20,40,5.561286684176787,0.3017804718160021,0.0
844,3,20,41,5.501505360223575,0.17026339032606386,0.0
845,10,19,36,5.2585729455361765,0.5474000971391899,0.42667142128883095
846,11,19,30,4.926320956210743,0.7793335572363872,0.9205459655276864
847,8,16,34,5.143289537727197,0.7868992562148254,0.36873381603945443
848,11,19,29,4.897028535623818,0.6471342622780446,0.3372900666170139
849,10,20,32,5.123142347746249,0.44568141446748927,0.4900086408223494
850,5,23,42,5.592922251968246,0.017651999402754512,0.0
851,11,18,30,4.8217722979881925,1.0131677659034977,1.160873719882394
852,11,18,31,4.962269692857573,0.797184660825004,1.088047316014338
853,3,18,42,5.537294714612067,0.34054337178802635,0.9432261548473416
854,6,18,37,5.414288333212527,0.5877022903533768,0.0
855,11,18,34,5.164531369302995,0.7257405126207285,0.4001406425508876
856,3,16,36,5.319484165500907,0.3035439509974194,0.0
857,6,20,41,5.546639270189408,0.3417978311936876,0.0
858,4,23,40,5.580741985218564,0.057646587329316865,0.8524051786494786
859,7,17,36,5.31283386921967,0.8255906884564337,0.9998527812126373
860,11,18,30,4.937628475972752,0.7962718833617016,0.2970877656280572
861,5,21,38,5.502895572059116,0.19695872559978728,0.788068992506381
862,11,24,40,5.465884614229658,0.02783894595079668,0.48177343828249947
863,10,18,31,5.0701851230273665,0.8601988086711704,0.25953378921482434
864,6,17,37,5.362035572903724,0.6857830464881564,0.6824826735754346
865,8,15,33,5.13427123404058,0.926861027899969,0.5041634665808867
866,5,18,39,5.475146987398377,0.5565000544824357,0.0
867,7,19,36,5.417481935283259,0.4607719942391031,0.7160501045216493
868,9,19,34,5.211433066957342,0.40596855240625723,0.40597703847557115
869,8,16,36,5.234889697651876,0.827067836814538,0.6500224216483541
870,11,21,37,5.322919553159678,0.35781780494726734,0.44074883140557364
871,10,19,35,5.205532074100665,0.5173275421528263,0.3650551896402849
872,7,23,42,5.557943211168306,0.12525326601343398,0.7355085815538399
873,9,18,39,5.340077053517512,0.6354262318688129,0.6071716548713029
874,9,17,34,5.201947449069544,0.7085195190167297,0.3322866302216151
875,9,20,39,5.384974630602538,0.46799973865662675,0.5435644431995964
876,5,20,37,5.461844279417348,0.2192982195455886,0.0
877,4,20,41,5.564820101298678,0.3303451996084342,0.8296071030882032
878,9,18,32,5.112813970876229,0.7584808612511512,0.3115931461271612
879,10,18,34,5.145900548618478,0.6669571634397656,0.4941829348497886
880,5,20,38,5.433350271947955,0.09462851853688092,0.8323322690121193
881,3,20,42,5.521640636343319,0.23189311859675288,0.0
882,9,17,32,5.046401302232793,0.993448097933412,0.5607355028104923
883,9,19,35,5.2316906232949725,0.5837571618566025,0.22815955544192115
884,3,21,43,5.557354922057605,0.19405781914504056,0.0
885,9,16,32,5.119795511674364,0.8869387458493495,0.3883417318003346
886,10,18,34,5.176563436628476,0.6326476806249417,0.4344152792772976
887,9,19,38,5.373000619971504,0.5050510466582911,0.6735442405161364
888,10,18,32,5.0957774504389,0.6926704465515515,0.35793664294857735
889,3,19,42,5.513153408920676,0.293214049468964,0.0
890,8,20,39,5.47047069762038,0.2755574397230486,0.8163836680050908
891,2,8,21,4.559545634509969,0.4208545599356667,0.0
892,9,17,30,4.972683350754752,1.0147981398056973,0.4178642624458584
893,5,15,39,5.296726144160234,0.8663552172459796,0.7717094696953632
894,3,18,38,5.392747410448786,0.25639951845998227,0.0
895,13,21,36,5.123008735636151,0.5845847466884446,0.27355093544990794
896,9,19,36,5.223990123691499,0.6473688506102009,0.4643508101144354
897,13,22,36,5.134182008035412,0.35463468280559574,0.3041639592855238
898,9,18,35,5.253922488869735,0.699225975297081,0.4780611145286695
899,10,18,33,5.1497654724288155,0.7404591725713419,0.4211660145082221
900,4,22,41,5.461639465782913,0.1178797230695493,0.8933585579250755
901,6,23,45,5.541558397461431,0.23624607158224475,0.8154224977821039
902,5,21,42,5.527561153287733,0.23962278139017945,0.0
903,3,8,22,4.553573566954546,0.5799598767774045,0.0
904,7,27,43,5.571129344649149,-0.16993667089664516,0.0
905,5,21,44,5.582336998655174,0.22361161416239578,0.0
906,7,15,37,5.241438777659648,0.9253830140843228,0.24088145944873277
907,6,33,45,5.355487823824945,-0.8256894976166534,0.0
908,6,19,41,5.498720045496969,0.4624126201427843,0.8896265416875985
909,3,16,41,5.481036114606777,0.5556213290014866,0.0
910,5,11,36,5.037686950003654,1.2225399697442332,0.48865134356960155
911,3,9,19,4.321524764099193,0.5136849312992169,0.7793498372920851
912,6,20,40,5.478732500017884,0.4039818966887773,0.5375641964504283
913,4,16,41,5.456241087829511,0.6526267216798872,0.0
914,5,15,39,5.3711801032852255,0.6738001500258018,0.9442016586014299
915,6,22,43,5.566938101823579,0.2350489933100507,0.06929113246482088
916,8,25,42,5.551305944431637,-0.007024665436598229,0.9661157970946869
917,3,25,45,5.565226986758258,-0.07547408387999956,0.0
918,0,1,2,1.5,0.0,0.0
919,6,25,46,5.593598390162199,0.02413270412117531,0.0
920,7,18,37,5.331195972143827,0.6896109318313499,0.6627954696299518
921,0,3,7,2.9477027792200907,0.22135555123008221,0.0
922,4,16,34,5.298034527554102,0.42260638825774527,0.9930856921454585
923,4,19,44,5.421888805648897,0.2765663259021792,0.0
924,6,26,46,5.599673301978477,-0.04265573336467331,0.0
925,2,8,24,4.600977614163111,0.5387900554043198,0.0
926,15,33,46,5.382825153674608,-0.5866999324863279,0.9600476795074094
927,5,11,38,5.13549305199571,1.0095845701341186,0.5325910545689129
928,15,29,44,5.405550272608412,-0.2040527961197679,0.4950742273222147
929,4,9,22,4.550609529344502,0.5361784279841327,0.7271261380869964
930,9,29,45,5.526969820308795,-0.33040325443861074,0.7482932859824888
931,8,21,41,5.501444172108988,0.3391442609024583,0.9029694905029318
932,5,19,44,5.4606019894734485,0.28107622600197407,0.0
933,3,13,23,4.819817047564369,0.21299194648194186,0.0
934,5,29,42,5.512172179727738,-0.23729648733121697,0.0
935,6,23,43,5.592663322428685,0.1259657190157048,0.251996119923222
936,5,23,43,5.552986659115732,0.1399599101518565,0.0
937,6,19,40,5.489996135579834,0.5087159361510603,0.0
938,3,11,40,5.229828669238678,0.8806867457491617,0.9996868924868422
939,9,23,37,5.313117031139271,0.29794233956326255,0.829713639921705
940,3,13,42,5.348605191415834,0.6007444487152783,0.0
941,5,10,37,5.135374477291136,0.8501871927561675,0.5359423426233068
942,5,15,39,5.368556206139816,0.8502285490791941,0.9970396953866802
943,8,24,39,5.435957956298439,0.12895533069981835,0.6896901732658036
944,0,1,2,1.5,0.0,0.0
945,4,14,41,5.3672519024890155,0.6531552863639805,0.9465794491502015
946,7,32,45,5.504348760140212,-0.37098293748119593,0.9986037652362415
947,4,18,44,5.522324148463865,0.40930697426539925,0.0
948,5,22,42,5.5457682020469194,0.13771305803259298,0.9218384363696333
949,5,16,41,5.397723144376059,0.6721997543040247,0.9995601762933539
950,3,12,39,5.315441450667997,0.9281325947878798,0.0
951,8,23,43,5.528282961056497,0.21467217822545642,0.4804177317907481
952,5,21,44,5.552675539145608,0.24942453731111264,0.9916841214917593
953,5,16,39,5.3178731911156705,0.7927532326839521,0.9638335635321142
954,13,32,45,5.347137772807237,-0.7446723339530689,0.0
955,5,22,44,5.58936502735408,0.18093068874441978,0.0
956,5,15,36,5.31793725378634,0.840498776464624,0.47522098353203013
957,4,14,40,5.359987964671462,0.7468637491135759,0.0
958,5,18,42,5.51296624178629,0.505035857446054,0.0
959,3,13,22,4.701344435995245,0.29552579525059014,0.9521204244105628
960,10,26,43,5.52956072038261,0.036395260510853344,0.8156351576578441
961,3,13,38,5.344883419075118,0.9259999604092752,0.0
962,5,24,41,5.535382587125904,0.03632324103393932,0.0
963,6,24,46,5.547161771776498,0.10651479877602166,0.0
964,4,13,36,5.318670025709388,0.8872202515612254,0.0
965,6,30,46,5.5654878393962,-0.4216228801278651,0.0
966,7,22,44,5.528738535276928,0.2078830747911291,0.956192567551055
967,5,19,40,5.500795485454543,0.3981122878834218,0.9873138848093352
968,7,21,42,5.556480063815589,0.2483890619859734,0.5770042503157248
969,2,11,25,4.771142620598474,0.24226466502277272,0.0
970,3,6,20,4.240289795952463,1.4032306351089097,0.900902695447897
971,2,11,21,4.6297167317378545,0.1805858685767145,0.0
972,6,13,33,5.191984458109268,0.9542278940796036,0.9896469097488854
973,3,11,27,4.849129386819322,0.7255222240959383,0.0
974,4,11,24,4.681448111388601,0.5892668937503691,0.9358021984078705
975,3,26,45,5.477493108217082,-0.03471260786251032,0.0
976,3,14,38,5.295914521951841,0.8516662640477665,0.0
977,6,17,37,5.335135825451483,0.7908537630556403,0.8704441104104189
978,3,17,34,5.271492514220478,0.36839578433351367,0.0
979,5,23,45,5.58783440881762,0.14653499028729794,0.0
980,7,14,36,5.2322135811073744,0.953674115567829,0.6952018890574932
981,4,11,27,4.965983173909744,0.5312292953088511,0.9913193665477971
982,6,25,44,5.563777195773935,0.037797479080973015,0.997574452103598
983,7,18,42,5.4231377405678325,0.6285055480484594,0.6492368621956508
984,7,29,45,5.491483969528182,-0.28708914416216447,0.999107261904943
985,5,18,39,5.478058710862766,0.4738079044282813,0.864663651235729
986,4,22,44,5.6079696731755,0.09091880539611433,0.0
987,4,15,41,5.439973599685724,0.6912813765972528,0.0
988,9,25,43,5.551253287153907,0.0628042094522996,0.4298930850558754
989,7,16,29,5.0734735457344655,1.0669217625751652,1.1468765297395433
990,7,20,40,5.460892956181679,0.4631386011769073,0.9088112060849814
991,10,31,46,5.539130272853914,-0.31962090392654674,0.0
992,4,8,23,4.448816249225572,0.804550847174498,0.576476074777072
993,3,11,35,5.0735033179057885,1.0678883409957827,0.5127091420308771
994,5,13,36,5.252745048087606,0.8705940558796468,0.980084489449453
995,11,30,45,5.4755360992419035,-0.2796683156314027,0.9027888807980283
996,6,24,42,5.563544271500898,0.016563864584653115,0.9533171305598175
997,4,19,46,5.441514628976369,0.33459004878913945,0.0
998,12,32,46,5.454743006046326,-0.49102506071848284,0.4838116385127609
999,10,27,45,5.536790812890839,-0.0665014185188441,0.9452877042032397
1000,6,23,79,6.25419065042952,0.9101334680645322,0.8952722642402938
1001,6,34,81,6.4278481596618855,0.35091247446802165,0.8212809417449864
1002,7,32,86,6.449932704583492,0.4702320039707637,0.691289869405789
1003,6,24,76,6.195034668440176,0.5656209122406892,0.8351164948421137
1004,9,31,78,6.308134637818619,0.5999429099833622,0.9922666387194963
1005,7,16,64,5.774083576250574,1.0209835608768296,0.618220302821535
1006,4,13,19,4.248772110975642,-0.22169091922973355,0.8729882944709463
1007,9,40,81,6.5377149038698406,0.3335594224812496,0.5475844288749034
1008,9,27,74,6.258128758695589,0.7981143991592241,0.5318826028800232
1009,6,37,85,6.4787692338598175,0.3076047831845175,0.8398926865109742
1010,7,27,79,6.328051795477084,0.5389550820477721,0.652968138860309
1011,3,16,37,5.35056196399716,0.32513628182343784,0.0
1012,9,41,80,6.5572049346788,0.276202889393313,0.5171354891896202
1013,4,17,40,5.4459070350795065,0.541296081409228,0.8390040613676978
1014,6,33,82,6.419146220500348,0.37644279768983446,0.999799616411146
1015,6,37,87,6.521706084627472,0.3438393300835018,0.6712478853829508
1016,6,21,81,6.25514015798242,0.7760506380724764,0.6754925690774513
1017,6,40,87,6.547814447630256,0.2615011324832268,0.6939659673342857
1018,7,21,80,6.22500663787737,0.7586461801248386,0.5845723335293167
1019,9,43,79,6.55663002951723,0.15480491009400826,0.5299888383579557
1020,7,29,81,6.430609649595925,0.4950329117013046,0.0
1021,9,19,63,5.849438144821491,1.2956967740778689,0.4986751363204345
1022,11,22,74,6.062034213562251,1.076180535195599,0.3240206800560539
1023,10,18,68,5.7998351821024805,1.377066192060527,0.4333540184921517
1024,9,20,72,6.060721562046596,1.0886583033042796,0.4982630357544388
1025,6,35,83,6.421166267706258,0.34466877174793453,0.7082772165975042
1026,5,33,73,6.2984991705628115,0.26435043452465323,0.7642045065086203
1027,7,28,82,6.344268537868749,0.530629987175306,0.691289869405789
1028,6,18,76,6.064701926377771,0.8890154371942725,0.5643364444932288
1029,6,42,87,6.57521206491475,0.16688785344747264,0.7147274731317893
1030,6,29,80,6.418831288764998,0.45838661420997606,0.6681273338436139
1031,6,19,69,6.007801407390511,0.7153706025567802,0.6589445953074149
1032,10,28,68,6.191836888969448,0.649083792022432,0.8241369392848183
1033,4,15,42,5.425186429663009,0.7761722683580216,0.80235344282919
1034,6,24,72,6.074739555560397,0.5636174798067711,0.6840384356390417
1035,12,28,72,6.2308103680091795,0.7585134761905478,0.23900757647088725
1036,6,25,77,6.298619332621722,0.7275456486946006,0.6398727699548501
1037,4,13,24,4.62725578648249,0.43545926755010744,0.8533728188427888
1038,3,14,33,5.1556515522525705,0.5219884945617095,0.9383153522334069
1039,6,14,66,5.7554009330694855,1.0095079171318655,0.7752030268905998
1040,9,21,76,6.123830318856066,1.1387961190952778,0.5104936402355502
1041,4,13,30,4.952400059233568,0.8061364416015262,0.8582307926411411
1042,7,32,84,6.352999887722432,0.44688715278060687,0.8784734863246803
1043,6,27,75,6.300599866423827,0.48803207724640635,0.6873150928309273
1044,5,39,81,6.4637695111669755,0.20098777812263008,0.7367680100024784
1045,12,33,71,6.339980418359059,0.6423710169354586,0.4471285124980023
1046,7,28,83,6.4325519023206,0.5433501232374032,0.6665783579949205
1047,6,38,86,6.517794435514421,0.30416341400004837,0.6840384356390417
1048,6,33,83,6.455588784575549,0.4096699223495711,0.7219280948873623
1049,5,39,80,6.449338209597345,0.14993565197115655,0.0
1050,8,18,81,6.085950824853901,0.806701541197801,0.712064054890548
1051,7,28,82,6.361974904724772,0.5352417154167705,0.6413510165846328
1052,7,24,74,6.223418325133186,0.6861195107214,0.6301628871027962
1053,2,12,16,4.1328191636431635,-0.36514324539975973,0.9986359641585719
1054,6,42,86,6.553380843808091,0.1681927876260345,0.0
1055,6,27,79,6.317553275149117,0.5327719095606221,0.6589445953074149
1056,6,42,86,6.56018163211587,0.16913519968674165,0.7183098216110975
1057,7,30,79,6.383315958901701,0.5788089204748063,0.624722916628114
1058,6,39,88,6.573557262275188,0.27295974615711516,0.6873150928309273
1059,7,28,75,6.342167566333277,0.6626752641301201,0.7071028270452293
1060,7,24,80,6.2828811767971375,0.6328955347674542,0.6064481901491525
1061,6,33,82,6.398394345536405,0.3757710936749063,0.6873150928309273
1062,1,7,12,3.791924539200504,-0.014158294635980784,0.691289869405789
1063,8,17,73,5.929472949912226,0.8761765491691995,0.5892853115214715
1064,4,30,65,6.1099442606581675,0.2595308526412708,0.8453509366224364
1065,6,31,83,6.342517502200734,0.4758835102207795,0.6559420757694149
1066,6,38,85,6.504938330676024,0.2821553694055169,0.6973409725623738
1067,6,22,80,6.248537494473905,0.8600397101275775,0.9480782435939054
1068,13,26,66,6.147719056728278,1.005846463212804,0.33050772714718557
1069,6,43,88,6.590090466839966,0.1646844780321627,0.7111806626974717
1070,5,41,82,6.495954753736203,0.11192986098444488,0.0
1071,5,36,79,6.384517131793096,0.27270061718402694,0.7292739418449411
1072,3,20,44,5.577558303599129,0.2515473889178003,0.0
1073,6,33,82,6.487229952493709,0.38847103760699375,0.0
1074,6,39,85,6.5084910291864295,0.2514636068336294,0.7041920940481365
1075,7,24,83,6.27526656731589,0.6553709732856344,0.6014353864290771
1076,7,25,79,6.316365214225095,0.6978915480521772,0.6014353864290771
1077,8,27,76,6.313742732691464,0.9292002463519519,0.9999424938532381
1078,6,39,85,6.497663963987853,0.25064819015304807,0.7041920940481365
1079,9,30,79,6.33939037209358,0.6682641734309563,0.5281098034628294
1080,7,28,70,6.233189882228805,0.5922963816656494,0.6301628871027962
1081,9,21,56,5.817391807542981,1.0125385685533417,0.5516699920020824
1082,6,35,81,6.437981680755495,0.3112759310021581,0.7076690004167968
1083,8,27,77,6.268620596768797,0.779154468008078,0.9566958374253298
1084,6,30,81,6.407783604009829,0.4548607107242571,0.0
1085,5,19,47,5.672127055539956,0.5993504199729652,0.7807536250860868
1086,8,29,84,6.4239998427854355,0.6727943832736218,0.987380023288353
1087,5,43,86,6.554551098550681,0.12162446690649094,0.0
1088,6,30,79,6.381727678869739,0.4303642274726901,0.6873150928309273
1089,7,28,83,6.390814747412253,0.6215304694048058,0.6064481901491525
1090,7,31,85,6.433097264340848,0.4856633624030698,0.6883704448589434
1091,6,20,68,5.897353957715543,0.638236638720411,0.7349557594762548
1092,8,23,64,6.07967328558156,0.6879681495348154,0.5068709035983759
1093,5,42,85,6.535859509765634,0.1401640156130472,0.13402979616803595
1094,8,29,60,6.006844892411474,0.26599430237024446,0.5845723335293167
1095,6,42,87,6.57521206491475,0.16688785344747264,0.7147274731317893
1096,8,22,52,5.844505552827131,0.48065868688945335,0.5940812491539164
1097,6,40,86,6.512753855235761,0.22954318102053295,0.45505980319060263
1098,6,25,83,6.345931148330465,0.6209212027361336,0.6089884591711847
1099,6,40,83,6.501089447309441,0.23260627212006232,0.6681273338436139
1100,6,34,83,6.502583407161071,0.3854586015938561,0.0
1101,9,43,79,6.550132124083413,0.12448426443989141,0.9603622703154779
1102,7,24,51,5.744928276728986,0.28092528394086735,0.6442142137378306
1103,10,31,76,6.370098817256971,0.8537894654585679,0.4249503803123202
1104,9,26,68,6.18497527006672,0.7337713772340824,0.49276932640823806
1105,14,54,84,6.5303888177015885,-0.1820694282873023,0.569825146468512
1106,7,32,77,6.337171957544909,0.5558889565652987,0.9999741348979407
1107,7,25,76,6.182340262132411,0.7679392052688121,0.49072901178586364
1108,11,35,78,6.4596725978325535,0.5108294167750916,0.3180612123970292
1109,10,32,69,6.306750188008207,0.6010791425954403,0.24451528446823634
1110,8,37,79,6.488898151881038,0.36028822318192233,0.8631205685666311
1111,5,45,85,6.548548539271535,0.033037756800652206,0.0
1112,10,40,82,6.507880099562775,0.2733831814899136,0.6399716194794224
1113,7,29,64,6.197106025448743,0.7192110474348852,0.9940302114769566
1114,7,31,79,6.298798866658278,0.44360461502430365,0.5182873157913042
1115,10,46,84,6.544426084563891,0.07318744713497632,0.9748583599299534
1116,10,31,75,6.370419940700618,0.7195578010543634,0.9065050302813552
1117,5,40,85,6.526814258979203,0.19046066014913315,0.73974144872329
1118,3,18,42,5.537294714612067,0.34054337178802635,0.9432261548473416
1119,9,34,79,6.433095571323575,0.529866605086694,0.5356133907673357
1120,6,22,75,6.1401551478717185,0.8996403224121108,0.5323790723705373
1121,13,31,69,6.2169467578191915,0.7320241032619212,0.3120895659343453
1122,3,21,47,5.656250000000001,0.2529598535591254,0.0
1123,4,18,48,5.658156271821358,0.64527025785953,0.9252253278054431
1124,9,43,80,6.539436730763193,0.09547457939387657,0.0
1125,7,35,81,6.442405856115304,0.3452167552681651,0.7451377602943154
1126,10,19,68,5.857025297145125,0.8703173832049321,0.31841866320855566
1127,9,34,74,6.397582265365987,0.4416013638767835,0.36240882630239213
1128,11,39,77,6.455682068381287,0.3005621938564916,0.22853814395352803
1129,15,41,82,6.4377409876780565,0.38720115051200493,0.23841190084443228
1130,8,18,73,5.964042041160749,1.2389860422190182,0.9925975652895037
1131,9,36,79,6.467332752352744,0.40637655591607996,0.4892109596539741
1132,9,37,79,6.4877839583929555,0.4236696068154267,0.7003996764296386
1133,9,31,81,6.374985769675957,0.5621701035384907,0.5890477097890547
1134,2,6,10,3.4278943697927917,0.04071852180190305,0.6892019851173655
1135,9,35,83,6.42499251206824,0.4077481352976218,0.41542534323356645
1136,9,35,77,6.484478926067002,0.41355594020127634,0.0
1137,10,39,77,6.401836428659569,0.23614314694383337,0.24414164238829614
1138,10,26,78,6.2847015540670546,0.8883678304525737,0.805923252053293
1139,4,24,52,5.839887964575106,0.25388609069233037,0.0
1140,6,14,55,5.590045744668771,0.9703981015791965,0.693127415328288
1141,5,19,80,6.1411636867851565,0.8411966344226938,0.7676515870125797
1142,8,33,75,6.417809568035031,0.446046485982604,0.9737326459226808
1143,8,33,81,6.458519408223204,0.5438975057278156,0.936337193209764
1144,5,44,86,6.561864565285172,0.08924154055499608,0.0
1145,12,47,82,6.563542893309035,0.05283871040577148,0.0
1146,9,24,74,6.18474063117956,1.074026566545691,0.3510684417840611
1147,3,13,40,5.366289763265069,0.540120202139059,0.9571814385446724
1148,8,28,75,6.304803949701812,0.9061983963757828,0.754307437077419
1149,9,57,91,6.58722913874005,-0.15366577476744586,0.9809281905623882
1150,10,36,79,6.460951048314686,0.47528711703983134,0.5109929206798272
1151,10,32,79,6.40915217159842,0.5652362097613394,0.2527746249901374
1152,10,34,79,6.434435324938271,0.44728693245259254,0.40024552250063156
1153,9,40,78,6.505342522242084,0.2676341489205672,0.4813528018955864
1154,11,36,78,6.481400191627404,0.46379896234119466,0.48924786205794396
1155,11,34,75,6.405732700216541,0.48294456800253477,1.0974938434083856
1156,7,15,39,5.31307602387701,0.6664006181651304,0.7002019050456441
1157,5,44,86,6.550987553599394,0.10399776429928884,0.0
1158,8,21,74,6.125752510943541,1.1791531873795327,0.999420564811045
1159,4,15,44,5.451820408456356,0.5440692499707094,0.9394532068181357
1160,3,16,38,5.365303359518971,0.377268304407518,0.0
1161,2,14,34,5.206546578809086,0.35728432504016994,0.0
1162,9,22,72,6.120137907762705,0.8241350967059151,0.3833956049130902
1163,10,31,75,6.350304105451299,0.6154317533954816,0.3977755967360241
1164,3,20,45,5.62807357429357,0.29645923881975245,0.0
1165,10,28,71,6.300262823002169,0.8206306320774575,0.4488644887230295
1166,7,29,79,6.342590009439777,0.5258154443371937,0.6124409486463372
1167,10,40,80,6.518201500791378,0.2784468914759329,0.8340518587929184
1168,13,48,83,6.5419191011860685,0.025957570459984872,0.31720277431062477
1169,9,44,84,6.545257350350618,0.11849690005857942,0.5418160214051355
1170,13,37,74,6.409320953425404,0.4877466150479765,0.3670227675093891
1171,12,41,79,6.450801582598987,0.24560587855786006,0.3718628392652605
1172,9,31,78,6.354989953435462,0.6137714903355252,0.6038247131212575
1173,11,43,83,6.52041800929481,0.14528494044003573,0.4941829348497886
1174,3,14,38,5.2790898209815555,0.46435659228081355,0.9831491282282877
1175,6,21,42,5.518476939858435,0.19574025650242113,0.7062740891876007
1176,8,38,83,6.516282493567832,0.3403205345447114,0.9864721587435714
1177,3,19,42,5.540223928941853,0.3147588493441378,0.0
1178,7,23,71,6.184971771957025,0.9112155012990288,0.5444994959336954
1179,8,26,74,6.262062316132477,0.7992142267399358,0.2630673503564037
1180,9,22,77,6.113470949689995,1.0129481496610098,0.8422261300920172
1181,7,40,84,6.5354769295900255,0.24449351291406735,0.0
1182,11,36,79,6.366411273852481,0.41351196673209617,0.1882665984016659
1183,5,35,86,6.481877379869805,0.3659154512389654,0.0
1184,7,31,82,6.424465464931014,0.6221586824530687,0.9465794491502015
1185,10,34,77,6.385498101012949,0.5299120442798213,0.2154078133409464
1186,10,29,75,6.287377942708076,0.7466951070642649,0.7310733191976804
1187,8,27,76,6.199340981485356,0.5795913933715022,0.449281827496306
1188,10,39,79,6.513802764058478,0.30729976411295545,0.7697213997774284
1189,8,26,76,6.2857228279431565,0.9739165700281778,0.8197426443549776
1190,5,45,86,6.569995672814287,0.058783207818490384,0.0
1191,5,14,41,5.376651994565508,0.8298681937891198,0.6373874992221911
1192,6,41,87,6.528022579935237,0.19100176496835775,0.0
1193,7,17,64,5.896811583948263,1.1822532642538826,0.5451360030647576
1194,5,41,86,6.519951645323171,0.16853515690929183,0.73974144872329
1195,8,35,77,6.424788331471552,0.4160882945293856,0.9906425051112426
1196,8,35,81,6.507045147574962,0.44709628514046146,0.41083783851692773
1197,9,33,76,6.433401667411958,0.5360615329871494,0.4728198911993123
1198,6,37,83,6.497663963987859,0.2884055636339891,0.7219280948873623
1199,11,45,86,6.521316963162978,0.12306523623879892,0.22912597074766633
1200,14,52,90,6.62953842528111,-0.03508178691809807,0.3912435636292556
1201,18,49,89,6.498187275318488,0.19603270340198337,0.9870882540749604
1202,15,50,90,6.516054972380333,0.12956045087559412,1.1255052658326055
1203,17,51,90,6.507192101734926,0.08920503881121887,0.6275141417715279
1204,15,50,90,6.5558022867775705,0.10460170058142887,0.26056025220644913
1205,14,49,89,6.581082077035672,0.09251101237169163,0.15240699892386775
1206,19,52,90,6.502545613052371,0.10580361757237097,1.0494370314359693
1207,22,55,91,6.49648070212226,0.027141489554856034,0.7284919440513332
1208,10,41,88,6.5924886433366705,0.2744341680945661,0.4488644887230295
1209,15,49,89,6.596187828516498,0.08208283870126673,0.4149375939024169
1210,15,46,89,6.584613658701006,0.18830834025818421,0.2923224116646934
1211,5,44,89,6.599541531706474,0.1164403774806274,0.0
1212,16,49,89,6.518540827913556,0.16043095052305723,0.8247404020513899
1213,15,44,88,6.50814116067795,0.2672760768759051,1.0555119828581558
1214,19,50,90,6.488865622498299,0.17748767524132525,1.0682471636675563
1215,13,49,89,6.583375489253431,0.10275870700318836,0.17925606692832147
1216,15,39,87,6.421736997364326,0.424463920575747,1.102470366486389
1217,15,45,89,6.44388861806371,0.24609539125719732,1.3192886395351342
1218,17,49,89,6.512032891989248,0.17174936083591738,1.4537112028335812
1219,11,47,89,6.607431122990065,0.10436434208102469,0.4075641022701551
1220,13,47,89,6.568867708128496,0.1302097833291478,0.2979983249542935
1221,6,44,88,6.5962176681519065,0.1324372867955281,0.7183098216110975
1222,14,45,89,6.546056203687174,0.22166458746306344,0.21332771420202873
1223,7,26,85,6.327385196134171,0.5928298066585884,0.6115516951951333
1224,13,49,89,6.567916003463744,0.1055647870993425,1.0231737497564881
1225,10,43,88,6.569374081167826,0.21225632159177277,0.3488102478918811
1226,16,49,89,6.5145079938677295,0.15092904860509382,1.0488986997383463
1227,14,46,89,6.538345869972113,0.21382318819633123,1.618805657997215
1228,7,29,85,6.305767502687185,0.5327066135687171,0.6417229494625627
1229,10,48,89,6.625821562920084,0.049478923614121574,0.49177002137861525
1230,13,44,88,6.559869014297162,0.24195185998550295,1.0471525050939445
1231,1,7,12,3.791924539200504,-0.014158294635980784,0.691289869405789
1232,11,29,85,6.283361920128716,0.5772437735919336,0.39613150840299727
1233,17,51,90,6.527549082914537,0.09073831388705189,1.0886299056926916
1234,12,44,88,6.5487248242339575,0.23901133544201944,0.20914010776574213
1235,8,35,87,6.484650720979535,0.40045173569024,0.4227623437791517
1236,19,55,91,6.557588770484289,-0.03726031484508264,0.16644115360578443
1237,20,53,90,6.518749813341451,0.06716520678328569,0.09623397754487949
1238,16,50,90,6.552526085417599,0.09121451705171335,1.2151053245590122
1239,15,44,88,6.483695923864686,0.31143555733172534,0.9515645137110784
1240,16,46,89,6.517285537916135,0.2570856922957257,1.0630004215644362
1241,14,43,88,6.4287676324656635,0.2946580393136601,0.15062668980077507
1242,11,44,88,6.5471915521331026,0.22327715911769594,1.1908553201324044
1243,13,48,89,6.554375513391513,0.13629709770020984,1.0460121061075454
1244,15,45,89,6.502864395906626,0.2452478985121847,1.0650068442659852
1245,10,47,89,6.6136768725291555,0.10045682554293443,0.483911233259378
1246,15,48,89,6.571135021197406,0.1499382889571996,1.0348411122993184
1247,20,52,90,6.499377740546047,0.12447936477677696,1.309011436906407
1248,6,38,87,6.4742787700294,0.32507655148473324,0.6743988870714471
1249,16,49,89,6.5040839332190545,0.14026295718136556,1.2220998856317884
1250,14,49,89,6.542481256606537,0.10362424940793846,0.18735701521102166
1251,7,32,86,6.42889457862752,0.4542467694698997,0.6442142137378306
1252,12,41,88,6.448362093902744,0.3031683541016889,0.9998061147993923
1253,18,50,90,6.512610221032947,0.1338783754281489,0.6531347263621309
1254,16,50,90,6.573123064780004,0.09159453931166489,0.7805868641939762
1255,6,43,88,6.593069207771893,0.14854828852707025,0.7147274731317893
1256,13,28,85,6.130713189414849,0.6543081355328637,1.112119410018239
1257,15,48,89,6.591178931464152,0.1195110828366115,0.38856426139690164
1258,13,41,88,6.487368934682942,0.3558562543920465,0.2554709687374075
1259,17,51,90,6.4902622207555565,0.10708073372297452,1.6206054009693875
1260,11,46,89,6.585550465610031,0.11575230163279401,0.4793274523157513
1261,14,45,89,6.520461720213617,0.25161200614019985,0.13136651585362805
1262,6,37,87,6.469343415563411,0.344335651575048,0.6681273338436139
1263,13,45,88,6.503812502099015,0.23740925065181154,1.044648876939141
1264,12,47,89,6.534881371082239,0.14388060237560407,0.8784959446645543
1265,16,52,90,6.5682710823249355,0.032038353289417634,0.15257971069306786
1266,12,39,87,6.477104207696214,0.38593930112123914,1.1074525275781948
1267,16,50,90,6.570557498879832,0.08712579735656407,1.5608881905175789
1268,15,46,89,6.526732649738467,0.20025314912965853,0.21639693245126465
1269,14,52,90,6.576216053450578,0.027207338383831874,0.16339018216213502
1270,18,49,89,6.5237886036546735,0.1827812753363976,0.08902823430168402
1271,13,45,89,6.545234988987722,0.21816173350405738,0.6646162624632762
1272,6,34,86,6.43833351329785,0.419353652330484,0.6500224216483541
1273,12,38,87,6.35547303373545,0.4136183181320284,1.5204474151079612
1274,16,47,89,6.51444409395442,0.2033037794108063,0.19343961834870488
1275,10,46,89,6.579310472189156,0.14565451955467157,0.44020218561783775
1276,14,43,88,6.512690215174445,0.28464431518929645,1.1967867805692618
1277,16,51,90,6.538985993591146,0.0954418168675795,0.9973394298314711
1278,16,46,89,6.494392406166035,0.2553786567153107,1.0621547274890135
1279,11,47,89,6.57882743341925,0.1403504142148122,0.21849782190518277
1280,15,46,89,6.443924126441864,0.2428879246169838,1.464914069543566
1281,10,46,89,6.584804428292129,0.11900867747306934,0.9948905370642835
1282,21,54,90,6.496301158138987,0.03156034934729362,1.03451520348781
1283,14,46,89,6.531020135680746,0.18727924728139828,0.157646959870395
1284,18,53,90,6.5569210886223726,0.04009704177472037,0.34231181338554945
1285,17,50,90,6.508806456706653,0.15363812039617836,1.0918792620143238
1286,14,47,89,6.524676149600784,0.1875630842589198,1.052176758299118
1287,13,45,88,6.54730654246647,0.21551169115716654,0.17093571368302396
1288,11,36,87,6.479100049594712,0.4314307711471187,0.20204444860160845
1289,15,40,88,6.45612328436438,0.3931249485997782,0.1750745824600331
1290,10,42,88,6.546273027217566,0.2632576606487805,0.8163836680050908
1291,1,7,13,3.940072687348654,0.169078548753555,0.691289869405789
1292,1,3,6,2.777362795064169,-0.05971368162112933,0.0
1293,15,46,89,6.481541692624181,0.19422305030052292,0.24846335954623072
1294,12,44,88,6.482234339869261,0.2576006676751486,1.1125004010233044
1295,16,51,90,6.5943881767430215,0.008386797664174543,0.31659868110099754
1296,17,44,88,6.443045245051395,0.3282339434279772,1.6300554963497333
1297,14,40,88,6.433514202171296,0.36456454014071066,0.22912597074766633
1298,18,52,90,6.522666068240892,0.09440285246923373,0.1394367509774891
1299,16,48,89,6.518114105629575,0.19741189217686145,1.1521951112272064
1300,17,33,64,6.036760688253843,0.9263155579533908,0.5338502787628153
1301,14,31,67,6.220577022833404,0.9034142202079563,0.38742840500561193
1302,15,27,55,5.85490134660594,1.2131932617092842,1.1034539102910248
1303,20,34,62,5.947844162962134,0.8128858300600411,0.6623590768614027
1304,17,33,68,6.005101677417088,1.0002344575338822,0.4400942415048033
1305,14,27,62,6.086487807035241,1.0166592613542205,0.2595615190860121
1306,13,31,70,6.325077877889285,0.7799797581676519,0.37646189046875067
1307,13,40,74,6.441883310240126,0.277955104975186,0.3809465857053901
1308,18,29,57,5.852876186295177,1.1937682700184173,0.6570552983268749
1309,4,28,61,6.046928094887362,0.21542951655677228,0.8485481782946158
1310,18,31,55,5.803681203700437,0.8576962746381988,0.7437646453173898
1311,16,33,69,6.202544278370207,0.7600451962098945,0.14468470487991344
1312,13,25,52,5.790036387183675,1.2803268675099313,1.3561572731358946
1313,1,5,9,3.4399364703978077,-0.023300420610279926,0.0
1314,19,29,51,5.584704820512121,1.2214896434089724,1.221994335787182
1315,5,40,82,6.482637435695277,0.18107231746938224,0.7367680100024784
1316,15,29,56,5.955841373308594,1.0825564085133876,0.2174417819723356
1317,7,30,82,6.461899756500677,0.5502552263585108,0.624722916628114
1318,18,34,64,6.0429503706322425,0.7687238568109063,1.3678944003431113
1319,13,23,52,5.781418568707631,1.4088533642529681,0.9382320289237406
1320,18,33,61,5.946127921165471,0.8662201356478627,0.6600964375351386
1321,13,42,77,6.514432078138193,0.20576468183483365,0.42506623606501115
1322,16,28,50,5.686747834690058,1.1374172344176259,1.0814988488830743
1323,16,26,55,5.756528929759816,1.2595184928600232,0.7806591407038046
1324,17,29,61,5.9067531018423525,0.9848613856690216,1.0119793264851258
1325,13,30,65,6.143977562412735,0.9559168728916482,0.1348024903706212
1326,16,33,61,6.139361892293381,0.8535816510687595,0.2798108297036046
1327,16,30,61,5.94188901084643,0.9611928512794525,1.3745264118179812
1328,18,31,59,5.852408853716203,0.9119974417349805,0.5351878147971934
1329,8,30,74,6.337064958311998,0.6426349381682557,0.5643364444932288
1330,14,34,71,6.302652197478693,0.6747331798322023,0.19611821442227917
1331,5,38,80,6.450439718141093,0.1861972395825306,0.7444131797881749
1332,15,27,52,5.731534689307654,1.0970162007640811,0.9542308666756357
1333,15,33,68,6.223170552373104,0.7441679968730966,0.23195779117275514
1334,15,29,60,6.020580960060749,0.9954605520542094,0.18844968231939943
1335,17,28,60,5.938162342282963,1.0979259703294375,0.9243032795453497
1336,19,35,64,6.005076365048335,0.7274844181569734,1.3690479333022432
1337,6,40,85,6.539497779200464,0.2043526018188795,0.7147274731317893
1338,5,38,78,6.423856189774727,0.15540274354161884,0.7601675029619656
1339,17,30,59,5.911239042846585,0.993584487496409,0.7439583637888888
1340,21,36,64,5.9811819843030225,0.8496852044260083,0.4923281071232073
1341,16,28,55,5.767886479028263,1.1132780405683202,0.9397486455497039
1342,15,34,75,6.331925540935177,0.6968587483224694,0.24363415847361708
1343,9,37,79,6.494661307845478,0.40413410670264277,0.537654027621765
1344,17,34,69,6.205262252740628,0.78939764723933,0.17033057560105985
1345,17,43,73,6.3226986556837685,0.2087122710553606,0.15411078495282843
1346,18,32,59,5.921063756799394,1.050223606013531,0.6361813750482371
1347,15,30,63,6.052171320295557,0.9299899790739031,1.0973931481123793
1348,19,33,62,6.012412963679928,0.9219674451139079,0.1425733302598987
1349,14,24,49,5.651462092068178,1.1941566466192959,0.5871171501571295
1350,17,29,52,5.671071212947311,1.0542344971170854,0.575068869396462
1351,12,40,72,6.44779398220832,0.272463114446426,0.4523816230590106
1352,16,36,81,6.417468495199779,0.5245406620753978,0.30503002750507074
1353,17,35,69,6.152517702092593,0.6887091668407372,0.5976431197898617
1354,20,31,60,5.739160128213488,1.1287252016603588,0.41555233167883376
1355,13,25,56,5.869554081303686,1.2047685356188877,0.7739388208904785
1356,13,34,74,6.361143612968127,0.7090588707725053,0.28547677982442654
1357,14,34,68,6.29839687014644,0.5441282623617689,0.36012151778107926
1358,1,7,12,3.791924539200504,-0.014158294635980784,0.691289869405789
1359,13,36,71,6.381820874689552,0.5712266923918786,0.4148205357307983
1360,14,27,52,5.769802221378359,1.103439546414134,0.4968193275826918
1361,5,41,83,6.508132025833402,0.1271620698578793,0.0
1362,5,36,76,6.383856189774722,0.1971068064189978,0.7601675029619656
1363,12,38,71,6.414397859043974,0.31851253146475234,0.4523816230590106
1364,11,44,78,6.530536279577902,0.09501090451395444,0.0
1365,15,27,55,5.884074807940518,1.2389401664822104,0.19123513234451125
1366,16,31,59,5.9763258593233175,0.9001352571052571,0.43703005157164937
1367,20,32,59,5.829749390468433,1.0426399663832018,0.7058426047105756
1368,14,28,63,6.106272413124829,1.1385738211135223,0.34222478303898574
1369,17,36,73,6.336447076167538,0.5799127016345705,0.30173942053318736
1370,14,26,58,5.933577684118038,1.1031985334493979,0.9703832663182069
1371,17,31,61,5.955644320941928,0.9158303831413319,0.5996194640694082
1372,2,8,14,3.986454374903004,-0.01075800999427634,0.869137580612638
1373,15,29,57,5.8930941227209095,1.0843851926845423,1.3287388060278726
1374,17,28,51,5.596827211804403,1.1203966354162775,0.805995105634535
1375,16,31,63,6.040624025365086,0.8614386286729973,1.100431552360603
1376,11,42,81,6.542219518385722,0.2181386069645925,0.46471655670512435
1377,17,32,60,5.9221987119674475,0.9171985090947155,1.5372052208137421
1378,13,25,56,5.869055952812796,1.1018318750736078,0.6857591891815292
1379,10,30,74,6.317042178089159,0.770009748719906,0.5216863320210008
1380,17,33,66,6.105878964809989,0.6797788556013642,0.11397020802905504
1381,15,30,61,6.136325357816695,0.9515106096306334,0.3265813517843845
1382,17,29,56,5.786381856482622,1.024903922755473,0.45869490787131506
1383,22,33,57,5.752108676228864,1.0194142025984827,0.8198854213511941
1384,14,26,63,6.031422267221559,1.158807847137554,0.16967293059850705
1385,16,31,65,6.152331523761711,0.9541808078889722,0.3556836679832618
1386,16,29,56,5.858912352600346,1.1865822054397366,0.1470878521813823
1387,7,35,79,6.457854445516396,0.43112643846432824,0.6274303352684107
1388,17,26,58,5.712710494941646,1.4793394649594451,1.5745471675921172
1389,5,40,83,6.498476332195544,0.17858745025991718,0.7330022650766125
1390,13,28,73,6.2260683581068355,0.8303623776037485,0.296426244841378
1391,15,34,73,6.318823242008356,0.7255439620069696,0.2619144644437394
1392,16,41,76,6.362845306458819,0.3156229174310493,0.15361974112469803
1393,16,37,78,6.402753335415216,0.5521284433353458,0.2564959538378598
1394,14,28,65,6.1714930299503,0.9497525411334116,0.32765217548110803
1395,15,29,56,5.90091028820244,0.9571211393155057,1.0637080167244517
1396,16,30,65,6.018052000082963,0.9849821909162456,0.5446594263131764
1397,10,30,76,6.357702410798195,0.7366494968992346,0.49177002137861525
1398,17,29,56,5.802855956665453,1.1982032172292776,1.099746952619719
1399,16,29,62,5.94137091120142,1.0320916043197483,0.8560750357066168
1400,1,3,6,2.694781460584273,0.002803886623638119,0.0
1401,6,33,85,6.483833454015179,0.5351207625979527,0.834247259385324
1402,3,8,39,5.053317451706581,1.0115376448172773,0.7620849248057242
1403,3,13,46,5.512298874434472,0.8771315938331319,0.8597555090200143
1404,7,20,32,5.30659570799863,0.4308214048426201,0.9540272514258511
1405,6,21,72,6.143437974510245,1.2568089993200746,0.9999905987424922
1406,2,16,42,5.391297812895319,0.4105256899053158,0.0
1407,27,57,89,6.480910720008924,-0.12486039564734393,0.5602470939338268
1408,8,31,83,6.459779360771796,0.58021145054739,0.8824094706875522
1409,8,31,82,6.407828212853938,0.6604191720340423,0.6589267441410468
1410,7,26,75,6.3039828269477,0.7421390939650203,0.8863436356916609
1411,7,19,37,5.365147406345117,0.2814493899379146,0.9165314483280016
1412,3,14,40,5.364062189989356,0.6432414448717318,0.0
1413,2,21,45,5.545331189950969,0.21129453910766666,0.0
1414,2,6,11,3.6684539577019217,0.23229213521894934,0.0
1415,21,54,87,6.546411583774329,-0.09103580048301138,0.814705548656723
1416,2,5,10,3.4690973111083303,0.7113359062741744,0.9786961448300948
1417,5,18,52,5.707476487749849,0.5383807019115008,0.0
1418,18,61,92,6.5390161734360674,-0.23341004019447598,0.6475797387477283
1419,8,23,65,6.109827198319838,1.313432295168667,0.5567181382557599
1420,9,25,75,6.246130709236092,0.9556372107568821,0.9204423954836146
1421,13,44,48,4.4990769590766515,-1.5150312521034768,0.9958446153119958
1422,8,62,89,6.479289171126387,-0.522483478220202,0.0
1423,4,13,39,5.371002542518989,1.1334429850645606,0.0
1424,11,35,73,6.400805523312113,0.6214129719880581,0.4992900668183933
1425,6,33,75,6.407099860456138,0.5477508149567151,0.0
1426,5,20,49,5.913282864394901,0.8525259419478427,0.7939481089491405
1427,1,4,9,3.4072682296173897,0.5413399567275137,0.0
1428,15,52,86,6.558997432943835,-0.034204669997594285,1.1806882076873897
1429,9,36,83,6.497542980772065,0.5212348220487603,0.0
1430,4,31,86,6.3769080864680365,0.446281580480372,0.0
1431,10,41,85,6.579174889708326,0.2940357362116457,0.0
1432,2,7,16,4.195675662809304,0.25421581881062827,0.0
1433,12,31,79,6.38053727352025,0.7644610432716991,0.804055216224352
1434,8,33,85,6.468651933894504,0.5379540071523858,0.8084557936982765
1435,7,27,78,6.338996853860434,0.8384957262973135,0.9040674906336861
1436,3,10,46,5.256454767657627,0.9750084363579877,0.995148095654003
1437,3,23,42,5.543295834054491,0.015103416228301081,0.0
1438,11,31,77,6.350551527192555,0.7730806550795289,0.46683913919393794
1439,10,53,89,6.592978234943546,-0.10689074825518552,0.6683725949563483
1440,6,33,77,6.366049079133507,0.6734444342653121,0.0
1441,11,50,87,6.567184914373189,-0.010786596805179835,0.30827171407484905
1442,2,6,8,3.2406667788138512,-0.20108991244689944,0.0
1443,5,11,35,4.852036990293538,1.2510701911281026,0.7088356733321961
1444,7,24,50,5.921310237329432,1.3051194181017272,0.31456886987330246
1445,10,49,89,6.643856189774725,8.118505867571457e-16,0.0
1446,4,34,78,6.30002757063553,0.3437144345210985,0.0
1447,3,19,44,5.553086374550842,0.5056119335796724,0.0
1448,4,18,40,5.4274342671787075,0.3098910039644471,0.0
1449,4,15,31,5.2284401711825605,0.7046488343212364,0.8812908992306927
1450,11,49,85,6.593542883640782,0.0540743393236117,0.0
1451,7,24,72,6.254266468431489,0.8255445805260199,0.9964196342978482
1452,7,31,71,6.324707536958113,0.7788601337586737,0.5407886358112066
1453,5,37,87,6.49740226839657,0.37866322394115093,0.9912070789403657
1454,8,23,76,6.161198234112053,0.8781575583091781,1.4808881606995048
1455,9,21,62,6.011060220494169,1.3055412371257131,0.2914930635961759
1456,6,24,72,6.28232130936755,0.9271934797693879,0.8504485701942088
1457,7,59,91,6.560438505930977,-0.34707196327365825,0.0
1458,8,35,81,6.503207550283884,0.5214367500474453,0.0
1459,6,18,72,5.9732830540988555,1.049426574687228,1.1393933101789566
1460,6,21,50,5.822861559188833,0.7405523026114711,0.9014296082981941
1461,4,15,38,5.325807482389686,0.9126991936298888,0.0
1462,4,14,45,5.470761415227582,0.8965448390017199,0.22725656422208354
1463,4,19,42,5.2867417665222955,0.36528199050808413,0.0
1464,4,27,55,5.873472034601218,0.13561683679994146,0.0
1465,9,32,80,6.349247823698848,0.803468087357128,0.9663340942959812
1466,7,26,70,6.29471969354952,0.9019156544619,0.887251960081877
1467,12,34,71,6.351563641913916,0.6769311672657959,0.5357150195407703
1468,9,54,90,6.5838271690570656,-0.08271809749884665,0.48235925087310094
1469,8,26,74,6.269926791335606,0.884071306139977,0.2981339350793818
1470,10,54,89,6.613377564620636,-0.14148536222020316,0.0
1471,6,28,80,6.425227263563904,0.7313943895207142,0.0
1472,2,20,43,5.361373769664154,0.1583518611820528,0.0
1473,5,13,33,5.18733775314351,1.4799490760249672,0.5373760853377335
1474,9,36,74,6.423118284291744,0.3540545211160894,0.484921263557564
1475,10,28,80,6.3783854782297675,0.7204212463697907,0.6943904449044563
1476,17,61,87,6.463948698084232,-0.46170521930918806,0.5448031555642436
1477,3,21,53,5.623633798440117,0.41995600177461295,0.0
1478,7,33,83,6.475176062228401,0.5098987680601436,0.3415892830072872
1479,13,43,88,6.530334181402398,0.3056889809202426,0.7593877789943712
1480,7,20,47,5.68919471384542,0.5228664358395901,0.7059449207865333
1481,3,7,20,4.354074463934055,1.3347053107670757,0.9469289678578606
1482,4,16,43,5.351494789905791,0.5200071752925948,0.7817281222714539
1483,7,57,93,6.547434439748731,-0.21707559370733973,0.6797192648804655
1484,4,7,32,4.740143799799092,1.5210385986612784,0.9701265835492238
1485,16,52,87,6.592611585080276,-0.0212224481737218,0.0
1486,9,47,86,6.589057519567894,0.1174150415493932,0.28609388927091645
1487,0,1,2,1.5,0.0,0.0
1488,3,23,43,5.5738935175845965,0.01454340751083355,0.0
1489,6,47,89,6.61625810754337,0.02905397692790948,0.0
1490,5,20,85,6.177508763742685,0.7610692980229758,0.5586293734521992
1491,2,9,20,4.536974222666922,0.3764288075256893,0.0
1492,6,21,62,6.07541647903022,1.3441184345143091,0.6203875817366156
1493,15,50,88,6.590726970272216,0.08016741923427534,0.30039141736478187
1494,13,38,75,6.467275739186145,0.3850017194255037,0.9631406922103832
1495,3,10,32,4.874753237957486,1.2264222022111309,0.9868884753797076
1496,9,27,75,6.3174383373994845,0.919890303270154,0.3339360631363668
1497,3,11,39,5.251219538677872,1.0925229034446333,0.9788698505067782
1498,0,1,1,0.9182958340544894,-0.7071067811865472,0.0
1499,11,52,84,6.57103099540912,0.014530572593607675,0.0
1500,3,13,23,4.8210292350786395,0.21201679089452324,0.8631205685666311
1501,13,31,91,6.388219442157611,0.7996959999070911,0.41823656965418116
1502,12,78,170,7.511795253481075,0.25220731078977354,0.4537163391869449
1503,13,60,167,7.447020254308143,0.5129277888476187,0.3991299374356637
1504,19,78,157,7.443736424686473,0.19644107873369532,0.310695034323868
1505,11,88,172,7.559961747948893,0.09310749065315871,0.4823725830777857
1506,13,50,160,7.323602147524076,0.6104501939086251,0.39416014843343566
1507,14,34,144,6.881078817023819,1.0284269664553034,0.3265813517843845
1508,10,80,160,7.453856189774726,0.12062380489093805,0.499915958164528
1509,11,66,157,7.263053319897809,0.3496140357957867,0.45914357095330716
1510,2,9,16,4.157854445516395,-0.008448994675855775,0.9517626756348312
1511,10,74,158,7.401139036387104,0.2180779047801119,0.4854607607459134
1512,17,74,154,7.433489623755431,0.34128767511139146,0.2535093194203172
1513,13,30,144,6.857985475235661,1.1333132211797987,0.3095434291503252
1514,11,38,123,6.929741958693439,0.5993729778896765,0.4793274523157513
1515,10,85,166,7.502058246372656,0.09761952847693078,0.4933757335098129
1516,10,79,169,7.480187191101654,0.20990245370445904,0.4619114721120979
1517,12,62,158,7.310222431125025,0.425695749316061,0.44200860222772487
1518,14,47,150,7.2180235038705165,0.8303425671087904,0.34511731494495296
1519,17,77,156,7.485302420804188,0.29599954165563325,0.3291873443168347
1520,14,34,138,6.8522911447304535,0.8254968218686719,0.39318260537499006
1521,10,77,153,7.387045834054489,0.1285884609671818,0.5135877363803759
1522,9,71,146,7.29926970274147,0.17573264638004538,0.5207375686265201
1523,10,76,158,7.41337109754006,0.19200456505662356,0.4901757916273401
1524,10,68,148,7.297379520019392,0.245263479683264,0.5015810126305279
1525,14,42,96,6.725984907970084,0.5390791686139842,0.3773494388515165
1526,10,78,162,7.4585553043296855,0.18131813226754867,0.4854607607459134
1527,15,56,163,7.369805298953743,0.640375074580884,0.37646189046875067
1528,11,80,170,7.472648357874092,0.20174457337189877,0.4619114721120979
1529,9,50,124,6.9639237656258235,0.40742119782842345,0.5243952392403632
1530,12,71,169,7.442648878834196,0.34166562806777384,0.43701677223606633
1531,12,71,163,7.4667961352044525,0.32453104267568433,0.4523816230590106
1532,10,85,166,7.509696631266647,0.0819626811769254,0.4966221117153493
1533,3,15,20,4.473132877855967,-0.36963007640213896,0.9081783472997053
1534,12,48,145,7.180910627183937,0.5501023007163179,0.4382529923484686
1535,13,62,135,7.233297897408097,0.40693990730868135,0.38932561445155894
1536,12,67,167,7.360169617062894,0.3917928207322823,0.43094971429676265
1537,11,83,171,7.53331132633039,0.17300084743032085,0.4675595951461525
1538,13,22,75,5.900471085725614,1.402325695630049,0.3951431006348975
1539,14,31,141,6.906957487032817,0.9776916744462001,0.2761954276479391
1540,14,60,168,7.426127406632436,0.5690074507777148,0.3818578036654199
1541,9,64,132,7.157891597889679,0.17883499007482617,0.5558227377664953
1542,6,24,45,5.6260713280951204,0.383152108040143,0.7147274731317893
1543,10,67,146,7.253778195955369,0.2501406458276637,0.5032583347756457
1544,11,87,171,7.550483074963111,0.1018673640000346,0.4823725830777857
1545,16,40,152,7.04272803044475,1.070468416836138,0.2903172789985301
1546,11,81,170,7.5047904688843134,0.20625794402008168,0.46330931881705467
1547,4,16,31,5.027577081534058,0.33415422776093395,0.8980587934501658
1548,10,84,164,7.485870851699427,0.0840053404022485,0.5015810126305279
1549,10,80,163,7.451524153185241,0.15790190926952263,0.48702128315977306
1550,11,75,165,7.458225635661484,0.2596735612315667,0.4619114721120979
1551,2,12,18,4.333997854275138,-0.2870668259396022,0.9924760039430819
1552,11,78,165,7.463130326197478,0.196553274066819,0.4748384883008606
1553,9,30,67,6.2342395177638545,0.4114037784024692,0.5262453267342247
1554,12,76,172,7.5137429892691925,0.30092172713178716,0.43949698692151334
1555,9,65,134,7.191853661162737,0.17483391033619788,0.5496189140638493
1556,10,78,161,7.444647464724799,0.17150621025301538,0.48859291979141084
1557,10,86,168,7.52338253852984,0.08865725778043065,0.49177002137861525
1558,11,78,162,7.456647930957881,0.19566816358597272,0.4808446942193283
1559,11,83,171,7.519079297044098,0.16488153812375106,0.47044137903986444
1560,6,42,91,6.633571415908345,0.24711242090061344,0.6775807218599569
1561,10,50,131,7.09080788524877,0.44426571256978453,0.49499305426852247
1562,8,77,168,7.416995708084377,0.21416801889156567,0.4605229209452514
1563,11,78,162,7.456647930957881,0.19464090449500104,0.4808446942193283
1564,10,89,169,7.536122107980836,0.04337698296914294,0.0
1565,6,41,88,6.571160951885878,0.2434245631435708,0.6939659673342857
1566,12,54,165,7.255074245678825,0.5513461785181005,0.3991299374356637
1567,18,36,135,6.924576810890365,0.9629552941235732,0.2599504264933105
1568,12,54,149,7.204612592833205,0.48716361115562207,0.4458362519710249
1569,11,68,160,7.298140853501197,0.33968843124676285,0.45505980319060263
1570,5,16,23,4.661747892091756,-0.06568297913323232,0.7682814090975241
1571,11,67,167,7.359357358931668,0.3829621262972632,0.4297586093037605
1572,14,26,49,5.723795034577097,0.7574347602189827,0.3495593907184778
1573,11,67,155,7.407751249706464,0.44346016106651664,0.31903049288193636
1574,9,78,152,7.380030109164961,0.08485910429416121,0.5262453267342247
1575,10,73,157,7.365808519711248,0.22306939907666656,0.4854607607459134
1576,10,83,166,7.49125810754337,0.13050165491122223,0.48702128315977306
1577,18,59,152,7.375514815425739,0.6596811212953192,0.3101180466968089
1578,10,81,160,7.449462986969065,0.10417210752620465,0.504948062194051
1579,10,89,175,7.566706570479444,0.09443147651958628,0.5950975680244208
1580,11,82,171,7.542163614097853,0.18345744276462683,0.4661332827241354
1581,9,54,130,7.130330476729226,0.3589269819870743,0.5171354891896202
1582,12,32,76,6.39679552416938,0.6058163333780789,0.4227623437791517
1583,16,85,160,7.564054566914562,0.17392982905360022,0.32338745045115913
1584,11,79,168,7.490303359518974,0.22507509706205664,0.46330931881705467
1585,10,58,137,7.057993872863665,0.33707373574633803,0.504948062194051
1586,14,61,142,7.286601299019759,0.497533401298224,0.39613150840299727
1587,5,37,77,6.390220048196838,0.16021068362461488,0.7682814090975241
1588,10,76,154,7.391945698364996,0.14600018953275962,0.5083652932820523
1589,10,48,139,7.179324592783424,0.5024050581685862,0.4605229209452514
1590,11,82,172,7.534870580096314,0.1955868078525671,0.4619114721120979
1591,12,49,144,7.165225532472569,0.5806111762543,0.4321481607261779
1592,12,24,126,6.534343026241235,1.2549469701347216,0.31361606117261964
1593,10,88,170,7.540869459222053,0.07935325164498097,0.4901757916273401
1594,10,88,172,7.552340755761363,0.09430789309781495,0.483911233259378
1595,16,49,117,7.024514027238098,0.4885233697903182,0.34511731494495296
1596,14,34,160,6.97488432046202,0.7570994927214552,0.3653310217023925
1597,5,17,35,5.171547270581707,0.5738722632600657,0.7076690004167968
1598,11,64,160,7.269146220500344,0.38995002469498835,0.44200860222772487
1599,2,12,17,4.192886724018064,-0.3694140453109223,0.9970590569034107
1600,16,69,155,7.478561925728746,0.43375183046421656,0.3198503335395739
1601,17,80,156,7.434059691857362,0.267097098480521,0.23364346341703282
1602,17,86,167,7.550202884286848,0.1490377286233514,0.1931964131710076
1603,21,90,161,7.545446680026732,0.06708379841136514,0.2491705938085223
1604,9,75,170,7.393275223728555,0.26596781934622343,0.45956240468240794
1605,18,82,170,7.483457535095748,0.19142171259918594,0.1736211385225359
1606,11,69,161,7.334174773262607,0.323926605556639,0.5787946246321198
1607,7,32,84,6.3843985475496385,0.4592631700839371,0.7158259310602147
1608,5,17,36,5.294457270196502,0.22018344709249527,0.772398436030307
1609,7,26,85,6.32318534646234,0.587104853364688,0.660517322889647
1610,14,60,156,7.35640866375701,0.5694928174741042,0.24197369826678414
1611,2,10,20,4.359286801442599,0.5162275927765758,0.8112781244591328
1612,14,84,172,7.571291156864211,0.19765648473955277,0.9992695868811569
1613,10,34,84,6.3960395732209,0.43162145734795754,0.43094971429676265
1614,14,83,172,7.491709761523514,0.1923850936221686,0.2849568620968394
1615,17,109,170,7.525129707355247,-0.2256547951115474,0.2782255740162827
1616,8,82,174,7.438652492907121,0.19077232654985643,0.0
1617,1,5,9,3.3005590923909547,-0.028392984977301305,0.0
1618,16,80,155,7.411697416121234,0.19229069963253298,0.1623261801753929
1619,12,82,174,7.513695206416678,0.21414663786228394,0.4523816230590106
1620,13,45,157,7.227359781214778,0.9203483762130407,0.3252954276369121
1621,11,94,177,7.606530435760195,0.03394170680264308,0.0
1622,15,76,152,7.439809845632551,0.23626806247904764,1.0756915650105718
1623,10,88,168,7.526071856724554,0.05078998895720399,0.5015810126305279
1624,11,66,158,7.394676014578009,0.43076860298193165,0.3045866885214023
1625,13,61,176,7.273788826617067,0.3332742056779562,0.29181825659888583
1626,9,54,167,7.3503261249988485,0.5349265643899339,0.39318260537499006
1627,19,57,142,7.263328284547341,0.752041153905895,0.1597488372815222
1628,13,74,161,7.495493974471306,0.40086430677267476,0.0
1629,9,64,168,7.383060468856562,0.4231619265818498,0.5159469300074474
1630,12,62,165,7.396561027742591,0.44795011502430127,0.42162074354097756
1631,13,82,166,7.52212489546703,0.19099061679718865,0.43007980955771863
1632,1,6,11,3.668295834054489,0.0,0.4138168503036338
1633,12,54,160,7.3717908957530724,0.6604945683704471,0.5118837756204526
1634,19,61,143,7.312434938760125,0.7337398192527544,0.10067646831494714
1635,19,69,152,7.43826829503584,0.5301741929961613,0.18384478726787673
1636,16,79,164,7.521688709502272,0.3074318721992567,0.14576630643866736
1637,9,21,63,5.958237642893776,0.8756004803639809,0.5299888383579557
1638,14,55,166,7.431524516346309,0.5994759549440206,0.3846207253542624
1639,21,67,160,7.442809048292306,0.5979916024525737,0.21084230031853216
1640,14,51,145,7.25795781638697,0.8867932581888663,0.28027014274508316
1641,19,104,166,7.524863525061184,-0.1483378998060304,0.14075317608149654
1642,15,81,156,7.45258074281421,0.2187172467474986,0.16971924756440598
1643,11,86,173,7.5604430577190245,0.12462044722377041,0.4748384883008606
1644,14,65,153,7.448705304205469,0.47565302079119975,0.2974722489192897
1645,1,6,10,3.517559429596343,-0.23222455643117473,0.3912435636292556
1646,12,68,153,7.399731658180815,0.4025917967433128,0.42283869423472714
1647,12,79,175,7.532414333187986,0.2701960753872039,0.44200860222772487
1648,18,81,160,7.505830873561047,0.25524357721586177,0.6379145649213657
1649,5,40,82,6.4889012566026345,0.1464093813237206,0.7444131797881749
1650,12,75,171,7.438364580508093,0.300778446391605,0.43949698692151334
1651,10,67,182,7.278514769111172,0.399168436225605,0.9346867245085648
1652,10,89,173,7.548746053370107,0.08306206948990602,0.483911233259378
1653,11,96,166,7.49711856905281,-0.08806396034467423,0.4661332827241354
1654,11,83,176,7.5112232665179866,0.20620196826069248,0.44973808720127306
1655,16,70,159,7.455103486856632,0.3950003473595283,0.19590927087360493
1656,11,35,129,6.958968606288729,1.1384150355374927,0.2580186686648155
1657,11,47,117,6.999549315287303,0.6376923474616228,0.26434620757220484
1658,12,64,161,7.385333225671985,0.5725482611589919,0.5488419264464802
1659,12,110,175,7.464562360228943,-0.19200758444163246,0.35725217683174104
1660,13,67,153,7.447197377247424,0.5221136994141379,0.9733151655509318
1661,15,111,176,7.520375388673736,-0.2946035767662054,0.3580422038531606
1662,10,91,172,7.5645822047165945,0.048664772535993994,0.4933757335098129
1663,17,71,163,7.502246116860673,0.3467324869566877,0.20466873406730415
1664,11,62,155,7.34234376497703,0.4870111793803221,0.23426071757119224
1665,10,35,136,6.906662650250907,0.762306039698718,0.4021791902022729
1666,20,69,158,7.392573120223195,0.45344753960039996,0.11283625738381757
1667,18,89,177,7.56873742135722,0.200191384333827,0.21486991568671548
1668,6,47,96,6.7061730240791055,0.17557793590108825,0.6743988870714471
1669,12,40,101,6.833859408944788,1.14064611917585,1.0227528969902953
1670,12,60,150,7.304920130238479,0.5689780033359778,0.37209270631522773
1671,19,88,164,7.487728765435037,0.1518987015735792,0.11148326046627968
1672,15,57,139,7.275129221815748,0.8519422200631233,0.23900757647088725
1673,9,63,168,7.365840852377269,0.43287662639752367,0.41491204768986406
1674,14,72,159,7.468424411162914,0.3300663440525674,0.2903172789985301
1675,9,53,165,7.23569881701042,0.5348648468105246,0.6173586614327382
1676,15,67,159,7.395909382630199,0.4980663117180612,0.14863019910272604
1677,12,112,173,7.4419421515730155,-0.19721569905469538,0.3747006154617423
1678,10,62,166,7.384425778554277,0.4433471769666455,0.5258263132779326
1679,16,55,163,7.34774826707881,0.7266223772674545,0.20559250818508307
1680,16,75,163,7.4690707332080635,0.3490315344925109,0.2531413829504112
1681,8,16,51,5.599135933409185,1.2869756069936298,0.4718970538750853
1682,13,64,153,7.4215076368294435,0.5958828795957668,0.43734134375971
1683,12,94,175,7.593993969422478,0.028563526325577238,0.0
1684,15,58,158,7.353804730764716,0.5126828329694524,0.26073212131992685
1685,15,113,173,7.509367185065348,-0.3679615661610577,0.4988126701766059
1686,13,43,150,7.084928259225829,0.9688368010021304,1.1423437846567526
1687,9,71,161,7.458848523901739,0.31564191761574634,0.9963492164696478
1688,12,61,168,7.383855134411961,0.47266197525915926,0.4105693748873654
1689,1,7,13,3.935398667466763,0.07168228667311416,0.0
1690,21,80,162,7.497305830895405,0.29848051380294094,0.14144054254182067
1691,18,74,160,7.490451839032026,0.4082663950643482,0.15649106290570153
1692,11,55,130,7.128302814588656,0.5005620422118036,0.385551590339795
1693,11,73,158,7.4526656130316145,0.2778426310799631,0.340719732641027
1694,13,69,154,7.503597956732521,0.3852592349227234,0.5324155201332621
1695,13,58,152,7.3072433712548595,0.5699196162671994,0.20676023071196462
1696,13,30,143,6.888448568784152,1.2633120925290005,0.2623112196143366
1697,13,71,166,7.496557184822709,0.37196023788620436,0.26073212131992685
1698,1,5,9,3.3005590923909547,-0.028392984977301305,0.0
1699,11,64,154,7.39864866174912,0.6497527881371876,0.5247091387798243
1700,12,30,161,6.95295948544708,0.9735620951632564,0.7949045578416318
1701,24,98,179,7.571658311756093,0.08446789926815546,1.0312825714103866
1702,2,8,15,4.074697149661484,-0.009499316719863204,0.9182958340544894
1703,17,84,176,7.555683826909905,0.24433270236934312,0.1626028019202774
1704,17,82,176,7.45126475383904,0.272686586541789,1.6501773806741926
1705,23,99,179,7.598434070623585,0.06551854433139015,0.15145179855285376
1706,24,101,180,7.594383923042138,0.037294573253751406,0.11766289862209503
1707,18,88,177,7.5635178016563716,0.18969802961040827,0.7968081479832222
1708,24,73,174,7.424190303070929,0.43109570546847387,1.0759432062668859
1709,22,92,178,7.59709542644974,0.16661756658713678,0.12417981139519106
1710,26,101,180,7.559735330818555,0.05039261617620383,0.892309845557947
1711,21,97,179,7.531643521642307,0.09204355656161867,0.8801747591208952
1712,23,100,180,7.582181590398341,0.04271624234139715,0.10532217181638959
1713,29,103,180,7.564427638226134,0.04695060404947049,0.06793777360773753
1714,28,99,179,7.570324291778883,0.09209158348066071,1.0664801757128537
1715,20,96,179,7.561172822034492,0.09212761414389792,1.086637617815209
1716,20,93,178,7.559288374274519,0.13875582564951394,0.17235124357069131
1717,14,49,169,7.300002929876074,0.630075564921277,0.37646189046875067
1718,2,11,17,4.3446983751597115,-0.04667981646979752,0.998363672593813
1719,2,12,18,4.345175521464347,-0.10752052001071785,0.99498482818597
1720,18,96,179,7.519056030997681,0.09570113544057746,0.8494385349218058
1721,5,20,28,4.757586098251952,-0.2952133787038281,0.7219280948873623
1722,13,74,174,7.4569677950022815,0.3312432134110873,0.4285747767228011
1723,16,87,177,7.540215842469104,0.19596731988058824,1.087330948456165
1724,28,101,180,7.5477978600387425,0.07130161627366882,1.2048522756870306
1725,2,11,19,4.487555518016854,0.09461667081048925,0.998363672593813
1726,22,94,178,7.578068895187147,0.1399120205667722,0.12613288815550738
1727,16,88,177,7.48930321992463,0.17019291174357087,0.20841982642087006
1728,20,94,178,7.53193828826335,0.1325073504153047,0.9684771609465214
1729,21,96,179,7.552212795304448,0.09732087171849468,0.8248573652791555
1730,23,96,179,7.514779081646461,0.12369779194502328,1.0487173855536462
1731,12,58,171,7.392269981872207,0.5217727744537388,0.39416014843343566
1732,31,105,181,7.542034301949942,0.01804286050231685,0.7085882132262514
1733,13,42,167,7.131845698406998,0.7098225028175389,0.3604357295046896
1734,29,103,180,7.559395858686123,0.04859398509919344,1.0324542920436228
1735,11,88,177,7.575212064914749,0.14259696303259495,0.46330931881705467
1736,30,104,180,7.589949405380534,0.01642886305768443,0.10870787650044482
1737,28,101,180,7.535190531461882,0.08176745657176987,0.9915780118805626
1738,26,100,180,7.58696774444122,0.05728378551182156,0.5627192477169682
1739,25,101,180,7.572271332655629,0.05697681052835013,0.6969792297976172
1740,21,97,179,7.536523911810613,0.1006096720813795,1.5030060509263214
1741,18,94,178,7.576193123875382,0.11094593641529427,0.173781322679433
1742,23,95,179,7.569063785752303,0.13001873894590887,1.4874510864345551
1743,22,99,179,7.576948162711796,0.053645424440006084,0.11658143161011904
1744,27,100,180,7.547508104759937,0.08009767999867301,0.10500149581279872
1745,28,104,180,7.548101966729328,0.012966716518920451,0.9276879609742247
1746,32,106,181,7.522814088474763,0.029310440211962385,1.3103394876147894
1747,18,85,177,7.5287308260023424,0.22646985205172965,0.6847863191484299
1748,2,9,16,4.214997302659253,0.024460735142974005,0.9517626756348312
1749,20,90,178,7.583623396384238,0.15585318554693905,0.2873660131246555
1750,23,91,178,7.514467692917755,0.1923486461535966,1.0176097964452333
1751,16,74,174,7.446762642727988,0.3749852429028058,1.0292235966105752
1752,21,95,179,7.607017670718419,0.09526431924928602,0.21929730813217538
1753,27,101,180,7.572036611699864,0.0655196673445565,1.0381674929295015
1754,24,97,179,7.529058254203347,0.11784447759152628,1.2641447236319232
1755,16,90,178,7.547728093500365,0.14828058319788018,0.91408634024
1756,26,102,180,7.537716481332898,0.05739476185187464,1.0572473445193031
1757,20,91,178,7.617430556114075,0.15233165697232232,0.288833296928616
1758,16,88,177,7.611896838134097,0.17757128377913922,0.2835327063220604
1759,24,98,179,7.569459431056515,0.08309886557060708,1.0269670650755554
1760,25,101,180,7.57367205136019,0.04813334873697883,0.807991193989581
1761,20,90,178,7.5103985373263535,0.18974416462846855,0.12251486864433363
1762,27,100,180,7.5829096418528055,0.0698063244452447,0.04548423062965021
1763,25,99,179,7.5333107835053115,0.08385338757878513,0.985131889558965
1764,17,93,178,7.594226048586852,0.1158293532340342,0.9893266812375566
1765,19,94,178,7.5890419914044625,0.10563478477070676,0.21770473560643877
1766,2,12,20,4.5275690110927505,-0.10407392864403159,0.99498482818597
1767,2,8,14,4.08746284125034,-0.04115624086235817,0.9366673818775625
1768,24,100,180,7.584476378478462,0.041808480292778616,1.008994397975141
1769,17,93,178,7.554323911038846,0.11549946528115096,0.5183853686312357
1770,21,98,179,7.610338388607663,0.0467317643973989,0.22451466426355626
1771,4,17,21,4.376644085533828,-0.6286440928422024,0.8930108100446013
1772,19,96,179,7.575428647213947,0.08016166688318771,0.14843592738613356
1773,23,99,179,7.5505274282528205,0.07199442508172371,0.25574460988683867
1774,20,94,178,7.546798037750821,0.12648479327664586,0.49525026898160596
1775,2,10,17,4.311043244503273,-0.007537576623334069,0.9881108365218302
1776,24,100,180,7.590076231860899,0.05612643432304931,0.08763851496608016
1777,11,87,177,7.591558968994817,0.15228396498977903,0.4619114721120979
1778,22,91,178,7.575569657990207,0.16335845696920626,0.21332771420202873
1779,23,99,179,7.602816874848775,0.059439435751600156,0.13102011723552995
1780,14,75,175,7.46799344552377,0.33345986372088426,0.2615190342409222
1781,23,99,179,7.5574896332046535,0.06747093689002615,0.0623712863366787
1782,22,92,178,7.607716544212849,0.15018118483618004,0.1715678606383861
1783,26,103,180,7.583927839724601,0.02238657472391936,0.13522096507805456
1784,28,102,180,7.567940774635568,0.05816941358396188,1.0263178359096825
1785,25,99,179,7.552527691467193,0.08360380160135383,1.5461917132921024
1786,18,87,177,7.542547038037718,0.19351861359788702,0.2811937964320427
1787,20,98,179,7.60768555086675,0.04871892061263061,0.22395258921450634
1788,37,109,181,7.540070882476665,-0.012574718880227431,0.8551775096006176
1789,20,91,178,7.548082617830785,0.1722524818160901,0.08876864454243404
1790,12,68,173,7.414657356336473,0.405117646801071,0.41491204768986406
1791,11,91,178,7.603046710098029,0.0966438392564577,0.4718970538750853
1792,23,97,179,7.5517840437698505,0.11163373813567667,1.3850888093406923
1793,17,91,178,7.581336948092947,0.12862641194223312,0.2893260877221141
1794,11,85,177,7.569446419054074,0.18230840007050475,0.4564121033267219
1795,25,103,180,7.633114410112304,-0.015106916980114349,0.23211591833920867
1796,20,97,179,7.591458250792821,0.07191671686604217,0.14934979386771505
1797,23,97,179,7.567479557662044,0.10402829131873015,0.10251059798479417
1798,12,82,176,7.5711609518858785,0.23862331086164612,0.4471285124980023
1799,19,97,179,7.54438155866633,0.07515556604893758,0.8160330030592405
1800,22,52,116,7.010238217015107,0.9224889361928612,1.017434870656762
1801,22,51,125,7.072644065080905,0.9183917541421925,0.11918620154921528
1802,24,47,101,6.7046710393330295,1.2108492485835656,0.8139181242557318
1803,27,46,95,6.461649331093175,1.258951169923018,0.7649155018843036
1804,26,53,115,6.902999095814844,1.1002546443038237,1.1780803258984738
1805,30,56,114,6.82321844127678,0.9670906349049844,0.8132471542716964
1806,2,10,18,4.381942248520522,-0.006163868825815849,0.9961344835095797
1807,26,51,104,6.77316601940869,1.2379211320023829,0.9708154199573624
1808,24,62,136,7.245689101569154,0.6965845423291133,0.17540120963331973
1809,22,61,137,7.264223526016865,0.73315968001897,0.15908542346682517
1810,27,52,114,6.874072679189939,1.1608667770811163,1.0368981966865227
1811,31,54,104,6.6672927045925245,1.1370352876626355,1.1013548948590064
1812,27,63,134,7.235601699984437,0.524529069399365,0.2138325741966007
1813,23,55,119,7.044025347485526,0.9130743497892909,1.0569899851129059
1814,16,60,147,7.316227791620994,0.6651177121539998,0.363682931831724
1815,27,47,105,6.6427522976685545,1.29881247158957,0.7403269172685948
1816,31,47,89,6.325718022234849,1.5902201285113684,1.4927554877837252
1817,26,48,102,6.707582689658103,1.31243126441043,1.0871570730598066
1818,23,42,91,6.521046459501906,1.2105023466946678,1.2276590917811814
1819,30,49,95,6.4910933602695025,1.3371424656712523,0.8824448235077929
1820,25,53,108,6.857633630681463,1.059329130576646,1.132189188572845
1821,20,57,146,7.25478134385178,0.7070217178917906,0.17017729064458095
1822,25,52,120,6.943341770728003,1.0870789279296205,0.5993765923348469
1823,23,52,120,7.015762893546238,1.020812639164634,0.08858422759202586
1824,22,53,120,7.00343419211623,0.9567636615293414,0.5453831579472295
1825,23,47,111,6.851838604761711,1.324135809766735,0.786033109646928
1826,26,66,140,7.300491316845136,0.5683997786146484,0.17622366669237816
1827,22,77,144,7.423095821090764,0.27910355229626693,0.2863969571159562
1828,22,50,124,7.016166911382386,1.1052303091743232,1.071565768349087
1829,27,53,110,6.841539715292403,1.183284307689324,0.5747491015789716
1830,25,45,112,6.823492844597639,1.5544016631849822,0.1452233006287966
1831,23,56,125,7.119443071223383,0.8780015076960982,0.0995718593520492
1832,10,51,117,7.025821562920082,0.4424698686584537,0.49177002137861525
1833,22,82,159,7.476725163020993,0.19775766117731364,0.2816581561287894
1834,27,58,128,7.025439385145353,0.8414755455119,0.6290781008432498
1835,26,51,109,6.8338251943842785,1.2040625994977958,0.4711271386034534
1836,17,63,155,7.414185409293793,0.6444892098053172,0.34438910560526487
1837,27,67,133,7.236349994448691,0.6066192958251653,0.13259484675898037
1838,9,66,136,7.211211111832328,0.17187834496406706,0.5455663373066358
1839,29,46,88,6.369522421450969,1.5994358505109543,0.7330275042473271
1840,25,46,99,6.603997447402248,1.2173094758039475,0.37175566084412554
1841,26,47,97,6.635968592466057,1.353499066721554,0.9582922626734275
1842,24,56,122,7.044058378576,0.9606278625952457,0.09243841674579964
1843,17,62,155,7.376890416597408,0.7061157548704702,0.34438910560526487
1844,25,46,98,6.605620064259312,1.2831544421606922,0.26890471434879026
1845,23,46,100,6.677824490414901,1.1226261554141836,0.9869249348791499
1846,24,44,94,6.595862713012498,1.3085979764777882,0.7638162337798805
1847,27,61,147,7.2553863475117355,0.8118254508158581,0.13224133893469162
1848,26,65,142,7.262405477002282,0.723297009839066,0.09480348148958576
1849,24,46,104,6.758153899208613,1.4008253864324005,0.8080461649139262
1850,28,73,140,7.311879507744988,0.5093199079732555,0.12840169396981801
1851,18,63,162,7.433076576153272,0.7533559914782234,0.32026200878705646
1852,24,51,114,6.905415069778786,1.1531975127955074,0.5637578291739448
1853,20,64,138,7.329725304374174,0.588171336775306,0.2830614824905374
1854,25,47,95,6.580007080914074,1.291800447543583,0.21016271064145894
1855,26,53,123,6.957656722916115,1.2388487754210011,1.3199074524474443
1856,26,52,125,6.984717257514006,1.062769946810575,0.3727907764522405
1857,22,62,133,7.257140339516006,0.6978496528995569,0.1319775570939615
1858,25,63,135,7.259838401710766,0.6832455854541086,0.17094675990651945
1859,25,50,103,6.719354856783727,1.1499349363335842,1.1394326863107398
1860,26,62,133,7.2057082479597545,0.719517461189149,0.15133331980184817
1861,13,66,146,7.355508926809054,0.41660143959373624,0.4127280438421641
1862,25,52,107,6.84170230967785,1.0980347064676037,0.7614624695256378
1863,28,54,118,6.883259193634902,1.2049072836192758,0.35495677394898767
1864,22,54,126,7.120679590907947,0.9596412291530931,0.07922956961017365
1865,24,45,102,6.655193519972537,1.2860092404406136,0.3216359823356925
1866,29,46,94,6.437849375698369,1.4611542095572738,1.1869517149665303
1867,23,53,114,6.9985260460584415,0.9347165354513229,0.12334120522555957
1868,6,37,84,6.513153408920676,0.2851788702491279,0.7007495497162063
1869,25,53,108,6.843733070881051,0.9780818976252416,0.5323044322847094
1870,28,56,122,6.981117371468857,1.1552178490833538,0.7551680259548567
1871,25,40,87,6.3432207917782915,1.7191004761559654,1.0868437583306993
1872,17,66,153,7.411533535299237,0.5191305157148782,0.3465840349233273
1873,22,63,125,7.202561446784611,0.5442902318026613,0.2409664416869981
1874,28,57,117,6.901865716400503,0.9846787996410782,0.9139373871692956
1875,27,45,91,6.497805860058306,1.4297959737767536,0.5531685744922245
1876,26,50,101,6.7232592241631055,1.2768724340259459,0.5817186103238048
1877,27,41,78,6.1423434205561,1.4600313351830994,0.7913103576689664
1878,28,49,102,6.627788357765401,1.2272176148907614,0.518326110321368
1879,26,49,99,6.690467770065335,1.3671852098925903,0.3760449231807232
1880,24,44,97,6.587056221865307,1.4820542092325508,0.2613182240090666
1881,25,59,137,7.2482419144863695,0.7632037985550665,0.19243068248657266
1882,5,39,84,6.508632440797382,0.20967126262314903,0.7219280948873623
1883,29,49,98,6.54969908547033,1.3472210440353094,0.6767166997643168
1884,23,52,119,7.001468409321351,1.021524980895963,0.9615646397879699
1885,28,49,100,6.592250976168361,1.2066585210941811,0.9491690857107865
1886,22,44,102,6.728536401696539,1.2558319980121735,0.9208170471126796
1887,28,51,100,6.644293812064491,1.1758475006498161,0.9034502881398239
1888,25,46,98,6.625728676537897,1.3123808174236367,0.23916153606000962
1889,24,52,108,6.877894349989984,1.1385115728189659,1.2671715718401295
1890,23,44,95,6.610899488963645,1.3024906239701513,0.397428168015537
1891,11,68,159,7.430798431441739,0.3260784937437964,0.4605229209452514
1892,25,69,145,7.3009525007086395,0.5829640337522443,0.1399271822072973
1893,19,63,135,7.295034833987803,0.49164707150058135,0.3227569588973983
1894,12,61,137,7.257706212481206,0.43918754106588226,0.43949698692151334
1895,21,49,111,6.899986586543529,1.011326472421494,0.3374937263236766
1896,27,49,103,6.69901940352331,1.1734026785742244,0.6053960153035352
1897,25,49,108,6.7748897236932315,1.3265733795354402,1.36204206881765
1898,26,57,121,7.011962598800043,0.9267089548490921,0.6312629393241966
1899,27,51,113,6.818040545302471,1.233209060720875,0.7428226638235307
1900,15,76,164,7.459538617315069,0.4065559651716957,0.0
1901,9,55,154,7.340784539906537,0.8403444133693669,0.5377583371940319
1902,8,28,117,6.761046187932409,1.6345542928601655,0.30039141736478187
1903,7,40,100,6.710097206140855,0.38952905514701075,0.0
1904,4,31,91,6.399267764228359,0.5436350342204634,0.9395263129669763
1905,9,42,118,7.085966251888565,1.162763507930527,0.7619668346061965
1906,6,34,90,6.54721220615432,0.4409560249812338,0.35206297298350436
1907,8,35,86,6.530784500218588,0.7501576705956607,0.7605362143888629
1908,12,40,108,6.958335805072163,1.3787114933143572,1.0579597805066296
1909,10,30,89,6.576389970366264,0.9542566725304249,1.1924077581120245
1910,6,37,123,6.9396221936504405,1.3050839337874292,0.2735024914522282
1911,5,35,91,6.5869342653556835,0.5279982470527869,0.6329208984823799
1912,14,61,167,7.451839588933887,0.6623370696521832,0.8341488834153713
1913,10,28,61,6.093500189520455,1.2086610387122285,1.2139137915076823
1914,21,103,178,7.608876391138604,-0.03950776623177232,0.9019692393463989
1915,7,45,83,6.527750345173054,0.013568457850891301,0.0
1916,8,28,120,6.842045583000307,1.5088666255194607,0.9834601549265546
1917,3,6,15,4.007432135890012,0.9495439726938119,0.9218764863469129
1918,8,39,114,7.005345599174114,1.3655392609245713,0.21890564356069145
1919,10,45,125,7.134278615059739,1.175477362817146,0.4591053861184487
1920,9,31,87,6.44547795002018,0.5337041132178127,0.9964196342978482
1921,6,16,78,5.955659949911258,1.2710889804086998,0.4664235850936484
1922,16,55,119,7.133366646885786,0.7901501559622304,0.8288232746517176
1923,10,35,77,6.398115274239168,0.5274815857059861,0.8717667596971787
1924,0,0,0,0.0,0.0,0.0
1925,32,120,181,7.533239422269092,-0.3315829529121386,0.2083486072740527
1926,5,16,30,5.042569228347748,0.3851823974393765,0.9743197211096905
1927,10,53,169,7.38054119187438,0.6026914759311905,0.4436336927042148
1928,22,67,158,7.4020679053688925,0.7285509239128745,0.9757256542959977
1929,8,35,127,6.987614476746911,1.2614572779532613,0.6289003940170698
1930,6,17,62,5.943799276375986,1.4877867062818768,0.7365739788877982
1931,13,94,178,7.6111521172888414,0.06150254345276318,0.0
1932,9,52,153,7.330850286334596,0.7401447898326933,1.1202863588753618
1933,7,27,77,6.320153778780651,0.8949159079787499,0.8093008199012015
1934,9,68,170,7.465838529436884,0.4592697109867556,0.0
1935,19,52,98,6.9420368194068836,1.4819447427172483,0.7749493974022341
1936,30,86,167,7.537857941847505,0.3172508951627544,0.5748666514967312
1937,13,52,93,6.609900199447708,0.017288482773461806,0.7489979847796892
1938,4,27,87,6.417713886469043,0.668624854117942,0.7123590081823316
1939,4,13,25,4.906132995851023,0.36533716881650286,0.8181559928454063
1940,8,21,69,6.104222190963797,1.2175333490404376,0.5622073131978769
1941,8,38,87,6.5559720378805375,0.35881672044756785,0.775612326133144
1942,11,59,156,7.373693768943359,0.8015151775177057,0.8888393258741117
1943,8,47,106,6.699475292921815,0.25900457188655934,0.395916170699594
1944,10,61,148,7.2703285235925295,0.7544599347322106,0.6995509445761657
1945,9,33,89,6.514349459826115,0.5874480954438944,0.37991553307024767
1946,9,52,92,6.543865973390305,-0.06680942522092652,0.0
1947,7,45,91,6.6091200579864315,0.13553000972366938,0.0
1948,7,24,90,6.346832662235235,1.0522039441363413,0.8739810481273579
1949,7,25,86,6.402842039690498,0.9070019167189963,0.4962451268938366
1950,9,38,136,7.096954920634461,1.2516026658461858,0.9679408941607032
1951,13,82,174,7.590293986973197,0.2714263755468169,0.0
1952,6,38,84,6.454284251187471,0.2833719492847876,0.737642380185689
1953,12,46,83,6.5413610778300475,0.13280208049914294,0.935940714955517
1954,7,49,93,6.674572877693664,0.03958044251162095,0.0
1955,8,38,94,6.849645166397182,1.3672367866705935,0.3037886493015379
1956,9,68,170,7.478393909664109,0.45138865242810744,0.8281656819396057
1957,8,38,79,6.453425306197186,0.21070409157739603,0.5820309492781395
1958,5,22,95,6.239089422540496,0.8672880696675047,0.8789722552162788
1959,12,34,85,6.501214237885105,0.6886875422367708,0.9792415350396867
1960,6,77,173,7.443452843399057,0.2727677951619727,0.9091849932510171
1961,11,66,167,7.45174105450413,0.546785320091603,0.4086976888308887
1962,7,30,77,6.322402609311834,0.4551721835609645,0.9762923391873195
1963,5,22,77,6.203829115462076,0.9829863750616501,0.9992272451708472
1964,12,56,94,6.668040903866955,-0.10999683810293301,0.623708545022032
1965,6,36,94,6.588798346570937,0.5285012536019703,0.0
1966,10,42,92,6.641393284489009,0.2597306742313049,0.0
1967,6,51,93,6.5920748174238515,-0.05480340526599053,0.04175261832615954
1968,9,37,138,7.0767274647071785,1.3052865428359937,0.9277892502681174
1969,6,61,172,7.334809121595454,0.44816455290899465,0.0
1970,16,69,170,7.509334909537042,0.49456922620857113,0.570049919843464
1971,17,84,173,7.586701578788517,0.2725917395508697,0.7743244195148151
1972,8,58,124,7.155807443347965,0.480617874285173,0.45839860108611485
1973,6,26,71,6.215060315811928,0.8166989386807931,0.8737942985000846
1974,15,66,161,7.476485555150111,0.5232575975149995,0.18895440766355343
1975,4,22,96,6.30514225494664,0.6469703579844929,0.9916178297881032
1976,7,21,85,6.157655023831645,0.9404358270946513,0.7404482452691427
1977,8,57,146,7.309656783626064,0.6928430079457747,0.8606558295104744
1978,6,27,87,6.416922133027063,0.7231029020996145,0.8501370065726752
1979,15,121,175,7.4903759841977084,-0.42295506201233835,0.014589069809828804
1980,11,78,170,7.540387607119277,0.3534015978151135,0.0
1981,9,53,107,6.940164023670774,0.7012403321533047,0.3823406775331542
1982,3,46,93,6.5680717317452,0.12317126249489792,0.0
1983,47,121,177,7.3376008940757895,-0.6199146758765208,0.995139475655149
1984,10,100,180,7.505336968277758,0.03818635879676657,0.4201054699988033
1985,10,34,90,6.579468424383715,0.6483184158157755,0.9999769749638362
1986,10,43,116,7.1155958696600505,1.1552227453974675,0.8802686323761449
1987,4,30,99,6.525995938253131,0.5660041046262725,0.8798813089176425
1988,8,35,86,6.527178717203975,0.5101185027590188,0.605956891094949
1989,16,91,165,7.435349702170173,0.2359611683241135,0.6450307211378069
1990,12,71,162,7.492876598164821,0.3926453737337352,0.47514358583899924
1991,58,132,184,7.270496680261741,-0.8330066565058981,0.5604703298295137
1992,7,36,91,6.546865842053032,0.38639782341243867,0.0
1993,8,29,72,6.407396487606362,0.9174376905520213,0.8732278307763092
1994,6,32,74,6.371801897834697,0.6538897792302742,0.0
1995,6,25,98,6.463768409048908,0.6726065808750029,0.4867804823835753
1996,9,78,178,7.4639198027667035,0.21193246428335422,0.7618867740655685
1997,16,36,87,6.499169869920976,0.7476998814039475,0.4868776547332543
1998,8,31,81,6.356442340520513,0.5685418188572217,0.3040181052249322
1999,10,44,97,6.726101054462264,0.33935926492757335,0.5586293734521992
2000,22,189,394,8.684253888749828,0.1685644463077366,0.2557420200756248
2001,11,29,50,5.596791670103916,0.15850212960459736,0.47044137903986444
2002,18,148,334,8.315406549592423,0.2599624565207958,0.2748661420386333
2003,23,192,420,8.73131440597716,0.22963968803384294,0.23550609521595206
2004,4,21,35,5.275690607001228,-0.12887164164454362,0.8249658680139927
2005,16,91,218,7.648360486177485,0.362361273540393,0.36124148642566023
2006,23,145,417,8.521272566723288,0.4815083283962575,0.20559250818508307
2007,26,112,298,8.235900529118268,0.6472155256861795,0.19653757685226944
2008,27,50,332,7.690642903256009,1.3271102693703503,0.9633822413428622
2009,21,47,175,7.253862045466742,1.0798069198128724,0.9527530191857974
2010,22,185,388,8.63478190363178,0.17745654099515762,0.2576361182831271
2011,3,15,27,5.045491435923543,0.08800542395111283,0.9432261548473416
2012,3,15,27,4.940223928941852,-5.551115123125783e-16,0.9480782435939054
2013,22,189,369,8.6565481078789,0.08562779976578083,0.2816581561287894
2014,35,141,302,8.302623433116075,0.31505838349672094,0.18116640155354566
2015,24,183,396,8.659219982714177,0.22154498242889742,0.24811140311725277
2016,5,19,30,4.984047495418529,-0.28148147802345824,0.7765557854444601
2017,5,25,36,5.337577047254228,-0.29789460402519957,0.756170148929897
2018,16,92,224,7.805916560948346,0.3715889927638305,0.3541303599399052
2019,19,129,375,8.357575503222883,0.48102138984504683,0.8025916595043571
2020,21,159,329,8.452458843330238,0.17640571515448333,0.29333653421235084
2021,23,77,370,8.238890320909281,0.7499149357226329,0.19323690062884885
2022,9,26,77,6.0274368188932534,0.8926610896110252,0.5415785533173061
2023,23,51,205,7.364563550679495,1.073709790223002,1.017437317178259
2024,30,149,386,8.608493842624908,0.6038771664667297,0.1736211385225359
2025,23,180,360,8.609644876017407,0.12568089705044427,0.2811937964320427
2026,24,96,226,7.886226690427984,0.3973089104132787,0.20489881950531078
2027,26,182,415,8.665240752730316,0.28100321246601284,0.23181305002459018
2028,28,101,354,8.380258443108774,0.6486662471352738,0.21434007577741784
2029,13,106,210,7.8392021100803735,0.10765028346640992,0.4193579185788012
2030,3,17,27,4.890643108335929,-0.18159720474579116,0.9132401614300724
2031,24,58,199,7.563184697137959,0.9687822653459004,0.21665710582085157
2032,24,208,399,8.772059292483494,0.06047283173097284,0.26968751035734134
2033,16,100,231,7.852877788681743,0.3107276331646309,0.3556836679832618
2034,28,133,392,8.579099375467937,0.710921578761338,0.17491176938472855
2035,3,17,27,4.938163768341019,-0.19489184772207208,0.903116172156872
2036,3,17,31,5.076361554453818,-0.02080738046086497,0.9081783472997053
2037,24,212,415,8.804108277264847,0.08781787973186217,0.2576361182831271
2038,18,75,212,7.788265534448514,0.5466783008545203,0.33318407429307206
2039,23,109,202,7.857139138809292,0.07283520413696087,0.2761954276479391
2040,28,109,387,8.508157744714097,0.6781438010010397,0.19590927087360493
2041,3,16,27,4.877504576481013,-0.07931085795678156,0.9383153522334069
2042,22,46,209,7.289193591840994,1.1053853997881535,1.1606389280526703
2043,11,82,207,7.648010677427748,0.38968659473950445,0.3661613004744754
2044,23,150,359,8.440912172252755,0.33547304616010243,0.2516813637788343
2045,12,73,152,7.324469383317667,0.22423811434747187,0.43456735838426486
2046,20,171,330,8.498043488766484,0.06530225693283875,0.3095434291503252
2047,24,209,415,8.792856680306206,0.1074580826426893,0.25462025907187996
2048,25,80,231,7.781287643813077,0.6119734691714194,0.19025124744115812
2049,24,194,421,8.7380240062269,0.2169989765322703,0.23708354097639622
2050,22,164,339,8.520895018689782,0.17423390799716476,0.2878532704222237
2051,6,27,34,5.077233067824433,-0.6341776048711656,0.6906241389199442
2052,18,74,218,7.793451579975009,0.5462235408567852,0.32787860542190517
2053,18,165,329,8.45628552632416,0.10949632621450689,0.30173942053318736
2054,16,77,207,7.647013977446671,0.461577967092128,0.35725217683174104
2055,14,101,214,7.827494614810143,0.20482319221353307,0.3951431006348975
2056,23,196,382,8.702148000868167,0.08827273182579654,0.2744261869944785
2057,23,199,384,8.715739615817228,0.0741655592182543,0.2753076613753452
2058,25,37,62,5.738034481785967,1.3502163352268848,0.9955229670723423
2059,4,21,34,5.2579285481267934,-0.17366679813418867,0.8249658680139927
2060,23,145,333,8.439363496469591,0.3027960235090893,0.27311562194189337
2061,25,123,398,8.652253202979045,0.6942093123796749,0.18717625687320819
2062,20,172,335,8.516550831932095,0.08320372485559635,0.30337483608641397
2063,24,207,424,8.791562440443002,0.1482538967409487,0.2446514678096593
2064,3,16,26,4.894454882778695,-0.14427063444765756,0.9283620723948678
2065,15,83,213,7.683279352038863,0.4088934009829517,0.3580422038531606
2066,20,38,110,6.561892790828078,0.9100019271780548,0.7700573946413869
2067,27,114,336,8.373697107326532,0.7234242799793784,0.19823496409776625
2068,4,22,40,5.465707288852707,0.20246574806892678,0.8158009273789574
2069,21,175,341,8.54178587198725,0.08901328682214438,0.29852646699726343
2070,24,209,409,8.788508129568417,0.08657227215440644,0.26073212131992685
2071,28,149,393,8.563242928214237,0.43281149640731714,0.22395258921450634
2072,9,28,46,5.619794514763045,0.03315454778704913,0.5262453267342247
2073,22,161,336,8.460703342433952,0.1791276222135717,0.2878532704222237
2074,25,167,374,8.526029755724643,0.2637270783756392,0.2538784402981616
2075,13,32,79,6.333247216713307,0.8107817124575805,0.42162074354097756
2076,18,135,331,8.394151229465454,0.36143884630254575,0.263911629019923
2077,24,183,377,8.665553244346523,0.17558042410080532,0.26594279712591673
2078,16,33,62,5.762165557817541,0.3606393886719325,1.1821799105066342
2079,3,16,28,5.088391034611029,0.08303685335594745,0.9333572600179804
2080,22,187,378,8.65821492660551,0.13333297869048155,0.26968751035734134
2081,24,197,397,8.713836536524648,0.12778044223428608,0.26073212131992685
2082,26,123,224,7.929385494146045,0.040853636401592786,0.18947211829248742
2083,28,186,353,8.585725063207853,0.1258335282984211,0.23644976994084402
2084,30,159,402,8.551888796691813,0.39112332269707706,0.2250798613674219
2085,22,194,387,8.69578877319644,0.11477844519297054,0.2671781963348512
2086,23,140,329,8.23602419297474,0.3135508614579665,0.2726818387100482
2087,15,122,238,8.028184952083901,0.08351878417142689,0.38742840500561193
2088,23,68,208,7.671930638150686,0.8024868419103386,0.26594279712591673
2089,22,45,211,7.354980094950793,1.2888316220201117,0.6814723046029024
2090,24,192,409,8.713150979291811,0.2046854189310957,0.2443113231997875
2091,20,169,329,8.486085099118773,0.08076717503247721,0.307833646717817
2092,30,110,351,8.476134988676758,0.662419183563664,0.2130762681316978
2093,12,32,79,6.275781338083167,0.8558829502981044,0.4333540184921517
2094,5,27,32,4.743769505097131,-0.6979661089697567,0.7255826757048173
2095,24,168,362,8.579856247449928,0.23026957700623352,0.26594279712591673
2096,15,78,212,7.630147883764312,0.4556197251626183,0.35031211314757904
2097,3,14,26,4.8924637537482605,-9.71445146547012e-17,0.9575534837147484
2098,28,83,344,8.118108020884973,0.7042276129971161,0.2123258339721657
2099,15,115,232,7.968061245516444,0.13302431079603771,0.385551590339795
2100,14,90,223,7.757532533867161,0.3728262863089291,0.3510684417840611
2101,14,82,196,7.539785784437563,0.3433879347597,0.39221042556474955
2102,29,247,425,8.816914597607573,0.006062616809099475,0.13268354685409292
2103,2,9,16,4.214997302659253,0.024460735142974005,0.9517626756348312
2104,33,180,400,8.745432609028418,0.42781246553369207,0.8399566111030168
2105,21,116,225,7.91810864026579,0.11798341341138219,0.24363415847361708
2106,23,169,422,8.655162284050812,0.36701111524323043,0.21796839152414052
2107,18,84,202,7.763421499725716,0.46390212682713866,0.20489881950531078
2108,15,65,221,7.681145041320843,0.6036235687848103,0.3124403705904553
2109,16,109,240,7.900803868431131,0.2479666794344113,0.3556836679832618
2110,18,214,429,8.833575740697146,0.10993629242917513,0.39584854676500475
2111,23,218,430,8.83240124220596,0.10165160218276703,0.14576630643866736
2112,22,155,395,8.639690017500696,0.396661698689436,0.13206535647488304
2113,26,172,410,8.770958741581218,0.3903206650317562,0.07155007017691181
2114,22,220,420,8.836401997773068,0.05312546853576805,0.2599504264933105
2115,31,189,404,8.769568313927548,0.25188842858313865,0.08223687719790654
2116,14,114,223,7.931584979747691,0.09228160506764449,0.4042409224155877
2117,41,268,403,8.784391103888709,-0.3136149632757087,0.08821787887402716
2118,17,32,196,7.032793024149807,1.0804817691792616,1.0090527286213902
2119,47,291,434,8.806615221178534,-0.41884462580950305,0.1975946734877652
2120,44,297,443,8.830403690337764,-0.410914711558608,0.19487185856141484
2121,24,281,429,8.772679546587517,-0.3403038463659668,0.19243068248657266
2122,28,142,378,8.56176249997598,0.6386962084793422,0.171723911159138
2123,40,225,409,8.856322160993095,0.024515480754629504,0.1623261801753929
2124,14,116,228,7.953835379914035,0.09514166496088627,0.39812487902328353
2125,23,152,416,8.675718984454278,0.44995065834165265,0.2105972619688869
2126,29,189,395,8.780289034449078,0.25312709276945256,0.08149271679578908
2127,4,17,27,4.996988650944027,-0.11004500268122909,0.8631205685666311
2128,21,197,403,8.738495476316091,0.19894076847920128,0.14877718853801272
2129,25,209,425,8.798572349078187,0.15875867124730203,0.14205597363281933
2130,29,206,410,8.835254097662508,0.17952231763579773,0.09288480417143735
2131,22,228,434,8.884594762826278,0.04683082583862319,0.25462025907187996
2132,5,18,22,4.339115819385625,-0.9189034962320096,0.7330022650766125
2133,19,175,419,8.552392274765115,0.3146544475410208,0.22339360949485654
2134,16,106,233,7.91147182166252,0.256884806253847,0.362865056428413
2135,18,209,426,8.77676513902855,0.1317953365174973,0.2443113231997875
2136,33,194,427,8.839090928356029,0.2732188828339098,0.13531355373856116
2137,2,9,16,4.157854445516395,-0.008448994675855775,0.9517626756348312
2138,17,104,242,7.928179471911491,0.31649257782834966,0.34222478303898574
2139,22,261,439,8.759932753169926,-0.07919974429733967,0.1667334143937518
2140,3,15,23,4.5406544547579,-0.315352028193704,0.9480782435939054
2141,25,144,377,8.596334848190244,0.6080567231899259,0.17688776111821145
2142,4,13,20,4.422122904106489,-0.2374416782811279,0.8631205685666311
2143,16,205,431,8.73570239312972,0.1629886737955587,0.3067234942173343
2144,30,164,402,8.767449782334221,0.5458432216419365,0.18011888589794744
2145,22,177,413,8.738485026591816,0.31563702894529516,0.22971714511584773
2146,25,237,389,8.713197275232394,-0.03897414850591474,0.09562140253481909
2147,28,169,380,8.746362642488629,0.44851311575188674,0.07277657695441866
2148,3,14,35,5.271640636343319,0.4421654604981312,0.9666186325481027
2149,21,192,416,8.7719420989146,0.2690696463194099,0.09416841621188146
2150,25,123,352,8.429113409415795,0.9879246277370788,0.11883622646812937
2151,27,231,410,8.786268943089754,0.02361961522393019,0.9913225739422273
2152,27,143,391,8.643313328581916,0.6249462481670962,1.0515692959300198
2153,24,136,403,8.680113530114843,0.6958640027991656,0.1733017411198149
2154,22,139,379,8.58419498211476,0.7923096528361192,0.1423658933508987
2155,5,19,26,4.861394950185705,-0.2926003163688136,0.7807536250860868
2156,2,12,21,4.5275690110927505,-0.08509538346969048,0.99498482818597
2157,4,18,27,4.93949499318523,-0.09480676553068075,0.8390040613676978
2158,14,109,221,7.893568731230679,0.14969557854210613,0.3971254186977519
2159,33,223,417,8.883005926247447,0.0669235881375424,0.15610988036970375
2160,46,297,449,8.853927857029838,-0.4043474806417262,0.18889236081757163
2161,18,204,425,8.75403278882445,0.15790857797174507,0.24162730674407812
2162,15,48,198,7.347162824543318,0.8448091034138224,0.9980017051380111
2163,24,190,428,8.83151889501741,0.27697770695828494,0.13321848446568077
2164,24,223,427,8.865265141740743,0.05636631781922119,0.2568747672070879
2165,29,194,412,8.816683084469858,0.24558374930676063,0.1423658933508987
2166,24,223,427,8.864302027800324,0.0560608893703296,0.2568747672070879
2167,18,138,422,8.641101468197744,0.5158893100995541,0.19931233151167266
2168,25,173,399,8.692396440834514,0.3876078384973631,0.12010675827986976
2169,35,232,429,8.88864870453207,0.015208060914116306,0.2631087325693082
2170,2,8,14,3.986454374903004,-0.01075800999427634,0.869137580612638
2171,21,222,426,8.853920470796112,0.056602076096099685,0.2568747672070879
2172,20,210,430,8.823470962858154,0.1417532864996427,0.24262614861752527
2173,2,12,21,4.490759064443596,-0.05794598036181314,0.9970590569034107
2174,23,186,413,8.777520243649125,0.3041046249030128,0.09235775582094681
2175,15,101,231,7.887872844545406,0.29916889820117054,0.3564660079216588
2176,5,17,24,4.576321821172246,-0.5085452937488975,0.756170148929897
2177,21,92,377,8.301711244866105,0.9463353165384776,0.14154270887995712
2178,28,225,423,8.861818876317145,0.030702541780363468,0.26270930666805903
2179,29,183,417,8.81491564501743,0.3397860729194516,0.07352970238045022
2180,16,68,218,7.603670817294088,0.5685259618456865,0.3221291870505841
2181,47,288,432,8.817184666776368,-0.41130414120544817,0.19674799933502327
2182,5,20,24,4.404429487081999,-0.9362779579997615,0.7482932859824888
2183,16,81,186,7.67556762104739,0.45227932048375774,0.2713895875081111
2184,31,273,439,8.811785423640483,-0.22468309885118265,0.1758936689310141
2185,3,15,24,4.73918468540468,-0.016923591606313904,0.9333572600179804
2186,17,214,430,8.814625809573863,0.10589129688895993,0.2463680142138367
2187,29,180,420,8.763399898677338,0.3374456755173699,0.1319775570939615
2188,18,68,196,7.637847598337852,0.8849479290163397,0.25240903968097733
2189,31,162,413,8.742576116250932,0.684668365596266,0.15448133237501133
2190,21,222,430,8.856399038944229,0.07017943413075478,0.2527746249901374
2191,22,134,390,8.638560367412675,0.7157771349812323,0.16136607963992813
2192,14,81,196,7.569628986692619,0.351128298551611,0.39028197470906995
2193,31,278,423,8.787220092955085,-0.3398538602239806,0.11340014169983133
2194,24,129,306,8.365920568280814,0.6329976775885987,0.1460942501201363
2195,30,230,430,8.886743700728044,0.025534372710261488,0.26073212131992685
2196,23,208,418,8.824784728670526,0.14491103206692046,0.14686577428479206
2197,23,106,224,7.9498061513766425,0.33349798495150884,0.19064346223587195
2198,27,171,397,8.765237067467531,0.4603286395381867,0.19528536947060585
2199,32,205,385,8.806569570608021,0.13715289363578487,0.12341693092844747
2200,41,239,447,8.891498730594286,0.08034920764371434,0.3979227762716531
2201,29,196,439,8.757542665382958,0.26029091148846784,0.2250798613674219
2202,58,254,450,8.916293449257195,0.014875556013776325,0.6107791770719397
2203,31,239,447,8.928917570232924,0.04451409700867803,0.1475342223316009
2204,54,252,450,8.905237649899178,0.02669839383803896,1.0160953284940775
2205,57,254,450,8.894664831038774,0.013717903609949955,0.6611621280682417
2206,60,255,451,8.905035858134628,0.021515686881057317,0.4947966217440448
2207,36,238,447,8.872173294361712,0.07226208863140327,0.9016958277681877
2208,43,246,449,8.924591372046716,0.02829674231116197,0.10905377774475077
2209,24,233,446,8.920677848143228,0.054653129253715904,0.24846335954623072
2210,31,226,445,8.878626613996179,0.11809987375889097,1.0266174325543838
2211,38,239,447,8.907779799082165,0.05967488735920001,0.8259626132490646
2212,3,17,28,4.978089674169474,-0.15343182950544837,0.903116172156872
2213,3,16,29,5.031250000000001,0.0,0.9283620723948678
2214,32,239,447,8.913361808872532,0.048360996996415495,0.10662650963553058
2215,3,17,28,5.017538025042054,-0.10488911338833563,0.9081783472997053
2216,27,235,447,8.936641002280751,0.05051146676159379,0.2491705938085223
2217,3,17,28,4.892878967843303,-0.14566838263079046,0.9182958340544894
2218,38,242,448,8.91265662626887,0.04625754328022491,0.5955786407173512
2219,33,233,446,8.888674753797256,0.0802638003551489,1.098056786716761
2220,38,238,447,8.857956413391864,0.07456998216948996,0.8396237062488182
2221,51,250,450,8.925721902188977,0.015890491216213665,0.06266526670189752
2222,51,250,450,8.924524263224253,0.020491495489343592,0.2123262897566862
2223,59,254,450,8.892352608682776,0.028272720058428402,0.7925887852559671
2224,3,15,24,4.770821149002829,-0.1856965947957427,0.9432261548473416
2225,26,236,447,8.938333513297852,0.04521786448680687,0.24988229283318544
2226,42,241,448,8.920112193286755,0.06231293207207611,0.08489477264153308
2227,60,254,450,8.91033741163472,0.023580284693230258,0.6165952409954908
2228,46,247,449,8.947320764162784,0.017322497649818858,0.6821285706629132
2229,42,242,448,8.922357332077878,0.0543280303822401,0.08523174345295803
2230,26,236,447,8.940059673702951,0.04009537785131878,0.2505985005965259
2231,32,229,445,8.879580205019812,0.10299108621839825,0.46684129760513776
2232,52,251,450,8.887863783866838,0.024723106427980923,1.068689521057563
2233,26,236,447,8.939192358468334,0.042634140560400935,0.25023983035107633
2234,31,228,445,8.86625729687615,0.10792618464652626,0.1426772970671575
2235,44,247,449,8.912892809596391,0.03329804951581472,1.1967877718238293
2236,22,224,444,8.872385759999368,0.10208893988952228,0.2419592433836074
2237,53,251,450,8.9234087183113,0.021727944094283025,0.6028828279189072
2238,44,246,449,8.935861290386846,0.024351191199001088,0.10922762969663889
2239,31,238,447,8.916990159816564,0.048389421945130184,0.1473106669304539
2240,22,228,445,8.87970631549914,0.08276898761010942,0.2443113231997875
2241,27,233,446,8.934981683621492,0.05609777538995764,0.24846335954623072
2242,43,245,449,8.902487613793827,0.04346068363613831,0.17304666003471056
2243,48,249,449,8.895040644320536,0.02782516262838275,0.951686585507131
2244,47,247,449,8.957019438324535,0.01937272479350427,0.10940208685371657
2245,49,247,449,8.932206438276003,0.04187038861379144,0.9683213083911039
2246,61,256,451,8.944965070316972,0.0010577436060652534,0.4078532566491457
2247,40,244,448,8.918527948307162,0.03091830966893072,0.108535820788628
2248,61,256,451,8.928192957361219,0.0095122282034934,0.8073546679701216
2249,56,253,450,8.919168027616555,0.01587816821544996,0.9587782896066283
2250,33,240,448,8.938995322146047,0.04240891383773582,0.14787095253318694
2251,59,253,450,8.949430811192784,0.013475468417070258,0.08836402276121892
2252,32,223,444,8.885165863651649,0.1340582279909618,0.14103348602578256
2253,40,241,448,8.88870053077277,0.05853541575917787,0.8194859816145651
2254,57,253,450,8.913803074671643,0.01852249357786173,0.3883560103204937
2255,63,257,451,8.942063247080098,-0.0028866673837489865,0.06410820054846975
2256,31,236,447,8.913190342550022,0.06425096081422288,0.1460942501201363
2257,51,250,450,8.931971965135293,0.01939960207863911,0.08760257891997578
2258,40,241,448,8.94974157120389,0.04485584594405534,0.14843592738613356
2259,50,250,450,8.933041719039036,0.012136845365666282,0.08742337769164572
2260,51,251,450,8.934590572179578,0.017618372791173176,0.24962935209134057
2261,32,233,446,8.925266386071508,0.07813221079245547,0.14489961753310665
2262,46,247,449,8.910420675096857,0.029642925820861366,1.2247078723217848
2263,44,244,448,8.91032361066506,0.049617431946774704,0.33791895707628977
2264,33,230,446,8.881285890598214,0.10165993025892528,0.4284665346337486
2265,67,259,451,8.910825357803517,-0.000544809350963682,0.8876201939265767
2266,48,247,449,8.935199862921003,0.033476946958610365,0.08667934360010433
2267,41,245,449,8.91224345641121,0.03757136043653608,0.41680335613918684
2268,57,254,450,8.950134342016183,0.0018693778687874918,0.07372680805976604
2269,28,224,444,8.902869846173832,0.11069444957259678,0.2419592433836074
2270,53,251,450,8.953733072843496,0.003133213260436918,0.1109999828514863
2271,29,232,446,8.893304525322366,0.08586584497824867,0.9503907409298044
2272,64,258,451,8.940785655278967,-0.0035419365923288204,0.05058975851711196
2273,26,231,446,8.925352672755144,0.06897142671135237,0.24671452383947287
2274,57,254,450,8.921351065433814,0.018129199596526813,1.0211234290580675
2275,58,253,450,8.90124192370107,0.023862941980410723,1.388726868397219
2276,61,256,451,8.91181854358927,0.015899027319138948,0.977637444337192
2277,46,245,449,8.938131210653614,0.03439321869460599,0.07175913893034261
2278,55,252,450,8.902090421120825,0.023380535753949716,0.6459380507918426
2279,53,251,450,8.917743857405005,0.024286290484186512,0.1823924563749653
2280,26,228,445,8.876129834737736,0.09636832808278872,0.4321073569272809
2281,27,235,447,8.935216686238933,0.05040061951254171,0.2491705938085223
2282,5,24,34,5.165958368684025,-0.39558621825196827,0.772398436030307
2283,42,245,449,8.927642337818737,0.03180206044459066,0.08615624984631956
2284,50,250,450,8.91917664033071,0.022950292118746107,0.267318927381997
2285,24,165,433,8.484194458929666,0.4012447058039457,0.9793397758566396
2286,46,247,449,8.910443402752595,0.03228657144035885,0.7461484482937285
2287,49,249,449,8.915882388831838,0.0268179982157164,0.21055240553944338
2288,52,251,450,8.878644456253994,0.027251560003546338,0.31890741085279367
2289,34,232,446,8.883589776545834,0.09794145127063325,0.38718616429684205
2290,35,240,448,8.87928491193356,0.05977505852773246,0.46552058664820334
2291,21,213,442,8.843492452747832,0.1590379285752337,0.2348815838481293
2292,42,243,448,8.932619441347267,0.046314079794265495,0.10796656228461962
2293,3,15,27,5.006890595608519,0.06418952553039767,0.9480782435939054
2294,41,243,448,8.920295361310831,0.04559966733737175,0.28478188364501617
2295,35,241,448,8.876666135438246,0.05311713024061826,1.1599846647962262
2296,59,254,450,8.926463796745612,0.01784812295223981,0.4397816555292274
2297,33,236,447,8.88256857845346,0.07380575618804674,1.1522780546464189
2298,47,248,449,8.893383685260185,0.038217324674186925,0.6955027420294232
2299,31,232,446,8.86854815160819,0.09265527147852015,1.0762367832859943
2300,3,13,24,4.746788379091501,-0.00369306928077906,0.9790981671667148
2301,35,135,355,8.545834442965239,0.7634749787252679,0.17033057560105985
2302,44,96,220,7.8359324091301765,1.3971373597219041,1.0727379678091653
2303,45,84,179,7.455290924034094,1.4582852946352347,0.35706081671250134
2304,47,95,210,7.751089858679174,1.392982426377166,0.35965730095387677
2305,42,92,206,7.772196232221012,1.3197378598118432,0.652484169710827
2306,40,83,199,7.652916319610125,1.4739227590953334,1.0313521446843872
2307,44,94,214,7.778273237265194,1.320894086302002,0.3778628825554232
2308,46,95,211,7.7704080855055615,1.4609923435640675,0.546128639056064
2309,40,78,172,7.4627361141288375,1.590102179316688,1.2030807204230798
2310,43,107,249,8.085841866698724,1.2402612532097976,0.5542572708637392
2311,48,90,205,7.673459531749294,1.5618469929040462,0.6287752813410603
2312,46,88,180,7.490538449524707,1.518133009126251,0.362301914744691
2313,46,100,247,7.947929811364676,1.2682670805728105,0.31852756849608893
2314,47,87,176,7.4545801705176835,1.4829764488256794,0.48687637432976005
2315,18,145,285,8.284387049364389,0.10045948073214606,0.3379853480284496
2316,3,15,27,4.899592201904213,-0.0029811530999644398,0.9528588097297789
2317,45,88,198,7.621413810764439,1.5544199726691208,0.814273860587478
2318,48,119,253,8.137128394495203,1.1701300444511886,1.1094417046818172
2319,41,90,215,7.784124033642166,1.3474689202935526,0.4675693572853327
2320,43,113,274,8.23006355252155,1.1250197336089183,0.3297210009191992
2321,43,79,168,7.386689545454063,1.4646961583334528,0.018740490278837348
2322,41,81,188,7.579474027571589,1.6088325613379713,0.8948838258626238
2323,47,91,196,7.602020240366605,1.3335575320673623,0.4625034873511042
2324,48,101,228,7.858931112647387,1.3400706978939836,0.13077862512205385
2325,36,73,176,7.471477019939547,1.599352725967143,0.1960421038989925
2326,41,92,219,7.8857577314555485,1.4805690040083181,0.6039017300111927
2327,41,95,218,7.885097784467369,1.3158238819871384,0.28094269655094317
2328,41,150,325,8.592774056661762,0.5693953444029878,0.09900593964481495
2329,49,133,300,8.31906020215553,0.8797773733619563,0.196513750690317
2330,45,102,220,7.881970039557524,1.2901095947818273,1.2759830064556676
2331,47,108,259,8.087631982832088,1.2389371717982052,1.068849088269283
2332,42,85,201,7.6747552709996105,1.6331264514515507,0.459915110553969
2333,44,101,222,7.941647423016317,1.32370855402967,0.6954539444464061
2334,39,88,203,7.7294607553583905,1.3069302197814903,0.3647995715666913
2335,43,159,315,8.544778593791209,0.340437622025505,0.11184874107518368
2336,44,109,254,8.188809461858343,1.4424517149343887,0.07826057641315105
2337,52,129,272,8.219897558475827,0.8852437622179801,0.16086221609129853
2338,47,89,202,7.623306056675241,1.4796939001466796,0.8402555786375098
2339,45,88,188,7.576657181780181,1.370284321912409,0.1359030119418791
2340,40,87,209,7.779146945178106,1.382778004912197,1.1091571491459307
2341,42,81,178,7.49604288030079,1.5597419828580814,0.6999994654288425
2342,46,94,204,7.722913621879813,1.3236613443792642,0.9096371091898812
2343,41,93,209,7.790424214718444,1.4154028562220922,0.19267781838513623
2344,46,122,273,8.21381500288259,0.9211234160403731,0.4549772622630505
2345,46,110,246,8.03439091698308,1.1268559312378694,0.9374396421939325
2346,45,134,317,8.438997939936852,0.7609584073815892,0.8960230766114432
2347,37,80,200,7.714138387100219,1.8051114024684378,0.3924251810871473
2348,45,81,170,7.385143602250624,1.7057815163567724,0.7706449042069704
2349,43,105,231,7.982997928152403,1.1912141945716148,0.620737578381378
2350,45,100,231,7.900435035739308,1.2350386661265325,0.9238203010662656
2351,46,96,224,7.803800450659463,1.3227022802456099,0.4965970642666297
2352,45,91,206,7.702433814232094,1.498791163247965,0.7147072402457249
2353,15,115,233,7.987621991706831,0.14587795052934893,0.38277387278771124
2354,44,107,259,8.132111260211778,1.259980434655898,0.3604605996794085
2355,14,101,212,7.846594151608753,0.1982206968494311,0.4001406425508876
2356,49,92,197,7.588161085378084,1.3426066170180222,0.29296589916383814
2357,40,80,187,7.566567122499837,1.603850029466285,0.7128195062562946
2358,44,84,188,7.559415176141945,1.5928604256758894,1.0121664909566215
2359,42,95,218,7.838265376677858,1.2751200013287938,1.134175387964331
2360,38,93,223,7.919808494109365,1.3867971481682129,0.787025690826761
2361,44,85,197,7.608323781348821,1.6060651608540217,0.6538493306495876
2362,28,164,389,8.698357934780393,0.35036526713826627,0.23772107576081677
2363,45,130,290,8.400576650490693,0.921575641424212,0.08034386036553594
2364,46,86,183,7.534366733148899,1.5687005134165701,0.13124337511205056
2365,44,77,171,7.342533722579864,1.72486752368976,0.36767978960292697
2366,49,87,196,7.528643643033328,1.4708031807171387,0.0862289463412215
2367,46,124,268,8.20933817477419,0.850059183407234,0.23029737653225535
2368,38,82,190,7.650250670090961,1.5054671730655727,1.0226529645242735
2369,47,112,288,8.256295067316254,1.1045985261188234,0.4101404146134077
2370,43,95,219,7.819551885192137,1.2356890381162167,0.41224030095573805
2371,48,132,333,8.487282396535429,0.8797485570356167,0.05063359664549009
2372,43,85,178,7.507327527385037,1.394008818979577,0.39158381613564225
2373,41,154,302,8.383194717287527,0.1690214129724893,0.13854630787025599
2374,46,93,203,7.708532561823417,1.6097902557003225,0.3495284403522456
2375,31,122,359,8.544445495778007,0.7602983824587501,0.18717625687320819
2376,40,139,314,8.499756484812453,0.6866425585168137,0.07229948833450801
2377,44,82,172,7.437405658511185,1.6417040714631486,0.4267545970639111
2378,48,101,218,7.86314899818543,1.4916859094055914,0.2555192290006006
2379,47,88,192,7.553832184008901,1.4048016700850265,0.395702351893581
2380,13,106,213,7.859793713696677,0.12481813724488877,0.41164557093214915
2381,42,98,232,7.916084897679993,1.3014145810326239,0.5337934765762189
2382,39,94,213,7.875532191914678,1.4757591585182408,0.15506418951626422
2383,47,100,238,7.907542313226669,1.3902166084273513,0.8182757246470013
2384,41,98,244,8.072714722296773,1.41293673611685,0.6640692931523342
2385,46,88,193,7.593544355704515,1.4736919543416072,0.5155522786582695
2386,42,85,203,7.684866408988475,1.4933410820778736,0.9732796263087032
2387,43,97,226,7.8798937471002395,1.3621888100787103,0.8599607782794878
2388,41,89,203,7.722427774443454,1.442913155447822,0.2999135955663794
2389,38,99,240,8.041227620944879,1.2287402424580613,0.5124396985445351
2390,47,114,284,8.190770022139946,1.0983292724747122,0.25059809160044927
2391,42,91,192,7.652589644042489,1.3437049212276482,0.22194632090160965
2392,43,110,283,8.130834695120837,1.4125810193229626,0.10160931184917106
2393,45,102,236,7.94445297690518,1.2307932305172113,1.1859886518795204
2394,40,85,191,7.635007837464029,1.4278275871840114,0.04957257460242494
2395,45,94,217,7.771982178075198,1.3632793642110155,0.49908472282639904
2396,36,128,319,8.48572047712432,0.8751613030549206,0.12464250585472612
2397,49,95,208,7.6827334939829655,1.3714711847078798,0.5215592500422309
2398,46,91,205,7.671823281229136,1.3807367029796551,0.16884479665951435
2399,42,86,203,7.690315563371814,1.3781010487178915,0.26003248316747624
2400,13,103,227,7.9295047125351426,0.25599043155322954,0.85370896529948
2401,2,6,13,3.843668347505461,0.8546918978910186,0.0
2402,17,76,217,7.799457889139877,0.6325601892287627,0.874663332298435
2403,15,75,201,7.728464127386273,0.5010531255213638,0.7700860774259137
2404,0,1,3,1.9182958340544896,0.0,0.0
2405,8,83,223,7.700783314425825,0.4095966652117269,0.3166589756175557
2406,2,16,39,5.362207072676477,0.3299345993588316,0.0
2407,20,104,204,7.817303818326837,0.11448695995647395,0.99440665256278
2408,3,13,30,5.038504183795217,0.3286260107423168,0.0
2409,10,90,229,7.859865838383696,0.37698865591230823,0.5811143266748766
2410,17,91,238,7.997903605405117,0.4606579067764047,0.4203989450010299
2411,12,104,230,7.90667966129304,0.23465595320015475,0.0
2412,14,116,233,7.975149193837308,0.1504835556554306,0.2257394370169052
2413,11,84,205,7.749050220374207,0.40533476855177997,0.43092911600623784
2414,26,104,234,7.971892945707921,0.3435641907753596,0.9990740566122525
2415,13,76,200,7.648813559418542,0.4362950231912334,0.7606532498246888
2416,5,75,200,7.425822331702951,0.38789662671843517,0.5148626806465212
2417,23,110,229,8.008382435536346,0.24236724857820768,1.0360436040720302
2418,8,34,204,7.24959415029663,1.0663618848216658,1.3611671922101913
2419,25,109,224,7.94588049411678,0.22388694508505647,1.0684274819848745
2420,5,28,190,7.109109104672964,0.9483162679758463,0.4893344938686864
2421,21,117,232,8.00463368994386,0.17405225542861924,0.536010705089281
2422,15,85,218,7.834186550189473,0.40875190330697936,0.0
2423,5,18,93,6.277779946828692,0.9891710397966318,0.944387195013346
2424,7,75,196,7.535606360916923,0.38824841673527527,0.19891066438436167
2425,6,81,217,7.627208815696801,0.3965854415923976,0.4069565105443511
2426,13,94,232,7.8774969482387975,0.36840170657438354,0.9178126858366941
2427,9,30,176,7.079440635291827,1.0415993312163874,0.44279246634048297
2428,10,101,214,7.824850112097064,0.19862462600473596,0.9710885526220677
2429,6,48,186,7.386639184892004,0.9694113182196306,0.7741962183905551
2430,25,104,214,7.9680032668916745,0.8965798822351205,0.8106723418723676
2431,8,95,205,7.724143581115692,0.20001033940772495,0.0
2432,3,12,33,5.107364969720376,0.6677360191490158,0.0
2433,25,91,242,8.190608444808923,1.3641899440112857,0.8505216795753348
2434,10,68,211,7.662559563224212,0.535852178547934,0.23240177007327573
2435,22,120,245,8.035270734933734,0.16771574094480268,0.9835908183611827
2436,11,163,411,8.660344591321756,0.520512961508404,0.6174482957894681
2437,8,89,218,7.77223947455044,0.417994375604662,0.8284184299379682
2438,8,70,210,7.708065516922179,0.745938414222376,1.1404553730435718
2439,11,63,211,7.7078328097164635,0.6937795457855884,1.0846041183627486
2440,12,91,226,7.921622070347927,0.36788411928901465,0.3291358029088426
2441,9,34,207,7.152345189814381,1.0148102159221053,1.149426667332123
2442,19,92,201,7.761854679344886,0.3056044291215828,1.1173533644079208
2443,7,105,222,7.805544908970687,0.165230937872893,0.0
2444,12,82,193,7.625257042480046,0.32768121973969166,0.6784978363799418
2445,9,92,225,7.738957556528579,0.33641443147015326,1.234509147156645
2446,5,66,202,7.504190513885706,0.4894232880002331,0.9999747434708205
2447,18,91,195,7.742831814953989,0.23847150032930264,0.32621279555504556
2448,10,108,230,7.9145689882575825,0.20540341771832726,0.0
2449,14,106,205,7.800467904996817,0.06699377064145595,0.5239508035324709
2450,20,110,222,7.930632176007947,0.17504953912437216,0.8506329280295735
2451,10,88,217,7.776854503790354,0.35247981748171436,0.34463438526367035
2452,9,92,219,7.768843045973321,0.3056021357323764,0.3281989799697189
2453,21,118,230,7.991620231033731,0.13855223590599297,0.4644929979617464
2454,16,61,192,7.558595739536123,0.7231520476496212,1.0589267338061816
2455,9,93,204,7.728940342149389,0.23363284260606132,0.21098829696152666
2456,20,121,228,7.973921133780993,0.053241116160283375,0.0
2457,5,10,22,4.601182788833759,1.0246348178936826,1.2792108030123093
2458,13,65,209,7.6764953042937245,0.5962323351117788,0.8858592032781973
2459,12,86,210,7.747415704311302,0.35872082783350934,0.2750380732268174
2460,9,56,186,7.52832441669358,0.8209350942400389,0.16737052778260342
2461,10,37,177,7.264176458905956,1.2718206628096356,0.9695344050654536
2462,17,66,213,7.74722029756425,0.7243626606803363,0.25032560579394597
2463,3,7,16,4.161276334631105,1.6769516140721024,0.8719504731434133
2464,4,8,26,4.717753285097349,1.4690255994488044,0.5641968699655245
2465,18,112,220,7.919101023157831,0.11449305781621999,0.6447337628274871
2466,13,99,229,7.877921767715911,0.33166077437735497,0.9992991002303703
2467,16,95,217,7.88003552341819,0.31067293322325257,0.6187635860270754
2468,49,179,424,8.844838892149028,0.5222734815081416,0.642258467500369
2469,43,117,208,7.779902762927993,0.07308543681343538,0.3062077243367184
2470,26,101,210,7.837423969056175,0.2684031389926559,0.7683741680408829
2471,14,119,223,7.908368346105912,0.020984459552962353,0.961236604722876
2472,14,102,220,7.855417413022954,0.2317985705517963,0.9979872317138225
2473,13,117,222,7.902260681016075,0.03269946621000519,0.0
2474,6,85,206,7.489551357779727,0.32617265200990553,0.23825953909776396
2475,10,98,234,7.919343370770965,0.3292522015488829,0.19879769565437816
2476,9,82,221,7.764313980529985,0.43325533859520493,1.218206682205985
2477,6,35,193,7.244428250540076,1.0592005284216857,0.7203928779942474
2478,14,62,213,7.703419962506673,0.6848891386642041,0.33809542012391514
2479,5,76,208,7.512209354765533,0.40749657371286774,0.6429383500409614
2480,9,95,202,7.750604769839856,0.19325334978089037,0.9391460417991611
2481,35,118,217,7.886549637968057,0.09523163966625114,0.3543847350224648
2482,14,115,231,7.9708326522517385,0.13475158270691356,0.01836742560025776
2483,7,96,221,7.820709412461117,0.28195397734673255,0.5601481600015202
2484,7,33,168,7.089443967218096,1.4135077685263373,1.115048407934311
2485,5,95,198,7.651400570829451,0.14526963311479546,0.0
2486,16,76,203,7.731799028660932,0.5334776398474959,0.4936670318626363
2487,14,67,188,7.642276243105904,0.5962579099284424,0.2787455514756226
2488,12,91,255,7.608843178945025,0.3268812316010976,0.9533171305598175
2489,16,63,203,7.646488520770592,0.7725822776810649,1.011314495958244
2490,21,81,193,7.702456703305701,0.41342041618760983,0.34802651826466485
2491,11,56,204,7.616288819391271,0.8230162219929865,0.25676099335176916
2492,16,123,328,8.472445341677334,1.0574125935064225,1.0698249910748563
2493,32,127,228,7.958616389886443,0.019499522163802907,0.1938518986166632
2494,15,69,199,7.673489611975,0.6418900934834526,1.4203521841043494
2495,5,60,209,7.491892340521769,0.5653815657725001,0.7273006785144037
2496,26,119,222,7.934690126404171,0.030594385493707077,0.502388533909465
2497,7,92,232,7.762101420977669,0.32029645411835406,0.0
2498,12,95,204,7.779534521856383,0.22940695871041905,0.0
2499,14,81,215,7.835229305257772,0.4715737867562786,0.7004742427983038
2500,27,222,442,8.894547092076719,0.11094365011272733,0.24296112679671003
2501,10,36,83,6.376015107372803,0.6697058423305338,0.5066503344840896
2502,24,59,162,7.235520225830957,1.0814647738364394,0.9719060777062601
2503,18,45,71,6.029615245252221,-0.1527922093247495,1.196377022948845
2504,36,310,788,9.537012074088148,0.38033089805995246,0.7829478706773838
2505,31,94,314,8.068796146234096,0.8612065365073789,0.965299655942139
2506,35,119,421,8.464628297943047,0.7600421029788593,0.9442533366278879
2507,41,292,761,9.64507297489273,0.48919150229540304,0.12448785646568498
2508,8,32,39,5.18442454286027,-0.7915807906083665,1.3194394859423486
2509,9,37,53,5.7926027788149845,-0.4550909644595939,0.5299888383579557
2510,37,162,619,9.103070236464273,0.6642744814533705,0.13587201135263657
2511,28,227,451,8.92461157289669,0.11429029943687452,0.23868451135100138
2512,18,44,101,6.519352512026169,1.3775024777826763,0.8451791955996655
2513,8,34,42,5.249487172265593,-0.7770040958496571,0.6494446315572294
2514,30,231,713,9.311454588401212,0.5199930119109941,0.5415343615393139
2515,34,129,401,8.566463821427401,0.7889746658149697,1.1343873717665565
2516,30,210,446,8.868063770338615,0.2099785953432871,0.22942113763528935
2517,34,192,624,8.970303283069029,0.5549813647189226,0.28620947873432084
2518,38,352,735,9.540912132104918,0.17162929379650071,0.15751760274451468
2519,33,154,416,8.763392171378106,0.5050190765016006,0.20239878589672675
2520,28,211,433,8.842664740934953,0.16015994522036692,0.24030955630053197
2521,4,20,37,5.406332492422961,0.012175332697217642,0.8390040613676978
2522,56,300,617,9.45799600253287,0.31943576645500005,0.12661166374683513
2523,34,128,441,8.662662216096855,0.611318912189293,0.7514019230497236
2524,45,148,440,8.708853254254795,0.5617793433348464,0.538626205620113
2525,37,333,645,9.445447236245787,0.07417267679933204,0.1851247601005459
2526,5,24,41,5.4119608714888425,-0.11490656816678912,0.7807536250860868
2527,17,40,52,5.34586086224786,-0.7513453096044951,1.0929666813965975
2528,9,38,45,5.268895061087769,-0.8338526785718582,1.3403747516455362
2529,26,153,409,8.657627062522785,0.436944541288989,0.78686143619203
2530,5,27,43,5.49900854412461,-0.20142270163296336,0.7367680100024784
2531,49,439,835,9.838962349606103,0.04956222012153022,0.15361974112469803
2532,5,23,41,5.562739695143752,0.01841947389667538,0.7979519684655731
2533,6,27,37,5.216386501857041,-0.4687017586254044,0.9304003241724016
2534,42,121,397,8.46506474757968,0.8104446273882087,0.9231868036808603
2535,5,27,48,5.621272072847961,-0.08765278146216172,0.8471209452119237
2536,39,164,395,8.69818474154086,0.548055282150834,0.8997865111441901
2537,38,336,730,9.570458458854153,0.225597759541997,0.15448133237501133
2538,26,207,416,8.804340749596022,0.13462751763738634,0.25131926166472496
2539,4,18,33,5.203523189017005,-0.001948313208031821,0.8829589691462253
2540,17,113,250,8.052402994979019,0.271770863542747,0.3436642968542123
2541,5,26,39,5.405928271188297,-0.2940508835803798,0.7444131797881749
2542,28,235,455,8.96071794595773,0.07701554338784256,0.2419592433836074
2543,35,374,788,9.645947754368464,0.17814830836294382,0.14832255435507913
2544,8,37,47,5.435543091014948,-0.710249078282735,1.3983971072587547
2545,41,363,737,9.606530285851342,0.13564818514218857,0.16095840937961375
2546,38,220,711,9.097221245201684,0.5461180670219794,1.010392533782991
2547,17,44,61,5.972689568673664,-0.4589954890270452,1.1162306117249015
2548,4,21,38,5.368507898969236,-0.015096048862573909,0.8296071030882032
2549,5,24,33,4.950813452718452,-0.45167438766087264,0.7849920887641583
2550,28,193,420,8.794264360476754,0.24233341345726378,0.23676618715200332
2551,27,227,442,8.91014893038417,0.08840451514990044,0.24567821069591345
2552,4,20,36,5.352195681896971,-0.001582744958563767,0.8437582063121659
2553,36,349,674,9.506877431347245,0.06627593316843527,0.1796001023687377
2554,9,46,62,6.009510378947728,-0.46606032244917567,1.3242953836068956
2555,7,34,52,5.860672866313517,-0.10758269902854142,0.6442142137378306
2556,38,370,803,9.65233781860701,0.21031809784806066,0.1430948295789345
2557,8,40,104,6.8117275337304966,0.4568928716058379,0.5643364444932288
2558,5,24,45,5.737158823707044,0.11350618761178058,0.7682814090975241
2559,7,34,45,5.420424098129963,-0.5287935090986347,0.635704699977872
2560,3,17,30,5.081014563592102,-0.00231248370144968,0.9132401614300724
2561,9,36,56,5.862959994989458,0.06349183968012462,0.5415785533173061
2562,42,309,781,9.535306735446092,0.381002633351208,0.13366788282093262
2563,38,335,669,9.48517945318822,0.11602490074944194,0.17572917859851872
2564,8,38,74,6.225642806963417,0.4408191268886574,0.5892853115214715
2565,5,26,42,5.409433347886377,-0.20236870715671115,0.7444131797881749
2566,8,38,80,6.42313643906133,0.45801334364262064,0.5665095065529053
2567,22,118,291,8.237615413335128,0.39344906159830473,0.28982074474244723
2568,39,329,773,9.46374084590181,0.29798312444312425,1.112625631944032
2569,46,301,615,9.441336473193438,0.2959454755979861,0.12448785646568498
2570,11,31,35,4.575676457174846,-1.4318997201944146,1.3689955935892812
2571,4,18,33,5.203523189017005,-0.001948313208031821,0.8829589691462253
2572,28,229,450,8.936172040031883,0.09810549784224254,0.2412963744173
2573,39,320,661,9.453431755798912,0.16202381146439093,0.17298363151166127
2574,33,165,431,8.763612711790518,0.4366757751145283,1.0744076834790204
2575,41,224,634,9.176181892780912,0.4781597429426907,0.9819862942775285
2576,39,360,692,9.556978508514248,0.06354744360270503,0.17638917629396378
2577,5,23,41,5.515356657120453,-0.008658678105041395,0.7935912300117064
2578,28,233,455,8.949876324522075,0.09068386545089879,0.24030955630053197
2579,4,21,37,5.222500011987205,-0.09452425125988607,0.8296071030882032
2580,9,37,45,5.317669699772285,-0.8411778517430114,1.2803157813959045
2581,11,39,48,5.307746560243735,-0.9297792009410275,1.2201380328103917
2582,39,366,757,9.58912208086716,0.15740675345915556,0.15522831953340335
2583,40,248,663,9.341574156995152,0.4354723097428672,0.677868473682391
2584,34,169,448,8.658580999846807,0.436212176083466,0.7668140132677219
2585,36,306,665,9.412614028632326,0.2242807075964912,0.16629544443088143
2586,43,239,644,9.414274802083188,0.4662027948447795,0.14787095253318694
2587,42,327,676,9.494064120101468,0.16733235359777465,0.1698716275506362
2588,8,34,43,5.46079210593624,-0.5955827619226665,1.4195390895126687
2589,12,41,72,5.9787057036033024,0.44541721205405355,1.3559158790242458
2590,30,189,429,8.767455119232471,0.29175462334477226,0.22650669135047238
2591,11,39,73,6.33391384664862,0.20505376735775604,0.4778207445858081
2592,17,40,61,5.98916795623476,0.1596926835044157,1.2011116834533897
2593,4,19,35,5.3317216056299666,0.02550700898568524,0.8631205685666311
2594,32,101,410,8.506077382650489,0.79612029170373,0.17410266700739468
2595,27,229,445,8.925718457186642,0.07924984395620827,0.2460225782203316
2596,29,200,432,8.838309322426497,0.23314945836530865,0.23241966161560662
2597,31,167,421,8.824323037534377,0.3987822971956725,0.21717952771863122
2598,28,209,433,8.856225605023962,0.1770007158585406,0.23868451135100138
2599,4,20,36,5.3164389760252035,-0.0016638333726772536,0.8533728188427888
2600,9,23,31,5.098298355732602,-0.0029898933530426164,1.2903897374678295
2601,27,235,451,8.945068310512017,0.05795857003250715,0.2463680142138367
2602,38,297,826,9.500800545156103,0.44682774983272633,0.12206921204596909
2603,26,212,448,8.844328713268737,0.18592436266662404,0.23031169678727276
2604,53,565,859,9.767826407136353,-0.344644836657915,0.11203246304182887
2605,19,178,430,8.64711008418347,0.3228004539531631,0.21823275264502606
2606,26,241,461,8.975425749748066,0.055943920887183585,0.24262614861752527
2607,48,603,852,9.612840658565384,-0.4671124144487131,0.34877976445533015
2608,44,348,758,9.650529941510321,0.21314991038806153,0.4050170735952198
2609,29,164,667,9.019708339124929,0.6563646344110631,1.0328072758201092
2610,66,466,866,9.897519622155592,0.019024814984586413,0.15252732850878195
2611,37,231,444,8.920698613800013,0.09201208715541154,0.14511523045767372
2612,28,163,440,8.863024835856349,0.4412270333952308,0.2030739299866456
2613,32,380,778,9.626156110048601,0.13973997197782162,0.36607484180951977
2614,4,21,36,5.365215789053427,-0.07814618308202449,0.8249658680139927
2615,26,66,372,8.051791461505509,1.1374263544422423,0.8333928819117835
2616,22,242,471,8.978053154960207,0.0727823128610553,0.2351933818192415
2617,62,450,838,9.879089357175133,0.038267213389809984,0.08951473279663372
2618,2,12,22,4.668295834054489,0.03450777896697374,0.99498482818597
2619,28,304,781,9.567277137984156,0.5472652452936135,1.037015221313648
2620,25,201,437,8.835917971623317,0.2269724435854673,0.23031169678727276
2621,42,562,875,9.778684453466088,-0.3192281722344299,0.10651647128607479
2622,32,331,798,9.637076247807189,0.4156418897507779,1.0372653118752937
2623,171,668,887,9.639553684016315,-0.8692426042580826,0.04548423062965021
2624,42,286,781,9.62940766195316,0.64630333350921,0.0971690256337495
2625,9,27,46,5.473032194880755,0.38347722795067596,0.9058206962644559
2626,8,30,41,5.449773356937368,-0.4082631603896462,0.5643364444932288
2627,68,465,862,9.89321284811246,0.017491943278633793,0.15337550274281875
2628,36,236,438,8.909580587139134,0.040729954278305947,0.15109697051711368
2629,2,10,18,4.311043244503275,-0.0068101428407917886,0.9881108365218302
2630,27,81,241,7.847738584884062,0.807533009011678,0.2446514678096593
2631,10,22,30,4.84187542325697,-0.6060319777379933,1.3940669842288071
2632,57,563,861,9.77305212278283,-0.3551725490876028,0.06282211974733307
2633,31,281,823,9.335433905144665,0.4681257237651129,0.632056545921839
2634,6,26,41,5.543819023440349,-0.05497096643540608,0.60393059542803
2635,48,460,873,9.879687908560992,0.03917076712543066,0.14877718853801272
2636,25,216,440,8.881272252681649,0.1415217618745752,0.23965661345035866
2637,27,160,429,8.681968036059356,0.43602799983683377,0.20841982642087006
2638,29,258,490,9.070176223488758,0.050503501396983785,0.23211591833920867
2639,22,212,427,8.787782245921981,0.13354094390157278,0.5547471822716654
2640,4,21,36,5.279413702573135,0.2145709745999383,0.8203636429576731
2641,99,574,860,9.788873959515866,-0.4213140670968024,0.11461099410591404
2642,3,15,27,4.899592201904213,-0.0029811530999644398,0.9528588097297789
2643,4,17,31,5.23278462405692,0.08966484413335597,0.8980587934501658
2644,31,454,847,9.426196274884274,0.03310918676882768,0.5827438024315863
2645,27,247,620,9.351306018589625,0.6440352439266839,0.8961010906702035
2646,35,310,791,9.699632432170146,0.5601953370257975,0.10220824065443289
2647,28,245,462,8.98904411524451,0.03792050125431723,0.2446514678096593
2648,26,180,423,8.65001019738933,0.31078304478746416,0.2247968708760789
2649,29,234,669,9.249289085862362,0.8057755029278619,0.3298195983795605
2650,6,24,39,5.486261896172714,0.042438796472309054,0.7007495497162063
2651,6,28,35,5.0408697176659265,-0.6878706657159779,0.6873150928309273
2652,4,17,29,5.038361188707822,-0.10757816946514834,0.8980587934501658
2653,33,264,729,9.559897027911294,0.7460959044577049,0.08955239520088407
2654,23,215,423,8.825120841816362,0.09475186110696365,0.2527746249901374
2655,28,380,854,9.616830684554811,0.23383386305622678,0.13321848446568077
2656,5,19,28,4.890881379939834,-0.4192370190022676,0.7601675029619656
2657,87,467,845,9.870553256510254,0.0052541761023793265,0.09112678399490481
2658,3,13,23,4.677231469380055,-0.016645621449425968,0.9863676072907089
2659,7,28,50,5.672612544008343,0.339950247047563,0.6385146263620961
2660,17,31,67,5.812463849824342,1.4226016994776232,1.2663199985001283
2661,7,26,38,5.348453025750424,-0.11230432287120734,0.6193821946787638
2662,32,206,421,8.749997448960258,0.17922941947280624,1.0761868861777817
2663,38,287,754,9.593580965657798,0.6802445903378712,0.051482371112601684
2664,31,181,437,8.598996974589385,0.3525518156671138,1.0926010393342966
2665,21,134,420,8.660551781865077,0.5782247056988817,0.19064346223587195
2666,33,389,844,9.68724008819603,0.21076416186065494,0.8087810042251954
2667,24,199,415,8.762161938776128,0.17047954251752762,0.2463680142138367
2668,26,119,424,8.580949944941377,0.8566352645500239,0.8688039036103341
2669,38,337,789,9.7170262264374,0.3879923352137936,1.0166462531911296
2670,24,226,455,8.881773549490816,0.12262102087277515,0.2348815838481293
2671,20,156,415,8.585385202395404,0.4131987848012636,1.0076516975248972
2672,22,162,436,8.654868936605956,0.4288319117255903,0.20489881950531078
2673,36,213,450,8.905467498880899,0.2283961878944777,0.13348772619190738
2674,4,20,26,4.738589961908773,-0.5217268450414004,0.8390040613676978
2675,36,87,447,8.37747124304348,0.779944095824902,0.7831457325220745
2676,6,29,42,5.468683447747646,-0.35046524638976184,0.7007495497162063
2677,35,239,444,8.912785072829623,0.040848328241741005,0.1494648949670974
2678,33,164,441,8.796248331185433,0.45922421872740854,0.8174451575447154
2679,52,582,898,9.79973030702311,-0.2606449594461495,0.1058072071466797
2680,26,234,445,8.93160222564101,0.04815844716221951,0.25023983035107633
2681,3,17,31,5.1120768118192785,-0.02047331553182176,0.903116172156872
2682,26,233,440,8.917308671475475,0.0386735482586128,0.2538784402981616
2683,59,449,849,9.85666486918332,0.04198444114458011,0.15252732850878195
2684,90,587,889,9.827357896285099,-0.4105333895620747,0.10987028965435755
2685,30,129,449,8.421469582374172,0.605013187010927,0.4437689612101334
2686,27,226,437,8.895237135452845,0.07572211426113307,0.24988229283318544
2687,28,241,454,8.96418309236518,0.03661668608699331,0.24811140311725277
2688,28,228,428,8.8808424418978,0.03274131186054863,0.2599504264933105
2689,26,197,447,8.776517104598193,0.2724583202234661,0.21983389422821473
2690,41,434,846,9.812391797178611,0.08267098621937741,0.0851979157182098
2691,89,467,846,9.893910437389081,0.007562581371127641,0.09136224757188924
2692,44,319,783,9.719803374488727,0.5367837439139828,0.10151023218322622
2693,30,302,742,9.50001403866336,0.5047937206427666,1.087817633776226
2694,35,386,848,9.736309845494937,0.22418203076876242,0.13605928623877517
2695,27,227,440,8.89904293272156,0.07314173753245357,0.24846335954623072
2696,49,556,882,9.794445737830937,-0.2613765953204622,0.10327508457163545
2697,27,247,803,9.513110147872457,0.7195450515601772,0.09757584278200257
2698,27,188,452,8.843769875150283,0.3419285776441902,0.2110879679560276
2699,26,235,447,8.922471615480132,0.049639163230212446,0.2491705938085223
2700,115,508,901,9.953779905945048,-0.0023838826109299216,0.4501817107339399
2701,4,17,31,5.157854445516396,-1.3877787807814457e-17,0.8980587934501658
2702,100,500,900,9.927040228188854,0.014204672031774335,0.5322733634799102
2703,111,506,901,9.912425638116275,0.007762681882482525,0.1337006576446114
2704,4,20,37,5.348346059469749,-0.005764121488970764,0.8390040613676978
2705,8,28,40,5.309086535702998,-0.48596418095626687,1.410110199806404
2706,112,506,901,9.938253023652601,0.0039025085336024112,0.41604342871240935
2707,53,457,891,9.903931270292956,0.09397353602761849,0.47913442745103746
2708,119,510,902,9.92841107091748,0.0021849950104474436,0.08567553431958959
2709,47,470,894,9.926098167217608,0.046917301568646264,0.14576630643866736
2710,106,503,900,9.939762726413743,0.00654205764572835,0.1541532717686247
2711,104,502,900,9.943377278505862,0.010365182759535907,0.2902873316085281
2712,127,515,903,9.92861117132295,0.0003622136915109042,0.0872223207149682
2713,103,502,900,9.936929288455909,0.008348085437029584,0.24233937493213425
2714,82,490,898,9.946570630090442,0.015441103596550043,0.08594892603206894
2715,63,479,895,9.940887242342173,0.026212300117536946,0.14775852221105507
2716,120,511,902,9.935341091631603,0.0008986132361904486,0.225487745712593
2717,66,481,896,9.94418389385453,0.022069328317590342,0.14820937084442415
2718,67,481,896,9.932216907405845,0.03402022842639041,0.32886674424240786
2719,111,506,901,9.934063566895928,0.004145434451331753,0.17410193639112925
2720,68,482,896,9.916206082424111,0.03781491618520261,0.9030372917138737
2721,95,497,899,9.911571918939238,0.021819086934535825,0.9595055154648735
2722,7,30,39,5.083488772711437,-0.7003614029380656,1.296238269315939
2723,5,25,34,5.068454347221219,-0.4663281629433995,0.7642045065086203
2724,127,515,903,9.91158900716901,0.005957512649353958,0.25787946809096246
2725,83,490,898,9.91152258223804,0.0244815102083904,0.1773284972096222
2726,98,499,899,9.960708385312724,0.004991178995380818,0.06247470314035505
2727,7,34,48,5.7219056230117635,-0.33431666695333745,1.3307879731066525
2728,67,482,896,9.946581562298366,0.021170882676929792,0.14832255435507913
2729,118,509,901,9.91967029656921,0.004289170448976143,0.6419432516973085
2730,6,28,47,5.773636615022957,-0.07539976727756441,0.7076690004167968
2731,59,477,895,9.918129102402442,0.04231164803201304,0.3224224057529083
2732,97,498,899,9.93535755246713,0.013648627239427391,0.24419819946940374
2733,56,476,895,9.93749807308995,0.03413901918679885,0.1469767213629674
2734,97,498,899,9.95485634118136,0.006330343963795837,0.06242294844223033
2735,6,28,43,5.639239552206617,-0.1470459689384909,0.7147274731317893
2736,41,421,884,9.75570692917336,0.16896428839339828,0.540073642234187
2737,88,493,898,9.956930509900982,0.009653668393668435,0.08643437727437703
2738,82,490,898,9.943879807819483,0.017284725523640354,0.1620760883566159
2739,103,501,900,9.918283616844148,0.012453807476015988,0.22998850511077584
2740,91,495,899,9.958252474708367,0.007247230492448686,0.0867144619491756
2741,120,511,902,9.918284665238936,0.00506578671182889,0.16680203932847898
2742,97,498,899,9.963718427588374,0.00255964796329311,0.0871738292176813
2743,64,480,896,9.94252972234567,0.024138098786243622,0.14798357042192298
2744,94,497,899,9.900145983329214,0.022592892858112612,0.13221094925370883
2745,3,17,30,5.1705668023980715,0.07424371327152848,0.9132401614300724
2746,61,478,895,9.912806966616612,0.03550670040046666,0.798900695483313
2747,4,21,37,5.411184009660177,0.00449358048274183,0.8342867421739536
2748,106,503,900,9.95855793921851,-6.229881953290217e-05,0.06294470471744999
2749,35,412,882,9.704226876689576,0.18493927374524677,0.5067608029638235
2750,106,503,900,9.923026558579858,0.012169320716749699,0.36153379446353284
2751,75,483,896,9.914267130865197,0.04585984454271519,0.18148977947928163
2752,44,458,891,9.894409396515933,0.07890762820208896,0.5595836312712876
2753,107,504,900,9.960191027903697,-0.0004837858996310507,0.06299739960443293
2754,4,21,38,5.421155642020056,-0.012825089760156505,0.8249658680139927
2755,35,410,881,9.727097801211826,0.1968982815425575,0.6381027651505643
2756,47,470,894,9.917003404660901,0.04521152535621997,0.14587544174229572
2757,78,488,897,9.932086017055266,0.029972177956695045,0.9354008356038286
2758,4,22,37,5.333241498888143,-0.1007880257673567,0.8203636429576731
2759,105,502,900,9.942474021177869,0.00626244815479704,0.3843435596938863
2760,90,494,898,9.913623161329824,0.02001758814921717,0.16828508690139068
2761,107,504,900,9.927909035556597,0.008188281510583928,0.9533820679844869
2762,100,500,900,9.92403497162719,0.015611911101067522,0.3478592550723085
2763,106,503,900,9.918778892578182,0.00918412354719278,1.0519282575643998
2764,86,492,898,9.899199477164824,0.023630210892207293,0.18477749995956796
2765,103,501,900,9.959912914558597,0.0013658118342091408,0.06275230261170878
2766,44,464,892,9.908410103352091,0.061210323082043994,0.14447048897661052
2767,48,470,894,9.877740179034769,0.055314033575907584,0.3489749699680229
2768,122,512,902,9.921055199516452,0.004489309253804752,0.13674094348104468
2769,4,18,32,5.197702779220091,1.096345236817342e-15,0.887976319515135
2770,51,468,893,9.88932902653754,0.06414757198755394,0.7053821786703223
2771,115,508,901,9.931645754740138,0.003645492676590756,0.10020768279762679
2772,105,502,900,9.942739368000378,0.009261428707362906,0.16437745163532907
2773,101,501,900,9.943310219555734,0.008064721435485422,0.17471258458641648
2774,115,508,901,9.909400349038206,0.005973838130964859,0.05357184147670129
2775,115,508,901,9.936170344503559,0.003620162739965682,0.1128352079883186
2776,114,507,901,9.92779991410313,0.00688764226890326,0.09857850079323682
2777,4,22,39,5.477426254469418,0.004092483453477867,0.8158009273789574
2778,4,21,38,5.374343910822488,-0.026852844450557717,0.8296071030882032
2779,124,513,902,9.92089771406222,0.0016843441075136134,0.13331017062551895
2780,64,479,895,9.919352271105703,0.043315097297372596,0.33200870974911517
2781,93,496,899,9.934998286389074,0.014767849959843371,0.7408372277776487
2782,81,489,897,9.946871635680305,0.025877003986410574,0.24796535910899262
2783,89,493,898,9.922013106126832,0.021892632075642182,0.10752640929222461
2784,116,509,901,9.93087097536862,0.005394794662241464,0.11145793980484281
2785,58,477,895,9.935533508135732,0.031516827436072314,0.14719916721250498
2786,90,494,898,9.95046850720546,0.01748810691341629,0.46369830617027075
2787,109,505,901,9.918801426622874,0.011293082936257415,0.1834450999306356
2788,4,18,33,5.230920449290978,0.005796980028579604,0.8829589691462253
2789,4,19,34,5.16220169995921,-0.07574996488822272,0.8582307926411411
2790,98,499,899,9.922916701584464,0.013066547339806056,0.3389699642984497
2791,107,504,900,9.925864355264421,0.006957069166764418,0.3917688385670422
2792,89,494,898,9.931585921172692,0.019418319429922448,0.24070749602844296
2793,93,496,899,9.923203372540879,0.020714245536966658,0.13756966072287083
2794,108,504,900,9.948934573596667,0.0049061496488301826,0.03523747720219521
2795,58,477,895,9.942713025348281,0.03216755795487025,0.14719916721250498
2796,90,494,898,9.956812033412254,0.008394494422734322,0.08657417362695397
2797,96,498,899,9.940881833960226,0.009361464461206115,1.0252286935105959
2798,33,421,884,9.767320610202267,0.16124518178592662,0.8349170833581315
2799,102,501,900,9.927448847239962,0.013709839213718045,0.344781629115892
2800,70,206,524,9.134864099377953,1.3076274081096038,0.13871073292381275
2801,61,145,354,8.54411754881168,1.452546114108407,0.23548700150853383
2802,69,152,361,8.547211198287778,1.4879920754891809,0.8788543159385498
2803,72,158,377,8.591734392652736,1.5428329580059141,0.38505279434601697
2804,65,172,428,8.866575559911169,1.303419059230249,0.2175762837189051
2805,62,130,320,8.346590072712281,1.6389458546867068,0.26211268788497677
2806,66,145,351,8.501822024839747,1.65685262165019,0.36976676129520186
2807,58,136,326,8.429571055345368,1.4826800092339032,0.1471523087145976
2808,68,143,327,8.386629713268523,1.4670764646199224,0.1004963584245039
2809,69,193,497,9.072303955665745,1.3138612693805993,0.16890946063868467
2810,71,179,430,8.840340344677657,1.254879840792329,0.5517445587502998
2811,64,135,322,8.361429088555395,1.635320682519422,0.1882876817307371
2812,65,137,320,8.357557946976899,1.4289385593755006,0.019487235417054747
2813,67,180,443,8.902337388849023,1.3755249968904453,0.1028501468203845
2814,56,233,547,9.226780590668477,0.661783960971244,0.12140732208137847
2815,72,164,387,8.655593150932866,1.3704513788299235,0.3990778141118754
2816,74,193,527,9.08945311212122,1.254083196660566,0.33567522895739416
2817,60,96,191,7.469350481906253,1.7115900856795112,0.013375816827589168
2818,68,154,365,8.572372159070639,1.4727061194017341,0.5045720062827211
2819,65,180,444,8.904175557156249,1.25599875819282,0.47767695563265183
2820,70,142,316,8.329368191937453,1.606717555273196,0.04625465758344506
2821,71,150,322,8.362426968430592,1.5377160955660873,0.37515224386666207
2822,60,103,221,7.648848687123043,1.460141144326088,0.0074520147624849205
2823,60,147,362,8.583105675068753,1.3929748443570327,0.26020055029817896
2824,72,163,377,8.619939874258998,1.498859675422809,0.41685314854589534
2825,67,144,336,8.441683254362458,1.4916673745467457,0.1496394162849291
2826,65,176,404,8.804577474334407,1.2818242349239253,0.3545048764541789
2827,61,177,440,8.915353327946274,1.241180506786756,0.09768708298012375
2828,62,127,283,8.172157320807361,1.685948494697394,0.03714389054436922
2829,68,191,489,9.084812993799257,1.204983832801803,0.3767674366007322
2830,71,177,411,8.778505555851117,1.3021816680051412,0.8400633797772491
2831,57,125,301,8.298066206845942,1.6569177649333808,0.060960032345061074
2832,67,229,538,9.290039973139043,0.9723705748209196,0.04837776142865732
2833,66,163,397,8.72672010464712,1.4688369115269115,0.5051371835798373
2834,71,162,373,8.609127766927966,1.3417518893944698,0.24933961459317944
2835,66,268,656,9.515415591171045,0.6782011445645996,0.09672131101911516
2836,63,153,364,8.623029880067396,1.5882733424010702,0.2852934502017969
2837,67,151,353,8.532532548127268,1.487367805650114,0.2730512034536072
2838,73,146,333,8.380939107319463,1.6242231435987369,0.17662857210476943
2839,63,89,155,6.9798470800418455,1.4973376028125025,0.0073028366886999955
2840,59,129,292,8.270487095446828,1.7060538022511904,0.2910746019940882
2841,64,140,320,8.385179324411014,1.4403844266510575,0.05376673469743175
2842,61,130,312,8.335939220732852,1.6399438307285188,0.19710455331254437
2843,69,166,389,8.704982471819706,1.3682706235963369,0.11788594059238677
2844,72,193,474,9.009234116746502,1.0831125732416158,0.336211235729191
2845,67,156,376,8.627213202420753,1.4149256446858713,0.29240503875818813
2846,73,177,427,8.814243321963144,1.1637306982715168,0.1187333763051612
2847,64,147,364,8.585641800882023,1.5311227095016706,0.49047328161127446
2848,55,124,293,8.27421798870814,1.568708444139145,0.04741688996051382
2849,64,133,302,8.269667497731705,1.5750448234635672,0.04352455460333918
2850,69,143,332,8.389963020009292,1.5226804155710363,0.05342980431437441
2851,64,162,392,8.733008470058937,1.4523273580758191,1.146760904791948
2852,77,241,561,9.278343376643985,0.6907708851414518,0.5154735737434826
2853,69,155,387,8.621914614416836,1.5533973141500563,0.668299013458049
2854,63,96,173,7.20445907070027,1.6762705780641434,0.005085453336290459
2855,64,178,422,8.865369033565035,1.2634807038629783,0.12492670451383853
2856,62,141,346,8.49916046543178,1.60715281005338,0.7335823820174732
2857,59,158,415,8.81433754663168,1.4680515958274207,0.12083639463711719
2858,74,242,611,9.385937815579226,0.9742749150408017,0.15872593698497295
2859,36,315,602,9.366497341510067,0.053278199227841494,0.1980210268461928
2860,64,136,310,8.317606388751045,1.5776323755770436,0.49901247989954184
2861,56,135,333,8.491933500331704,1.7024158843587276,0.37668688487255964
2862,53,125,318,8.385787504540748,1.6538379963297807,0.10656540348383432
2863,69,156,376,8.607941540200567,1.4515365361691097,0.17595079841942776
2864,59,144,348,8.546932075297157,1.4158753995692874,0.2413632641152684
2865,55,121,305,8.305224879902111,1.5402414257451627,0.009570415606411786
2866,68,142,331,8.385312511952135,1.4980338426190782,0.16693454807300434
2867,65,151,351,8.548853394249175,1.3706768648397474,0.36871533703727016
2868,71,152,349,8.49963933807799,1.5631254226501294,0.4410851251457768
2869,69,200,532,9.116787107091929,1.1608624999810668,0.13401431433589023
2870,62,141,336,8.460749475973005,1.3985003179047792,0.1491687141477379
2871,65,145,366,8.552584933189046,1.495422958746831,0.3285620315100269
2872,62,126,294,8.258431867712545,1.8407587005449058,0.26799449311153195
2873,73,224,535,9.200885994842878,0.9339356945768689,0.3969939465305967
2874,62,130,315,8.310310777147135,1.6867867369800358,0.15565938537417773
2875,67,150,367,8.564213981057929,1.4663876423342472,0.22953288385285694
2876,64,168,419,8.830676757914413,1.3847639302083175,0.7204242401235182
2877,65,136,325,8.397289831354163,1.6821369209487664,0.21267846994833398
2878,70,153,353,8.510846459986942,1.3971832057109432,0.2862725218704964
2879,60,138,332,8.455567702615944,1.5224760632523342,0.07524539928077537
2880,69,141,324,8.355204027340127,1.5842203784093705,0.13275355101397163
2881,65,181,451,8.935537580973538,1.17900987965045,0.19413835772293989
2882,63,144,344,8.504041897513757,1.6202646617997136,0.33355025551265505
2883,68,151,358,8.51795264264988,1.416267893302202,0.45012259972651536
2884,62,148,374,8.623008582060068,1.4791464033309385,0.8535324878549774
2885,76,226,602,9.29271116312047,0.7926364851716652,0.5019464205149207
2886,61,124,295,8.230162250786702,1.7541682507292513,0.01923658631277644
2887,62,163,420,8.814484131387482,1.4137556314945132,1.0632116675763101
2888,61,124,274,8.13876465982172,1.6728335413646023,0.0513362340263537
2889,63,150,369,8.590548880567596,1.4916362246699664,0.1423209888838908
2890,64,170,426,8.837692449343784,1.364370367489121,0.1411281656284235
2891,64,145,331,8.422102307349725,1.5332095323249777,0.017659220829044864
2892,66,127,278,8.10853356938994,1.5198260430986092,0.0120939355024876
2893,60,141,342,8.52282192967877,1.4462312548083585,0.3883057135515158
2894,62,149,376,8.618719449730401,1.483193455390076,0.2294452696426343
2895,58,146,351,8.540205261569902,1.51328395185888,1.3103459281440806
2896,62,176,461,8.985672304075619,1.350258417679328,1.0036641740355055
2897,61,127,296,8.218779372011365,1.596281507053547,0.011210571887460486
2898,51,256,460,8.999567946851885,-9.930212344078093e-06,0.5430659341919274
2899,68,189,442,8.965784558642374,1.4110739855739667,0.11012472026874917
2900,9,150,419,8.514025322553088,0.4228844533617876,0.43408112000433463
2901,31,203,421,8.865283070341112,0.20443134638141225,1.101948958818489
2902,10,136,436,8.500412035846866,0.5163278784590652,0.26649837008288446
2903,13,157,418,8.69466110367645,0.40748821532762264,0.2736647482074364
2904,17,145,413,8.63376679492322,0.47761050121291587,1.3260162943211864
2905,10,237,464,8.8350184507082,0.055759004193015826,0.8536180030989173
2906,13,152,438,8.685287382849499,0.46768777000416945,0.5615394776853769
2907,25,221,440,8.896829760033203,0.12088546663047206,0.8997572666361923
2908,26,245,464,8.950683100496265,0.03282663067012048,0.019262838254641614
2909,11,47,343,7.892553173143191,1.55784932671527,0.24912483152658554
2910,7,104,427,8.045810779711267,0.6170361879782174,0.21144393727640484
2911,51,227,425,8.87933583242178,0.07090296798406015,1.0646856977662298
2912,11,167,416,8.42427423856087,0.32774584266118567,0.7831163091058062
2913,36,169,411,8.771018644895971,0.42149080814334733,0.6557127102768212
2914,15,171,407,8.703476905685235,0.31642996229919496,0.317952545881777
2915,46,240,448,8.956112305382074,0.05815655079825688,0.14042378226081773
2916,20,205,451,8.900931550304628,0.24081883340033627,0.8081006854922363
2917,63,259,462,8.990858480199273,0.006846232690209231,0.6767945199345612
2918,37,218,446,8.960608708967102,0.18816925254957273,0.952358199214037
2919,5,12,35,5.219526920164563,1.4227183726244785,1.1140052457532947
2920,47,217,423,8.860457733476,0.15566283400337988,1.3143448743262214
2921,30,199,430,8.841014506018093,0.24454347711334967,1.399052873798365
2922,4,17,69,5.965617276820522,0.8785914221317417,0.990851089632101
2923,13,141,406,8.58496944876722,0.46458882894102993,0.6219513034667297
2924,16,199,431,8.838727958825675,0.22024334540408053,0.08540351342735784
2925,25,226,450,8.931621686437822,0.1141631126850301,0.4685714744508966
2926,16,194,418,8.768748335752795,0.20704969265367523,0.4351808992219883
2927,16,170,422,8.739955097082953,0.3549680889395326,1.2162654056766742
2928,11,115,396,8.575125088486462,0.6459382699210963,0.5282960141195916
2929,23,173,409,8.735600183742296,0.3322123876246075,1.1600792872619217
2930,0,2,3,1.950212064914747,-0.19201160638565606,0.0
2931,16,193,396,8.699525119752089,0.13942637834048255,1.0001520750629924
2932,29,224,429,8.871684770540599,0.08211883093340033,1.1269816519932163
2933,24,153,392,8.705274976973072,0.46246601129657344,0.977821914710575
2934,40,202,425,8.8617981073209,0.2316383798327628,0.8008554359353882
2935,26,185,415,8.80517460162714,0.28027957646098905,0.1936948580593899
2936,30,222,424,8.873338992647968,0.0710474510606619,0.4561466326997412
2937,17,169,419,8.721100415903015,0.3586709170386081,0.52242518054982
2938,35,221,442,8.897655151819023,0.15686008667193863,0.3930817464820926
2939,30,179,425,8.847873164373054,0.35757743582028456,0.8613433819219709
2940,46,224,429,8.871723405869368,0.11465602167753886,0.07668643872993947
2941,6,82,378,7.929516249082603,0.8400366629510909,0.8792705324685002
2942,19,171,430,8.689470677461657,0.3738646780538923,0.3860301430869652
2943,10,141,438,8.620989782200443,0.5013705576943326,0.5194403251774922
2944,11,156,424,8.51648769140378,0.4057987588269079,0.5393721771865935
2945,38,121,397,8.57700902738225,0.7039453449226165,0.955109421454502
2946,38,250,438,8.899420792354574,-0.044860702822281606,0.4816540776465893
2947,19,113,412,8.616698844647622,0.7212142980889442,0.3089243637905918
2948,12,184,437,8.757785571342342,0.3271597317024132,0.5465060858222178
2949,5,19,63,6.027224425576723,0.8589501106453548,0.6855573854354018
2950,17,162,431,8.771187330988667,0.4178519229517114,1.5216995691719282
2951,16,106,450,8.564849977309184,0.679633616536798,1.3782690135178288
2952,10,182,412,8.635386961648459,0.23816759671716592,0.2344155942230425
2953,31,200,434,8.872708571086271,0.2568590936581452,0.6062253287587179
2954,13,148,425,8.688377129268885,0.4673942454871969,1.065390799734096
2955,28,261,439,8.857615284746387,-0.16935537564052494,0.7601777351111279
2956,57,229,422,8.881006435523,0.07774874408536003,0.27204481581115686
2957,94,274,458,8.90876124363157,-0.023652419615034947,1.1361856417925928
2958,62,265,474,9.040284153493943,0.021016196241661844,1.0560696935124079
2959,29,219,435,8.89026132840602,0.1271776598992722,0.9501621947511659
2960,2,4,5,2.285517086090083,-0.7682968425934857,0.34511731494495296
2961,12,128,406,8.604573991378142,0.5285205700921918,1.050125086688402
2962,35,197,424,8.877250815458318,0.2583261136924251,0.12962797138909718
2963,10,55,347,7.967371944757673,1.5233709841867242,0.22297377153073195
2964,22,142,416,8.696975606485537,0.5208935989295779,0.5131584291960551
2965,34,225,434,8.889896937025956,0.08267677985964994,0.2288721883699581
2966,6,147,425,8.332394067146765,0.43009292306165603,0.44856965953226313
2967,20,169,423,8.796653275031195,0.38140276322611677,0.15404237873336757
2968,34,222,447,8.933189625637821,0.16316498781388988,0.8074687510647189
2969,41,239,439,8.9112259164804,0.01787216951073145,0.5454658595296266
2970,37,212,431,8.913479516093771,0.16899810106784274,0.7880104156459057
2971,45,208,416,8.843674527219314,0.16230682970126542,0.149303807781586
2972,28,225,437,8.879618773081608,0.08809818817585213,0.6490957184022199
2973,45,222,428,8.903942267488121,0.12410521639903327,1.410428380157429
2974,28,157,419,8.781227171929208,0.45147269591773004,0.3007896447294865
2975,25,174,399,8.739752458500115,0.31207252966191784,0.633350374441759
2976,20,192,426,8.750815179552522,0.2473521358587102,1.0203423183614024
2977,11,159,458,8.72789024973855,0.45031576144386337,1.0879987360019199
2978,28,223,417,8.819834005645589,0.02351373288144054,0.0
2979,22,195,454,8.903472454945264,0.3082228359447875,0.15889782119344315
2980,26,215,432,8.912921291261029,0.14690646835434507,0.08764151108205862
2981,22,177,415,8.78946249213338,0.3188106121434715,1.4392111547568947
2982,39,198,409,8.800180400377517,0.21831457555958989,0.345979197178183
2983,20,242,482,8.909839446451137,0.06472473623608044,0.0
2984,31,157,393,8.681111672906738,0.41330177444083793,0.9666925836986314
2985,8,137,418,8.248935200589953,0.47002202574895857,1.1273847431953137
2986,6,80,376,7.783999451790008,0.6710418970967211,1.0356943904209304
2987,62,261,474,9.0406421880702,0.034465568523075474,0.8621142354688472
2988,50,231,438,8.920197497467594,0.09584846753636911,0.6617429905537447
2989,10,94,410,8.425387725703846,0.6750200651297702,0.3638469981769295
2990,13,201,441,8.743546400028245,0.20786653510569153,0.11906285065324082
2991,25,183,439,8.85250768369212,0.3485534489194592,1.1313849951391144
2992,49,234,440,8.906023701670474,0.09738615148579033,0.9884679791703394
2993,48,232,434,8.899229126896172,0.0868170101193656,0.9939812980070477
2994,1,4,11,3.5368867237421675,0.5933176155645801,0.0
2995,12,167,418,8.728344000172305,0.35587267615887636,0.18391740434740989
2996,3,12,32,5.041113982036967,0.7195490849945952,0.9987472979361685
2997,55,249,440,8.90006907021106,-0.014301508783185035,0.9784264678905226
2998,56,233,432,8.896192578177347,0.06564324276954403,0.1910753353076068
2999,53,230,427,8.864734332479925,0.0735010740477362,1.0944601033021926
0,3,11,16,4.152699514351769,-0.35401934182972944,0.9182958340544894
1,1,8,16,4.173557262275184,0.32576862967614606,0.8366407419411673
2,4,12,17,4.098756355362812,-0.5189857528265807,0.8067955503968327
3,2,10,16,4.196439344671015,-0.12987704245478826,0.8485481782946158
4,3,12,16,4.03466480402384,-0.5601898905812928,0.9863676072907089
5,1,7,13,3.9502120649147465,0.09322977084194295,0.74959525725948
6,1,7,14,4.021640636343319,0.22873566515119437,0.74959525725948
7,4,13,17,4.085588016574086,-0.7230653514262755,0.8980587934501658
8,2,9,16,4.228062052860336,-0.050908109825255704,0.9819407868640977
9,2,9,16,4.157854445516396,0.29722626773178,0.9275265884316759
10,2,9,16,4.208694969562844,0.11386277761949498,0.9927744539878083
11,2,8,16,4.244518891032038,0.3617540491385462,0.869137580612638
12,2,8,15,4.180002761999779,0.25870882044434407,0.869137580612638
13,2,10,17,4.26331504043758,-0.051957395613275476,0.9996437496778561
14,1,7,12,3.791924539200504,-0.014158294635980784,0.691289869405789
15,1,7,17,4.237291339955158,0.436895509287441,0.0
16,2,8,15,4.1829073264808265,0.06769712787323615,0.9366673818775625
17,3,13,15,3.757338411662543,-0.9401600163176608,0.9233388889944429
18,2,8,16,4.249999999999999,0.3033962744520551,0.8960382325345574
19,2,9,16,4.27214015980211,0.11031776026756898,0.8980587934501658
20,4,11,17,4.153879557494619,-0.18898355221909452,0.8930108100446013
21,3,12,16,3.968597689489472,-0.7021502319810728,0.9621461334087001
22,3,12,16,4.110291307063722,-0.5460155159591009,0.9666186325481027
23,2,9,16,4.214997302659253,0.13728744897316397,0.9517626756348312
24,4,10,14,3.856651954563736,-0.4150016228591977,0.8203636429576731
25,2,8,16,4.256515331479665,0.2379489961427051,0.9182958340544894
26,2,8,15,4.180002761999779,0.25870882044434407,0.869137580612638
27,2,9,15,4.155565013329719,-0.14170978324050226,0.9819407868640977
28,2,8,16,4.244518891032038,0.3617540491385462,0.869137580612638
29,2,8,16,4.249999999999999,0.28620131615275124,0.8960382325345574
30,2,8,16,4.249999999999999,0.3033962744520551,0.8960382325345574
31,4,12,17,4.001413473445088,-0.689523063482568,0.876716288999464
32,2,10,15,4.105915039375068,-0.15805779206207987,0.9881108365218302
33,2,8,16,4.256515331479665,0.2379489961427051,0.9182958340544894
34,2,8,15,4.187499999999999,0.1883714737462362,0.8960382325345574
35,2,9,16,4.250571945454582,0.10534240040870166,0.9517626756348312
36,4,11,16,4.105509792874249,-0.27256697498598825,0.8829589691462253
37,3,10,16,4.13842973965841,-0.2778045333112759,0.9383153522334069
38,3,10,14,4.062257198352233,-0.09630298882750415,0.9383153522334069
39,1,8,17,4.240223928941851,0.40760590029697485,0.0
40,2,8,16,4.249999999999999,0.29237942707651626,0.8960382325345574
41,1,8,15,4.106890595608518,0.20734414795373302,0.8366407419411673
42,2,8,16,4.20510990007387,0.07964072623104251,0.9366673818775625
43,2,8,15,4.1969571863274195,0.2731663620554877,1.0
44,5,12,16,3.8774946618106942,-0.9096556162158101,0.7910662980902586
45,2,8,16,4.256515331479665,0.2379489961427051,0.9182958340544894
46,2,8,16,4.244518891032038,0.3617540491385462,0.869137580612638
47,2,12,16,4.176297424512729,-0.3353108055334545,0.9986359641585719
48,2,12,16,4.174177320667444,-0.39110077058473164,0.9895875212220555
49,3,11,16,4.074775444003079,-0.3972514788485969,0.944387195013346
50,3,11,17,4.19715363327019,-0.2562913112473375,0.9998061328047111
51,2,8,15,4.163909765557391,0.19588297219718018,0.8571484374283717
52,2,8,16,4.194906705708894,0.2525466131236656,0.9881108365218302
53,3,12,17,4.147591436988076,-0.3802036410931442,0.975119064940866
54,2,8,16,4.249999999999999,0.3033962744520551,0.8960382325345574
55,2,8,16,4.244518891032038,0.3617540491385462,0.869137580612638
56,2,11,16,4.187291426568273,-0.27054481180065537,1.0
57,2,10,17,4.253055907333276,-0.03133524456101311,0.9927744539878083
58,2,8,16,4.256515331479665,0.2379489961427051,0.9182958340544894
59,2,8,16,4.249999999999999,0.3033962744520551,0.8960382325345574
60,3,9,15,4.103797890991103,-0.0864599002447004,0.9863676072907089
61,3,10,17,4.261857119048344,-0.13696449024045249,0.9980008838722995
62,3,11,16,4.143989569618403,-0.45950018686194805,0.9790981671667148
63,2,9,16,4.270132081786695,0.00944110881501814,0.974024864435752
64,2,8,16,4.256515331479665,0.23273336098042768,0.9182958340544894
65,2,8,16,4.249999999999999,0.3033962744520551,0.7578784625383954
66,2,8,16,4.226409765557391,0.3354322459122635,0.0
67,4,12,16,4.0548770472904465,-0.4816761040048435,0.8631205685666311
68,4,14,16,3.6304456324784184,-1.2352964700806306,0.8203636429576731
69,2,8,16,4.249999999999999,0.3033962744520551,0.8960382325345574
70,2,10,17,4.296337980122305,-0.10291323506398642,0.9961344835095797
71,2,8,16,4.244518891032038,0.3617540491385462,0.869137580612638
72,4,12,17,4.106177839918382,-0.467605987682961,0.8930108100446013
73,2,8,15,4.187499999999999,0.1883714737462362,0.8960382325345574
74,4,11,15,3.9598938450224908,-0.503870850110313,0.8589810370425963
75,2,8,16,4.205109900073871,0.2232289834999672,0.9366673818775625
76,2,8,13,3.892354076934026,0.05337407579778097,0.4959690720618337
77,1,6,14,4.008132025833401,0.3726954932241833,0.0
78,2,9,16,4.214997302659253,0.024460735142974005,0.9517626756348312
79,2,8,15,4.180002761999779,0.25870882044434407,0.869137580612638
80,3,12,16,4.117254487427743,-0.5407259313839321,0.9709505944546688
81,2,10,15,4.056174630069641,-0.40663360683105215,0.9895875212220555
82,4,13,17,4.0265566831442525,-0.8165972700508433,0.887976319515135
83,2,9,15,4.168465671110589,-0.13629877014972505,0.7897492536625224
84,1,8,17,4.240223928941851,0.40760590029697485,0.0
85,2,9,16,4.250571945454582,0.11418410156610939,0.9517626756348312
86,2,8,16,4.256515331479665,0.2379489961427051,0.9182958340544894
87,2,8,17,4.2639334294856335,0.22038907286329626,0.9366673818775625
88,2,8,16,4.249999999999999,0.3033962744520551,0.8960382325345574
89,3,13,16,3.998761287077298,-0.6839682582293353,0.9621461334087001
90,3,12,17,4.060229827076867,-0.6049137106477617,0.9932338197397066
91,2,9,15,4.183542362433232,-0.02082668300132945,0.964078764808229
92,3,12,17,4.186638867995137,-0.47338191057304424,0.9283620723948678
93,1,8,16,4.173557262275184,0.3025311647919432,0.6500224216483541
94,2,8,16,4.244518891032038,0.3617540491385462,0.869137580612638
95,3,12,16,4.104231429760372,-0.5316021683582131,0.975119064940866
96,3,13,16,4.091619768623795,-0.5933914452683396,0.9882836109919163
97,2,8,16,4.244518891032038,0.3617540491385462,0.869137580612638
98,2,9,14,4.086048612313039,-0.0787362838088855,0.964078764808229
99,1,8,17,4.240223928941851,0.40760590029697485,0.0
100,3,9,15,4.139715632739884,0.11045277458230737,0.975119064940866
101,3,12,16,4.117209955068433,-0.41920121793795945,0.9867867202680318
102,7,12,16,3.770753092089026,-0.8434245799786717,0.5877927478484222
103,4,12,16,4.056430248695019,-0.508012415153966,0.6793929348105143
104,4,10,14,3.934634466364438,-0.29589128296070266,0.6919278850058868
105,3,9,15,4.070190371734531,-0.016527517716239004,0.9596868937742168
106,5,9,14,3.7272692204267397,-0.14914020015866689,0.8256265261578954
107,2,8,15,4.187499999999999,0.1883714737462362,0.0
108,4,9,15,4.0062440047666685,-0.06724159976285965,0.9995708393473225
109,5,12,17,4.095700809659844,-0.4331782840565712,0.9480782435939054
110,3,12,16,4.142737445258824,-0.5195723980994811,0.9819407868640977
111,3,10,16,4.0141882873698504,-0.4571971377890866,0.4186843105268563
112,2,9,16,4.225480556997869,0.16586846878105355,0.0
113,3,10,16,4.16223808689985,-0.030393480400450285,0.9930554830121975
114,5,11,15,3.8397352269186054,-0.38807084158522653,0.6900703653284017
115,4,10,15,3.9977072427212432,-0.26004329603081466,0.8530702874505077
116,7,11,15,3.5368732932586804,-0.8899541713188319,0.5916727785823274
117,7,12,16,3.7929938860124284,-0.8778532712527994,0.6064481901491525
118,5,14,18,3.9563454737695163,-1.0247884389414663,0.7935912300117064
119,2,9,16,4.240405103422159,0.04922535536098693,0.0
120,2,8,15,4.124969207344631,0.1855112025233494,0.0
121,2,10,16,4.182336834024969,-0.10411145836513516,0.7793498372920851
122,6,10,13,3.5312154968921026,-0.584455582637144,0.739480936716638
123,7,12,17,3.8655799432155544,-0.3744023440978721,1.219541883275214
124,4,10,16,4.045116008329615,-0.19143889815183532,0.8582307926411411
125,3,10,16,4.146221660798003,-0.02505909896974584,0.9225641366401655
126,2,12,17,4.124372820753983,-0.46698495961812714,0.9988455359952018
127,6,12,16,3.85140612154559,-0.6403027658185392,0.5713549744279548
128,4,11,15,3.9278482706040885,-0.42643641004447974,0.8030909760146977
129,2,10,15,4.007140457724046,-0.21057251756214315,0.9755259511264972
130,4,10,16,3.9545570530296756,-0.00717771968388653,0.7586638628883697
131,3,9,13,3.8479889530633815,-0.3723277293944668,0.8980587934501658
132,3,10,15,4.153132333042788,-0.10756667740985054,0.6267511370265895
133,2,10,16,4.210733711724086,-0.15892489156136097,0.7592757847892834
134,2,9,17,4.261703324941636,0.15409150448977213,0.9726699911457106
135,3,9,15,4.0393851101145835,0.10850562702342881,0.8541802051521676
136,5,11,16,4.060567847139542,-0.3884016198030445,0.9946325531246042
137,6,11,16,3.8437766738146046,-0.27112509857831785,0.6193821946787638
138,6,13,17,3.925336973963717,-0.8561742105736093,0.6442142137378306
139,3,11,17,4.202112592917671,-0.27594197306732005,0.9879565014919159
140,3,12,16,4.022859625962824,-0.6604741808552134,0.9669852958320848
141,1,8,17,4.240223928941851,0.40760590029697485,0.0
142,2,9,16,4.157854445516395,-0.008448994675855775,0.0
143,5,12,16,3.9308454075080297,-0.7114244635424631,0.8505306682780941
144,4,9,12,3.6613253726635504,-0.05914533801363964,0.8912402011913028
145,3,8,16,4.157385127217155,0.2006378248531397,0.0
146,3,10,16,4.111387505670763,-0.3578591179477406,0.9997615248696313
147,5,10,15,3.8735087166058753,-0.15521317354393335,0.7289514964064973
148,5,10,15,3.7894868831997712,-0.35482936703901385,0.6244442603839183
149,4,12,17,4.019147191543609,-0.7836482452709657,0.8827586787955116
150,4,11,16,4.098397419518153,-0.449043873107626,0.989884644089986
151,3,10,16,4.094736651854291,-0.2736019897961214,0.9993375041688846
152,4,11,17,4.1793672008871185,-0.21098750948457085,0.6242741010130389
153,4,12,16,4.030836292231366,-0.5270440072900494,0.7444131797881749
154,1,7,11,3.659536598501245,-0.2116109602776542,0.4798320236161284
155,6,13,17,4.00402899664272,-0.549295430899056,0.7332637729623195
156,2,8,15,4.1858666383422864,0.33882524839275474,0.3776463213737003
157,6,11,16,3.870002898052916,-0.27426187857005874,1.336609507811157
158,5,10,14,3.851175232388389,-0.325071681002277,0.7889406572966208
159,5,11,15,3.993387997781416,-0.4495023834293858,0.718609966948486
160,5,12,17,4.076739897156528,-0.49865709214017373,0.875911034977713
161,3,10,16,4.185492403125111,-0.06196305021743026,0.3984592740952357
162,2,8,17,4.195909270873606,0.16625155579741543,0.5328350630342235
163,5,12,17,4.042876009787385,-0.5865187268069962,0.7330022650766125
164,3,8,14,4.07053803540718,0.1378694866258516,0.9828586897127057
165,3,8,12,3.73680720230816,0.10693871589634502,0.9182958340544894
166,6,11,15,3.815879743835544,-0.3860819108077722,0.5916727785823274
167,4,12,16,3.9370195147957645,-0.7911348922789523,0.8468781063424823
168,8,13,17,3.7803305055881493,-0.7755143552026589,1.2207648679093415
169,4,10,16,4.138919772151984,-0.251360747638229,0.0
170,4,11,15,3.9461197651564444,-0.6033204786706552,0.998781393072756
171,2,9,16,4.225480556997869,0.13315242776602051,0.8524051786494786
172,3,10,15,4.108137974714816,-0.2527909238684517,0.9790981671667148
173,8,13,18,3.879794560659543,-0.8326044721536106,0.6987003526563345
174,5,11,16,3.939107742757716,-0.27229437157552006,0.6677135405281421
175,6,12,17,4.017522315384922,-0.34850005009680574,0.5299133953028812
176,4,12,17,4.045226745317122,-0.729693130944208,0.8437582063121659
177,7,13,17,3.8270379427717507,-0.7850050244681364,1.2585873101062373
178,3,9,14,4.118507354448651,0.05392565044691247,0.9910760598382222
179,7,12,16,3.802732212556207,-0.515148769178016,1.180502052235955
180,2,10,14,3.9810730610094116,-0.2630449224669495,0.0
181,6,12,17,3.9735951825528697,-0.3939651803160529,1.290918160479594
182,2,9,16,4.193194512019503,0.13419570184749674,0.9279262619599757
183,7,11,15,3.77304456034426,-0.25627050910388477,1.2820891845535483
184,4,11,16,4.035116862725523,-0.42868505781389654,0.9935161367990846
185,6,12,16,3.764381515020828,-0.8150425195167982,0.3809465857053901
186,2,8,16,4.263933429485635,0.17157046695775527,0.0
187,3,10,17,4.172638721469997,-0.2237641260220382,0.5197027865043055
188,2,9,15,4.033505253986556,0.21791252548908124,0.9389320105807949
189,4,12,17,3.9997603157923884,-0.7435402323362367,0.940285958670631
190,7,13,17,3.8137395820728486,-0.7271547175561848,1.2188194889514326
191,7,13,17,3.9421382982235698,-0.7311492356270124,0.8020771588818675
192,1,6,15,4.085055102756478,0.43573155135783004,0.0
193,5,12,16,3.9306371342057123,-0.5101778805433411,0.5665095065529053
194,7,11,15,3.690702637656045,-0.4356185386213611,0.5896512576957702
195,7,12,17,3.8455041458261907,-0.4812668367380668,1.260824552602703
196,1,6,16,4.161978179679555,0.44320430846197034,0.0
197,5,11,13,3.5399866304422405,-0.907316645713233,0.8478617451660525
198,2,8,15,4.1249692073446305,0.2538335403451706,0.9709505944546688
199,3,11,16,4.073290388425127,-0.5359754451535095,0.9603622703154779
200,10,15,18,3.6158923680121506,-1.1951029923205951,1.7005271115933651
201,7,14,19,3.9715510133052483,-0.6145131900243284,1.2047256415461787
202,6,13,18,4.031349220042334,-0.7049009216742455,0.635704699977872
203,8,15,18,3.685470505841112,-1.2768579782313112,1.7688082413183714
204,11,16,19,3.4765700144100866,-1.3683259571124446,1.6822177204727202
205,10,15,19,3.602872638034894,-0.8017487344917373,1.2831480397260966
206,8,15,19,3.745423425785591,-1.1957543549951413,0.3465840349233273
207,8,15,19,3.700756598395689,-1.294121853426878,0.549689363520506
208,10,16,19,3.5136816784573637,-1.2518330416522714,1.2961573519651106
209,8,13,18,3.8883651313131065,-0.5143845062005437,1.0709831078735927
210,10,14,18,3.598620409955237,-1.118504607495527,1.7602633250081254
211,13,16,18,3.050848567545047,-1.6897583746980511,1.1890962340775653
212,4,14,18,4.110031727380475,-0.7000125457296925,0.8485481782946158
213,7,15,19,3.7622793559401537,-1.2540536683271728,0.4577733290341998
214,8,13,18,3.789682431531143,-0.7034112843327801,1.2234361697392169
215,4,13,18,4.184295408278538,-0.5090107107982411,0.8829589691462253
216,10,15,18,3.555448708043793,-1.333890513608461,1.647246215531728
217,9,14,18,3.773861768622002,-0.8595620080007327,1.6335241322842857
218,11,15,19,3.4949778765102915,-1.3920782402859175,1.1442266192837125
219,11,16,19,3.5138371719922232,-1.5106297569663765,1.2253941236241177
220,11,15,18,3.4827084590195807,-1.1111921168528753,1.0985084625558854
221,11,16,18,3.4678283624375497,-1.7225908559369565,0.624883188547867
222,10,14,18,3.6522712655644876,-0.9798582558039368,1.7327352760946895
223,4,13,18,4.086574817157236,-0.6645480420179188,0.8729882944709463
224,10,16,19,3.553903572856632,-1.267396075292997,1.6667214041334026
225,7,13,18,3.869293822368831,-0.6058023303797104,1.67691915262438
226,9,14,19,3.7631105126078768,-0.803412777095302,1.627228405537527
227,10,15,19,3.5810600833494286,-1.305609821217042,1.2055725707242775
228,10,15,18,3.5587351467380373,-1.068444775090249,1.4915403118316384
229,10,15,18,3.607789263643125,-0.9938553937094872,1.2341697132321379
230,11,16,19,3.4386408464468343,-1.5307261313475866,0.5983801989671903
231,9,16,18,3.623397769632579,-1.0601437836391434,0.7247191273370188
232,11,15,19,3.3927975347738557,-1.4521783121698246,1.637395369597943
233,9,15,19,3.648741175147137,-1.1126278823717688,1.4074340704249775
234,10,15,18,3.5627926231905582,-1.106215498953138,1.0917653041470914
235,7,15,18,3.8184530650240904,-1.2169556108910535,0.635704699977872
236,1,7,12,3.865998613274579,0.04002370104860961,0.691289869405789
237,10,15,18,3.599866981188069,-1.2100366802427702,1.2578830728012094
238,3,13,18,4.109090414588856,-0.6539309745619696,0.9081783472997053
239,9,15,19,3.6517060110711244,-1.2382042764335601,1.6523587859204263
240,11,16,18,3.3538035049245134,-1.2104612296878055,1.107568019242784
241,8,15,19,3.729984742849667,-1.2154358744685434,0.41660958003029336
242,9,14,18,3.65899083658807,-1.0432335206629582,1.1818189193726576
243,11,16,19,3.427856916728185,-1.3912182528131671,1.4063542638009958
244,10,15,18,3.6475922269545076,-1.1709159027827354,1.190089205788755
245,10,15,18,3.647871381061814,-0.9332009871433152,1.567071071774018
246,8,15,19,3.7458467677559626,-0.9964074410650834,1.1910838572074387
247,7,15,19,3.856247934332867,-0.8645032848778305,1.3546302525576117
248,6,13,18,4.055571515040936,-0.5364976020433352,1.2369938108068692
249,8,15,18,3.7730155786300856,-1.0519920573015389,1.2104978867359186
250,11,15,19,3.533172559543966,-1.19441752494894,1.2419604909666702
251,8,15,19,3.727930569889164,-1.3441643369975782,0.5318826028800232
252,10,15,19,3.6150343374337504,-0.951209422101925,1.123604904566691
253,13,17,19,3.202908379987299,-1.665291008275772,1.302358524868812
254,4,12,18,4.203740060334491,-0.39760692674418585,0.8680403986166402
255,12,16,19,3.357247534611117,-1.325477381750747,0.7576251538249801
256,10,15,19,3.507048727350484,-0.797867901695762,0.5713034301446128
257,10,16,18,3.5251794463145236,-1.5453005981658674,1.2122732702155625
258,13,16,19,3.1708257851418495,-1.659702964547258,1.0007383414109414
259,10,15,18,3.5012089311079104,-0.9553849829399165,1.3888016964508707
260,13,17,19,3.135788120390981,-1.4659504324303725,1.0152921529571612
261,11,15,19,3.47667248516552,-1.215642757563745,1.6230710736935177
262,11,16,19,3.480157704962768,-1.1275398933665746,1.610434895099879
263,11,15,18,3.4770854111541403,-1.510005404662385,1.2085002968744252
264,11,15,19,3.5329834560088034,-1.4221055102102105,0.3887635417594813
265,8,13,18,3.831538659642248,-0.4580175978082434,1.1950826275548827
266,9,14,18,3.7645664004326655,-0.6882534175321284,1.7217244664192355
267,12,16,19,3.2784786900712493,-1.5178379593091107,1.1443201020964173
268,9,14,18,3.7087449847412777,-0.7766199509759547,1.1515175747117439
269,10,15,19,3.611145520109801,-1.0480145327591734,1.366882522377368
270,10,16,19,3.534848069557007,-1.0596751277451266,1.2888188068095776
271,11,15,19,3.4001807743675654,-1.149229415272401,0.9360797229247428
272,9,14,18,3.752391864610809,-0.8373613232758277,1.6960488661057076
273,10,16,19,3.6530570625358587,-1.1512060188320512,0.332117029776692
274,6,12,17,4.060212426716601,-0.4632140572671407,1.246436143527872
275,11,16,19,3.4725265882847793,-1.282457718778808,1.3260009733262748
276,11,16,19,3.3941764973153776,-1.793159493048767,0.4921481330784638
277,11,16,19,3.4364293522106637,-1.61654177646953,1.0555076465316706
278,8,14,18,3.720769262586145,-1.175345212908248,1.3694574499661984
279,10,15,18,3.6703362117197362,-0.7752280991598842,1.529150258387003
280,11,16,19,3.406387443064429,-1.5358784106324634,1.0766885730171285
281,9,15,19,3.748960737797915,-1.0493927406902295,0.3337703026782489
282,8,14,18,3.768027873287793,-1.0207840715773546,1.2722300133847888
283,2,11,16,4.178508854797679,-0.31709841003367395,0.99498482818597
284,11,16,19,3.488045748251111,-1.3035990828526913,1.1572967826706613
285,10,15,19,3.637144081048203,-1.0741099418563251,1.0367356485405195
286,10,16,18,3.512318177337376,-1.3757679194755525,1.5303667323242192
287,10,15,18,3.646837944431129,-1.3862228015996128,0.4042409224155877
288,10,15,18,3.5159184937210886,-1.1266254050734639,1.0879066833461255
289,8,13,18,3.787190382530457,-0.7610862876115654,1.2716356086692304
290,10,15,19,3.5579669304546737,-1.090272062389845,1.6769582499735833
291,9,16,19,3.5119504665774164,-1.2607347468103947,0.9868788842708888
292,11,15,19,3.5533674741778074,-1.3248096924003754,0.5439872726829795
293,11,16,19,3.453063269114113,-1.2959347538493982,1.216577850372128
294,11,15,19,3.536948733039401,-0.9700753265743295,1.5956105731996
295,11,16,19,3.398396565059253,-1.47952750789466,1.4020149107330127
296,12,16,19,3.3459910425822352,-1.2557376671206668,1.609161121140156
297,3,14,18,4.132381815815555,-0.6319884578491857,0.9432261548473416
298,11,16,19,3.4040467633010967,-1.4914402497713664,1.4215004411094316
299,7,14,17,3.811693667441457,-0.8238446568689617,1.5584406038798173
300,2,8,16,4.249999999999999,0.3033962744520551,0.8960382325345574
301,2,8,14,4.11548663296752,0.1354313262575421,0.869137580612638
302,2,12,17,4.210500657991218,-0.3437622368318047,0.99498482818597
303,2,8,16,4.256515331479665,0.2379489961427051,0.9182958340544894
304,2,8,15,4.180002761999779,0.25870882044434407,0.869137580612638
305,2,10,17,4.272331064905147,-0.08026909695121726,0.9881108365218302
306,2,8,16,4.263933429485635,0.17157046695775527,0.9366673818775625
307,7,14,17,3.765231177556519,-1.2195580205307979,0.6665783579949205
308,2,8,16,4.256515331479665,0.2379489961427051,0.9182958340544894
309,2,12,17,4.229871195093384,-0.3127128724676126,0.9986359641585719
310,2,9,16,4.239097917988787,0.055550734852873596,0.964078764808229
311,2,12,17,4.229871195093384,-0.3127128724676126,0.9986359641585719
312,2,9,16,4.214997302659253,0.024460735142974005,0.9517626756348312
313,2,8,16,4.249999999999999,0.3033962744520551,0.8960382325345574
314,2,9,17,4.300559092390953,-8.326672684688674e-17,0.9819407868640977
315,2,9,16,4.249729716863358,-0.002376137452784005,0.974024864435752
316,4,14,18,3.967507323612302,-0.9366665760746156,0.9093934226727597
317,2,13,17,4.189275070710713,-0.43554946231351366,0.9895875212220555
318,2,9,16,4.249729716863358,-0.002376137452784005,0.974024864435752
319,2,10,17,4.265311532225104,-0.11285763371907075,0.9927744539878083
320,4,14,17,3.830725018350691,-1.138379843539896,0.8158009273789574
321,2,8,16,4.256515331479665,0.2379489961427051,0.9182958340544894
322,2,9,17,4.300559092390953,-8.326672684688674e-17,0.9819407868640977
323,4,13,17,3.9291682260519916,-0.9708448819348143,0.8783609387702275
324,2,11,15,4.15483722156359,-0.23439221432442786,0.998363672593813
325,2,11,17,4.274874638322402,-0.18791985550794246,0.9996098363678071
326,6,14,16,3.5825293881098874,-1.440680493824889,0.7817281222714539
327,2,12,17,4.235902344426084,-0.3560880363087701,0.99498482818597
328,2,12,17,4.235902344426084,-0.3422715416543498,0.99498482818597
329,2,9,17,4.290534446710032,0.021978642488814176,0.974024864435752
330,2,11,16,4.231486767965344,-0.21060322103036982,0.998363672593813
331,2,13,18,4.228758439731456,-0.39836654366564156,0.9895875212220555
332,2,9,16,4.281036112553425,0.05928887302895852,0.964078764808229
333,2,10,18,4.311043244503275,-0.0068101428407917886,0.9881108365218302
334,5,13,16,3.8619173119926145,-0.9710740782875198,0.8939563962625152
335,2,8,16,4.256515331479665,0.2379489961427051,0.9182958340544894
336,2,8,16,4.256515331479665,0.2379489961427051,0.9182958340544894
337,2,9,16,4.249729716863358,-0.002376137452784005,0.974024864435752
338,1,7,13,3.961429270989642,0.0349975165803329,0.7973265101474424
339,3,13,16,4.080398902393651,-0.589596620318295,0.975119064940866
340,2,12,17,4.212076049151932,-0.39634456383263844,0.9924760039430819
341,2,9,16,4.27214015980211,0.11031776026756898,0.9517626756348312
342,2,10,17,4.296337980122304,-0.10017583951430356,0.9961344835095797
343,2,10,16,4.252974975106085,-0.0918570696234241,0.9881108365218302
344,2,8,16,4.249999999999999,0.3033962744520551,0.8960382325345574
345,4,13,17,4.0180048247935245,-0.7835518501052512,0.9138472873262908
346,4,14,17,3.870985510702467,-1.0904622703462041,0.8332661971210122
347,2,11,15,4.15483722156359,-0.23439221432442786,0.998363672593813
348,2,8,16,4.249999999999999,0.3033962744520551,0.8960382325345574
349,2,8,15,4.187499999999999,0.1883714737462362,0.8960382325345574
350,2,11,17,4.22614383439888,-0.2760509009909895,1.0
351,3,12,16,4.153132333042789,-0.4824731714102619,0.9863676072907089
352,6,14,16,3.723164504163617,-1.2148078325815195,0.8265086395554189
353,2,8,15,4.187499999999999,0.1883714737462362,0.8960382325345574
354,2,8,16,4.256515331479665,0.2379489961427051,0.9182958340544894
355,2,8,16,4.249999999999999,0.3033962744520551,0.8960382325345574
356,2,11,16,4.18618892961493,-0.32014838474307783,0.9996437496778561
357,1,8,14,4.040223928941852,0.08253856681555871,0.8366407419411673
358,2,10,17,4.259514199528966,-0.15716605511284576,0.9961344835095797
359,2,9,16,4.281036112553425,0.05928887302895852,0.964078764808229
360,2,8,16,4.249999999999999,0.3033962744520551,0.8960382325345574
361,2,11,17,4.254830815378346,-0.19386810379919525,0.998363672593813
362,4,14,17,3.8917328572076753,-1.0738127245280895,0.8067955503968327
363,2,12,18,4.235902344426084,-0.34534193638465704,0.99498482818597
364,3,14,18,4.090070535308888,-0.6877688636482523,0.9432261548473416
365,2,9,16,4.214997302659253,0.052724439052396155,0.9517626756348312
366,2,8,16,4.249999999999999,0.3033962744520551,0.8960382325345574
367,2,10,16,4.252974975106085,-0.0918570696234241,0.9881108365218302
368,2,10,17,4.28418371977919,-0.09765005560654362,0.9927744539878083
369,2,8,16,4.256515331479665,0.2379489961427051,0.9182958340544894
370,2,8,16,4.256515331479665,0.2379489961427051,0.9182958340544894
371,2,10,18,4.311043244503275,-0.0068101428407917886,0.9881108365218302
372,2,12,16,4.062508692870924,-0.4745026096125508,0.9924760039430819
373,4,14,17,3.7972799803796784,-1.0987199205307725,0.8607781176165942
374,2,9,16,4.27214015980211,0.11031776026756898,0.9517626756348312
375,2,8,16,4.256515331479665,0.2379489961427051,0.9182958340544894
376,2,9,16,4.281036112553425,0.05928887302895852,0.964078764808229
377,2,8,16,4.256515331479665,0.2379489961427051,0.9182958340544894
378,2,10,18,4.311043244503275,-0.0068101428407917886,0.9881108365218302
379,2,11,18,4.286275219617124,-0.17102287147584389,0.9996098363678071
380,2,11,17,4.282739857027813,-0.21295645641366198,1.0
381,2,9,16,4.249729716863358,-0.002376137452784005,0.974024864435752
382,6,15,18,3.7347961702631043,-1.4079768680298197,0.6856015164429102
383,2,8,14,4.11548663296752,0.1354313262575421,0.869137580612638
384,2,9,17,4.290534446710032,0.021978642488814176,0.974024864435752
385,3,13,16,3.924603061357057,-0.8463024335785476,0.9233388889944429
386,3,13,17,4.1223811351329935,-0.5409905638515605,0.9790981671667148
387,2,12,17,4.2136606896881865,-0.4151267753020377,0.9895875212220555
388,2,10,17,4.272331064905147,-0.07734059599749352,0.9881108365218302
389,3,14,17,4.01308790756762,-0.7999577026756981,0.9233388889944429
390,2,8,15,4.195909270873605,0.12198063356257594,0.9182958340544894
391,5,14,17,3.908606471482884,-1.0920246959056765,0.8027381019527041
392,3,13,17,4.138177444061116,-0.603480352515222,0.9575534837147484
393,2,8,16,4.263933429485635,0.17157046695775527,0.9366673818775625
394,2,12,17,4.227684001111674,-0.307005227731762,0.9970590569034107
395,4,13,16,3.986104369396958,-0.7798539224893561,0.9477073729342067
396,2,9,17,4.236480392655977,-0.007563516512550439,0.974024864435752
397,2,8,15,4.187499999999999,0.1883714737462362,0.8960382325345574
398,2,8,16,4.256515331479665,0.22197941723896475,0.9182958340544894
399,2,11,17,4.243300368538958,-0.26062905715162865,1.0
400,4,11,15,3.8979605066625918,-0.4691200873884559,0.9505668528932195
401,4,10,15,3.92717643020198,-0.29983954771926036,0.6673182376160575
402,9,13,18,3.8051932401814055,-0.7586490979214243,0.5385541514219429
403,7,13,18,3.936909386282357,-0.7054750422763175,0.5916727785823274
404,3,8,16,4.112449593598354,0.46948117005331846,0.9279262619599757
405,5,9,12,3.589809845684361,0.035641401887361535,1.3864054987202377
406,6,10,15,3.534107896603622,0.23422716664473908,1.3189592692264342
407,2,9,16,4.176825287801819,0.1491097479129212,0.9440870182837795
408,5,12,18,4.1603096215350135,-0.2961936395930709,0.9182958340544894
409,7,12,17,3.9702028313466555,-0.43409808901884106,0.5499109046334101
410,5,12,18,4.1056409932374915,-0.34421978468492964,0.5893886812927801
411,8,14,18,3.8607204536951047,-0.6741730049617949,0.36012151778107926
412,9,15,19,3.7051801022104254,-0.8575191991375131,1.1765356583932907
413,5,9,15,3.906747237919139,0.1314792297620401,0.750844663945753
414,1,5,10,3.550340709546388,-5.551115123125783e-17,0.0
415,2,9,16,4.249729716863358,0.0711928098384687,0.9568886656798214
416,1,5,9,3.4219280948873623,-9.992007221626409e-16,0.0
417,2,8,13,3.9912157102019843,0.03823644713348873,0.0
418,7,12,18,3.9042375976165737,-0.29651987083218173,1.1906166719262312
419,8,12,18,3.9029775776123627,-0.29244942276360364,0.43246201495023795
420,4,12,18,4.136509425603709,-0.49232214313219824,0.9301497323974336
421,10,15,18,3.5772449124264605,-1.5111173699134426,0.448429096700642
422,2,9,17,4.274874638322403,0.04282158689789195,0.0
423,4,12,17,4.159953239989496,-0.43434573221846173,0.9807983646944296
424,6,13,18,4.054036779588434,-0.5395405780539047,0.9296459040774004
425,6,13,18,4.072895218465441,-0.4699922278921965,0.5046342074392738
426,9,14,18,3.7209189855941487,-0.7569802344943524,1.1966577928603452
427,9,14,18,3.696557908808585,-0.8709923386284483,0.685892593775827
428,8,14,18,3.745411437383364,-1.2322144795475183,0.499915958164528
429,8,13,18,3.876591526877346,-0.46258136282982676,1.0286637126091518
430,6,14,18,3.8701364203475532,-1.0164426156551931,0.47317097737242864
431,2,10,18,4.289028803804377,-0.008621043924189054,0.0
432,4,11,17,4.145500872993422,-0.18546124567233113,0.6473466643078056
433,8,13,17,3.750229292195259,-0.5269187830559918,1.11307361104472
434,7,14,17,3.560975394345826,-1.23817510573964,0.4577733290341998
435,8,14,18,3.9063323020000174,-0.8145522533332913,0.7029786560827123
436,4,14,19,4.036843492428677,-0.7831622747093003,0.9136617865655932
437,5,12,18,4.073235196011255,-0.47447358191571737,0.8554508105601307
438,7,13,19,3.947623402401675,-0.6474997217131574,0.9092115787771468
439,7,14,19,3.866820673273571,-1.0386582122271866,0.7628544172834547
440,2,8,16,4.173033892020166,0.363515998335164,0.0
441,3,10,15,4.1529391467370065,-0.07392716607640308,0.8680403986166402
442,2,8,16,4.210764573772789,0.21996575535308854,0.0
443,2,10,17,3.9375675750818924,0.10048555260158021,0.999673426004892
444,5,14,18,4.079434357515089,-0.633504163412374,0.7711273724428293
445,2,8,14,4.044996879227068,0.4190201068126859,0.7889406572966208
446,2,8,15,4.161237163021861,0.23027137358569855,0.5851569902762294
447,6,12,18,3.9931241744070305,-0.4476412013461192,0.38277387278771124
448,9,14,18,3.743181777724726,-0.895220868635226,1.191896199733306
449,1,7,17,4.237291339955158,0.436895509287441,0.0
450,8,14,18,3.826124547330265,-0.8818118605451598,0.42410290561042163
451,9,14,18,3.6748857581959027,-0.8233657931155574,1.2264337028764036
452,7,12,17,3.903150725186374,-0.5890469066228169,0.4605229209452514
453,3,11,17,4.235817395783172,-0.21244982587649536,0.6274303352684107
454,4,11,16,4.040525394143151,-0.4741945250418538,0.8112781244591328
455,6,11,17,3.8548273140238045,-0.3327617147496278,0.6309995715874626
456,2,9,16,4.241730855892591,0.12230580548767495,0.5225593745369408
457,5,10,17,4.098340164706463,-0.05252982776839085,0.8138245215940695
458,7,13,18,3.9442279826350095,-0.7048840821312633,0.6807937753703207
459,3,8,14,4.048419112317487,0.3484201737678049,0.8701883352082787
460,8,11,18,3.8060547324201313,-0.10219828157553673,0.38774318105598654
461,6,11,15,3.670427700494327,-0.4947726825327973,0.9763556355266666
462,4,11,16,4.075282412007312,-0.2828819640120946,0.6232036320338675
463,5,12,17,3.973557448035753,-0.6062835958714271,0.6526131699095398
464,6,13,18,3.9794207393987606,-0.5681624064478279,0.446481346896803
465,2,8,15,4.043568731230681,-0.0008123269995427562,0.0
466,6,11,17,4.006750503102047,-0.005000398016540286,1.3238383889995504
467,4,10,17,4.018004824793525,-0.11456362193401906,0.9753817903274211
468,8,15,19,3.7639030906841424,-1.254612603698078,0.5776539033535631
469,8,15,19,3.802123891468547,-0.7820923815752095,0.4181567276231783
470,6,14,18,3.9641977866277616,-0.8227959168357509,0.4956703944583371
471,6,12,17,4.025138713536207,-0.5503705046484106,0.619212765278774
472,7,12,17,3.8888018031086036,-0.2615651883065221,0.7510461452747215
473,2,9,14,3.9957287506433907,0.2014423149999375,0.8554508105601307
474,2,9,17,4.2639334294856335,0.11004133060011795,0.0
475,7,13,18,3.968939258350466,-0.7592996104153129,0.7809756883263415
476,3,8,13,3.98398315481033,0.2959887728012696,0.9134601452569628
477,2,10,17,4.235439915507425,0.09332760015054695,0.999673426004892
478,4,9,16,3.995843902628531,0.20351413277989527,0.8586370819183629
479,4,8,11,3.607435516759527,-0.33021536257822137,0.9134601452569628
480,2,11,16,4.199406905814575,-0.19986263767553583,0.0
481,5,12,16,3.8336876698210527,-0.764335992671912,0.7892712724536984
482,4,11,16,4.119685836149581,-0.38847997249300026,0.961236604722876
483,1,6,11,3.6235166412180164,-0.11615893412216147,0.6193821946787638
484,4,11,17,4.1942817136757515,-0.18848765142667642,0.819965310218763
485,9,14,18,3.7542463916995072,-1.003358507271941,0.4433202368719806
486,8,13,18,3.9076792027410394,-0.401883531420103,1.1600728690167998
487,8,13,17,3.7735219808803473,-0.8109485422675786,1.2309281830602872
488,5,10,17,4.082569822986194,0.11216241676862285,0.8191590796855307
489,1,5,10,3.535174565635903,0.09391047359457272,0.0
490,4,9,17,4.055828769116554,0.2944036029344461,0.8853723770068483
491,3,7,13,3.7899869970792253,0.15196928677770494,0.9890934397021433
492,7,13,18,3.892904764450802,-0.7963095129930485,0.5665095065529053
493,4,12,18,4.085596371173155,-0.6350982809939643,0.9522656254366643
494,4,9,12,3.50068180684376,-0.7655596650744334,0.9275265884316759
495,7,13,18,3.869399270213792,-0.879413336990162,0.5083652932820523
496,3,10,18,4.249796342895779,0.0531199602671204,0.8749315876677922
497,6,13,17,3.9709419769867744,-0.5235603373569417,0.4921908446346054
498,2,7,11,3.7389049807985653,-0.19081064358284633,0.9011701959974223
499,4,9,17,4.165153135809982,0.15398432943751025,0.9840304711717017
500,8,33,43,5.419003385420036,-0.6453600801349719,0.5916727785823274
501,10,30,41,5.318448953538646,-0.5191425741826878,0.49177002137861525
502,4,22,40,5.534672806094086,0.12999582406903182,0.8158009273789574
503,5,26,39,5.413918449703348,-0.14017789063167835,0.7367680100024784
504,6,29,38,5.358263035748488,-0.4937837415092982,0.6589445953074149
505,4,21,36,5.427798970294786,0.015543167592485863,0.8296071030882032
506,8,28,37,5.311414560181777,-0.47778757414897016,0.5989622786653416
507,4,21,38,5.507569551828851,0.12713065944940266,0.8342867421739536
508,7,30,38,5.269475725920037,-0.5968862014431223,0.6141381950718513
509,6,24,40,5.4959562007329,-0.016443071147978244,0.6775807218599569
510,6,30,40,5.42214257534116,-0.4659938334430914,0.6559420757694149
511,8,32,43,5.407867855304716,-0.6401420308253971,0.5600443203590992
512,6,28,39,5.481365362189256,-0.2653082566138912,0.7183098216110975
513,6,28,37,5.314756159354944,-0.449838056987415,0.6840384356390417
514,5,24,32,5.024914392462219,-0.4913464358784277,0.7765557854444601
515,8,28,41,5.367173865486202,-0.3883757210200064,0.5989622786653416
516,6,27,42,5.513100375263288,-0.1551912017741622,0.6807937753703207
517,4,21,41,5.579858708455359,0.2648377633833977,0.8342867421739536
518,4,20,39,5.52503518806981,0.22692360145145823,0.8437582063121659
519,4,22,41,5.497985678060175,0.16370416628170084,0.8067955503968327
520,10,28,39,5.327915938214408,-0.5015020698138203,0.504948062194051
521,8,26,36,5.275664155267396,-0.40556646624975956,0.5989622786653416
522,7,34,41,5.147582450205669,-0.7856111233656167,0.6014353864290771
523,4,22,39,5.468749386628459,0.09587067633955484,0.8158009273789574
524,4,20,42,5.5719280948873635,0.33949207437639284,0.8485481782946158
525,6,27,39,5.28722978928436,-0.17100984305249567,0.6906241389199442
526,7,26,36,5.3773180246651044,-0.22781774675008953,0.6220403090607189
527,7,32,40,5.3151230729861965,-0.5724416982246427,0.6413510165846328
528,4,21,38,5.511365041826379,0.10417355727829146,0.8296071030882032
529,6,27,37,5.367371225428974,-0.3307644675487472,0.6873150928309273
530,9,31,38,5.217501687160196,-0.7473167513160628,0.5357150195407703
531,4,21,39,5.502378285848244,0.15832086635989778,0.8296071030882032
532,5,24,40,5.568581914173646,-0.04937314901165242,0.772398436030307
533,3,17,31,5.017538025042053,-0.04134933455155179,0.9081783472997053
534,9,33,42,5.231731807767206,-0.8277103965014835,0.5537378648339527
535,4,22,37,5.442275084497219,-0.033421242739407164,0.8112781244591328
536,11,31,36,4.8523106870736274,-1.1278192848567814,1.272975686281376
537,7,24,36,5.285182161776734,-0.2856974775439208,0.652968138860309
538,7,24,37,5.219250158094344,0.08566424999065281,0.6220403090607189
539,9,29,37,5.078662594225813,-0.8111450708932995,0.5299888383579557
540,4,20,40,5.518970621594823,0.2822141114223877,0.8533728188427888
541,7,31,40,5.302278511060242,-0.5993373341357754,0.6274303352684107
542,8,29,39,5.382461796844618,-0.38858734710050097,0.5822463050121238
543,5,23,36,5.330938080176846,-0.23289271118741298,0.7892712724536984
544,7,29,41,5.426428207845969,-0.45411060228800226,0.635704699977872
545,4,21,39,5.531665937371022,0.17338800045374023,0.8342867421739536
546,5,21,38,5.464856830566691,0.27517845855384654,0.7292739418449411
547,4,19,36,5.383669657578018,0.14719949854393402,0.8631205685666311
548,4,22,41,5.582365172490815,0.10999944961511805,0.8067955503968327
549,6,28,38,5.369188292977558,-0.2768370477452373,0.7147274731317893
550,6,26,36,5.337583366231788,-0.3107878821432747,0.6650368524023752
551,9,32,42,5.37118138498111,-0.6985723478405597,0.5207375686265201
552,4,21,37,5.421155642020056,0.04070929629943472,0.8249658680139927
553,4,21,41,5.579858708455359,0.2648377633833977,0.8342867421739536
554,8,28,34,5.103890637435541,-0.5880334827012526,1.3839834494473426
555,6,25,36,5.352348000039369,-0.32337225656750757,0.6743988870714471
556,4,19,42,5.565487839396201,0.4003568048937576,0.8631205685666311
557,8,31,41,5.35955418871242,-0.6690149978530894,0.5822463050121238
558,7,30,36,5.009996011697781,-0.7877468162370871,0.6301628871027962
559,5,24,32,5.132300542780735,-0.366156940046623,0.7330022650766125
560,4,23,41,5.514362335762597,0.11684279223044816,0.80235344282919
561,6,29,39,5.386779691526307,-0.45977083808553976,0.6650368524023752
562,4,21,40,5.555762322913191,0.21972879131627504,0.8342867421739536
563,6,24,41,5.564781394407935,-0.021135147597405368,0.6807937753703207
564,4,22,41,5.5657996384230275,0.19008836992638245,0.8203636429576731
565,8,30,40,5.284126759227169,-0.46726006815084636,0.5731393980555147
566,7,30,41,5.408332940207359,-0.4212836803482984,0.6500224216483541
567,5,26,42,5.5919376747262435,-0.14582825879562145,0.7444131797881749
568,4,20,40,5.552673955837596,0.24665068994583147,0.8390040613676978
569,5,23,40,5.522714456129743,0.1045780062656678,0.7892712724536984
570,5,24,40,5.458557100147794,-0.07319206310992621,0.7682814090975241
571,12,29,37,5.076700817658401,-0.656309193688744,1.3554883241545639
572,8,32,41,5.204973746814025,-0.7560138279106481,0.5687008669370753
573,6,28,37,5.358423968416909,-0.4334184820096723,0.6559420757694149
574,5,23,39,5.444235677759417,0.10178096994269997,0.7765557854444601
575,7,30,38,5.262133935543196,-0.6749709916482269,0.6014353864290771
576,5,25,39,5.5194040569235385,-0.13485464900294436,0.756170148929897
577,5,24,39,5.525281537824835,-0.030670528534567934,0.7849920887641583
578,4,21,39,5.521040641969149,0.12962302953969612,0.8249658680139927
579,4,22,41,5.566338179682171,0.179483856211888,0.8158009273789574
580,6,25,39,5.485029444898262,-0.09761883586138355,0.6274303352684107
581,4,20,39,5.528283711935157,0.19932092311244778,0.8390040613676978
582,5,26,40,5.520910540611697,-0.13960020156822933,0.7444131797881749
583,6,28,40,5.465615532682723,-0.41226855573427523,0.6559420757694149
584,7,26,38,5.325579437840247,-0.22924018573334598,0.635704699977872
585,4,20,41,5.574417904119192,0.3156863199980131,0.8437582063121659
586,5,24,42,5.554768245335756,0.04050201627097125,0.7482932859824888
587,7,31,38,5.1992164518203445,-0.7007621406814676,0.6089884591711847
588,8,29,38,5.262796495637524,-0.5926582828988745,0.5869185834047995
589,4,22,43,5.522028512828072,0.2273141788956656,0.80235344282919
590,4,21,35,5.360927224622835,-0.05101072473534517,0.8249658680139927
591,6,26,36,5.340357042380836,-0.2862252200123771,0.7147274731317893
592,5,23,36,5.395578939635085,-0.11023731681523848,0.7935912300117064
593,4,20,41,5.577064199740035,0.2874281322172342,0.8390040613676978
594,6,24,38,5.499353174502826,-0.025965197394113515,0.6329208984823799
595,5,23,39,5.453340351269104,0.06441104345444224,0.7330022650766125
596,7,29,39,5.312738702115293,-0.531947955410041,0.6442142137378306
597,10,27,34,5.051858815405374,-0.5815249505241783,1.3864411036819984
598,5,24,37,5.350561963997161,-0.10161531734683454,0.7367680100024784
599,7,32,38,5.243692080125156,-0.6237240228506099,0.6500224216483541
600,19,27,39,4.97152708195776,-0.3137579233825648,1.4990930835878125
601,13,29,37,5.077196747119004,-0.7188074880429284,0.3221291870505841
602,14,28,38,5.169473471355361,-0.5574163509949106,1.2630210814343323
603,17,29,42,5.146454581158277,-0.5424615156154342,1.2233055284614407
604,11,25,41,5.225207631786053,-0.3235238987207723,0.4605229209452514
605,16,26,37,4.989230818455699,-0.42571873940527183,1.0588036743481144
606,11,31,42,5.308529140089234,-0.7376123275520863,0.4823725830777857
607,5,24,38,5.525720814493473,-0.058263462282206385,0.7601675029619656
608,6,26,41,5.502153720356114,-0.18260925617139223,0.6873150928309273
609,7,25,40,5.344168481208084,-0.13936750781323107,0.6471045650133528
610,19,27,36,4.6935540146989,-0.49584598656277024,1.6186386310958774
611,5,22,28,4.8702171675761265,-0.5267590979075017,0.7979519684655731
612,18,27,38,4.835470150832566,-0.5620373261046707,1.2334391981060306
613,11,24,38,5.239787200138499,-0.18135454725251926,0.4748384883008606
614,19,29,41,5.0303972572015425,-0.5141059719866568,1.6311561688763294
615,17,28,41,5.03731130845133,-0.3042584711227122,1.0912736543641302
616,8,25,39,5.380566421810958,-0.07483462955128317,1.0718981230151394
617,14,29,39,5.0819154706981395,-0.8062993343638061,1.3057034958964857
618,7,26,41,5.508951541064428,-0.1528561658086376,0.6471045650133528
619,9,27,36,5.183202561619573,-0.5463381730207354,1.1151150933388358
620,12,27,40,5.326426823121147,-0.3148643126562965,0.40632624912150006
621,4,18,37,5.36790675066084,0.390062722295673,0.8829589691462253
622,5,24,37,5.258194701537924,0.05427964210572872,0.7330022650766125
623,22,30,40,4.816712952053205,-0.8541300479752094,1.0131525973541986
624,6,22,37,5.399731751449289,0.09825853330210124,1.381252052390542
625,22,31,42,4.914111239758134,-0.7275450184626234,1.1856788469829542
626,9,25,40,5.29010006314375,-0.35575227429351636,0.5435644431995964
627,16,29,40,5.13132141590731,-0.6289643562761742,1.141503523517178
628,5,23,35,5.2778582196319315,-0.079223316064016,0.7367680100024784
629,11,28,38,5.177824947989714,-0.6727492770509723,0.5574891243091091
630,17,30,41,5.021051084865011,-0.9026790539227844,1.2110327900309064
631,21,31,42,5.0178922383530615,-0.8454719105583761,1.1324597062169857
632,11,29,42,5.3858540801478405,-0.5353866125883713,0.33050772714718557
633,25,31,40,4.626625012347665,-0.9195826401188327,1.4731507510823127
634,17,28,41,5.078191246468623,-0.5604070684714711,1.208973164622732
635,11,22,33,4.961651874563665,0.31678889368159313,1.813930174789757
636,11,26,36,5.187818645247468,-0.4275893023289656,1.3037451728230363
637,6,22,37,5.467619879674258,0.16468580385220472,0.6681273338436139
638,11,25,38,5.314889439980529,-0.14813131480491748,1.234702188362866
639,13,27,39,5.229105654917222,-0.4930935673280924,1.7836518743691434
640,14,30,40,5.246344248048011,-0.6269076751896662,1.0566182915321618
641,12,24,35,5.004216879303989,-0.18150977262894308,0.9420034940140453
642,23,32,42,4.881561997671976,-0.7171720687244156,0.9976479889459301
643,9,23,32,5.118439063304238,-0.24191186398495185,1.0170071415678386
644,4,20,40,5.494687522884384,0.31982806762985794,0.8390040613676978
645,10,27,37,5.1050916745699215,-0.6153555386923075,0.39812487902328353
646,9,26,37,5.289887262968961,-0.326160638428045,0.9959759196053646
647,15,27,34,4.874599926369957,-0.5400771067643586,1.7081955298591716
648,11,27,41,5.322920503280424,-0.23698345263442672,0.48437665628228227
649,15,29,42,5.311750970756851,-0.4021852333210552,1.2242000713730699
650,5,23,39,5.517808423307222,0.056982652050857674,0.7935912300117064
651,16,26,36,4.969042990346164,-0.5384972747137332,0.3541303599399052
652,18,32,40,4.8525287428021455,-1.2551213226602267,1.6780318360712811
653,4,21,34,5.259103436010439,-0.06448452227787077,0.8249658680139927
654,13,27,37,5.043408565411949,-0.782596304327005,0.42739814839187346
655,9,27,39,5.217364199143662,-0.4235346867565334,0.5415785533173061
656,4,18,32,5.276507682884964,0.1133646091703964,0.8930108100446013
657,6,21,36,5.2673702389775015,0.2862076194746369,0.7041920940481365
658,18,28,36,4.935666026703483,-0.7480994341666796,1.2423227594438209
659,12,31,41,5.203671560845844,-0.7104515494050052,1.156014326461304
660,17,28,40,5.026977836578012,-0.6815574254578609,1.2334983802828206
661,11,26,37,5.247908629560369,-0.48579409901957676,0.41164557093214915
662,5,24,39,5.490015409922183,-0.02650841182746211,0.7601675029619656
663,5,22,38,5.280272863587714,0.24912116579363378,0.7292739418449411
664,11,27,41,5.261853647485096,-0.5143698738448295,0.4823725830777857
665,11,22,32,4.960813529168345,0.01456598480183563,1.3577574867601832
666,7,26,39,5.413937679761819,-0.12127113343737742,0.5731393980555147
667,14,26,38,5.207045418311082,-0.3128794881759246,1.1982220111449937
668,8,26,37,5.286980087663161,-0.3488080907345598,1.1773745817025774
669,18,30,40,4.89579620031109,-1.0063261054933699,1.2647376280426705
670,18,27,37,4.784294840734627,-0.35449462462573894,1.6003433981623731
671,15,29,41,5.259966114604481,-0.45721386628238475,1.1616830735811277
672,4,21,39,5.516210539510349,0.16398972339520212,0.8203636429576731
673,16,29,40,5.131663397026467,-0.5939752424527108,1.2073646490996761
674,10,26,38,5.234557691577202,-0.16766306546567225,0.5083652932820523
675,11,26,34,4.842551117209905,-0.758483814422532,1.0955074207461524
676,21,30,38,4.790579994554447,-0.894821632260554,1.5503005255226392
677,9,26,38,5.284981382274579,-0.35688334819067363,1.2022000286695624
678,13,28,40,5.3376229987367365,-0.3542370270967011,1.2515159004855487
679,5,18,30,5.1837558898849645,0.06324994480293135,1.1587124625110259
680,8,28,42,5.452491636759687,-0.2493744422929602,0.5731393980555147
681,11,24,37,5.2444010089109945,-0.0486967823341984,0.9188601835431537
682,19,29,40,5.0660744968632,-0.4387289429914739,0.9052480542013633
683,11,20,28,4.761116290189866,-0.20757591148778243,1.5346427809137333
684,4,20,27,4.978046937803891,-0.2987793405536573,0.8390040613676978
685,14,27,39,5.146193896957022,-0.4383217365761685,0.40320713284374027
686,4,21,41,5.5499973334672905,0.2016839342307496,0.8296071030882032
687,10,24,39,5.349032778776645,0.06056709353434173,1.229671267154054
688,20,31,41,5.01474722372168,-0.8187610854220914,1.1774713836375152
689,11,27,40,5.337913407025766,-0.18411717568167535,0.385551590339795
690,15,28,39,5.0128738203542715,-0.5507307829728055,1.1815545863800838
691,13,27,38,5.035366975975613,-0.7613072383559457,0.4193579185788012
692,16,26,38,5.088958687036019,-0.3157560436089807,1.09200616749565
693,11,26,35,4.905489162923981,-0.3763109620796675,0.9187967843950133
694,16,26,37,4.907795822120339,-0.40310632288648157,0.96338497655027
695,15,23,37,5.011349470362641,0.20184407466211757,1.3959784760426077
696,9,26,39,5.343718425367716,-0.2777584565502619,0.4605229209452514
697,16,27,40,5.101220033154384,-0.25830755536322497,1.1848945607898795
698,13,28,39,5.217813762865294,-0.47535001308686187,1.3335894418407073
699,6,26,32,4.954738279191062,-0.7603331521349296,0.6775807218599569
700,34,41,47,4.419602509739182,-2.152515302924152,1.2891855629825861
701,25,35,46,4.972751428117616,-1.027663271973305,1.6444255117723354
702,19,36,47,5.173950497372898,-0.9874092528604265,1.141727390867031
703,25,36,46,4.998835295920008,-1.0419258878842257,1.6118362206012362
704,18,34,46,5.100911630068006,-1.1089956551294873,1.2297285866365015
705,30,38,47,4.679880701887354,-1.238184184188908,0.8901601826426324
706,28,40,47,4.783133931256358,-1.2314885251124268,1.3489232677746337
707,19,34,46,5.21741908195255,-0.607657965762031,1.1022823497627927
708,26,34,46,4.930111322518877,-0.7692771012483965,0.7970773055716012
709,31,39,47,4.6620618171816,-1.38460319457916,0.6495081410285526
710,27,40,48,4.850562635598157,-1.4697107055313834,1.0141207716165515
711,19,33,44,5.023623479583202,-1.0368334475928733,1.1204683780448441
712,31,39,47,4.593042062958539,-1.7538061289080136,1.4566219607514337
713,25,38,47,4.924061722551114,-1.04801398751189,0.6583602165547474
714,30,38,46,4.637238053197648,-1.471399246366058,0.8838508786359766
715,6,27,33,4.957011353098941,-0.7568163050340131,1.143061742644552
716,31,37,47,4.571555241424857,-0.7074173385225946,1.4225133961468441
717,25,34,45,4.885047458157102,-1.0484804241624228,1.336306788443463
718,19,33,45,5.115087502406795,-0.7824523426127212,1.5811910974894738
719,26,38,47,4.950336316800603,-1.0101918658451225,0.655805102158653
720,32,40,47,4.510671674723135,-0.9073586208942385,1.3110817493565134
721,31,38,47,4.618321868308341,-1.1258924013007154,1.3485802874750021
722,27,37,46,4.76315276533027,-1.5588611194254236,1.3667724594221606
723,22,39,47,4.9736807755135475,-1.4356354163657508,1.5151493213234222
724,29,38,46,4.6941715525905545,-1.8730855106629685,1.6610048108587956
725,28,36,46,4.81633081779666,-1.2562748105502175,1.1985534553479469
726,28,38,47,4.79697444139171,-1.0106214785993375,0.6912562719861018
727,32,38,47,4.487876466390572,-0.9809651649241155,1.3692647289820938
728,33,38,46,4.213689412968406,-1.4778169055428574,1.489169807919461
729,27,37,47,4.872407479195152,-1.133656774016222,0.8757256954311692
730,24,35,46,5.01828719430782,-0.9151489144100724,1.507872797270982
731,25,35,46,4.97633270713194,-0.9701560620992674,1.2747304103602604
732,12,35,46,5.217315072745788,-1.0054490128178453,0.44074883140557364
733,14,32,45,5.372392018176094,-0.5067691606174569,1.7203322368140677
734,27,33,46,4.810867536773926,-0.9116442644291162,1.5598180706562035
735,29,38,47,4.782615593002069,-0.7226180564944027,0.4531652061450114
736,32,38,47,4.598621387068979,-1.587371290735997,1.5478353421250142
737,21,37,47,5.066272601602569,-1.126451078903109,0.911885479911868
738,33,41,48,4.475920702011232,-1.7218978805214578,1.112428864475933
739,29,37,47,4.717033291858021,-1.104656080194156,0.8662790685957779
740,24,38,47,4.991042029482886,-0.9266372962089999,1.2537900664325865
741,30,35,46,4.63990505659167,-1.1250564769962856,1.0554103562448003
742,33,40,47,4.450168492081257,-1.4506141663674283,0.6941641556172772
743,25,37,47,4.985767831924849,-0.8320298672777328,1.2821693779897214
744,32,39,47,4.5990222241153305,-1.7051355717881447,1.028242649610524
745,33,38,47,4.3445567987780125,-0.7322804235432379,1.279055161674133
746,26,36,46,4.915422636082308,-1.3952052980423064,1.1842691493982231
747,33,41,47,4.464341325483965,-1.6582990979721561,0.9102001114348321
748,24,35,46,5.000826608186523,-1.155597674611944,1.6698632583440578
749,32,40,47,4.519855878131387,-1.343096585186022,1.3761483778970633
750,17,35,47,5.28220939429249,-0.7426091504041088,1.5934013152608533
751,26,35,45,4.840403612422926,-1.1292722096714538,1.5843414017621638
752,31,39,47,4.676360211490294,-1.6945049134065553,1.2169628433689401
753,31,38,47,4.562956595104736,-0.7702546165282615,1.2493458075480826
754,14,32,47,5.396546651628456,-0.5802997397354822,0.8142424831011995
755,30,35,44,4.444146671050533,-1.1319703719352034,1.0252736443811545
756,23,33,43,4.860164125827149,-0.9986839978872646,1.4024513940341403
757,29,37,46,4.762364488717097,-1.148761875635866,0.9000202243298379
758,29,36,46,4.784089355872425,-1.1340911555316895,1.2415031578664601
759,33,39,47,4.4356852075829325,-1.0912681988965482,1.3950136262851154
760,31,39,47,4.6948511242389275,-1.4616305385645183,1.2582400171721813
761,7,31,45,5.536116730417429,-0.36950740445072533,0.6413510165846328
762,30,36,46,4.659833983068854,-0.4136176185589062,1.8253352098172322
763,32,39,47,4.557757615200691,-1.1062906969444266,0.8996191366410485
764,20,34,46,5.2145510951684155,-0.8360802215747201,1.7375793972249967
765,27,37,46,4.885547739994427,-1.2253002740288141,1.477009115085843
766,28,36,46,4.792590968864289,-1.222298640147918,1.554755547318807
767,20,39,47,4.9715713241973205,-1.434409702394737,1.149347361422153
768,16,31,43,5.105759065396354,-0.6799772714438551,1.6088631874586539
769,26,37,47,4.914684708285556,-0.9755831602864716,0.7263761859179609
770,32,38,47,4.578441630157976,-0.9851840095461366,1.092995829921146
771,28,37,46,4.822704862569262,-1.2855914475418544,0.9485811709395227
772,14,35,46,5.057681035169224,-1.1476126174640227,1.3195274355038078
773,27,35,46,4.822394679353447,-0.9967637660560269,1.1100300809535615
774,32,38,47,4.490706022582019,-0.9440401701442632,0.6400193388322831
775,27,37,47,4.8616969594201445,-0.8438580298164208,0.9393894813150673
776,30,38,47,4.715554074262624,-0.7758008104623698,0.6756314942352609
777,27,38,47,4.883059331536954,-1.3433972561564467,0.9282922747269606
778,27,37,47,4.907600358554835,-1.0892776793017012,0.8129475449291284
779,30,39,47,4.706103151379807,-1.1276844730166522,1.0144026583801986
780,29,37,47,4.715303660124846,-1.398319684579011,1.3235089297074543
781,21,31,45,5.072620257929069,-0.5172174726378042,1.296573954885007
782,33,38,47,4.415687417926897,-1.0214898468606743,0.5953951912009253
783,27,38,47,4.910707992188628,-1.2495058626784492,1.2525978151777635
784,27,37,47,4.849392396856346,-1.3845174615627203,1.0066629942829137
785,32,40,47,4.522824498304056,-1.15268274935084,0.5932118909259319
786,22,36,47,5.0470793298824255,-1.2340560135726664,1.0750694482397956
787,28,39,47,4.848452037377294,-1.1506338374158465,1.0368671973941066
788,16,34,43,5.234715463363658,-0.8298065374948141,1.7666891794045823
789,16,34,45,5.098719691217599,-1.1284587629289682,1.2005150068617247
790,31,39,47,4.565310210403457,-1.3600282903177718,1.3746159910153135
791,27,37,46,4.875338781118615,-0.9806074581243447,0.7912822122857156
792,25,35,46,4.935126128596686,-1.2012308451743223,1.7542456592176523
793,29,39,47,4.759111510982366,-1.2863722016254218,0.5157721866228939
794,26,35,46,4.848844209404197,-1.1978490161309732,1.4155096994885779
795,31,40,47,4.661291777526768,-1.0524661395453407,1.383605007872468
796,19,37,47,5.124947989364159,-1.1981766888965657,1.2378197041036663
797,24,35,46,4.981696201355549,-0.7599969218351776,0.957789821816311
798,24,36,46,4.974282175036954,-0.9668990776249143,1.0773831937820886
799,29,37,46,4.701439703071112,-0.9926180605687966,0.9931253252158495
800,9,36,43,5.154541801778905,-1.0034349210565605,0.5189296599184946
801,4,20,37,5.475652472020425,0.13338842965771494,0.8437582063121659
802,5,23,41,5.588779347361362,0.028516417890540866,0.7935912300117064
803,11,36,42,5.04839908989047,-1.1623653039866149,0.4778207445858081
804,4,20,39,5.52503518806981,0.22760474197595942,0.8437582063121659
805,6,30,42,5.455320074684853,-0.40435894486730717,0.6906241389199442
806,8,33,41,5.274288657077,-0.7549660063231203,0.5989622786653416
807,10,37,44,5.109486896307256,-1.0565230931226395,0.5083652932820523
808,6,28,42,5.514127555995065,-0.30622506688489987,0.7111806626974717
809,9,36,46,5.344890151780042,-0.7907891630914269,0.5516699920020824
810,31,37,43,4.307694075622868,-2.4998259920698556,1.6189859484638898
811,5,26,43,5.601921827004493,-0.14944058768886864,0.7405715327916913
812,9,36,44,5.272182275374749,-0.8515605469997308,0.5496189140638493
813,34,39,44,4.239909220364639,-2.767547293214777,1.415547726065671
814,13,37,43,4.990338844609487,-1.3512114537065036,0.9208005128578418
815,19,37,41,4.507320603643206,-1.8863088794322787,1.2144742257405474
816,17,38,43,4.65592755331826,-1.7719569796602608,1.25259887196565
817,5,26,42,5.569805866905025,-0.14462186193798318,0.7482932859824888
818,9,36,42,5.0916564118780965,-1.0348158419739344,0.5171354891896202
819,16,38,43,4.688479858977926,-1.674976220336009,1.295038524217749
820,6,30,41,5.438355735242314,-0.4002927206678373,0.6906241389199442
821,33,38,42,4.004488201001039,-3.0856671718030855,1.30464077521422
822,13,39,46,4.989720566180096,-1.3760921774730568,0.8584588742555468
823,18,36,41,4.56191096549261,-1.827089736714405,1.2069506054756867
824,12,37,43,4.885691058156251,-1.3451998521199289,1.0398237850653895
825,9,36,44,5.232666709541548,-0.9553564221887368,0.5189296599184946
826,36,40,43,3.824019185456529,-3.680592975450024,0.9975411427287892
827,26,36,40,4.33725679900145,-2.2975803183032837,1.5208845410948033
828,30,37,41,4.288045462135724,-2.4680769824524154,1.631692645987469
829,13,39,45,4.9308377432628685,-1.4265769827534187,1.2665565050235228
830,16,39,44,4.741714532758794,-1.6822002679783064,1.2948535984315725
831,26,40,43,4.234461175335251,-2.4270686627560085,1.2809417323975412
832,4,22,41,5.59236878320505,0.16079042152975137,0.8158009273789574
833,4,23,41,5.550132124083414,0.09307704521015282,0.80235344282919
834,34,39,44,4.173439837662492,-2.874325242147208,1.1839937383032775
835,8,35,42,5.244757244147197,-0.7885871903611793,0.5869185834047995
836,4,21,40,5.555762322913191,0.21972879131627504,0.8342867421739536
837,8,36,43,5.25726272570344,-0.8533672107569331,0.5600443203590992
838,4,22,41,5.578638720860856,0.13644925994083412,0.8112781244591328
839,5,27,44,5.587183811444811,-0.17946778721743897,0.7255826757048173
840,27,38,43,4.391362305490319,-2.285074933239462,1.0569540482208657
841,6,31,42,5.476080289393571,-0.44937140116108,0.6712478853829508
842,31,37,43,4.331506887697423,-2.3801905733114803,1.176613529080961
843,18,37,43,4.766652241347006,-1.6938412040407076,1.2666981292794384
844,31,36,40,4.071608455673268,-2.775384791107693,1.261865288873577
845,7,35,43,5.356823026629115,-0.6147304387359195,0.6193821946787638
846,13,38,44,4.851535825246112,-1.4211357797873005,1.2937724684256235
847,25,35,41,4.620818194856678,-1.900726184285986,0.9194273200080881
848,5,24,41,5.571192879763265,-0.06925378079221503,0.7682814090975241
849,4,21,40,5.555762322913191,0.21972879131627504,0.8342867421739536
850,15,35,42,4.922935365610401,-1.4315842537851418,1.2785461204947814
851,8,36,44,5.275211084262864,-0.811732260318166,0.5665095065529053
852,32,39,44,4.29838038855788,-2.561290177186566,1.5536023850450928
853,6,32,42,5.455798995700596,-0.46324808533145845,0.6681273338436139
854,31,37,43,4.385117962614609,-2.2285421197991817,1.6096524715339307
855,4,21,41,5.585861524372996,0.21218758267605792,0.8249658680139927
856,7,34,45,5.417107552129864,-0.5610258061755977,0.6167482598263911
857,13,37,45,5.009868202985608,-1.3437936063708464,1.0020516491564524
858,4,21,41,5.585861524372996,0.21218758267605792,0.8249658680139927
859,5,27,42,5.535719219936218,-0.24743116389062458,0.7255826757048173
860,4,21,41,5.585861524372996,0.21218758267605792,0.8249658680139927
861,31,39,44,4.41803896051359,-2.4191360991668436,1.1580205476383472
862,11,35,44,5.274218231403348,-0.9764811129657003,0.4808446942193283
863,11,39,45,5.013344044982757,-1.1944215143079802,0.4733627218859788
864,10,38,45,5.098583873447291,-1.0927437138978735,0.4933757335098129
865,25,35,40,4.473550106391857,-1.9139505758385782,0.9985730974249103
866,11,36,40,4.935557798550433,-1.2502957558662509,0.4661332827241354
867,14,37,44,4.860988843939165,-1.4623855891537993,1.308066467419941
868,23,36,40,4.553419234091518,-1.9125748718640012,1.1360583447403152
869,7,34,44,5.454535669391349,-0.5250061129426212,0.6442142137378306
870,12,38,43,4.829388044688592,-1.3651331042377635,1.1119194324426032
871,4,21,39,5.535174565635904,0.1474778901642168,0.8296071030882032
872,6,32,44,5.5057001282250795,-0.4586212720581284,0.6589445953074149
873,5,27,40,5.455015261384567,-0.29215092195382986,0.7255826757048173
874,13,37,42,4.812747822696129,-1.4455245609028018,1.3211566148446716
875,5,23,41,5.584717717121773,0.0418709740561171,0.7979519684655731
876,31,38,41,4.1220264741428,-2.7121504734474704,1.6425910281311087
877,4,21,41,5.585861524372996,0.21218758267605792,0.8249658680139927
878,8,34,43,5.358422944283376,-0.7798601524086151,0.5643364444932288
879,33,38,41,3.843628722347145,-3.0050161342827835,0.6255700117947312
880,6,32,43,5.475653364579874,-0.43536267000775547,0.6650368524023752
881,7,33,43,5.402088850051309,-0.5812990038069913,0.6301628871027962
882,5,25,39,5.516565630242719,-0.11490363914126894,0.7601675029619656
883,35,40,43,3.8077395259627593,-3.498666355651507,0.7707978375285767
884,4,22,40,5.559893262378455,0.0705571747118455,0.8067955503968327
885,4,21,41,5.579858708455359,0.2648377633833977,0.8342867421739536
886,6,30,42,5.477316637094897,-0.3989906436314562,0.6873150928309273
887,32,39,43,4.216644996213073,-2.7215504738908076,1.482536207567673
888,7,33,41,5.3618438710399445,-0.6032686502528515,0.6329208984823799
889,12,36,43,4.987185145095444,-1.3009306049786562,0.4458362519710249
890,5,26,42,5.535441350896434,-0.2028342368736501,0.7405715327916913
891,4,21,40,5.555762322913191,0.21972879131627504,0.8342867421739536
892,6,28,44,5.557627719048831,-0.25526448486385367,0.7111806626974717
893,5,24,40,5.582756266111819,-0.01619853057853493,0.7807536250860868
894,5,24,41,5.558615365169274,-0.06263233065538326,0.7765557854444601
895,14,39,44,4.865272273105772,-1.4497364310045149,1.324344518797435
896,5,23,40,5.590076418565125,0.02498315491574013,0.7892712724536984
897,5,27,42,5.518685881753034,-0.24188625223953877,0.7292739418449411
898,4,22,40,5.5657996384230275,0.1418254142876964,0.8203636429576731
899,9,37,44,5.159580079370755,-1.0042772087427763,0.5207375686265201
900,3,13,24,4.791924539200506,-6.938893903907228e-17,0.975119064940866
901,6,23,41,5.304957359998896,0.23395328182083733,0.7041920940481365
902,16,27,40,5.216270209392034,-0.17940367804291402,1.2690755875493693
903,14,29,44,5.373309419586393,-0.3353512034418854,0.40528061045790453
904,12,28,41,5.233597926260219,-0.310483764434537,1.6771182780320297
905,18,27,38,4.881452958632002,-0.37735685667123997,1.7573147130026028
906,6,28,41,5.418360237556283,-0.27190558386796504,0.48859291979141084
907,14,29,42,5.285988610239912,-0.48418344785313844,1.1996680689399017
908,13,29,43,5.360170390037756,-0.4030051444252427,0.4105693748873654
909,15,27,41,5.068279374075322,-0.2111890994788227,1.2800609342687936
910,11,28,41,5.331379796777437,-0.04580078021057939,1.2310004984059992
911,17,30,41,4.953857804088952,-0.5392949052011232,1.368163866590545
912,8,22,32,5.050145020089785,0.08330177333849897,1.7552673514299852
913,15,29,45,5.3185500919376505,-0.46964789949781466,1.0901797999208875
914,12,28,42,5.220751263947115,-0.32641924269329037,0.3653310217023925
915,19,30,43,5.165788463997503,-0.41504048160280216,0.38808158423516875
916,14,27,43,5.331989495596982,-0.16568700049284804,1.2441646258673733
917,13,25,41,5.222232236635083,0.20134877405541457,1.194667728820599
918,18,32,45,5.20491035583358,-0.5669418201127692,1.0880934413317915
919,17,24,29,4.463869867031957,-0.19054201355303102,0.927820480930457
920,14,30,43,5.209713064344844,-0.5629161471572457,1.1972375832543753
921,17,29,41,4.964618715218972,-0.540452174775255,0.5586440918749502
922,7,24,33,5.092485857124067,-0.4837461260794997,1.3195144739014215
923,6,19,30,5.052134574785571,-0.20256410864307317,0.6939659673342857
924,15,30,44,5.404500362142368,-0.324203146608972,0.31361606117261964
925,24,31,42,4.767487721187059,-0.5051546853686179,1.5557894414116908
926,13,24,34,4.761238071297492,0.2073234030143042,1.6955152117560162
927,7,22,37,5.350659369652691,0.063847287476864,1.2730487566440225
928,19,29,41,4.875234289654201,-0.24441742048955992,1.3353027790241707
929,8,30,42,5.372054165329501,-0.5813251078588487,0.5579248191167043
930,2,12,21,4.618418638911681,0.027123767740228677,0.9970590569034107
931,9,23,43,5.484825696193328,0.14011829420078797,0.5171354891896202
932,18,29,42,4.954694802830737,-0.5426260701161211,1.226093076916474
933,13,24,42,5.337794692319102,0.29917795408157255,0.9126766226583376
934,5,25,45,5.626629167387823,0.0005822852906931658,0.7765557854444601
935,8,20,25,4.76622711230874,0.47862698690061517,1.6329152661366513
936,6,25,39,5.283236742812327,-0.12785342884176598,0.6619760641115653
937,10,26,39,5.248543189087521,-0.1927790058870803,1.3141826911633154
938,15,27,38,5.142743072703738,-0.19215739962434608,1.6096214656294001
939,19,25,35,4.60603424125406,0.10608062580105954,1.1229039238121081
940,20,31,43,5.083683423718107,-0.5132395259453626,0.9380167444579258
941,9,29,43,5.521514469873394,-0.33516368101302674,0.4321481607261779
942,11,31,46,5.509993278832741,-0.3001499967642562,0.34079857971756633
943,21,31,43,5.109484592769405,-0.4873511548053265,1.5529747726680596
944,11,29,44,5.420861871878034,-0.3756321309663232,0.46899559358928117
945,20,31,42,5.083656753325762,-0.7630537046870591,1.1615916529960195
946,19,29,42,5.185379226332479,-0.4305697435081566,1.2204714128805458
947,11,26,40,5.1436192833112955,-0.11441000543413991,1.3214050879058472
948,23,32,44,5.055529966724173,-0.6920205849125358,1.1747460075528962
949,14,28,44,5.39882882433733,-0.1571112745803541,1.0318349506592919
950,16,27,42,5.21794732127264,-0.07770408316842753,1.456962134792522
951,23,33,44,4.951942819336096,-0.6912705553013982,1.2474219772597601
952,4,18,42,5.559687572578648,0.4472292429615485,0.8829589691462253
953,3,13,24,4.791924539200506,-6.938893903907228e-17,0.975119064940866
954,7,22,28,4.514530205026224,-0.8939338947524038,1.1827260188354036
955,9,21,38,5.259864476222701,0.5449051665776616,0.45505980319060263
956,18,32,45,5.247089390157181,-0.519246775402994,0.8662908756136842
957,12,28,44,5.352356727480967,-0.284440191252735,0.2995889997621703
958,20,28,42,5.021176443813988,-0.10383497725039306,1.2389942528353812
959,14,27,43,5.333979888105802,-0.11071780050735686,0.7934086087505625
960,18,27,39,4.9342931768724565,0.05312836932456891,0.9347996736071278
961,17,26,40,5.036997536782284,0.13649203390175702,0.8145079753838358
962,18,29,46,5.1352725358638445,-0.182666945479857,1.1861250047497545
963,6,24,44,5.542768578521549,0.035894571533300806,0.6906241389199442
964,12,26,36,5.08049604123241,-0.31329310016182516,0.39221042556474955
965,12,28,44,5.4728472176521485,-0.1282109904538334,0.33522312468852095
966,14,30,45,5.403801545604288,-0.3669866156314234,1.1510082790272356
967,15,30,43,5.362956900515993,-0.24828131670181752,0.8454136227324915
968,15,31,44,5.266854893001811,-0.6662276874080207,1.2328766942705687
969,10,24,42,5.455455600147499,0.11680011782867719,0.46471655670512435
970,12,32,45,5.406455426552059,-0.5991579000306038,0.8749394652620787
971,14,27,44,5.3827156102682405,0.0805004540125445,0.8269799085791827
972,9,26,36,4.981968278264133,-0.3149225858377293,0.9999905987069965
973,10,28,44,5.534088875287922,-0.22544171176462635,0.5153548995451221
974,13,31,39,4.995495560112297,-1.0286408175583188,1.2638641615531765
975,22,27,44,4.888137077096457,-0.0710746333989492,1.0355983208529163
976,12,29,46,5.447419735851276,-0.32501024111404925,0.4471285124980023
977,19,30,45,5.282158762744381,-0.3162611939717268,0.8156239153487002
978,5,22,29,4.952500445259954,-0.34710944826254836,0.7807536250860868
979,3,13,21,4.632944044980959,-0.11740338669750841,0.9828586897127057
980,6,21,43,5.533569587077876,0.31157751551937307,0.6775807218599569
981,6,20,34,5.182298755850283,0.4824948982535209,0.9737649500595
982,19,32,45,5.277147092369293,-0.4088547588715969,1.0656194021138747
983,3,14,26,4.913931210607511,0.010149969843254392,0.9575534837147484
984,22,28,39,4.607943258960254,0.2357157312102548,0.9145704476087153
985,11,29,42,5.180739576545183,-0.6381100253790803,0.4605229209452514
986,8,25,28,4.189472319643259,-1.424076297786821,1.0603117453365278
987,7,23,40,5.433957909510848,0.2085872920377235,1.323671279315151
988,17,29,43,5.281399832797964,-0.12007508421193848,0.6974049224294415
989,3,17,35,5.293345194191517,0.27308423533159043,0.9081783472997053
990,15,28,39,5.144996768133156,-0.5169395135712795,1.6577737125441234
991,21,31,43,5.128758308522581,-0.644871874541589,1.0433058391389012
992,10,25,35,5.106680264788441,-0.16975078150951559,1.7073304453523181
993,5,22,39,5.459203714894492,0.24364286723841064,0.7522121733341474
994,6,25,38,5.413512721768074,-0.08913170841166769,0.7041920940481365
995,6,25,30,4.65528233335702,-0.9305443865737706,0.6712478853829508
996,17,30,44,5.277113990197692,-0.3991424401043304,1.1515531186082129
997,21,30,41,4.840100329532449,-0.6507394870054876,1.2043028093747628
998,17,28,43,5.213222832114724,-0.2139859586109568,1.1049194106522453
999,18,29,43,5.218255365236279,-0.2924130246818672,1.2296840477801778
1000,8,40,74,6.428679382672053,0.12354378902119866,1.4245711205542506
1001,13,53,82,6.494025090361283,-0.16497725359586313,1.1709443360909033
1002,30,66,78,5.754179859265768,-1.4250651202748559,1.6027881193811644
1003,9,45,71,6.31931593383479,-0.11199456067984695,1.4145179737194693
1004,11,54,72,6.1319263719406445,-0.44627533455182483,1.3509839556720706
1005,21,65,78,5.961010646355159,-1.1208951963595772,0.9783067406677776
1006,13,61,80,6.301566560115346,-0.4752408450012247,1.2551191391878809
1007,21,62,70,5.548087313751486,-1.173557267565406,0.9714970764003507
1008,15,63,75,5.918351440124707,-0.8672688564553666,1.1671268857622774
1009,9,44,78,6.469072237655603,0.11055562325489734,1.4185314775508957
1010,11,49,79,6.488271205594369,-0.17552905272124938,1.3326476098090725
1011,13,52,77,6.4024661897086705,-0.24256706316017704,1.2021540312896146
1012,8,42,67,6.134417750708175,-0.2191158265586925,1.4228337619527152
1013,11,55,79,6.4870552401110135,-0.26711003992644994,1.346958678814562
1014,12,58,78,6.386784447372155,-0.39261150689443236,1.3139028737025837
1015,9,43,72,6.328852618061613,-0.01841879775450591,1.4209650198930446
1016,9,47,78,6.48168884812341,-0.013144971907138682,1.4043277605683098
1017,9,47,73,6.299099357730787,-0.23902657164454638,1.4028840000532226
1018,10,50,86,6.584973920774217,-0.08068910918132985,1.3797591947395078
1019,7,34,61,6.073039485907669,-0.008209979286655393,1.3706915293483235
1020,17,52,65,5.941680355061708,-0.7789650218049755,1.8088234333867519
1021,14,65,77,6.0597063650520795,-0.7498459602985065,1.214149943315735
1022,11,52,79,6.51609512514303,-0.14158412688795483,1.3589260316536727
1023,10,50,67,5.807466881146751,-0.5086270608955828,1.3851005557538956
1024,10,50,75,6.297242174651864,-0.29160902466882666,1.3815589121297203
1025,19,66,79,6.070679969747172,-0.9589017978417126,1.0520824009310856
1026,8,38,68,6.337421257711191,0.05636215971691249,1.4197706162772543
1027,10,50,85,6.534158759850995,-0.09063827363599869,1.3797591947395078
1028,11,54,82,6.506901912104958,-0.23113492243021683,1.3529837761644403
1029,13,60,74,6.212586474006969,-0.4789779505534044,1.2718354637883276
1030,9,45,78,6.508773633021029,0.026933283916058745,1.4122192445030912
1031,10,51,76,6.376873485292387,-0.23386320676479666,1.3761060866670736
1032,8,38,81,6.52652680043516,0.3627419289683923,1.420782589108237
1033,9,47,74,6.316739300325525,-0.12466656198228879,1.401407358930867
1034,14,62,78,6.221078858324061,-0.5886176824537207,1.2121401909230898
1035,36,66,73,5.250699146413466,-1.9466163274798325,1.2616335751669554
1036,37,64,70,5.270445866586191,-1.8965818290594387,1.2837528293864517
1037,8,39,82,6.5442870772910275,0.33538338007967333,1.4235679707325752
1038,9,44,77,6.432891650097198,0.07121359983773487,1.417606094446662
1039,8,41,81,6.549625926353917,0.2458154397100302,1.4243199210245778
1040,13,57,75,6.345112128202518,-0.4285308728578353,1.2613712691323322
1041,7,35,63,6.214997302659253,0.0595012164558817,1.3915473832887826
1042,19,63,81,6.275367859427785,-0.8162145374290133,1.042654768522979
1043,13,61,77,6.2578660804773865,-0.5366715610762782,1.2781348966134416
1044,8,42,82,6.568010279464644,0.215461629135771,1.4228337619527152
1045,23,63,67,5.145612139639358,-1.3641889648146632,1.7004101271660683
1046,12,59,77,6.32473086373942,-0.45316339994361027,1.3033984362901982
1047,10,52,78,6.4830772441233435,-0.1684965307932813,1.364771263215341
1048,11,56,69,6.017276873818438,-0.43095554323473767,1.3326476098090725
1049,10,49,82,6.536395459147102,-0.059264080738167225,1.3885593017282059
1050,15,61,85,6.402527277072295,-0.5895102611430381,1.176706126225892
1051,17,60,76,6.087280957725278,-0.784253741712328,1.0983041992678089
1052,14,59,76,6.226652132435587,-0.6188335295139743,1.2021540312896146
1053,17,64,83,6.1880113245868245,-0.7695901424869179,1.1192709443441786
1054,22,63,80,6.074433442894142,-1.0157269489756788,0.9542387022372709
1055,10,49,89,6.635645067038383,-0.006359193410878525,1.3868407449773847
1056,7,37,71,6.371615527791113,0.1951333436776208,1.4125236819827869
1057,10,52,78,6.476935612960923,-0.1390846123697917,1.3666954443013026
1058,11,56,78,6.450833337861981,-0.280181392771489,1.3388183083901009
1059,15,62,80,6.151431131203721,-0.6849790772182693,1.169033225165872
1060,8,42,81,6.549997333467289,0.20814384782606288,1.423318880643835
1061,15,57,77,6.306570460651372,-0.5534208201680523,1.163328583233275
1062,8,42,79,6.513475877077927,0.19016082474522847,1.4240650747143373
1063,9,47,73,6.35529462560491,-0.2064929154495774,1.401407358930867
1064,10,52,64,5.530110800582363,-0.6348316744015715,1.3723865762721354
1065,10,52,84,6.535255160337828,-0.19253442261017567,1.364771263215341
1066,10,52,77,6.29508656994936,-0.1708229599731576,1.3723865762721354
1067,43,67,78,5.364570219396416,-1.9038467923684363,1.2906068858010593
1068,8,40,78,6.4952728923912755,0.23457461885281936,1.4239743137220924
1069,11,43,72,6.385996628407659,0.061186817273686085,1.3549744032921314
1070,13,53,73,6.341724248794849,-0.217865149771684,1.2551191391878809
1071,12,52,71,6.2433616654781225,-0.4835265935093299,1.2991881729220953
1072,8,39,81,6.530289538700544,0.32785360588963286,1.423050510389297
1073,13,56,73,6.154430040851508,-0.41028577822563794,1.2634600221383108
1074,14,59,81,6.392787466156417,-0.47017670379069637,1.2385683478752787
1075,12,58,73,6.0896241310594155,-0.5939659992910079,1.3159981941290226
1076,9,45,79,6.485763704643236,0.1314463192066855,1.4122192445030912
1077,8,38,78,6.484769618706742,0.32933538103545534,1.41862124574789
1078,10,48,80,6.572443604919553,-0.0016111002818594636,1.39679311597803
1079,16,57,71,6.081535086556124,-0.7800724220515831,1.1354609117403869
1080,10,47,79,6.481789291298604,0.06157520514495593,1.395197682557765
1081,11,51,76,6.46747130104095,-0.2029527326931304,1.3408635479986115
1082,8,42,76,6.4695820060605795,0.09218516688464364,1.423318880643835
1083,11,52,78,6.3606746781597385,-0.305689289086375,1.334709958515988
1084,13,51,81,6.526552785099319,-0.17130680429989653,1.26973878723428
1085,14,63,73,6.043854265573545,-0.6030358011506134,1.214149943315735
1086,9,47,78,6.501377379437908,-0.046700749555192204,1.401407358930867
1087,15,66,81,6.235090462821201,-0.7056260954918785,1.178636146230813
1088,11,56,69,5.999184149420769,-0.645609710407909,1.3264321792712908
1089,27,65,76,5.661654726426883,-1.1631864344211333,1.6226182317654079
1090,12,51,68,6.137653823676411,-0.3828550512995392,1.3033984362901982
1091,12,61,84,6.45495789705123,-0.38107525712258644,1.2823409194057107
1092,8,38,79,6.497927513443583,0.34904616472022437,1.41862124574789
1093,14,64,78,6.093884703816693,-0.7168776926696754,1.2061357998585194
1094,9,43,63,6.035126030186758,-0.3664047792864328,1.4166273298106777
1095,7,34,62,5.977522776359601,-0.04723027140941592,1.3798813618358308
1096,13,61,75,6.161043172874882,-0.6264238633725421,1.2760336583342453
1097,20,61,80,6.160784218294012,-0.734419518735326,1.01386095364119
1098,14,59,83,6.453276690619363,-0.42650732563585986,1.0273023574362385
1099,10,44,76,6.450801172273497,0.14170886734288257,1.364771263215341
1100,24,46,70,5.911424979433511,-0.04745547769043088,1.6737898269134404
1101,32,57,80,6.0129261859257035,-0.5391261199068039,1.3501692096810085
1102,16,55,77,6.104392849872062,-0.5299600995060554,1.1264171785496875
1103,8,38,84,6.565487839396201,0.4076537893514341,1.420782589108237
1104,32,62,84,6.210904563140084,-0.7168029205116224,0.6788819502562394
1105,46,58,81,5.824376395198653,-0.6157060282793149,1.2676028128733086
1106,41,55,79,5.794420400426915,-0.39007654252488083,0.973151506384075
1107,11,47,76,6.419906317445567,0.02218644088735159,0.4823725830777857
1108,9,44,81,6.438978088202767,0.25434569855990247,1.4031720799277547
1109,13,51,70,6.264773660847659,-0.21157078434781368,1.169033225165872
1110,10,49,79,6.336921675344388,0.1048916856405733,1.3919276848570137
1111,10,47,62,5.9859334178033246,-0.3669683812828284,1.3943208290413147
1112,43,54,77,5.794603954435463,-0.22956937445651943,1.257417965375844
1113,11,42,66,6.116514071055478,-0.14305814287957136,1.7059486215739703
1114,18,55,82,6.239422991795097,-0.4708347888211594,1.1076033168346138
1115,21,59,85,6.248315208070842,-0.6429572181910199,0.9735082966091159
1116,14,49,64,5.893424901587367,-0.30506435382587394,1.2435507661507963
1117,31,56,78,5.892028160800348,-0.7063554252020435,1.3100637939995143
1118,11,47,75,6.4071873473913925,0.03516221578948729,1.2283291253336464
1119,19,51,72,6.055232514469576,-0.3472957795021559,1.0657527603819972
1120,13,48,58,5.733374192334982,-0.5226918765305805,1.2687158663699387
1121,16,50,78,6.273139204464715,-0.28734350105199086,1.1912837733610384
1122,44,52,74,5.417185031768846,-0.17204088615058416,1.0156701005562605
1123,13,48,82,6.502972539416298,0.07122386460685826,1.242687789901694
1124,11,48,70,6.1621413833329655,-0.29502961212378476,1.3326476098090725
1125,34,59,76,5.770763131429103,-1.0772930640409497,0.7162731740735074
1126,21,54,77,6.215396309545963,-0.3872861451589871,0.6753479221048837
1127,35,53,76,5.849426001537956,-0.49685353119440867,1.147205068857646
1128,28,50,61,5.459924449202177,-0.9685469029310771,1.4986623533751802
1129,39,56,73,5.456077634517683,-1.0853445873138612,1.2432520421708229
1130,48,57,75,5.418373034064168,-0.8540395385050862,0.8961966709846221
1131,43,57,80,5.879101871206157,-0.35522816012625097,1.1552274183228197
1132,7,37,84,6.54661112034657,0.44171278815126513,0.6089884591711847
1133,39,59,81,5.859102279000649,-0.8348815109307691,0.6464488959055411
1134,27,53,82,6.26791533368588,-0.25499160920922354,0.7700196940346421
1135,24,56,66,5.570733130501561,-1.3147713694273426,1.5941477421404457
1136,40,58,79,5.76316642960048,-0.971768069719439,0.6492162207677568
1137,31,53,71,5.675232315683237,-0.714316043521148,1.0189048230873947
1138,32,54,80,5.805741810850203,-0.3813546233909647,1.0024604745085866
1139,35,58,79,5.821045686171224,-0.761313766053853,0.8612456833358996
1140,10,47,52,5.21108300734396,-0.8769204452070969,1.389186367416494
1141,41,58,81,5.74814344087342,-0.8698938758000434,1.4123106352870718
1142,34,51,71,5.618756668028209,-0.6149196360403224,1.567106679377994
1143,24,50,74,5.850517393267922,-0.3059012641999346,1.6209541793333861
1144,11,53,77,6.476699070080227,-0.20680734567057013,1.3443670377922081
1145,36,60,84,6.090868168098716,-0.685342796849296,0.6674440554642527
1146,21,57,74,6.011845649856263,-0.7864156853681118,0.8691453916417887
1147,18,46,76,6.284890747634146,0.13131105826045306,1.1224721903591708
1148,35,50,77,5.865424077032071,-0.17788676554965346,1.3781482978499668
1149,17,53,81,6.236996140818819,-0.24858587599155257,1.136888382342518
1150,47,62,82,5.86778540532522,-0.8308015851387531,1.4044927444114006
1151,9,45,80,6.473793500619166,0.16944416524411066,1.4145179737194693
1152,32,52,74,5.8117106681918385,-0.4786582726329911,1.2658492859799868
1153,31,53,77,5.914034366907825,-0.37173399203241375,1.2439184090520718
1154,21,52,82,6.379655160161389,-0.1437833792573637,0.930141867013784
1155,23,56,81,6.232947297917109,-0.6113691225791612,0.9593947480966062
1156,36,63,84,6.099586209179196,-0.8692658820388179,0.5912853089306531
1157,34,54,78,5.904868509144965,-0.5125681171962146,1.5596117357841979
1158,34,52,71,5.699259144154001,-0.6928103207892187,1.5227403679706268
1159,33,59,80,5.918479717286184,-0.9844870370757413,1.5562954855794247
1160,38,56,78,5.823954117589235,-0.7785408258524659,1.540707887497895
1161,42,58,74,5.696252179338858,-1.0013068009558006,1.4038099348286404
1162,22,56,76,6.069514508765636,-0.6974580507577388,1.0525359657666915
1163,28,53,78,5.781167870076229,-0.49591360276377777,0.8578283021731341
1164,24,56,84,6.203905449291204,-0.4457621459382546,0.9212280722393178
1165,50,61,86,5.81780224525484,-0.5929349193387426,1.320952403953611
1166,23,52,81,6.418567529433687,-0.07861266844515732,1.18794467468533
1167,9,43,66,6.181859118080653,-0.052175380463421336,0.93843828610829
1168,14,54,84,6.4614854427666595,-0.3284556287050352,1.2743325449510952
1169,11,36,53,5.772603743125025,-0.3319199992402265,1.7479677687923039
1170,9,47,60,5.8314302965645215,-0.5535516818410796,1.404701896480733
1171,21,54,75,6.0677711743122975,-0.7054291341192042,1.0355823547073806
1172,44,63,83,5.963070338280693,-0.9015237668061832,0.49053660513084124
1173,17,47,72,6.243661561174448,-0.09330154605345635,1.6941726699430244
1174,24,55,75,5.976913004581658,-0.5699143185749597,0.8607679105797171
1175,32,60,80,6.069445229441987,-0.7612741565894616,0.8472986921479058
1176,42,58,75,5.736245232184886,-0.8745274109141441,1.4217902056604346
1177,21,51,61,5.610438298447066,-1.1070961434080122,1.6020478493356918
1178,49,57,74,5.3742930011494465,-1.243513172423065,1.1118040446423985
1179,25,52,81,6.0727246490772435,-0.364385116587922,1.0211910196100689
1180,9,46,78,6.497412744218235,0.041690180606397245,0.5262453267342247
1181,20,49,68,6.04410438564767,-0.35070346672684355,1.7633279501322285
1182,50,62,79,5.604822737375141,-0.8759820137541995,0.4697703262962226
1183,25,56,85,6.239425130190846,-0.4506658735571044,1.0341799341607727
1184,27,55,80,6.079807462242698,-0.4942500587101837,0.8743097812344599
1185,32,58,82,6.028350335584858,-0.7020148673090986,1.4360758086312126
1186,16,50,70,6.09174982114298,-0.2084237456540027,1.163964316056576
1187,12,42,74,6.4148749076405505,0.2731072127491687,1.729107649312438
1188,21,54,76,6.228184319925234,-0.4007281900359418,0.9852144918297487
1189,22,52,74,6.044137182335984,-0.565022885536202,1.3506934660583256
1190,27,50,68,5.699087253307657,-0.33312248453434673,1.383177194879169
1191,21,52,71,6.092096918326207,-0.47540148104546553,1.752842852040393
1192,19,50,75,6.269978062881774,-0.18732917668715904,0.9811171225791759
1193,18,54,82,6.3072589299032975,-0.3855996653776448,1.0584592365168013
1194,17,52,73,6.012024905265754,-0.47323591709978496,1.2079682157255822
1195,24,50,67,5.581311899646193,-0.6830873874362772,0.9373012413074897
1196,25,54,80,6.253757194052419,-0.16685363110388549,0.922062184411608
1197,41,59,74,5.610824492348628,-1.2313283572221039,1.5028689538067321
1198,18,52,71,5.999539388161904,-0.5165308051910077,1.1262574626062143
1199,27,60,83,5.995542708788804,-0.8731912174615682,0.8422256160497763
1200,20,56,80,6.294730506305919,-0.2659025014201089,1.7527718688108342
1201,66,76,94,5.324469084370738,-0.9306723858427085,1.1826169889794615
1202,65,82,96,5.518967559090622,-1.5323083142219576,1.408307410659571
1203,65,78,95,5.351686579622162,-0.2853408795162646,1.6394553713179225
1204,14,62,90,6.5154693559927885,-0.40507450346352114,1.2303698935677934
1205,63,74,94,5.515729326905077,-0.9039713549175152,1.2511776524285303
1206,22,68,93,6.397140415620838,-0.7731304588882435,0.9568526319059827
1207,65,76,95,5.534694641301851,-1.5884503514487176,0.5864862999646998
1208,65,80,96,5.478292401191185,-1.46212764389609,0.30727999195602584
1209,65,73,94,5.354118684590355,-1.053404791223341,1.3278752561959295
1210,17,65,83,6.108168978934732,-0.706453658521862,1.7278559467886665
1211,62,72,94,5.538273775826715,-0.9647285322466462,1.3247237170607171
1212,54,76,95,5.872837471909891,-1.0671169076237481,1.2550000650692545
1213,59,75,95,5.719215684467013,-1.4959819854388396,0.6142047288399393
1214,64,78,95,5.572165609015118,-1.682215072070778,0.6339740934520864
1215,32,75,95,6.0516695770474955,-1.3005130170903958,0.7511301637446424
1216,50,73,94,5.953132286003063,-1.000309921126362,0.6455473007588989
1217,14,58,85,6.3546168338832025,-0.3033608190420886,1.216163761830173
1218,59,74,94,5.707314217080442,-0.8554674554245312,1.2856110397364038
1219,57,73,94,5.829386028745073,-0.9075704838044236,0.5591561002844315
1220,68,82,96,5.387831813123837,-1.095453667756182,1.5655426655066813
1221,64,77,95,5.57108866382379,-1.1415112648742198,1.3210556813888108
1222,67,78,95,5.441444373165416,-1.1476449432533984,1.1264489172440943
1223,63,73,93,5.515171758723433,-0.9802085889432521,0.6194221562412249
1224,60,75,94,5.749316600509813,-1.064932909413195,1.3049216765584166
1225,68,78,95,5.272519773765138,-0.3177250791615853,1.2080116773063794
1226,66,81,96,5.487633974253091,-1.562961113585279,1.109024299866915
1227,58,74,94,5.806819092723713,-0.9943336005689546,1.2455464753382675
1228,66,74,94,5.293482949689913,-0.3503943403469698,1.1768215628643746
1229,54,66,90,5.654255714130369,-0.5596509386662937,1.5276816487158897
1230,63,78,95,5.512610865599233,-0.6305402288160047,1.1798198824805188
1231,18,66,87,6.311827035061085,-0.7582933243923555,1.0825502254849975
1232,26,71,94,6.210996104291389,-1.0419907380831024,0.8702176093784327
1233,7,36,63,6.074008475123251,-0.0506745720531194,1.3980649575574708
1234,15,63,89,6.425593423055119,-0.5030530220655877,1.1747808048327721
1235,54,71,93,5.822551318046482,-0.5307157365319071,1.1726250067339148
1236,41,73,94,6.088793870448853,-1.125527168200446,1.0819217489542883
1237,63,76,95,5.661746077319483,-1.373289103369295,0.4221683178993348
1238,9,43,82,6.505722874821357,0.2694067690490538,1.4216540896303238
1239,50,71,93,5.858689617029116,-1.2340590977546577,0.9591086619498245
1240,54,71,93,5.809385831748782,-0.9938253811499849,0.6582234426870964
1241,62,72,94,5.537212233099397,-0.8885257139852194,0.4581357703740354
1242,62,76,95,5.622993816703576,-0.9487905008694439,1.1181563578329916
1243,58,75,94,5.777976399938627,-1.0176484291358312,1.383819485245655
1244,67,79,95,5.355741965850099,-1.0800609770896186,1.04739863412741
1245,50,69,93,5.957794793162464,-1.0221254612608743,0.9040843616744354
1246,41,68,89,5.885400286103523,-1.2419515437665134,1.3976568614634421
1247,41,68,92,6.059992343085272,-0.9365734037542287,1.132574774493672
1248,59,79,95,5.747339396522064,-1.6280199017199295,0.8313884334437452
1249,59,73,94,5.761038413986864,-1.0912622633361113,0.621866661581156
1250,58,77,95,5.781128027475789,-1.066561686249026,0.47942094241228067
1251,55,75,94,5.779743459742856,-1.460929025938862,0.5807924933804717
1252,13,60,87,6.445687091060025,-0.344527188707448,1.2634600221383108
1253,61,72,94,5.637564700794531,-1.346591649560007,0.7828062521026886
1254,17,66,91,6.398127895153281,-0.6285476540311283,1.1246232250622685
1255,68,81,96,5.298839232053034,-0.39171365099333594,1.3932703188731206
1256,61,75,94,5.732801605634401,-1.4671141134277326,0.7467177630534052
1257,65,80,95,5.5942114006520525,-1.558811716223216,0.44146347175452927
1258,64,76,95,5.460670967272247,-0.8727916843862366,1.2488535411062431
1259,61,79,95,5.724138852075381,-1.684669178141062,0.7097926814616002
1260,59,71,94,5.72045002966671,-0.8261349344201901,1.3406419833616001
1261,55,73,94,5.823554074547896,-1.3568468327405045,0.7137359537160549
1262,29,62,88,6.197901654674225,-0.6530554772953575,1.4408244690039995
1263,55,75,94,5.78734294292865,-1.5217815959455665,0.7996921251562848
1264,60,74,94,5.730940504245609,-1.0064615435455404,0.8755199286270262
1265,58,72,94,5.721350705849851,-0.9404559837539948,0.7474907616703999
1266,63,75,94,5.662962025430896,-1.6712858716944556,0.8918409227780675
1267,20,67,92,6.248409432666964,-0.7928262116658034,1.01386095364119
1268,54,77,94,5.779065302554445,-1.703309219169228,0.8907225340839581
1269,62,75,95,5.636493085431665,-1.2427179298567799,0.6089443086356322
1270,35,74,93,5.8896026650142455,-1.4695426333892017,1.545034407906893
1271,52,73,94,5.89701469301614,-1.2682224265795308,0.7950679139117659
1272,40,70,92,6.098042283308116,-0.8768208159803637,1.4365058494298935
1273,57,77,95,5.775114840310132,-1.3728317292163346,0.6837388566246726
1274,46,72,93,5.833899100249337,-1.3384607607670462,0.8577356045207473
1275,54,69,92,5.778514275590721,-0.8098539150861076,0.7440929752348372
1276,64,75,94,5.445900303296882,-0.35197072695364773,1.0663228925332597
1277,56,69,93,5.723250244862498,-0.46047125714055087,1.782741482743998
1278,65,79,95,5.464625261256796,-1.1567091207035556,1.1296715346816228
1279,67,78,95,5.4200017204658195,-1.5903333713023249,0.5070125729306377
1280,58,71,93,5.7426812666868745,-1.0432419151004417,0.6772996373075948
1281,60,68,93,5.527274578497796,-0.921583445316597,0.6534597070614975
1282,56,71,93,5.753743848281878,-0.627022803736069,1.190664972729498
1283,53,75,94,5.822989422597441,-1.474037199971871,1.0722697673645127
1284,44,65,92,6.128774728878757,-0.5422324572559588,0.7882720498676979
1285,65,76,94,5.463656470721371,-1.16175792389393,1.265748010289276
1286,65,80,96,5.5786698298262785,-1.8888522249784623,0.7520142239417885
1287,60,71,93,5.68023055895759,-0.9743402164096108,0.5801597372921171
1288,67,80,96,5.441345781970474,-1.6014676562142325,0.4996252556555369
1289,25,70,93,6.216672438337948,-1.0219618284994216,0.8822007797147186
1290,63,71,93,5.342237094707854,-0.760721885613403,1.312186017171667
1291,32,72,94,6.198316747949405,-1.1196070405895304,1.1993563029387653
1292,59,73,93,5.687913511484471,-0.7335231483364882,1.1097880710134713
1293,62,77,95,5.697337147604166,-1.3902217488078257,0.580403684395218
1294,59,71,94,5.626012474779153,-0.4051499943077678,1.2067458749839268
1295,65,80,95,5.510629275435141,-1.0850523782049084,1.126866304729269
1296,22,68,92,6.225869662668654,-0.9083512086159502,1.7203917458408493
1297,57,75,94,5.83057517891618,-1.3138715412503024,0.7948382844876112
1298,62,76,95,5.580102070286773,-0.9326879067404954,0.3813580154092721
1299,36,70,92,5.998531853571238,-1.2204158009250599,1.3652951948327614
1300,65,76,82,4.8885588691058945,-3.017608371398426,0.9143912544941383
1301,71,78,84,4.517062876555091,-4.3415639087938915,1.2105479381692181
1302,38,72,82,5.574088451630364,-1.8609267507426728,1.530982467525856
1303,8,42,78,6.519617744599943,0.1628700648637674,1.4240650747143373
1304,19,73,85,6.048570904839126,-1.053784168796701,1.0333898929265957
1305,43,75,87,5.481487952628549,-2.031781136950488,1.4429801427624862
1306,64,73,83,4.996197081184775,-2.727423365480778,0.9947402083271688
1307,72,78,85,4.464822699139322,-4.034035832397597,1.6520560678776652
1308,34,76,88,5.624744229531885,-1.7410589027738006,1.5691008758015978
1309,67,76,86,5.112442590209316,-2.818073874793571,0.8176938533734357
1310,69,78,88,5.0602526570040975,-2.944676892594806,0.8332930788569294
1311,70,77,84,4.826074302264441,-3.352101400522941,0.6662934393467158
1312,72,76,82,4.081791856122097,-3.9025166049144393,1.1687005964886905
1313,66,75,85,4.9916869722607755,-2.9096597459881433,0.8401769636673624
1314,50,76,83,5.0289222852104425,-2.4019232652408165,1.214362745849459
1315,70,79,86,4.831643687143139,-3.257081871115356,0.8632384114853705
1316,9,43,77,6.48440428958582,0.02727029712753888,1.4209650198930446
1317,71,76,83,4.316357564220889,-2.3569857039719255,0.8094804609929616
1318,66,77,86,5.072342763644193,-2.847686028979843,1.037188025365299
1319,68,74,84,4.798988451648579,-3.199110512896106,0.6579126229080902
1320,67,78,86,5.015192726800593,-2.9180787238154893,0.9828866365577956
1321,52,76,86,5.199940449650118,-2.3730399600902787,1.2202510196799758
1322,19,74,87,6.096506172419509,-1.0311210509019457,1.0364602707419552
1323,12,58,82,6.455199263084154,-0.3608817328716831,1.3180910527984198
1324,69,77,84,4.846359713967154,-3.4165482560514873,0.6936691320077243
1325,71,76,82,4.275249966378016,-1.6038730303730213,1.48048477168098
1326,71,77,84,4.555821153216505,-3.740046353871639,1.1094704332314211
1327,17,72,87,6.236096123068379,-0.8755753913549106,1.1017496838625198
1328,17,73,87,6.203834651251312,-0.8509417453321068,1.113962995446837
1329,8,41,78,6.516088589983937,0.1894977684902207,1.4244915506851827
1330,9,43,81,6.5774275453997735,0.17589309537400521,1.4209650198930446
1331,72,78,86,4.668032095023229,-3.5356122962439502,1.2338148485519678
1332,10,52,81,6.47813292792184,-0.20782664916389781,1.364771263215341
1333,68,75,82,4.702581456990667,-3.6162272985675,0.5577183685459739
1334,68,75,83,4.885489444906696,-3.057720910786524,0.8006601071496454
1335,18,73,88,6.128703759287533,-0.9150872307656096,1.0681640071259177
1336,73,78,84,4.358082004340012,-4.473159453520711,1.6386299123274384
1337,10,52,83,6.5530833259435886,-0.15583449003969196,1.3723865762721354
1338,70,77,85,4.8061132525156625,-3.487836696118955,0.7087471995377992
1339,71,77,84,4.440417776650473,-4.001440303774642,1.0091605457377408
1340,22,77,89,6.001094680595199,-1.2228457688855203,0.9439290600291959
1341,8,40,73,6.448929300474868,0.11335145978302916,1.4244716413856844
1342,24,74,87,5.952346350257169,-1.313323365074008,0.8991183812232018
1343,62,75,84,5.110059812750959,-2.6573953515472333,1.1122347628194609
1344,70,75,81,4.175767709141047,-4.3133712424408595,1.535906800065414
1345,72,77,81,3.9865182938302426,-5.769019261048799,1.2943756506728135
1346,70,76,86,4.634347337431903,-2.0403314461645796,1.1017536657594256
1347,10,50,82,6.565978138001128,-0.10242754130614207,1.3851005557538956
1348,36,76,91,5.604338499622248,-1.7358436216062576,1.4283162232399642
1349,23,71,82,5.814887501867068,-1.3179532577736393,0.9276606044470264
1350,37,79,89,5.609132866974382,-1.8695622825385803,1.5402576336631548
1351,15,70,84,6.276279954236185,-0.7072418869158525,1.194242692798229
1352,72,76,82,4.1918312879795305,-3.422290456016903,0.968299395943781
1353,47,77,86,5.215436602081748,-2.2836146824357137,1.3876571577735666
1354,71,76,84,4.4393759225101155,-4.050331482298371,1.3175121881548655
1355,15,68,79,6.157163404601788,-0.7259789160137815,1.194242692798229
1356,9,45,82,6.595706728110786,0.06529725573889655,1.4110034820009023
1357,29,74,86,5.655100795733896,-1.5560810189649097,1.628718480578662
1358,27,73,81,5.60538965805464,-1.5910061170614695,0.8323411920653944
1359,18,72,88,6.208697677735856,-0.9345434086837273,1.066534833594791
1360,70,78,90,5.128299054922646,-2.770204096219881,0.7386487006384895
1361,56,74,82,5.136630012281911,-2.4935653739765624,1.2699644534302124
1362,19,76,87,5.992454823362633,-1.0678703248576822,1.0349228533839965
1363,13,66,86,6.414843594638878,-0.5195128746526945,1.2509638991083911
1364,69,73,81,4.372184583780089,-3.811588306282696,1.711658848508345
1365,70,76,83,4.491173669104187,-4.0074376943308145,1.2776243406702221
1366,67,77,86,5.0376929460316155,-2.897098904447475,0.9962362700183013
1367,74,79,85,4.257779657335894,-4.625034578595475,1.5724551301233458
1368,10,48,82,6.575541687493521,-0.0462569396462858,1.395197682557765
1369,75,79,86,4.381313784778525,-4.5801263975504165,1.3224711050087907
1370,13,65,83,6.350832432201901,-0.5376392022642191,1.2572007176329179
1371,72,76,82,4.271043777247502,-4.474928158299379,1.3331851307108633
1372,70,76,83,4.526004442330076,-4.116219747939102,1.2800157156519647
1373,69,75,83,4.655798952206493,-3.6702528325310695,0.5179881234312812
1374,74,79,84,4.257056114876125,-5.02880501622979,1.6757534849343427
1375,11,53,84,6.559044926148364,-0.17742417732053808,1.3628345697418085
1376,19,75,87,6.026155105586961,-1.0741281803760392,1.0318613762827458
1377,41,77,86,5.3834790442214535,-2.075795995866394,1.4219980943752708
1378,24,70,83,5.991682963747855,-1.2842743275022874,0.903746443352846
1379,12,59,83,6.453192333063636,-0.3897655768139679,1.307604781748886
1380,72,77,85,4.51505994509479,-3.7860891195348376,1.0204302148121025
1381,30,77,88,5.761470301850581,-1.6165559686784072,0.7864431479516142
1382,69,75,86,4.759606017718065,-2.8377136417134206,1.2675493375263798
1383,10,52,85,6.567426133916324,-0.14527585081628278,1.3723865762721354
1384,41,72,81,5.450886686155003,-1.9527184577860457,1.4510884688591168
1385,12,61,86,6.49429096233652,-0.3873817977131577,1.2991881729220953
1386,70,75,80,4.17896670065038,-4.573669882461776,1.3338861143916207
1387,66,77,84,4.761405850519287,-3.0373421878624556,0.9593395858124507
1388,12,62,87,6.501219359354164,-0.40248476324484417,1.2907627028648394
1389,65,75,84,4.976169475867246,-3.0445953339690512,0.6339832631972335
1390,11,57,89,6.567239027189791,-0.2644298716386349,1.3285083757349214
1391,72,78,86,4.5434742140112565,-3.7391822388998754,1.506859631204933
1392,71,76,82,4.278774161556701,-3.52392574376558,1.1599004154450714
1393,68,74,84,4.721908188270395,-2.9207501982888484,1.2645022826481176
1394,66,75,86,5.113484780144594,-2.769450552654028,0.7051738154765528
1395,67,75,87,5.120587824908283,-2.634550676736576,0.5198557032660731
1396,70,75,84,4.705832532813351,-3.530982057359439,1.01236343644778
1397,68,76,83,4.880783940161428,-3.225871427645323,0.7820217234502689
1398,29,76,86,5.705167462416641,-1.5894468745154906,0.8014230592431664
1399,71,77,85,4.621543525199444,-3.9834578967195142,1.2541979376891264
1400,24,53,90,6.283364806316033,-0.06999443649645978,1.4891240098721685
1401,16,49,71,5.967797107016006,-0.1577222522626977,1.158355542965222
1402,30,48,76,5.999266416176742,0.43399489814803816,0.7899136430198966
1403,15,42,57,5.771229523449209,-0.5049610042353836,1.7046422878498346
1404,12,33,47,5.50571769988372,-0.42456921917233253,1.7931258581811425
1405,8,39,67,6.235711839935561,0.049009172199423565,1.4235679707325752
1406,25,57,87,6.043220587299552,-0.5214738821931216,1.667195095293981
1407,24,53,59,5.4298943573910154,-1.044957822849969,1.3890343544179813
1408,20,50,74,6.103166033993561,-0.47608905567256915,1.0890182266356263
1409,25,53,82,6.207382451011781,-0.2561147423223481,1.339064586628297
1410,8,38,60,6.0094365306582365,-0.19277774573573409,1.2032039306523283
1411,5,24,44,5.610222120537643,-0.0011039201339950871,0.772398436030307
1412,41,51,55,4.1726226682943,-2.977925861000136,1.1105427328740818
1413,17,54,60,5.127672462323968,-1.441942275082548,1.6926034576268125
1414,19,46,80,6.3954648646088605,0.28385004954690096,1.047295212032756
1415,31,51,77,5.8506477091891185,0.3215870617313706,0.8636047904591905
1416,41,53,79,5.635542811470493,0.30352740666720157,0.620417737060958
1417,12,46,76,6.318499942003432,0.19468239126623724,1.314708983992645
1418,14,43,61,5.988686712424636,-0.35405666851000533,1.2610935280948736
1419,35,59,87,6.2446688929518395,-0.33621462740867336,1.2658009674427326
1420,12,48,52,4.993687092565383,-1.1914690762282312,1.2899940366133242
1421,22,48,53,4.754138452486973,-1.953987078039602,1.6258101669233547
1422,20,56,90,6.536064156132612,-0.18924466143086915,1.018574787887392
1423,17,47,78,6.3105281388859495,0.11805712019131481,1.0029613688271493
1424,34,52,84,6.073879227208608,0.01082270307292063,1.1201341422482507
1425,41,60,81,5.972820329324174,-0.6829180236030241,1.4666874015692255
1426,10,39,57,5.904086242742979,-0.4032788578454239,1.3666954443013026
1427,20,51,58,5.080696522561173,-1.5654536319310082,1.7511047786266476
1428,21,51,77,6.233023765853935,-0.13914108416082877,1.0099318110008313
1429,30,51,58,4.866752761782069,-1.858754161623779,1.4357887161790932
1430,37,49,66,5.581042301428955,0.17867172938165654,1.2230669166862433
1431,32,56,81,5.989765735729549,-0.3800061583895441,1.5006695212396737
1432,26,50,75,6.052950408421464,0.05503555796686063,0.7609251406778338
1433,17,45,68,6.144726130360913,0.1192384202611338,1.6534032697030234
1434,30,54,84,6.267866042148704,-0.17596683686465672,1.1495612547163105
1435,43,54,83,5.818503280358636,0.2453955046873948,0.4468798297378734
1436,29,52,67,5.496483379835165,-1.0992174977020823,1.561966432260998
1437,33,53,57,4.57421810057307,-2.253760688112191,1.51713719145252
1438,18,52,77,6.235405597945949,-0.23731282846995486,0.9142517433339741
1439,34,48,63,5.149687283890888,-0.343143987501403,0.9750090659313068
1440,34,49,62,5.275937943845382,0.24702547462068628,1.0473464905825758
1441,11,38,52,5.655729674841186,-0.7061399558738884,1.345863434758211
1442,9,34,49,5.626264054554785,-0.4916925806666072,1.8099539019321087
1443,14,49,73,5.877440605565494,0.03288016705296964,1.2445416611736388
1444,31,58,77,5.984222320941972,-0.7895823480648805,1.2758127632764638
1445,35,54,82,5.984235176839699,-0.07626191390683926,1.172268173052556
1446,11,48,59,5.769895547798156,-0.7373978320623928,1.348701362356785
1447,5,26,47,5.738901256602631,0.01993948767304162,0.7444131797881749
1448,11,38,49,5.254252454990417,-0.919575781831922,1.3572203048725915
1449,8,39,55,5.704589082442352,-0.4209794022731584,1.421662938868695
1450,10,32,47,5.506773076491538,-0.4744210325694912,1.3922891301052664
1451,29,56,84,6.341732391687851,-0.29240490179225115,0.7890975400895891
1452,11,36,51,5.764426253115565,-0.3631507250539825,1.8003513573489025
1453,28,50,72,5.2786052976712305,0.062430617188908494,1.5134574092008466
1454,21,55,58,4.942529417032701,-1.5783669093143513,1.7049046554601779
1455,40,61,92,6.152972877592058,-0.40738868248836657,1.45834417873093
1456,17,49,73,6.201101938789088,-0.19855455241338132,1.1172948262734494
1457,24,47,71,6.062785331799111,0.18467953530542722,1.1313197453931578
1458,7,34,48,5.679302730924407,-0.3861490055269109,1.3126672358678846
1459,32,60,86,6.256710356793363,-0.4272524562189824,0.5108701637705694
1460,5,27,46,5.671316680978293,-0.06602971903133745,0.8106018846404136
1461,33,58,82,5.986554986068786,-0.6344888012871243,1.4882812927733582
1462,9,46,57,5.511633752115131,-0.6558079273898063,1.4047018964807327
1463,6,32,50,5.7089016740279055,-0.2803414125314645,1.3349194588385784
1464,17,40,54,5.674674833070331,-0.6752982297679379,1.812070246812762
1465,9,47,56,5.548656049088595,-0.7083836460728109,1.3998991575883601
1466,20,50,84,6.342969548755467,-0.014712687595902052,0.9918134309692943
1467,32,58,90,6.281568003088908,-0.1346512482263087,0.8220909065500585
1468,16,48,54,5.283676561575692,-1.0260751130823629,1.760661376173833
1469,17,45,74,6.322708967121421,0.25220574767846476,1.3972524046480175
1470,18,55,73,6.057721209258612,-0.5456784978014082,1.0584592365168013
1471,12,39,50,5.508740865281041,-0.8168085243292739,1.4097219179608007
1472,26,47,51,4.515639545806145,-2.1397559777167086,1.6674978620492316
1473,6,30,53,5.7254221467244575,-0.08263081289359334,1.2061709363505013
1474,27,51,85,6.122038136120519,-0.10922961836934497,1.0200151874993855
1475,8,40,57,5.678679654978424,-0.4545426252451926,1.412232504374364
1476,22,56,90,6.424829145234933,-0.1191570115216396,1.2440928867658763
1477,52,59,84,5.473214262774154,-0.4816412383185208,0.9381558668049036
1478,51,66,86,5.900891626740547,-0.9301355908746336,1.350881251190896
1479,31,48,64,5.331185358035579,0.10624589720671468,0.9575878709442094
1480,21,51,81,6.340431192702093,-0.15656939228579184,1.0885175297538288
1481,49,58,80,5.444601245229926,-0.3867261222781603,0.808983929993264
1482,46,54,67,5.088550811774347,0.27882203826724844,1.2159690260852598
1483,25,50,65,5.645784226181386,-0.6557449296456617,1.668630132347643
1484,6,31,50,5.615486632967521,-0.20732505905756565,1.2777929900479308
1485,26,54,80,6.260620041086497,-0.22395515143737157,0.7557398083812684
1486,20,50,55,5.052679718423723,-1.1528342119168016,1.7229553138608094
1487,30,52,86,6.213065512603853,-0.08407388441026359,1.5704622408756044
1488,10,47,80,6.4945132415891935,0.0751195991029483,1.3830073599999957
1489,5,26,46,5.688880260171923,-0.007556467374475337,0.7482932859824888
1490,7,35,49,5.637388756813393,-0.4324149781217127,1.3980649575574708
1491,5,25,45,5.631832503896139,-0.00812879850067063,0.7642045065086203
1492,23,55,91,6.31696598983197,-0.2669474757328447,0.9448387647249773
1493,32,49,61,5.060068236523819,-0.3187886056467354,0.7684691607233146
1494,24,58,77,6.222695547963517,-0.5504122313238796,0.8889368837306084
1495,45,51,59,4.786932134567182,0.775990032079907,1.287291534269007
1496,22,53,80,6.098538084141163,-0.1290733836428083,0.9069066732454862
1497,28,61,80,5.946831899420367,-0.9734415319308362,0.8246114568998769
1498,37,61,85,6.224004276054796,-0.3475848432215513,1.0671809359078652
1499,27,58,89,6.405833379871922,-0.26995198998311903,0.7117631387017196
1500,20,102,156,7.323986903899122,-0.08853524121039735,1.6864636710258976
1501,34,129,154,6.883686520093883,-0.9310344250991431,1.28069863057604
1502,17,83,149,7.449264061266754,0.10234648243463873,1.807996874311022
1503,20,99,154,7.496946952705922,-0.09111615764021153,1.7018194456073
1504,29,128,153,7.0499628901671265,-0.7222072362890332,1.41442822351468
1505,22,109,151,7.2849754261275566,-0.2850170479537112,1.6319762791722316
1506,23,108,158,7.401887951715543,-0.2896922146029445,1.601808275966031
1507,42,127,156,6.623617438426189,-1.176377687985482,1.1319983615091727
1508,23,110,149,7.202714170904878,-0.47309898433576664,1.5885754162885768
1509,21,104,153,7.223610988933465,-0.18745447638060042,1.6710867761461292
1510,27,110,145,7.23670746592023,-0.5145830718808688,1.472826644653008
1511,16,79,130,7.234531508634882,-0.05303968706536455,1.8275152920478892
1512,13,63,113,6.969343415563412,-0.0018596359867566123,1.824739559741114
1513,14,68,125,7.213636261798974,0.1232971324705947,1.8477776256696166
1514,20,102,157,7.390456732707847,-0.19355092076508507,1.6830467371229048
1515,31,123,156,7.087156033431822,-0.7296019807245395,1.363958307081815
1516,20,98,140,7.246350368041361,-0.3089421935302873,1.7069245039311378
1517,21,105,147,7.367761876134368,-0.22577437034178283,1.6540295254704527
1518,17,85,144,7.393185715536741,-0.020996612023744254,1.7940270031557333
1519,18,87,156,7.4370633706879,0.08647340718111363,1.779078368142139
1520,13,66,119,7.029242604206938,-0.008210553911397911,1.8420928563945587
1521,23,117,159,7.367034430710386,-0.38981480799130475,1.5820046981693054
1522,18,92,160,7.535114657247626,0.03642961727827276,1.7504535109970363
1523,21,88,154,7.501033039503165,0.11977580304831037,1.6676713795832347
1524,19,96,158,7.508727101249321,-0.035379739581123726,1.723853160370519
1525,20,96,128,6.858125726871991,-0.5378303327958782,1.698411425918115
1526,22,109,153,7.354718818564331,-0.3408875042019207,1.6118077530960881
1527,16,79,153,7.473811192990454,0.22617453272651367,1.8264220344780782
1528,18,91,147,7.416277389570218,-0.08220081757538245,1.7553415542656052
1529,19,93,157,7.44496016687848,0.07867485536967234,1.7455287811755982
1530,57,134,151,6.456287103465836,-1.6795104758737471,0.9217473861448118
1531,16,80,162,7.5337135542037394,0.3018286910301524,1.8218639166810437
1532,18,89,131,7.192178890924197,-0.24983437343194825,1.7681650119394952
1533,22,112,150,7.191057517237354,-0.3053125060964411,1.6168297745745666
1534,26,118,143,7.114396787988638,-0.5523556488728245,1.4982643492852736
1535,24,112,149,7.264768047655132,-0.4849596867418422,1.577097606924431
1536,17,87,159,7.484786600717379,0.13414645428897332,1.78515839415067
1537,47,134,164,7.002780911759838,-1.103227119433956,1.0420629168264872
1538,65,124,151,6.679901077407315,-1.3152318875146611,0.8384610122955798
1539,16,80,156,7.502485550468144,0.22481582244032627,1.818263978575784
1540,19,96,139,7.284843183310836,-0.21488394879603734,1.723853160370519
1541,32,120,147,7.085161971872676,-0.7534758648214841,1.3240562879568814
1542,22,109,145,7.242808919829819,-0.4153476703039439,1.6353570161507829
1543,28,123,146,6.918462265550616,-0.8329206912116411,1.4367228582884877
1544,18,89,157,7.444977575194708,0.08954435083276235,1.7713154901372343
1545,24,117,143,7.067323530687049,-0.6241936812722663,1.5480553786037585
1546,17,87,161,7.492645267913494,0.16007554241391253,1.7836501228069424
1547,25,122,138,6.800472085534105,-0.7779281865015565,1.5197466331062839
1548,33,129,145,6.583048222080155,-1.0300098815052663,1.3192286512758966
1549,42,129,162,6.8730978359138515,-1.0466422346794824,1.1267612203816468
1550,19,97,150,7.254491120808628,-0.12867785117857278,1.7171012415567777
1551,23,115,153,7.357616874923923,-0.3114471987892534,1.5885754162885768
1552,40,107,138,7.090250783127356,-0.5986340992932353,1.1571359932202019
1553,22,112,138,6.907967920466689,-0.5712238519245938,1.615154184352392
1554,21,106,152,7.329642771329331,-0.21619482606756946,1.6489253796620948
1555,12,62,112,6.964017996325107,-0.0001676016003154257,1.818182501516551
1556,47,122,151,6.97222532368922,-0.9663830279841086,1.0450114221627904
1557,32,125,157,7.18776266090314,-0.7346683352650671,1.3387500267010706
1558,16,78,145,7.414619485910253,0.1425699886401589,1.828589059893181
1559,38,124,155,7.044236310656176,-0.8183145249161619,1.1941761366308863
1560,26,124,155,7.270449069699304,-0.5338294867823334,1.4907084130316555
1561,17,86,140,7.318968634293424,-0.0703826576371055,1.7881500653179503
1562,21,104,155,7.356622191887123,-0.09926365589760333,1.6642575563271944
1563,21,108,157,7.393217152125268,-0.3219090740139217,1.6455270695707556
1564,49,126,152,6.6341605259896985,-1.4033227669087631,1.0233258224656199
1565,30,123,163,7.352063911626033,-0.6266957755971101,1.3834704440547654
1566,14,68,122,7.009450778938303,-0.04450291331621814,1.8473997038803776
1567,23,92,147,7.410139575671633,0.02780472326282779,1.4967482330786244
1568,23,113,146,7.271960142946578,-0.3778247856912183,1.6034705667868443
1569,29,122,139,6.849253904061583,-0.7886200377597092,1.4268915090390115
1570,37,130,164,7.140875695930275,-0.8777321426337736,1.217206257287443
1571,29,128,170,7.411723601302211,-0.5681522306259077,1.4227150165321232
1572,25,123,139,6.925573265239596,-0.6439609412355503,1.5290982048444792
1573,18,92,158,7.483159723881421,0.025982894307118864,1.7504535109970363
1574,32,126,147,6.829799759608572,-1.009513335438974,1.3289188823906861
1575,31,122,158,7.094847102886036,-0.7070166480074216,1.348724224309446
1576,18,90,141,7.315092561535694,-0.15836359269389166,1.7665808378201426
1577,15,74,142,7.3725682790499265,0.19443702223592307,1.8426570165249339
1578,17,85,156,7.512522446618006,0.13192367129221327,1.79690810909719
1579,17,87,118,6.798354326331078,-0.4719811038186485,1.7821338758057272
1580,36,127,138,6.3206786002245945,-1.32522952108796,1.2348293235143102
1581,20,98,149,7.4074243063457725,-0.1663820198075987,1.7086240052272834
1582,18,88,144,7.358083106495138,-0.1087280148611044,1.777539551565689
1583,29,120,149,7.015474422639047,-0.7626681909091514,1.3994634409490552
1584,56,129,141,6.159925303725816,-1.5145321895498862,0.9349037437734975
1585,17,86,160,7.532023330268598,0.15688389862924657,1.7896329793893957
1586,20,99,154,7.463278980111704,-0.066366259416622,1.6796293103546434
1587,30,122,156,7.171245736473055,-0.6999108994310297,1.3834704440547654
1588,30,125,136,6.478227861133845,-1.0667179403168878,1.386112088571124
1589,28,126,150,7.05890461767241,-0.7082143592158077,1.4438194057314824
1590,28,125,164,7.216214808725484,-0.5521799463404957,1.4409733554465989
1591,29,125,140,6.665275726886026,-0.9358904286761757,1.4158032423462261
1592,40,133,170,7.012180070455886,-0.9869279106527105,1.1571359932202019
1593,23,100,148,7.342224332644071,-0.17504809624040552,1.601808275966031
1594,25,114,163,7.44572820671807,-0.3689089643713731,1.5432848340327094
1595,26,112,138,7.075116803624935,-0.702953919952369,1.501303956233268
1596,18,89,160,7.499825627588416,0.10106563473141472,1.7697432920745528
1597,14,67,121,7.158297078532312,0.05874623604240636,1.8464643548897008
1598,19,96,153,7.448652962853693,-0.06520323129942773,1.723853160370519
1599,31,124,164,7.132574498584707,-0.6728867394769719,1.3550316742902704
1600,42,106,149,6.861486887748059,-0.6135552083889906,1.1718131092488961
1601,46,97,150,6.921050483274313,-0.3214175198877065,0.8429564387483065
1602,20,99,157,7.325306199155873,0.07596367408305416,1.698411425918115
1603,50,106,144,6.834592744367739,-0.5154889841888339,1.0256069986069971
1604,63,103,143,6.506493520651383,-0.46661522202301897,0.8719647914603885
1605,47,106,143,6.774999070025375,-0.7210823483586363,1.0479779413901449
1606,50,96,139,6.986081884386055,-0.24327778113488563,0.8508851905205694
1607,23,96,158,7.30864289995607,-0.08682270516574542,1.703870867467479
1608,100,116,161,6.46019833538931,-0.5152221150085466,0.32900974452383397
1609,44,107,150,6.855407581774051,-0.659305861986003,0.858482455668759
1610,17,69,96,6.5887395070377055,-0.5141554408985021,1.811968501776635
1611,97,104,130,5.51491907522688,-1.0891355197653432,1.3485375092049734
1612,19,95,151,7.32952010157278,0.07247069995849764,1.723853160370519
1613,42,105,158,6.912842985292174,-0.3650146364673935,0.978871648930083
1614,63,110,153,6.934695298076259,-0.5005146868599459,0.8524505927263446
1615,88,116,148,6.587101553999012,-0.9486045498957336,0.5869196682201958
1616,31,97,130,6.7724857186301755,-0.30265689098694537,1.3834091137395574
1617,82,113,161,6.8326468072648705,-0.5949117728701828,0.725889927235613
1618,56,111,159,7.008613573332191,-0.6458939007000212,0.9521068719780222
1619,99,111,156,6.35627752841551,-0.5030222804747672,0.43860902575981725
1620,15,77,163,7.5133249615403255,0.37464786772331005,1.163328583233275
1621,71,111,164,6.938870102918018,-0.41227578818755284,0.7107337966885668
1622,32,91,122,6.423258364336417,-0.632695728673056,1.3975807206332913
1623,59,108,159,7.012628748517384,-0.5183330065230116,0.9450821313992993
1624,85,115,159,6.910264883705783,-0.4029549055651064,0.3867977435278031
1625,16,80,157,7.4961200634058525,0.23081060244240137,1.1409462807245883
1626,87,123,160,6.908253191353045,-0.8305387070579283,0.5608766134527765
1627,66,105,136,6.457118405137337,-0.8195567964039808,0.5258729540123261
1628,98,106,139,5.820606068589223,-0.3367350750826523,0.9595579934456855
1629,38,98,141,7.03768117093868,-0.34287675900098524,1.2360880953245101
1630,37,100,161,7.23183362170923,-0.144814206051882,1.3630183751570026
1631,38,104,152,7.113397129325174,-0.498954602909888,1.303808059234455
1632,44,107,141,6.731448130242593,-0.6569652207499708,1.0427983631461
1633,68,108,149,6.766334276433148,-0.8272396354459429,0.910662460467597
1634,33,100,147,7.126585128422753,-0.34549314639177797,1.488508371480884
1635,52,106,158,7.049897241365717,-0.3737434853453552,0.8789355154715373
1636,50,105,138,6.69760514299725,-0.7901314371585804,0.8929124944464015
1637,34,110,165,7.314537130971156,-0.44176981490412215,1.2874129412754056
1638,23,105,144,7.029720592204373,-0.19439185750685806,1.5918724319661004
1639,70,108,151,6.75834124853453,-0.44133840374310285,0.4775449528867198
1640,50,113,156,6.9072862176474,-0.8324714773913982,1.00939948980787
1641,87,103,140,6.004278242657188,-0.03262748795507542,1.2948782092939473
1642,34,101,136,7.029081137239782,-0.44176485346190775,1.1694693516498695
1643,18,73,142,7.3074045560735525,0.370354493096019,1.7569620505124566
1644,40,124,172,7.3331549249083645,-0.7038600009223797,1.1816496058787616
1645,87,107,139,6.332644531315543,-0.5118875070698319,1.1173214916804892
1646,20,86,151,7.377329671177682,0.21516289813107203,1.0050927340458953
1647,19,93,160,7.412304560353155,0.1365996380869452,1.7455287811755982
1648,19,96,150,7.35466548053236,0.029147292922917623,1.765927248934575
1649,74,108,154,6.664713255176886,-0.5942638207299401,0.6429251706394863
1650,97,112,144,6.316921278999011,-1.1009898227358672,0.5117375752394451
1651,43,104,143,6.863659683292986,-0.5709534842206648,1.1170459717881096
1652,92,112,161,6.48919233204407,-0.4090754166904603,0.4084907651667555
1653,59,105,154,6.927859688679941,-0.5134462711547213,0.8226035306694182
1654,41,109,120,6.074062131500668,-1.549440422438964,1.1364022340867888
1655,18,90,158,7.369185477971681,0.21298367399977558,1.7833836692219263
1656,31,99,146,7.007033944606778,-0.41962020105146236,1.3716999468209272
1657,17,83,123,6.991710039113169,-0.17067759143706973,1.8088234333867519
1658,59,107,149,6.653985932581706,-0.6331585243818676,0.9026897531891345
1659,100,122,166,6.728280616569526,-0.8810301959676563,0.5416062360508226
1660,86,97,138,6.064098451765964,-0.23999401844527035,0.638199741563461
1661,46,102,133,6.443006328981164,-0.7559976245082638,1.0654034164815684
1662,22,95,113,6.565556896721777,-0.7965602853835354,1.659286247864026
1663,30,109,168,7.463361979735124,-0.20760422483739138,1.284107894978418
1664,89,104,147,6.186511465582701,-0.1852857917466093,1.146172449875724
1665,96,110,154,6.441627748478121,-0.6379981985480904,0.5611943354089675
1666,29,103,126,6.78478183066601,-0.6120383698081846,1.4171807032777215
1667,69,107,152,6.779410036522051,-0.5550483901857749,0.7966388532912121
1668,68,110,150,6.836492449218806,-0.6447132364960195,0.6517852408383566
1669,34,89,112,6.80043207135989,-0.17047035587308834,0.8401426683294559
1670,100,110,153,6.147270017120576,-0.3646198232796959,0.3592760166896742
1671,55,105,142,6.669677292291103,-0.7905615196437705,0.9395124217871806
1672,66,100,138,6.563299698541322,-0.49253153474934075,0.5987309798992906
1673,46,109,155,7.207941168978261,-0.43036615229462793,0.7593536067490043
1674,25,104,144,7.111941632082517,-0.2602450382360766,1.5212992540118357
1675,40,104,150,7.226104389092954,-0.365667989867559,1.2474576345968666
1676,45,107,146,6.883323544149518,-0.6245296654635248,1.0842411299340955
1677,36,101,130,6.783121344924336,-0.8529403245766671,1.240309606970721
1678,22,74,105,6.719400639019715,-0.43418619161505334,1.6398309152681885
1679,13,66,112,7.033054276708109,-0.004597936736089769,1.8420928563945587
1680,41,105,134,6.529607374637569,-0.8984703628631321,1.1507415912608605
1681,39,107,132,6.351799256788756,-1.354874350656595,1.1876796395720661
1682,68,103,147,6.547719279213371,-0.6458913496314173,0.8238873492738059
1683,16,82,161,7.4588181650275205,0.33025846832174754,1.8098249198578227
1684,85,106,146,6.368675858048695,-0.7591066605812049,0.5994942968169873
1685,80,105,144,6.069273807112561,-0.6986750085585137,0.5695881419084421
1686,63,111,157,6.675687406850113,-0.690146597797027,0.5880470833385752
1687,29,95,114,6.695364872910203,-0.6884836165530871,1.4089525181174127
1688,25,95,127,6.754191235137192,-0.2775939965293188,1.5630439000184997
1689,35,99,126,6.528663574467498,-1.0686807800502345,1.2772354050491768
1690,72,114,161,6.65129297561436,-0.8244808331581431,0.7632812356860817
1691,49,105,150,6.912099195873988,-0.3372325375609412,0.7333405758461704
1692,68,99,142,6.494591118237803,-0.5848150073482333,0.8294264453645727
1693,17,87,109,6.626341636880573,-0.5693898587402114,1.7836501228069424
1694,90,100,132,5.961915423514576,-0.06999745609132657,1.2280626428253663
1695,51,105,157,7.067461236338847,-0.4634508173144989,0.9935399658579276
1696,18,91,110,6.656236468843661,-0.5941762390522607,1.7553415542656052
1697,28,108,148,7.050135049644548,-0.43130168260486823,1.4466753768460558
1698,69,115,159,7.013756385051869,-0.6381413351972116,0.6560967951488208
1699,16,69,99,6.677498496275875,-0.462226614548401,1.8223019844296595
1700,21,103,179,7.6240668928085125,-0.0411614730100196,1.677920567177093
1701,132,159,191,6.437260852778176,-0.8893565622038084,0.7865105047844756
1702,53,136,186,7.127312755435337,-0.9987360358945453,0.9680890512766535
1703,137,160,192,6.066802513732503,0.20745481792511627,0.14533637824018783
1704,131,156,191,6.238520282365388,0.03642248436514178,1.1782658921439728
1705,43,138,185,7.111632109802113,-0.9350069365358951,1.104649008035135
1706,129,152,190,6.5621484651027115,-1.1649701869025852,1.58819300700322
1707,128,154,190,6.3458369240879655,-0.23710574803322715,0.704676467359114
1708,70,146,189,7.0670811063681835,-1.1948638874828177,0.7928092563491996
1709,132,154,190,6.301567126082889,-0.14928703683217098,1.1767118794700575
1710,97,148,189,6.878636432971888,-1.1070922835388541,0.9723867124292499
1711,133,157,191,6.381130343160989,-1.5503135590490784,0.22429751637467366
1712,93,148,189,7.021980832485858,-1.2757638228832588,0.6236792777109437
1713,133,154,190,6.178454386695076,0.03963750624852669,0.43799857733592235
1714,50,139,187,7.250977856372002,-0.9601309260147587,1.0100860803471479
1715,133,161,192,6.2935301629238625,-0.3558799670465379,0.9069872925719455
1716,124,155,191,6.686378869563068,-1.482811060525689,0.3302507717645993
1717,135,163,192,6.309165781573208,-0.41792977180045165,0.31232658897684423
1718,129,161,192,6.556454016353835,-1.2358295266258807,0.928931285357394
1719,38,136,187,7.377086462313347,-0.76148890194491,1.1941761366308863
1720,37,138,187,7.399895940637623,-0.7584419389124565,1.2161857776028697
1721,86,131,182,6.7401072145956835,-1.0662093796041545,0.6840040794387859
1722,131,155,191,6.367630706788581,-0.5966842168727939,1.3936241463553394
1723,128,152,190,6.54857245114953,-1.1136869133199698,1.011657079825289
1724,138,162,192,6.195912142213147,-0.18639409362869394,0.9494427739107127
1725,113,144,187,6.738773198515844,-1.3290598738344417,1.2421102579012457
1726,26,120,147,7.012377713168278,-0.45606105251613127,1.4952345788000172
1727,118,155,191,6.7943210871165896,-1.4462372755604258,0.31039786447103207
1728,115,153,190,6.808224855385771,-1.5020960100581975,0.47301860801422707
1729,112,149,189,6.8570026827833,-1.4259131737886062,0.5586591080596205
1730,59,141,188,7.120920052904734,-1.070203737122052,0.9008719814352707
1731,134,162,192,6.233966497168405,-0.05768024106150083,1.121633007465279
1732,127,156,191,6.365613049873217,-0.1049752726628233,1.0207334240399608
1733,109,144,188,6.889652712265579,-1.1328486889848801,0.4759034571723378
1734,126,153,190,6.400264208568519,-0.10985601174447782,0.6106664864813447
1735,133,160,192,6.283045279731051,-0.21303689788793584,0.4739095518810783
1736,130,155,191,6.493089244190245,-0.9947931439893942,1.4055764556820394
1737,135,162,192,6.310724432526722,-0.3455822128818132,1.1515403538867288
1738,101,151,190,6.963599832451757,-1.3730740976073375,0.524509817549066
1739,131,158,191,6.291619299527883,0.007215887631924406,0.7086275552021499
1740,130,155,190,6.482980549723807,-0.686765201529109,1.1338815463275773
1741,134,153,190,6.085536337403115,0.15315014521196807,0.8999778858267237
1742,132,158,191,6.372153348047774,-0.9321874218455914,0.9021632496711591
1743,46,129,184,7.426008700234923,-0.5945437916306102,1.060790411648592
1744,126,153,190,6.676027185018083,-1.636918028190867,0.4182809831124423
1745,130,160,192,6.412843809051892,-1.1500866193265415,0.890862328964769
1746,133,163,192,6.336510548295338,-0.4950581767112598,0.29794230387057635
1747,127,152,190,6.4659336071620706,-0.9178814774317342,0.8878482137396937
1748,126,154,190,6.610698607396188,-1.3102960958429133,0.3779702616653733
1749,37,138,187,7.349408902447161,-0.7759127937943027,1.2254343360043851
1750,22,108,178,7.584354615873412,-0.08700335574392148,1.643829373119998
1751,131,160,192,6.439039956028927,-1.2947273549397393,1.1244385714082707
1752,133,156,191,6.41065417275536,-1.0134636449612573,1.1981583072706234
1753,136,164,192,6.207564201174471,-0.15182005829552322,0.7367619960401998
1754,132,156,191,6.153491173308241,0.18499940817028707,0.2842005334638228
1755,111,147,189,6.847941704376493,-1.2307111614765813,0.4344580822857108
1756,113,137,186,6.680371531208534,-1.0507472986921564,1.143515791015808
1757,81,143,187,6.887516785064809,-1.32608361335002,0.7131324052119999
1758,127,153,190,6.505132780133828,-0.4622362544344618,0.6141880729770299
1759,130,155,191,6.4971535431928515,-1.0965526749456267,0.965856565168164
1760,81,142,188,6.913671552642009,-1.2130436065678105,0.713453566115416
1761,128,151,190,6.4359457307856225,-0.8856466924872143,0.9257842416137332
1762,129,156,191,6.523953553739633,-1.0190193853057263,1.2923969162171454
1763,131,161,192,6.435512326655151,-1.0087238034175494,0.8213063545913716
1764,129,156,191,6.43749115353922,-0.9795397319615149,1.0959100490674436
1765,134,163,192,6.314873058083217,-0.43124368796109264,0.5289678449975814
1766,130,154,190,6.2686284291553775,-0.5942987055762364,1.45547924104355
1767,21,103,179,7.6208794376646996,-0.03333047698880043,1.677920567177093
1768,131,157,191,6.282501934772462,-0.09434012270722197,1.2698063502229764
1769,86,132,185,7.126690660089502,-0.8171802019954688,0.6509960520809582
1770,132,155,191,6.389205687826679,-1.0387181708740458,1.351470214833928
1771,73,144,188,6.989679791604728,-1.2573623413898147,0.7742597803404724
1772,128,156,191,6.498932472177409,-0.6177301722719813,0.5345093122612694
1773,21,104,179,7.605870174215885,-0.07452073150201666,1.6659642453684638
1774,128,158,191,6.588358567368492,-1.580722458703406,0.25628657043581327
1775,129,158,191,6.583963037458918,-1.1306932628501787,1.359980536671373
1776,124,155,191,6.609287062964809,-0.9876774613390085,1.1053051024214082
1777,51,143,188,7.264412536847981,-0.9806610986335254,0.9905764077999681
1778,139,160,192,6.066204758166938,-0.1096169102897731,1.2272409689897146
1779,22,110,178,7.545072479911469,-0.13058642500226192,1.6302878079695964
1780,124,151,190,6.5941911991643,-0.7346366720706565,1.5254921311427176
1781,122,147,189,6.6170196373599905,-0.9249443111281113,0.9309882114280993
1782,129,152,190,6.550641375569023,-1.260727384614825,1.5453920024760375
1783,132,156,191,6.554343043600684,-1.7849849945839964,0.4271365840609252
1784,133,161,192,6.3037112466485095,-0.22210518929424128,0.5080445507356175
1785,135,155,191,6.2270600426631395,-0.10089747111522068,0.42972095376874186
1786,133,156,191,6.232670789673339,-0.10315536320453222,1.120391267958051
1787,131,160,192,6.357775502895216,-0.4201127714088385,0.3920721611559988
1788,20,98,160,7.460320831829181,0.04572061533538774,1.7086240052272834
1789,128,155,191,6.507976593435196,-0.821411680862066,1.4054629329480008
1790,136,163,192,6.2547869986072495,-0.5999623194155466,0.583522845197281
1791,136,164,192,6.176303495255093,-0.1720609454671715,0.789845933235289
1792,36,123,182,7.422375916532463,-0.5266221162018,1.2497419416502733
1793,122,146,189,6.594481059479478,-1.057156282052624,1.0399987127511094
1794,139,161,192,6.162915466463155,-0.2985424995616056,0.42040324517438366
1795,131,160,192,6.309223603411395,-0.5151687849970952,1.027447083605792
1796,131,155,191,6.445092277751072,-1.2867563050232802,1.0501869333180802
1797,127,158,191,6.4780038030708464,-0.524687409245544,0.9570246956763262
1798,136,160,192,6.298359094650349,-1.1458925732380185,0.8598918227157464
1799,37,131,185,7.370587701000451,-0.6944672720195637,1.215167068805945
1800,43,146,168,6.817061446949879,-1.230251893604644,1.1096695437397148
1801,36,144,170,7.101235153122722,-0.9647871854350257,1.2465153581512338
1802,143,150,164,5.048175691290239,-0.06397992617096693,0.43769162078153595
1803,29,140,166,7.239241027961298,-0.7096867475456611,1.40622925027292
1804,27,136,168,7.322077046710915,-0.5904262787829483,1.4640199694314813
1805,148,154,162,4.649116299885471,-6.707268050948641,1.2755194449812919
1806,146,153,162,4.74198944824649,-2.5700667505984414,0.8846833183485753
1807,147,156,168,5.182968932449113,-4.961446008418445,1.6006031153185067
1808,30,142,173,7.278471166079478,-0.707929434714204,1.3821531783231278
1809,145,152,163,4.883229657006776,-0.9612173490536225,0.44898152451116324
1810,15,75,135,7.294235787910479,0.04417776430252873,1.8412628518882943
1811,145,156,169,5.56255970206769,-4.075348492472893,0.2906599151555966
1812,83,153,170,6.058241339510136,-2.178755204129648,0.7005412827495626
1813,140,150,168,5.766842660495396,-3.1271801761932627,0.3869501404481628
1814,144,149,159,4.6602861335139565,-3.681575692510219,1.3038818350357668
1815,130,151,172,6.122878711536823,-2.6070437362155454,0.49957090238371216
1816,95,149,166,6.089126314103028,-2.3298914328711797,0.6346462082120671
1817,143,151,166,5.242017082016242,-3.032380253474434,0.870485798562128
1818,145,152,164,4.935044828319123,-3.442425114043822,1.3566268013314176
1819,148,156,171,5.216700429787052,-4.820540839221136,1.5541807238214718
1820,145,152,168,5.095181323121707,-2.3247227186318122,1.315535767037958
1821,142,148,162,5.028223484007605,-3.829139675173341,0.8633843277921497
1822,142,150,167,5.274359570051716,-1.9892270122041746,0.5328091916354684
1823,143,151,169,5.280979067781531,-2.6761242188696626,0.9663842640313335
1824,137,148,167,5.780137018959502,-2.9391006141131157,0.4443187196236967
1825,142,152,169,5.463715722230493,-4.0014370460979825,1.1361063360727288
1826,144,152,168,5.417217525576795,-4.017728519625053,1.0594695102088734
1827,100,152,173,6.1754064343921815,-2.3501089057773483,0.609460230380473
1828,143,150,159,4.732896599304009,0.390803704692038,0.1259842659666775
1829,29,142,171,7.302258655982746,-0.6863859170015237,1.4008117732254204
1830,126,153,171,5.933975677357501,-2.673421892625815,0.5133379839382775
1831,144,149,162,4.830222746425073,-4.539348181905552,0.6140637453972696
1832,144,152,164,5.0200378334842455,-2.196861596197669,0.9786372239035034
1833,147,153,163,4.725031836673059,-3.099089422114921,0.9436460627552823
1834,146,153,166,5.06050491661684,-5.161963500364507,1.186739918426538
1835,85,151,172,6.273354813269038,-2.1172436234656704,0.6920138688093486
1836,145,150,161,4.664729804615032,-3.4920522327315977,1.2777979659864698
1837,16,82,153,7.490761504397167,0.15552613053423636,1.8119529485523855
1838,146,152,167,5.048168153143028,-3.673156820343782,0.6789268836251435
1839,21,103,170,7.543652662498441,-0.16107687717728114,1.6745033200981427
1840,26,131,173,7.409412114597082,-0.49835732515711967,1.4967482330786244
1841,146,152,163,4.735835872352116,0.28125907106746895,0.24614802879866604
1842,144,153,173,5.635458033135237,-3.5640049581196322,1.0790670797836504
1843,143,150,160,4.7449462676883085,-0.5694187982270862,0.33269998276883683
1844,146,152,162,4.822979590878,-2.205711465257808,0.9854414143397817
1845,145,151,161,4.747709203003539,-1.783694502911513,0.7200873039855976
1846,142,150,168,5.323550465410285,-3.8658201371571996,1.5676600483630976
1847,145,152,165,5.025054988774897,-1.8583207211377517,1.1757689386213237
1848,146,153,163,4.790343725620507,0.24379240617827935,0.17871321394945194
1849,144,151,162,4.8736198126795465,-2.581934642547279,1.3679991254464579
1850,146,155,170,5.171051877949113,-0.9981521584651845,0.988896186033411
1851,145,150,162,4.614042574914329,1.144591824209745,0.03065789341967433
1852,144,153,171,5.555232025564103,-3.719823853306197,1.010814106248232
1853,144,152,165,5.279886187971918,-4.610563343727224,1.094872699840656
1854,144,151,167,5.309279233419994,-4.146277160551857,1.0424722897221725
1855,68,150,175,6.525587995796606,-1.7442478130760324,0.8110827102773944
1856,146,153,163,4.820441586606348,0.5617892441506562,0.11537278655159215
1857,21,106,167,7.543014000848515,-0.20203544486159586,1.6574362460183225
1858,145,157,180,5.982068862183132,-2.967685727094228,0.34750122958472907
1859,149,157,168,4.856197477711305,-2.57612139809546,1.0335949182094422
1860,104,150,165,5.947361273307765,-2.5108705780572973,0.5922820315170021
1861,150,157,168,4.920399887920723,-2.7966470423581296,1.3883215699493194
1862,148,155,165,4.753982025393581,0.22304502892475242,0.14090495394774713
1863,145,151,164,4.8598310919159715,-2.162691477158408,1.0569082335440445
1864,139,147,161,5.475871022253254,-3.627351324523933,0.31503341475072216
1865,143,150,162,4.875258621245931,-0.11139626569032846,0.3209434088246743
1866,22,111,172,7.554738192816859,-0.24250168023670615,1.6252303758517788
1867,145,152,164,5.060190591067582,-5.017512690745582,1.587608846467498
1868,145,152,166,4.9581933883220835,-1.342977666142275,0.8599903493874683
1869,141,149,163,5.214431658165312,-4.434532895015138,1.5066853113650887
1870,17,83,159,7.53853752623042,0.1969107669934962,1.8039255881526797
1871,143,149,165,5.137447901366508,-3.7800229660635645,1.1419258022135377
1872,145,151,158,4.462140917619346,0.7268281919704136,0.10192860148879597
1873,18,88,159,7.466357234460982,-8.339596547346506e-05,1.7744408667086622
1874,144,152,170,5.561228226743779,-3.76821405455196,1.2202862167102477
1875,16,80,145,7.426090502454167,0.11055841013577827,1.8230302583872473
1876,144,151,162,4.870415196927251,-2.813181270724562,1.0602193667517752
1877,145,152,166,5.014110934700238,-0.7227940550960843,0.7256951549736731
1878,146,153,168,5.081310867680171,-4.870875285570933,1.1966529303642206
1879,147,154,164,4.845985088307821,0.05852229753207028,0.1708382449798295
1880,20,100,172,7.571968971019316,-0.07282870753949411,1.696706257389113
1881,28,139,161,7.145575537164628,-0.6580369978226475,1.4495412780729957
1882,138,148,167,5.746179574722696,-3.077219276826782,0.4027251401571803
1883,142,153,170,5.779806260007458,-3.0475725191202563,0.3961605392604448
1884,144,151,163,4.977343917154019,-4.66563379838508,1.0391650785406863
1885,19,96,162,7.558182460251967,-0.04447278454631742,1.7221680574408047
1886,141,149,169,5.656303728897711,-3.3827517184700846,0.2693352624616544
1887,134,149,166,5.808855663842577,-2.8528062854219587,0.4645894893142197
1888,142,151,165,5.301905705464286,-3.855870306726156,1.3878553410804264
1889,141,148,162,5.063806609377969,-3.4357836099937695,0.9180756343977657
1890,22,108,176,7.590312648697011,-0.1774952092744455,1.6404370929124263
1891,146,150,157,4.2344126903826425,0.6436589538610288,0.026915156266504116
1892,146,151,159,4.50333858290337,-2.387200166234471,0.6258916331529754
1893,143,149,159,4.769405194723986,-3.1023052597822023,1.187294038630551
1894,143,150,160,4.8812354239932425,-2.817863873382367,0.815523196468213
1895,143,151,166,5.14446914828522,-1.1229791610000275,1.1954153478026708
1896,149,155,166,4.7917020803868295,0.2701228701533167,0.2114477859429998
1897,144,153,166,5.213491298366732,-2.6965550035658845,0.6989555204237237
1898,145,154,168,5.212274556148425,-3.2353279940319952,0.6500219061847966
1899,69,153,170,6.336886906438182,-1.8800126961380832,0.8010022965468943
1900,16,79,111,6.569487255173115,-0.43084641609831276,1.8279925191979882
1901,21,100,108,6.104353932437218,-0.8939487209205579,1.6608457146788926
1902,73,114,166,7.010570783896075,-0.4742185679818285,0.7309425275026328
1903,37,85,106,6.386440154172029,-1.0613337296868655,1.2354338813273926
1904,53,82,101,6.396805264040418,-0.6753933277805664,1.8960180998038096
1905,24,106,157,7.462928922816088,-0.22368968245697018,1.5541972210832122
1906,12,60,102,6.6498037428942425,-0.13059147637876586,1.7834333088010272
1907,54,106,124,6.395567174462163,-1.5156550951433474,0.696940484758571
1908,31,97,141,7.103854769770592,-0.07605739701672176,0.9928387776779516
1909,16,69,153,7.401024798767038,0.6990954005315747,0.9276606044470264
1910,84,103,136,6.275642145117908,0.14100889539243333,1.170986327470342
1911,70,113,157,6.7383782911373356,-0.6381382650616318,0.5846999717576953
1912,12,60,105,6.867266533090494,-0.050685122459777174,1.7916047302362756
1913,47,105,134,6.359365193673081,-1.1286713044127041,0.6782675844147249
1914,98,109,143,5.9150008425138045,-0.41440184629770727,0.4270324599028148
1915,33,99,107,5.682914127016691,-1.600147246390232,1.3073107045825625
1916,38,107,136,6.8182008364196784,-0.5657543996581831,1.3926963779147528
1917,47,101,119,6.564390153994823,-0.3770141543290474,1.358920872801184
1918,38,99,107,6.002220574720625,-1.4839814080403708,1.5462539829973854
1919,76,104,153,6.548739687816836,-0.22807970021789803,0.5715542081079897
1920,63,105,110,5.064565973300126,-2.4506331280385045,1.3422136319435352
1921,13,66,100,6.5561624890865255,-0.3108760256320744,1.8286394163435744
1922,68,105,170,6.9504636438062315,-0.043790053837093224,0.701511700232789
1923,97,105,118,5.206889827686647,-2.445797327006901,1.7625052369988459
1924,17,83,107,6.532517099991047,-0.5761520244019768,1.8075950775757965
1925,12,58,105,6.696804170405353,-0.05468848121326992,1.7619224201887218
1926,68,103,147,6.688114458561142,-0.3646349852673736,0.6699172051627789
1927,75,111,151,6.897287647953266,-0.5243770607408729,0.5158452933707667
1928,53,100,156,7.118026923760219,0.04906249043272448,0.7767649039295792
1929,45,98,135,6.974040343540878,-0.5257467761639573,1.0474106713175868
1930,12,62,106,6.6800412328583905,-0.11414109377320979,1.789731587927949
1931,76,108,165,6.775613628534788,-0.1286005457286733,0.6407567485251776
1932,15,77,103,6.533038740735695,-0.5028902975309615,1.8356536686442457
1933,50,104,151,6.845291546356063,-0.4207303891459687,0.8992677094519336
1934,73,102,138,6.367231400031073,-0.17641503275783488,0.6031689295392374
1935,40,85,123,6.913091273544292,0.6618804386497077,1.4307657072569249
1936,41,97,106,5.894014728488821,-1.4967665666748882,1.0593538540469594
1937,61,102,167,7.070706892282378,0.01682904892218573,0.7420555188638865
1938,24,94,109,6.061428844963293,-1.076241450153718,1.59166252270403
1939,93,105,109,4.3375338756877655,-3.59071101547382,1.6472799806546203
1940,10,52,94,6.628364993304198,-0.022198717103282972,1.5451636936460256
1941,96,104,120,5.369069173789418,-1.9569404286035585,1.358059682255617
1942,65,99,116,5.966110481991508,-0.8026384436106409,0.7360651333193755
1943,36,93,114,6.376805785884476,-1.013366856001989,0.846557480492706
1944,64,103,106,4.444380715558321,-2.698321723717211,1.3643027000129238
1945,45,88,101,6.3483708312215645,-0.7277733755669297,1.1175786700798538
1946,97,102,114,4.892676001104386,-3.5586134221068213,1.7081314487553858
1947,24,106,110,5.702810731781862,-1.0558961642439824,1.570583573429675
1948,58,101,144,6.98746352771698,-0.2961564658211082,0.526882839415909
1949,12,59,101,6.700956563780978,-0.12573418574622552,1.7840418715835518
1950,41,101,105,4.822500138607593,-1.988788092129709,1.1399515467844272
1951,32,93,101,5.842371603840124,-1.0623115751943215,1.3148094462753284
1952,66,105,120,6.096642220596365,-1.835733046696383,0.7584698677433388
1953,48,106,145,6.836701020373406,-0.4100606464139902,0.8214454997622488
1954,22,98,103,5.522992044158396,-1.0427614349926029,1.6286006456933584
1955,21,89,158,7.4271737189351095,0.29459578896724914,1.1355185580994
1956,16,65,96,6.590792212167751,-0.4638158275119831,1.8162670251688113
1957,83,99,112,5.118772307000147,-2.8427543077619553,1.3582783724859013
1958,17,85,103,5.738148812124403,-0.6505319034083833,1.7993851179288012
1959,96,114,160,6.663982761055036,-0.33394058768369494,0.44935057117501925
1960,93,107,113,4.5143956190556125,-3.5768031241354405,1.3961563103596226
1961,91,100,104,4.395076260373456,-3.9646138408438087,1.6076214979879453
1962,24,94,105,5.991866494800714,-1.168727912804217,1.5528463634456744
1963,19,71,92,6.345557285222422,-0.8163158549611051,1.7494863067413728
1964,25,80,112,6.76412681035673,-0.6048211318679628,1.5670204508450856
1965,17,72,95,6.436019319935428,-0.6749505587641824,1.789269620371019
1966,13,63,99,6.430726870955178,-0.2526855086514924,1.8206851404817181
1967,11,54,98,6.650708909756574,-0.03013051546623699,1.656957892765541
1968,61,110,157,6.738495011913223,-0.44509572262343067,0.7972925502576481
1969,16,79,104,5.8318687306564,-0.5239476922359183,1.8279713031861105
1970,11,55,93,6.575612301649836,-0.12858355681133357,1.5822765809313666
1971,77,102,125,6.041348139236545,-1.0914669798734509,0.6999245240091758
1972,37,106,121,6.486622389335305,-1.1678158950013602,1.217206257287443
1973,94,107,152,6.1559918699032785,0.10318898314638969,1.0249514269844184
1974,15,74,102,6.391010765960035,-0.4664423909896481,1.8433090607769904
1975,103,108,121,4.876671011046284,-3.4382180279245182,1.1409442965716048
1976,45,105,148,6.782499045849804,-0.5868671081066321,1.0873558842788278
1977,47,105,141,6.503790046410115,-0.3912212912439895,0.9808015864980102
1978,74,108,151,6.432314355890476,-0.4607249591272071,0.761793690001054
1979,42,99,146,6.835516513164266,-0.40589867290804227,1.1261645256114017
1980,55,97,158,6.95583723096284,0.17272169023315043,0.8263418564856937
1981,15,73,99,6.547554626014194,-0.4939158147908739,1.8428302602891182
1982,11,56,99,6.682021985102698,-0.0455537682872859,1.5918712693806263
1983,45,95,101,5.509042263880585,-2.0208415759684573,1.0754758712015124
1984,89,128,174,7.013407416081581,-0.8906229620604572,0.6694166714659588
1985,57,107,169,6.996797414233555,-0.09076835803381711,0.6295168430907313
1986,22,96,108,6.076985730819278,-0.9366584397289324,1.6370492139937247
1987,47,95,139,7.025496740404782,0.025396004524360527,0.7686387083249229
1988,80,103,105,3.6638652734337036,-3.155692048048165,1.5380392634448585
1989,90,104,126,5.82439860407926,-1.209047856654065,1.3085997746172853
1990,23,101,108,5.869918314466276,-1.0308220473160645,1.6034705667868443
1991,84,99,102,4.177461364380826,-3.3187840407851166,1.5339278419379363
1992,52,104,119,6.272056817536574,-1.4625824577981676,0.962960423876366
1993,13,64,100,6.640319531114782,-0.2431335295234273,1.7940342814979302
1994,92,102,107,4.501302966044992,-3.333741421276193,1.2114221540886652
1995,9,46,83,6.536786865921719,-0.000303602243418348,1.4071111037443973
1996,92,110,140,6.013594635982379,-0.40036122349397196,0.535715743387099
1997,20,60,93,6.628663051832115,-0.23827348728657183,1.7099163513254019
1998,24,76,100,6.232094693702944,-0.597308945507628,1.0677089906880555
1999,23,71,106,6.848912308903374,-0.27203665396901305,1.283746235637429
2000,97,316,351,7.782571550329726,-1.1826497151866708,0.624637235623423
2001,43,213,397,8.847222571531688,0.15564202223214585,1.1172921292355062
2002,42,208,336,8.590621058290989,-0.09940649078744568,1.133755565062462
2003,69,305,403,8.53531380922483,-0.5983259206160169,0.8010022965468943
2004,43,215,330,8.394274190574631,-0.25446264128747953,1.1096695437397148
2005,48,240,409,8.831812454471807,-0.06716637771355438,1.03188271086863
2006,49,246,380,8.56979218762347,-0.21159348668141897,1.0149206295139246
2007,42,211,322,8.246932355679153,-0.28931884025285837,1.124161874831592
2008,42,211,345,8.547254467432895,-0.15661041818948507,1.1224360378902862
2009,35,173,309,8.377520843935791,-0.03524388886817764,1.2750569619655026
2010,71,291,364,8.4430983828643,-0.5896263410370721,0.7863858938368368
2011,60,299,401,8.454522260320687,-0.4415939355760798,0.8856208610985501
2012,44,221,346,8.479026682476972,-0.2061705638889495,1.0914946049817587
2013,41,206,351,8.640559463983857,-0.0020621326131524675,1.1408425441484082
2014,43,217,395,8.844565919721425,0.1112469846136358,1.1029862326157807
2015,47,235,372,8.678798056418756,-0.1138229205353225,1.0472346139574953
2016,63,274,332,8.196215850635136,-0.6885933588695181,0.8591556528068364
2017,86,316,359,7.807410734027703,-1.1469465647630896,0.6831266542705421
2018,146,328,396,7.947949623824808,-1.431225758864949,0.4591504599760785
2019,45,225,330,8.309555545103391,-0.33433989768711003,1.07708999359832
2020,37,185,323,8.501856499121764,-0.030787605112774896,1.2223353615515207
2021,109,312,359,7.625782795725677,-1.3908779810748746,0.5735352489144253
2022,68,312,365,8.089010448219645,-0.6994688146429012,0.8102320551223459
2023,45,223,342,8.426882192785405,-0.1590966321622883,1.085041979353865
2024,69,256,366,8.603020815060457,-0.2964801426120933,0.7989366644756868
2025,43,214,353,8.590833725693411,-0.05120999301527396,1.1138906008237779
2026,106,327,389,7.933419152640763,-1.2080402847097154,0.584085027649617
2027,56,229,321,8.307140803728032,-0.4711049112080485,0.9262775450758608
2028,65,298,348,8.185714161837707,-0.7688126478792614,0.8334564895192207
2029,91,311,344,7.580422808330916,-1.2651794277317114,0.6579063114127932
2030,42,210,368,8.662798755906536,-0.01953644890846229,1.1293733528648267
2031,104,326,381,8.03857528541048,-1.118414432748322,0.48853793368837356
2032,46,232,336,8.530653879605559,-0.23613292962207455,1.0562300813739116
2033,47,237,363,8.64344961306178,-0.1464362003318591,1.0420629168264872
2034,52,261,376,8.64628260278399,-0.23417992217024675,0.9756733237725784
2035,43,215,326,8.288246310552077,-0.2739254300279184,1.1096695437397148
2036,81,307,358,8.15341605916624,-0.8243053229375452,0.7140968424323253
2037,63,305,335,7.997091723075886,-0.6662734682914938,0.8548320762111092
2038,56,278,361,8.305367127107216,-0.5095683013408072,0.9349037437734975
2039,53,251,357,8.534498398117055,-0.3879569664625693,0.971233563424584
2040,46,231,379,8.704110737505355,-0.047074853618192414,1.0585049713019012
2041,40,200,312,8.181925796544567,-0.23412800460005023,1.1645362066031075
2042,117,320,384,8.132854444036107,-1.0179325356343483,0.535886985418005
2043,304,321,358,6.645769082260531,-2.666155840324644,1.067088776848318
2044,75,307,392,8.458340889617268,-0.6531200745397866,0.7551777243657739
2045,53,264,349,8.150135391372132,-0.5190212831120653,0.9680890512766535
2046,55,275,373,8.518496406410579,-0.3980216797263489,0.9413417264338111
2047,44,219,379,8.694786436866792,0.0357874520412651,1.0963881587426094
2048,107,313,378,7.946833982635178,-1.1706571113539863,0.5799772921693273
2049,65,306,367,8.336114615423677,-0.666729568472777,0.8416801372504955
2050,60,298,338,8.020641746013538,-0.545121944875181,0.8902933275126781
2051,51,256,338,8.149236023951,-0.506595487295332,0.9892609104412625
2052,86,323,370,7.921035762858661,-1.1156686196154912,0.6816697632468162
2053,73,295,352,8.152678018805748,-0.8855145770859518,0.7677823965797509
2054,81,312,353,7.791659869114914,-0.9786451874459898,0.7118509320059374
2055,77,306,384,8.186843638929009,-0.6810748891993239,0.7384824083594818
2056,76,293,371,8.433729069983583,-0.6490471525649093,0.7504773991848396
2057,105,316,371,7.9085362363159115,-1.1227347580548157,0.5888887426122457
2058,87,315,375,8.065014278571574,-0.9477110126650501,0.6810889170806731
2059,40,200,390,8.797051926898263,0.2393983598336088,1.1654682440244384
2060,37,183,348,8.668705302764918,0.18827898381327624,1.2306355030555185
2061,90,315,347,7.606513808133033,-1.2395082041782428,0.6592537504288554
2062,133,330,388,8.040372459968848,-1.374779945360809,0.4922031358758574
2063,34,168,302,8.286593367856096,-0.027995270850340703,1.297929536009135
2064,40,199,310,8.249824270905895,-0.24847598286564554,1.1682737912481176
2065,39,196,359,8.696693611977384,0.128699348117856,1.180596876096171
2066,105,322,379,7.930327037120926,-1.250220822859443,0.5882572502200158
2067,48,242,335,8.297302403506256,-0.3889870219888018,1.0268725266000087
2068,51,253,331,8.194960590461648,-0.5207351844337784,0.9952106481149331
2069,32,160,288,8.28249702313453,-0.008733870157767387,1.3362789122611676
2070,57,284,372,8.536678829130244,-0.44577691347607956,0.9211845082723982
2071,58,291,394,8.443938782295776,-0.37139245613887406,0.9057225089521039
2072,46,229,377,8.704428882161947,-0.0418579627972514,1.0646231189936428
2073,73,291,348,8.322595190227924,-0.7352476452588825,0.7719599860381978
2074,44,218,336,8.404578223863568,-0.2536512828125297,1.1005020502818323
2075,44,221,392,8.816492890939658,0.0754088399048044,1.0906835438111515
2076,72,314,366,8.053765263881683,-0.8193532739783314,0.7781263848099402
2077,72,316,393,8.403883918520053,-0.7188405371320747,0.7754153276589042
2078,76,312,369,8.029287870913242,-0.9136417699028431,0.748686636305228
2079,46,230,383,8.780839735236908,-0.0331264646293874,1.0623199352232524
2080,49,245,349,8.480210655868325,-0.28288510314234994,1.0177057515520396
2081,38,188,327,8.572043604544241,0.03305398234076784,1.20909177791072
2082,47,236,375,8.68626481843345,-0.07257145740784021,1.044272613311928
2083,108,311,342,7.795707531386143,-1.1645856649285289,0.5759325141768687
2084,74,275,396,8.635011735144863,-0.35945715746579976,0.7636541192702236
2085,74,306,343,7.912454426498966,-1.0006833310162766,0.7658998477243866
2086,56,278,357,8.274395644925672,-0.5398983808820543,0.9349037437734975
2087,53,264,386,8.609535362594645,-0.25368330437163156,0.9674627990036676
2088,84,320,371,7.834858106685656,-1.0164979707556319,0.6944269194765211
2089,47,234,390,8.761290607667918,-0.01748893791939332,1.0494680067355786
2090,63,283,350,8.303451578490462,-0.5773875605149177,0.8529257272354894
2091,42,212,379,8.781837988790992,0.08077704261570284,1.1207158185835322
2092,72,308,328,7.512891405055577,-1.0540952764340057,0.7804667656416686
2093,90,314,397,8.21324135866792,-0.9244871958320547,0.6587140473881372
2094,122,316,389,8.171879982105956,-1.0934976548419664,0.525656478117738
2095,79,316,383,8.348371194839904,-0.8259222752065971,0.7309425275026328
2096,46,230,390,8.789174657886292,-0.043094802930557674,1.0615545819932497
2097,79,304,369,8.379312012002416,-0.7465907017769783,0.7289154360935316
2098,42,209,363,8.686318775548905,0.04124031044849663,1.1319983615091727
2099,71,273,339,8.305915681106981,-0.6616743945712246,0.7855909888825762
2100,212,270,353,7.521541155292069,-0.8810506402339964,1.1691923907775497
2101,114,250,343,7.867454736000579,-0.7745830126651603,0.5527227708092431
2102,207,273,357,7.8682781707960885,-1.066575629945854,0.316702605839437
2103,30,148,250,7.87163845311176,-0.15003870671299324,1.395432884890596
2104,259,285,377,7.499677426957111,-0.7760314279824208,0.8837984030946522
2105,58,246,281,7.718003999815126,-0.937714695491181,0.9100822072084791
2106,90,257,356,8.220258293723692,-0.6308910759031608,0.6627856603213883
2107,244,273,374,7.498003438325217,-0.5896334493678228,1.1222410258510176
2108,116,262,348,7.629789293649785,-0.7433295057683864,0.5480004824544663
2109,151,270,380,7.471928513158904,-0.737644641401858,0.44602920482690545
2110,116,251,366,7.683060708079695,-0.4812478915446229,0.5458507089835739
2111,44,208,275,8.069943931893697,-0.5806399990513543,1.0898737693538472
2112,41,204,263,7.867540539807047,-0.5526905154878328,1.1471210045229943
2113,154,260,341,7.511739980224158,-0.914570555345995,0.43882990675639655
2114,26,132,237,7.9856262768497785,-0.020365502872648045,1.4892046312366027
2115,30,152,244,7.746960594345434,-0.23276165819651518,1.37560227568756
2116,37,184,406,8.825858457409835,0.4178084523082441,1.226470937443377
2117,221,260,335,7.219609465884864,-1.4153911581599339,1.17416716878181
2118,37,185,269,8.121290638354967,-0.23821425239695815,1.2213059663111208
2119,27,137,247,8.019588067594764,-0.0390340289108182,1.4567495247554016
2120,55,257,288,7.664095973531437,-0.8433862189095294,0.9431143302261823
2121,241,267,319,7.173644751352761,-1.862417679667685,1.1963038480665324
2122,147,261,301,7.026734672807065,-1.3468575386534867,0.9046059709209616
2123,82,252,368,8.242089869394212,-0.46286660807909463,0.7089860331255119
2124,45,226,321,8.361188683467503,-0.342439881643801,1.0755145400280024
2125,163,267,354,7.852104823564379,-0.9886035727801162,0.4122111558364576
2126,97,241,308,7.628995223376898,-1.0785020911978929,0.6255984341353613
2127,125,247,323,7.501028258323343,-0.6936546198931649,0.5155304098160467
2128,49,243,281,7.875151517314744,-0.6671050718537812,1.021210459044182
2129,89,268,421,8.586566164257478,-0.4118417680635045,0.6666360981359839
2130,217,269,362,7.657640615037044,-0.7917009507409971,0.5212231912963577
2131,94,253,323,7.609875576722924,-0.9125724294606777,0.6381452468914903
2132,41,206,259,7.520919096110248,-0.6015514218589411,1.1408425441484082
2133,111,253,320,7.234614805162026,-1.2355920467494355,0.5641613466322714
2134,29,145,247,7.992161053522069,-0.12312626952889405,1.41442822351468
2135,107,256,302,7.700772527044491,-0.7215154299499952,0.5801811711883968
2136,155,273,368,7.911928263886003,-0.8391114410967304,0.4364135399450831
2137,239,267,356,7.157344928243888,-0.8991391373820057,1.216518775559787
2138,142,280,376,8.038431998366612,-0.7729144370882585,1.1469431816772717
2139,221,258,309,7.2029239376307705,-1.3079879024014218,1.090191581669605
2140,47,231,377,8.514028987969613,0.15071555083457056,1.0524618508949382
2141,142,265,362,7.734650045553114,-0.8499714781538406,0.46774332522679907
2142,119,251,300,7.261323656445402,-1.1763887987387727,1.3032058699547309
2143,78,261,349,7.8659301188282775,-0.6801050280638523,0.7336646659584497
2144,58,246,361,8.244672644842648,-0.05702539162162745,0.9084419640617083
2145,81,265,376,8.414408227109181,-0.4609976480225082,0.713453566115416
2146,97,253,373,8.000438635708717,-0.3501043755299622,0.625357829774644
2147,94,254,369,8.09637341369097,-0.5017316224295134,0.6414325643342692
2148,57,244,350,8.507991223887979,-0.18294903493868142,0.9211845082723982
2149,101,274,386,8.402392781128306,-0.7104904452187757,0.6049518385142224
2150,155,281,402,8.220236125441536,-0.6883707335439254,0.4364135399450831
2151,60,268,405,8.777882193355667,-0.3145620142237052,0.8815122877592029
2152,64,253,300,7.9729268419908985,-0.8072231091687784,0.6705360550967489
2153,195,264,320,7.191906951421774,-1.5898830142750318,1.1875038481375757
2154,66,259,388,8.643415239808936,-0.2992345610771001,0.8258495653110773
2155,172,258,375,7.525256106978177,-0.6687483045005788,1.0299917840797046
2156,25,124,222,7.952415814580632,0.0,1.5401159494562424
2157,258,269,386,6.908522431119895,0.18959381905239703,1.4004977325553645
2158,142,263,315,7.055711979839514,-1.3815963246854275,0.7979069408404579
2159,26,130,234,8.015034643839947,-0.002991382104726048,1.4982643492852736
2160,231,285,409,8.037675683285984,-0.5596358478264,0.276580508020756
2161,61,253,368,8.235336929842672,-0.2491744553218056,0.8764347539987524
2162,112,261,357,8.21624104412888,-0.5966823744222101,1.2936947294704741
2163,157,271,412,7.968155724952454,-0.5732961792789597,0.432414700412351
2164,28,142,254,8.028487350200297,-0.0483485406705384,1.4310901439835417
2165,77,258,351,8.176438027949422,-0.4384944875906973,0.744426843285756
2166,90,266,381,8.424040591042456,-0.5788362473204359,0.6622395836163459
2167,187,257,348,7.726889950787691,-0.6002974431776497,1.0539465966889965
2168,106,255,314,7.508040231958816,-1.12324662138733,0.5853298523735536
2169,237,280,404,7.954036607698433,-0.33858166528342704,0.50489666534945
2170,105,263,415,8.561566638421391,-0.27889681163894153,0.5306337666549733
2171,120,255,331,7.835386576840941,-0.9346803475528316,0.5326538049440537
2172,235,260,328,7.023965168393058,-1.213553277339144,1.2171733865665206
2173,92,253,279,7.442218071746628,-1.384967496377333,0.6481202413623632
2174,78,259,370,8.564496331803369,-0.28655131461340544,0.7364091750380698
2175,220,260,352,7.2422034281378584,-1.1424768503718519,1.135391574485465
2176,87,251,345,7.762932737073738,-0.7912905241992877,0.6787763695266109
2177,120,254,351,7.95658398255033,-0.24725580727551422,0.5321472133537719
2178,33,167,244,7.776965776300867,-0.3608576098402534,1.302603260830252
2179,240,265,358,7.417667102668507,-1.0721171627715433,0.9626992344270999
2180,106,267,382,8.057075849630818,-0.6955602222786043,0.5855378903446441
2181,69,242,395,8.413129295955656,0.010458092584513357,0.802247309043263
2182,106,257,302,7.525673539071368,-1.1936513474603712,0.5851219767811837
2183,54,236,249,7.0796741201648485,-1.0527133303235097,0.955728943855876
2184,37,186,250,7.585815759468301,-0.513158546148571,1.2161857776028697
2185,40,199,256,7.845679660491929,-0.5745675529208312,1.1664018515002723
2186,25,124,223,7.957345321027581,0.00012721428701500948,1.5385349765342438
2187,38,191,250,7.48101994425096,-0.5457087822992432,1.196142716479263
2188,239,270,392,7.601352256091954,-0.21960714608660226,1.048496294681965
2189,72,253,355,8.306457287333767,-0.4717860274239444,0.7750297248184335
2190,163,268,364,7.820254673356929,-0.8210326351385004,0.336798248852781
2191,176,273,361,7.760540235066991,-1.0760270886349708,0.3943151965831712
2192,160,262,371,7.95400250906439,-0.696335748192194,0.42630514474210873
2193,218,253,337,7.41995508694524,-1.2497725882315542,1.177933325696263
2194,37,186,256,7.891587379154421,-0.4764046932654739,1.2161857776028697
2195,53,246,392,8.720093293813498,-0.04816963303036037,0.9668374257833416
2196,74,244,276,7.242013433146546,-1.2111190156281628,0.7658998477243866
2197,242,269,409,7.700918804198728,-0.3233086412397642,0.8617758076402201
2198,208,260,370,7.734175505581705,-0.5686153402707775,1.2202260996738585
2199,245,263,357,7.159295700374025,-0.9736208032232969,1.2271664671208922
2200,336,406,481,7.476164865812686,0.0481232633705183,0.04475288191109956
2201,341,406,481,7.490931761099564,-0.36044510021751347,0.23642771943035282
2202,331,388,465,7.356098470918104,0.3208592157750882,0.00564964451008277
2203,332,404,480,7.5175257280598,0.049161138545542216,0.034566806720104
2204,321,398,479,8.004090398161273,-1.7970001405735812,0.4467399845461749
2205,337,406,481,7.450275003759268,0.07008351785102976,0.03476769240778211
2206,335,403,480,7.475448089180236,0.0703201935726202,0.21267030328069622
2207,336,390,455,7.366514803895001,0.2700618375703955,0.013720655702989632
2208,339,405,479,7.472406665048431,0.10293819244930277,0.014178107768082409
2209,323,400,480,7.661157029561007,-0.2760093061539189,0.25471122741346197
2210,51,253,449,8.955268088600763,-0.01732701239188361,0.9958765193157576
2211,334,406,481,7.533058229463842,0.033394960933803085,0.017329409539326705
2212,326,400,480,7.547698865094671,-0.3880939599502946,0.31736227721243637
2213,337,409,481,7.576805317471176,-0.5120244080979187,0.33216726095576043
2214,326,397,479,7.581744873743173,-0.6258436070554156,0.894688178955644
2215,314,391,478,7.981112920167054,-1.5601106186078495,0.9457266821260045
2216,275,367,473,8.13146317480751,-1.2257510820899717,1.6247650741080968
2217,339,409,481,7.494993201048437,0.022825809817835205,0.03501177652829717
2218,345,412,482,7.4687109189428424,-0.011611102401358542,0.11042930476879512
2219,191,387,477,8.24443937887709,-1.4589725049113205,0.3715433408507368
2220,330,399,479,7.64071381388492,-0.47655102751849643,0.3105153102533065
2221,329,401,480,7.570713661873535,-0.14741657894815136,1.1724471801130159
2222,338,409,481,7.5728090134117565,-0.6537836060951826,0.9526595242800882
2223,332,406,481,7.601402674680479,-0.6156610536725355,0.5390606360979296
2224,332,404,480,7.558258535848837,-0.33707748740114957,0.419630379618099
2225,345,412,482,7.48787434278228,-0.0657544340828959,0.3697034578895123
2226,334,408,481,7.562253174936521,-0.14995925040691988,0.9598985409785602
2227,133,367,473,8.44366663477341,-1.1044137186838603,0.49277237858857376
2228,334,374,440,7.163282307404794,0.6099309245670066,0.01074290056526854
2229,331,405,481,7.625103998321668,-0.3713066705198582,0.3086200286636741
2230,342,407,481,7.469021828902277,0.0726510181401588,0.03107129276578634
2231,336,408,481,7.486513389523682,0.030694571256668756,0.03015365427224158
2232,326,398,479,7.935484726350049,-1.8234662017155423,0.20301066561906003
2233,200,366,473,8.380924930406795,-1.2174447698658446,1.1658941227252815
2234,338,408,481,7.5438845226069295,-0.21032998926326205,0.24642982282852308
2235,332,404,480,7.507734903881458,0.03766076343769385,0.13269376679051587
2236,141,358,471,8.394310157911013,-1.0673238060803356,0.4706866386278637
2237,331,371,436,7.104120342251385,0.5518875260202176,0.007612418572612998
2238,339,409,481,7.530892258805054,-0.015325037271428095,0.08080766926547818
2239,331,401,480,7.5133145810548925,0.09779587763400492,0.07499803402805855
2240,332,402,480,7.55257176074744,-0.16410407768497492,1.033728862841736
2241,156,380,476,8.340165160155061,-1.2912429961102225,0.4360862917615493
2242,97,362,472,8.673513567616707,-0.8396766556896109,0.627773067373236
2243,331,404,480,7.547430681229867,0.023194708092678484,0.061176679108661786
2244,334,405,481,7.592174052201519,-0.13892857342263482,0.9657439822551541
2245,83,335,466,8.764690107718828,-0.6321823582703912,0.7023987476246536
2246,341,411,482,7.517786678931927,-0.06206660755172959,0.3119452679586713
2247,335,405,481,7.5002735067069315,0.06104348043012769,0.04390596626995965
2248,129,370,474,8.504790962879142,-1.1061791318731578,0.5041689799332322
2249,338,408,481,7.491797788923815,0.02851152238830639,0.034528741706791745
2250,335,403,480,7.478509772208561,0.05799140240919296,0.12045453415369024
2251,330,402,480,7.524611246427587,0.07043057202450655,0.03945474246172338
2252,309,388,477,8.06029646360777,-1.552350254168707,0.20950892845761998
2253,78,343,468,8.781866945525904,-0.6037044135700076,0.7316209802338935
2254,334,405,481,7.5744740472287235,-0.19459873047294318,1.026267865360277
2255,42,209,416,8.8996411184061,0.2760568470667234,1.1328762412787032
2256,321,395,479,7.732048900479076,-1.0507297485593097,1.3091720612336748
2257,350,415,483,7.429511264619612,-0.013920942310753429,0.07336416860926295
2258,344,411,482,7.452087124565445,-0.007790198482872462,0.11055615513255088
2259,330,358,413,6.877543295076613,0.7483091072167302,0.010027752510591244
2260,342,410,482,7.5106462593542584,-0.040568454897392,0.13824824229009305
2261,326,400,480,7.56292123332704,0.05353247232612397,0.07619042972795009
2262,329,406,481,7.534080891804089,-0.0035726212695673023,0.033479895720874966
2263,330,402,480,7.569416529906789,-0.1182051793933217,0.971600260641869
2264,330,402,480,7.733981964397385,-1.5752687226050197,0.8938680438261193
2265,334,408,481,7.5250860720139725,-0.022915440755232764,0.16686109080603354
2266,340,409,481,7.46049379081791,0.040342330433460145,0.039893684645796276
2267,333,403,480,7.5186764282194565,-0.03236122246452025,0.7133176355324823
2268,200,382,476,8.279975752228694,-1.405701620896894,0.3587628273638079
2269,348,415,483,7.412336237587579,0.0051213317053735025,0.04586908761668954
2270,320,395,479,7.762441042998562,-0.9408886949713122,1.1591428735303868
2271,316,396,479,7.913717139485003,-1.5504214730284762,0.9064730400459303
2272,333,379,443,7.2865564292269065,0.41229938680570566,0.011972393792610033
2273,318,390,478,7.948291499105586,-1.624232964735035,0.1941062629085309
2274,320,394,478,7.606809690724846,-0.17311240936906558,0.23758752863704055
2275,332,400,480,7.498841757710998,0.10513109370239643,0.053027703814387775
2276,43,215,414,8.874104437068311,0.21637414655550746,1.1113538749099974
2277,333,404,480,7.486143159382438,0.04853217573643983,0.15803019582722633
2278,325,346,381,6.318118493291136,0.7017559506574473,0.006796419848128432
2279,344,412,482,7.514666625125826,-0.3668066548418654,0.20870639049508527
2280,322,400,480,7.613624411122424,-0.16157466974390194,1.0297628171656976
2281,332,404,480,7.5384826291980955,-0.5214267224629944,0.5729471152782908
2282,41,205,417,8.89926520836733,0.3079702737635852,1.1444213130054397
2283,334,406,481,7.578776330096802,-0.4067340474739698,0.5015760184837608
2284,332,405,481,7.541123309309485,0.0007026491089633796,0.21034599323409187
2285,330,403,480,7.552715036908539,0.04120566713294759,0.06294562940411441
2286,223,375,475,8.252700998663336,-1.383587376904337,1.213774015189223
2287,336,403,480,7.422915828749447,0.12790796902389762,0.021404764296268586
2288,32,161,290,8.277916295298072,-0.017790565722981655,1.3289188823906861
2289,320,396,479,7.819587272006566,-1.4093503805438392,0.598787261666129
2290,338,407,481,7.4904747737846655,-0.028073758842615135,0.22869534069920802
2291,326,360,420,6.960271615473871,0.6489881014268551,0.008803256411775104
2292,345,412,482,7.441562996924762,-0.07324332517829894,0.4669086452950787
2293,334,407,481,7.628747381644305,-0.6338670905498041,0.7090154752084565
2294,319,390,478,7.960184351562981,-1.6138014004994026,1.1494397613408023
2295,333,407,481,7.55679569559675,-0.03963037413823292,0.06597487973679916
2296,338,408,481,7.498159703291531,-0.00559356550196969,0.24680079061636356
2297,320,394,478,7.66924528299068,-0.9284687103958855,1.2828012239247655
2298,240,373,474,8.259936205275022,-1.3278481336121275,0.8113932659646473
2299,326,404,480,7.852966631738405,-1.8308288683322576,0.1349074381641209
2300,355,361,377,4.9225690509621876,1.0688276499194782,0.004931557246993072
2301,362,373,388,5.324124710915174,0.8875511619978922,0.006749859186526357
2302,362,375,402,5.8833993013953085,0.6584129374337482,0.12876441739548125
2303,364,373,389,5.230456566928656,1.1221434169282518,0.00537434906886464
2304,362,372,389,5.35028389614721,0.5813794862782629,0.004673309641835051
2305,363,377,408,6.019041276569068,-0.30810277248649065,0.33336834459378156
2306,359,370,388,5.474239637634343,0.9186497550976843,0.005892409574942418
2307,360,368,383,5.143670658879785,1.1217159261293514,0.004500965774954298
2308,358,375,409,6.309124366167819,-4.3486932191279895,0.6791804117670721
2309,360,372,403,5.888426532212078,-1.2824035376976366,0.5900281474561325
2310,364,378,401,5.778900091767532,0.8827643514617474,0.026044865734627862
2311,362,375,402,5.891644363654651,0.7968327725989218,0.0737120594589378
2312,362,369,385,5.1465862145224115,0.8765362112411352,0.007054635424556298
2313,359,378,413,6.597556840574806,-4.222564782024924,0.7368611428988641
2314,354,372,411,6.6279023635833125,-3.960354292327726,0.7159134784293726
2315,360,370,388,5.468710032232874,1.539909099427044,0.016342687242110177
2316,360,369,390,5.473691164213509,1.4707651206306522,0.005698472625190449
2317,358,366,382,5.13550318633806,1.019840407045637,0.007796269326716739
2318,368,380,399,5.595072825996725,1.069634533533734,0.007591941958322307
2319,363,374,390,5.422393740380233,0.8838101010888959,0.009373491308140863
2320,357,369,389,5.552123080448116,0.9626433332589199,0.07200122820612749
2321,364,374,394,5.457057731234144,1.0311851602078566,0.044618901129143164
2322,358,364,376,4.7550496321848446,0.9709339820159555,0.003367474134581933
2323,365,372,383,4.854754511964025,0.8026493718755519,0.004482470813837847
2324,37,187,337,8.614242469206417,0.04079790655442084,1.2131349476496585
2325,354,367,393,5.839106813500743,-0.16186811669978773,0.23038746779283065
2326,359,373,408,6.328610399992201,-4.725313207742033,1.4300774562367966
2327,365,376,398,5.635125236188548,0.16021813574050858,0.14249895898529089
2328,355,362,375,4.994553443810213,1.135257701783003,0.006454343724911183
2329,368,379,402,5.689063995815384,0.16702532345210397,0.17056888931198602
2330,207,376,419,7.4279669898076355,-2.1712814603895763,0.349167871147899
2331,364,371,387,5.08904266220748,1.0816456663167078,0.0045486456016047595
2332,357,366,384,5.2811071320161656,0.8697647494899062,0.0058452983141723865
2333,38,192,346,8.658844505712134,0.04675002022560859,1.1922162900535087
2334,360,371,401,5.803864557066535,0.7577371657520099,0.15734590199967827
2335,357,375,417,6.806881751223378,-3.4063007479915215,1.098022379650186
2336,360,372,399,5.8179790619035625,1.239858243203398,0.014985276759030625
2337,369,380,403,5.663578175807081,-1.1754159526778534,0.2710715290398455
2338,366,376,391,5.283332871023971,0.7503681293055866,0.007992951058769503
2339,360,377,419,6.540840151692005,-4.1799046771187065,1.369509813196218
2340,364,375,396,5.595711304004808,1.2924272206594014,0.008222997497690895
2341,357,365,383,5.270544610637237,1.2548718050250516,0.004904578745780532
2342,359,376,412,6.69954684749261,-3.5846496366021947,0.8769790171229088
2343,351,368,410,6.74032223328136,-3.5084219834000985,1.0082495280466905
2344,362,371,390,5.491290335172545,1.5390914381627798,0.010229332810350662
2345,229,379,427,7.472586888160007,-2.2465331461647358,0.32110075764154233
2346,164,374,425,7.705932322204381,-1.8060068454280294,0.4189786180084532
2347,356,368,388,5.655793709949612,1.268559789595193,0.008731898486569438
2348,359,368,385,5.307049807688382,1.3407504964950556,0.00564082361584959
2349,356,373,411,6.789900540028175,-3.1901080919188063,1.1347744106796576
2350,361,372,402,5.82359977452512,-4.430530573040223,1.229677659258715
2351,358,364,375,4.741677308704656,0.7691155622584012,0.005271550468830223
2352,124,368,427,8.039665359606596,-1.402202223992401,0.52029843781707
2353,365,374,385,5.002355018082068,0.30255865188808984,0.005285848024423816
2354,362,381,426,6.547118108032556,-3.8469483540935268,1.1663162419961448
2355,361,368,375,4.552173275118606,0.46726596700530315,0.005068224090467585
2356,370,380,401,5.513843312983082,1.1262243636353415,0.007712880146072638
2357,357,364,380,5.082532420468842,1.1076722562191446,0.004779453275814696
2358,357,366,382,5.217163617887101,0.7659408587788233,0.005254360814460248
2359,79,357,417,8.407650547846576,-0.8251748005807307,0.7306038191605849
2360,358,364,373,4.633128349521393,0.32605210258953554,0.005885677163976195
2361,351,375,421,7.082951641699497,-3.052938878902657,1.1632510479123745
2362,360,373,398,5.822295459036527,0.7728266016192475,0.05257154449214345
2363,361,376,410,6.1502168369938355,-3.8056483828066567,1.267706493409274
2364,362,372,385,5.1319047034365255,0.5446096253603339,0.006038270067654634
2365,360,371,394,5.577707857394333,1.3471529327967513,0.005070263794409606
2366,359,377,423,6.7332053379113725,-3.62030381241813,0.824095584569482
2367,357,374,413,6.489269560288431,-4.2109349411857835,1.4208762548678469
2368,228,375,426,7.5082802548409155,-2.2018048025438475,0.32250266667330385
2369,210,371,413,7.378234183667937,-2.1993551913612266,0.3449356704846963
2370,363,374,402,5.797749789224969,0.1025829276677841,0.2063430805747166
2371,364,373,382,4.862974621222626,0.8196446465113079,0.0049303825273273845
2372,362,372,385,5.114679147156785,0.42664041309628037,0.005285534162299841
2373,105,366,433,8.22665295085864,-1.1685566936218375,0.5905800306651884
2374,360,368,384,5.269864469820928,1.7009390949005385,0.005560830586627757
2375,366,377,398,5.638428078514707,0.8333148944546523,0.01647885473409402
2376,353,371,415,6.553065777416583,-3.898712347798404,1.313404389596078
2377,40,200,369,8.765558219430368,0.13593783388474312,1.1654682440244384
2378,365,378,404,5.882742349847243,-3.3998171116113864,0.8862749627813701
2379,369,381,398,5.564995601061168,0.6217093361243631,0.052151044617611574
2380,79,353,407,8.042724965518689,-0.8922015370130594,0.7282424802096178
2381,364,374,395,5.574419411822676,1.058119461177768,0.04031981961063127
2382,362,374,393,5.577670636683094,0.8089372604203999,0.005587218011242701
2383,363,375,398,5.746434921120536,-4.717106806360051,0.9790817216325036
2384,362,374,397,5.73735712084562,0.6485632993265358,0.10697151410949789
2385,362,374,403,5.923486176100902,-4.277408142111645,1.2258523207200938
2386,358,370,398,5.758834932201002,1.1664232363829974,0.00430586043189529
2387,361,370,394,5.552295767466242,1.2326001860676092,0.007809183601410904
2388,362,375,399,5.7823649680578155,1.308008462220415,0.008349620713117784
2389,361,368,386,5.191264320785898,1.4813895168736848,0.008342123012789034
2390,360,373,399,5.857616504019494,-3.0149504978988038,0.914599851453627
2391,359,369,392,5.61105389584501,1.0059425441554801,0.02782901927897187
2392,360,374,401,5.989560995616301,-2.7404466715777516,1.0825852194268821
2393,61,305,424,8.736750380968498,-0.4339384092836706,0.8769396297790726
2394,361,369,387,5.210477231404435,1.2460174521299199,0.005058413769810547
2395,353,369,409,6.722542980909145,-3.4594152621355767,0.9795030862251167
2396,361,371,395,5.595653612959699,1.5517658313426432,0.007211905291471446
2397,366,375,395,5.395666913255726,1.075361546490636,0.005805023356811747
2398,363,381,423,6.645119074642735,-4.048231700776071,0.7915380419782984
2399,361,370,400,5.719068593370134,-2.1618724884821434,0.6984692506546462
2400,34,168,250,7.703970498457998,-0.3410540550801473,1.2956052313917392
2401,247,260,280,5.642419592349719,-2.404564517854906,0.5511584940949475
2402,31,154,261,8.003115961181347,-0.1470752866211007,1.3626761590934098
2403,43,213,250,7.082244136522325,-0.703631469945805,1.1172921292355062
2404,70,197,259,7.766871288624881,-0.6743025330003158,1.576487013789824
2405,34,169,263,7.711138929084898,-0.2729294445589016,1.2921343739208577
2406,50,249,261,6.476907309962333,-0.8797711847743015,1.0032652822188992
2407,245,248,251,3.6726272989640933,-16.818321543989942,0.2301969201438696
2408,39,193,276,7.787945890168822,-0.4319764741486778,1.1892890770546467
2409,260,263,267,3.67957315638742,-17.562972896139936,0.5719090267850782
2410,77,255,283,6.92338852786098,-1.331707853693307,1.3280941608223114
2411,32,159,241,7.7493069450667225,-0.3063215888667375,1.341230082202593
2412,49,220,266,7.644672049526849,-0.8303001391304833,1.0128425686760272
2413,243,246,248,3.1592516369080244,-5.153515481688653,1.433895076474151
2414,122,239,260,6.815183878481,-2.1466497436701397,1.4167055118460172
2415,73,244,254,6.21771986292238,-1.498680155904846,1.5858174182793487
2416,250,268,297,6.119896705234763,0.15586089909203604,1.4634061723102174
2417,82,196,247,7.672820097877771,-0.8818181779801351,1.5601295249787475
2418,28,142,242,7.973605948632772,-0.1096526725043766,1.4282885910377927
2419,44,218,251,7.46927435207308,-0.7636879592112136,1.0914946049817587
2420,53,243,249,6.2533380459166885,-1.0363612935108115,1.2120080490015843
2421,173,331,453,8.604968670137456,-0.7234138238313149,0.2017020671802109
2422,31,155,243,7.4953541894708735,-0.26448479623367027,1.3575706421591338
2423,259,271,293,5.993093242140448,-3.9463588148620374,1.456379998274404
2424,250,261,265,4.502475857296324,-6.337091533520615,0.2041966676658574
2425,102,231,277,7.654254161080565,-1.2099932868840106,1.4103925358715617
2426,83,208,252,7.550510099343391,-1.0405048539391837,1.4386645003763516
2427,112,236,251,6.39854100034987,-2.171182619081097,1.677189834964042
2428,249,256,266,5.084617747146704,-5.713121244778902,1.1523877391459905
2429,45,224,245,6.386870839826177,-0.8092641327090603,1.0794624640404824
2430,257,265,271,4.585088264317255,-4.297537271760665,0.060206998478254975
2431,244,252,256,4.044318580250844,-14.199700003822638,0.583026192022458
2432,246,251,260,4.560882964656645,-7.143038653066047,1.2881779753917446
2433,54,195,251,7.541416886838765,-0.6700708407006841,1.3752770066980566
2434,254,257,259,2.839608374672854,-14.621146934502402,0.8110194507563543
2435,101,207,251,7.455327403453079,-1.1248838261543663,1.476056420065966
2436,203,252,261,5.557376208851656,-3.199237281610722,1.0982594533521353
2437,259,263,270,4.132257337259068,-10.994199588975262,0.08777536649724536
2438,61,224,252,7.421986450482888,-0.9025932456205316,1.9059446933688085
2439,41,203,264,7.1825028533206785,-0.5492451927754246,1.1525609467749132
2440,267,273,301,5.484990462231337,-0.6011305372519258,0.5895235889535175
2441,30,150,246,7.705372550827979,-0.19783755342578346,1.3847900796609394
2442,249,254,259,4.021292505913995,-16.10280537086361,0.18391111742897587
2443,160,255,268,6.0155773014609135,-2.5055686806504407,1.5103591756121768
2444,242,250,258,4.702443325666976,-8.32129458092013,0.17361445355497446
2445,90,235,254,6.84705253575765,-1.2783734690327,1.848997904754723
2446,242,249,254,4.366630535579445,-11.153070182470824,1.0000661850546109
2447,236,246,254,5.079993338218582,-5.827755934661031,1.22249037047662
2448,27,133,234,7.880621031579409,-0.07437606020870169,1.4847081349350644
2449,54,237,251,6.850023226534391,-1.049970990663183,1.1606582557494096
2450,61,259,266,6.360859080633756,-1.1515651858174878,1.4461236971198994
2451,236,250,255,4.850524234533977,-3.5934862014992603,1.627951538725983
2452,249,254,265,5.012755540738807,-0.0451879806664941,1.3454246351093646
2453,58,234,258,7.232791489495713,-1.1001506252477387,0.9030207556832373
2454,246,254,261,4.637457793883139,-7.204038922043656,1.54513787964974
2455,245,254,258,4.543969371010453,-8.23090131407219,1.4066769647082622
2456,30,148,255,7.773140787143419,-0.12933645709096175,1.395432884890596
2457,29,144,250,7.841428873238541,-0.10941935437123207,1.4171807032777215
2458,248,253,259,4.483896431080113,-4.3536952735857355,1.4250180295908101
2459,98,252,255,4.893719123885636,-1.9319555714150858,1.5176604406129766
2460,242,254,263,5.320424830933962,-4.571447814483621,1.2021224858391595
2461,33,163,264,7.833019019632982,-0.21848682895812532,1.3180271723021395
2462,44,186,238,7.737054767872931,-0.7219982725108302,1.5613706395392277
2463,50,222,258,7.48700918616121,-0.8704452443077322,1.0107736812943582
2464,248,265,284,5.751904500229657,-0.22447776768220562,0.4325672408667411
2465,256,261,266,3.949004319730388,-17.265043502884474,0.4950858679428923
2466,47,233,250,6.833769366691383,-0.8355142709788732,1.0539656708425542
2467,38,191,255,7.214038585170096,-0.5123729631727727,1.1971285411360255
2468,252,276,402,7.4356156612481925,0.6909285279363111,1.091643603803752
2469,243,247,250,3.776877628329236,-5.990900366335281,0.9725475854213425
2470,74,249,254,5.990886670611249,-1.5043988099055006,1.5648540255581747
2471,29,145,252,7.895370032432479,-0.10037861004287574,1.413055644266577
2472,38,191,254,7.512208127750125,-0.5165633782846977,1.1971285411360255
2473,59,224,252,7.3943649315674875,-1.1511368284853027,1.349021805997551
2474,256,262,266,4.153020093285435,-8.90240419990546,1.3970338243032805
2475,51,211,250,7.608522059447107,-0.882565894991372,1.5066486506079135
2476,51,250,259,6.499403190521837,-0.9081711327223656,0.9945457402641844
2477,27,134,235,7.778842713271114,-0.09971172702653885,1.472826644653008
2478,25,126,226,8.0360448084934,0.03552208979719973,1.5259714787058205
2479,53,247,255,6.5504603372424075,-0.9987883287756764,1.22506076668578
2480,242,253,263,5.201800323686929,-6.849203655990727,1.5185494375067539
2481,200,248,266,5.786220792750554,-2.7936858447834236,1.5176206471530682
2482,99,260,262,4.884086918938321,-1.917120562812625,1.5109881091720652
2483,253,259,267,4.711574573463391,3.2510348572143233,0.2760620132974344
2484,238,254,259,4.8758782404679195,-3.5512690007761627,1.6321260747271318
2485,241,258,268,5.286366845219937,-5.436867636713076,0.9550996683379828
2486,26,131,235,7.9212238648176365,-0.008197128921387575,1.4952345788000172
2487,244,250,254,3.8686609459290318,-14.400130195806259,0.6431935464236576
2488,55,251,256,6.40452005482857,-1.055907370461451,1.323339497621353
2489,57,255,261,6.212797057311254,-1.0680965179565545,0.9195003610161175
2490,60,233,240,6.315363791691602,-1.2863334736261203,1.4493983584007595
2491,65,257,265,6.295981724449111,-1.2544661327591535,1.5486105656766982
2492,210,245,296,6.136934562324337,-0.775128098610132,1.4650320917218982
2493,31,153,253,7.812932564626142,-0.1875130852159247,1.3678186574581794
2494,36,179,247,7.375562368722397,-0.4616760715416409,1.2454436188134677
2495,253,257,267,4.711331876551403,-6.971147612175501,0.6691877902020351
2496,175,263,265,4.396056865222713,-2.8782969580586433,1.196421116469796
2497,138,253,260,5.48543415040441,-2.4933009146233718,1.923811194315112
2498,242,251,265,5.416889461912914,-4.537158645609936,1.3506906526267417
2499,245,252,255,4.150377831595288,-4.216081003251849,1.4349704538091508
2500,109,547,719,9.414466118133769,-0.41216365314225334,1.4546013109995233
2501,117,586,716,9.375678977551972,-0.42675783595012373,1.412860124281831
2502,68,341,611,9.291998855788625,-0.051591511815739954,1.572279423465356
2503,91,457,640,8.993646176578903,-0.41448807859006304,1.5430153005071057
2504,234,628,688,7.976632971959452,-1.6507274096357323,0.9640534735508164
2505,105,524,635,8.651282414094947,-0.6365536532934783,1.4779664593234842
2506,68,340,611,9.497105761299222,0.07574112535150568,1.5702328486171184
2507,100,499,661,9.064918580533071,-0.4633346242846705,1.5036316048807605
2508,89,444,693,9.52605280211171,-0.19992323423335656,1.5541100187971584
2509,121,607,702,9.097281466603048,-0.6971800447174775,1.3919218982049217
2510,78,391,643,9.509730352341816,-0.06993445903994489,1.5848867500168011
2511,95,475,668,9.2375560345363,-0.40863021222980456,1.5271625898857593
2512,73,367,651,9.579152447061274,0.06609740451094925,1.5864107258641942
2513,120,596,647,8.556295397031436,-0.8121015205278612,1.3991344737320803
2514,73,363,620,9.28599147305577,-0.10059083315286355,1.5854139955398772
2515,98,467,650,9.482392750077526,-0.2940244673999808,1.5105674555660598
2516,200,631,722,8.673348610118252,-1.2925495499098252,1.0633875975356009
2517,81,405,651,9.380549850814427,-0.1844467806021881,1.5793845867892282
2518,120,601,719,9.108142908048094,-0.4366699200466809,1.398360303982202
2519,98,490,796,9.7317740114134,-0.1430507734518376,1.512774934660957
2520,106,531,689,9.243121787869715,-0.4993533557035333,1.470988096095431
2521,115,541,647,8.66995437053554,-0.741176020457714,1.4230085809600839
2522,110,549,670,9.016406674283362,-0.6429731107842159,1.4517307590569675
2523,85,425,685,9.541950686761734,-0.18220618760250362,1.5678096270438404
2524,67,333,599,9.368978484449642,-0.005444706147257339,1.5620575790094455
2525,102,512,703,9.287073265209608,-0.451519474897341,1.4910312047124739
2526,185,620,679,8.737663287915518,-1.144419485232782,1.1136091424135137
2527,85,427,642,9.135604310967656,-0.2959066387050655,1.5669630288303145
2528,78,388,628,9.217266594674829,-0.18460470152743735,1.5855891187524205
2529,84,418,714,9.609139745674007,0.006779345219764976,1.572759177829351
2530,154,625,656,8.122895674320814,-1.1759982321596376,1.2349468967144004
2531,111,556,697,9.337241375652628,-0.4405385357688654,1.4454630196665152
2532,91,455,684,9.448922773518127,-0.3226093696034015,1.5445311759685012
2533,211,638,731,9.120517576845806,-1.0374541450731238,0.9986508959301454
2534,160,620,696,9.017761964620865,-1.0421050653590587,1.2123604010352238
2535,105,524,656,8.952286810270923,-0.6050504001060724,1.4779664593234842
2536,108,540,763,9.51668450097772,-0.3626515384739392,1.461117108189976
2537,173,619,725,9.040629165550323,-0.9979150055876149,1.16047243840612
2538,191,630,724,8.674189698628492,-1.1565096148140723,1.0950789179152072
2539,84,420,647,9.318877079217062,-0.23573309089182548,1.5713775259966567
2540,172,625,708,8.78069975282592,-1.1383543793568451,1.1635665974424465
2541,126,613,772,9.414669587738643,-0.5910644335883404,1.366689393666533
2542,99,495,656,9.022149364017931,-0.5142233651673761,1.5073595063532528
2543,84,419,748,9.761881150699512,0.08070315829939856,1.5723038710296815
2544,200,639,709,8.476091781640703,-1.4004125518096195,1.06435959441391
2545,89,444,694,9.601243730612213,-0.0954343245914766,1.5541100187971584
2546,92,459,729,9.586654070316728,-0.11977168198679744,1.5412658199599925
2547,80,401,645,9.40683033877524,-0.17105743151719066,1.5811809741856773
2548,78,390,622,9.293260585116418,-0.17869613525769767,1.585090110691807
2549,171,623,718,8.942947456218482,-0.992275259362467,1.1668716833707993
2550,71,357,623,9.4962931208744,0.01173555898949874,1.5831986028144855
2551,226,629,722,8.45232971321134,-1.4499317528817646,0.9850791833373498
2552,206,643,717,8.584002742299806,-1.384169114434613,1.0457308148544677
2553,71,356,636,9.49495344893321,0.011232207987374787,1.5829682336717574
2554,152,631,653,7.814825400859058,-1.1502661076216518,1.2447645543614685
2555,111,555,701,9.286278580579054,-0.43617412392082977,1.4462467300470028
2556,117,586,690,9.080929860582943,-0.5979430400048633,1.4133796894499384
2557,100,502,680,9.284252661521965,-0.40671112434164025,1.5003797094694324
2558,114,572,729,9.311787260422566,-0.4858723881126842,1.427963433318769
2559,80,399,654,9.411277997785335,-0.14961384310290604,1.5821028243213964
2560,198,631,717,8.96539880325786,-1.1920284853118297,1.0700662470414481
2561,82,410,684,9.55533417326078,-0.03388840761895162,1.577398595512125
2562,74,368,692,9.661556451624074,0.16750750776136925,1.5864555398847504
2563,69,346,622,9.522522534425985,0.07436303464240934,1.5761075724352247
2564,82,411,672,9.533728353423209,-0.06337399071140337,1.5768740422734357
2565,222,618,635,7.535627894468682,-1.769201338348221,1.717368806605095
2566,87,434,754,9.780252648886902,0.028760333256763526,1.5614437168395883
2567,84,418,625,9.154755215755497,-0.3138901298411995,1.572759177829351
2568,175,624,840,9.396446875910089,-0.6533554390586368,1.1520453918923916
2569,92,460,738,9.601120653269078,-0.1939047443422386,1.5410458889289258
2570,129,604,673,8.952931364471247,-0.7670627034656385,1.3543802634612607
2571,86,429,742,9.661353384735989,0.0341969463065972,1.5655823899390355
2572,157,637,706,8.741766328929005,-1.0559799062480955,1.2214319687949813
2573,118,592,700,9.109096972845744,-0.6857332715376269,1.4076704964907996
2574,108,541,662,9.028325979761801,-0.6181044137418756,1.4605963583858153
2575,87,433,754,9.772133803190828,0.04244979092327572,1.562910766418357
2576,302,643,725,8.199216388577566,-1.7518419028687757,0.8144780081734644
2577,119,596,698,9.008385314853067,-0.7012318546149519,1.403268679717684
2578,104,518,662,9.152968973232433,-0.5324781802598577,1.4846489530339035
2579,175,632,691,8.484100138943674,-1.2931296616758923,1.15052601251292
2580,113,560,728,9.442239207930887,-0.38007909295476416,1.4339678123279647
2581,155,620,653,8.362245489098301,-1.1312653082694049,1.2299818857094407
2582,145,623,733,9.138279652798605,-0.7859289487896632,1.2768755502484161
2583,136,584,672,8.914964011015444,-0.8441222229762626,1.3192483991325472
2584,132,609,732,9.323071606241381,-0.6976474501029054,1.3365376548388423
2585,163,633,708,8.706162094298683,-1.0398164802625436,1.2001133232148924
2586,64,319,574,9.310935605530945,-0.0018405517562304352,1.5382644125662441
2587,100,501,744,9.538753187396,-0.2184728669332554,1.5016326411094498
2588,109,546,701,9.188267497542071,-0.5510168448169831,1.455905476052149
2589,143,644,744,9.161552488235579,-0.8451961274836114,1.2863377724901357
2590,68,338,609,9.33743915355907,-0.03192804198329058,1.568869872442788
2591,80,400,634,9.177180935047925,-0.22188418162429813,1.5817012418112322
2592,108,540,636,8.76021215444189,-0.6973261406229615,1.4616377549259247
2593,69,344,618,9.509497520621473,0.07182500010588366,1.5741667315179189
2594,81,406,668,9.449422874910788,-0.16965180895442133,1.5792658750882174
2595,196,640,753,9.036341612295915,-1.182926150715697,1.0773301697965136
2596,131,613,655,8.593451130239576,-0.9231472145519246,1.3451734956213819
2597,79,397,622,9.433458115861914,-0.18084638071566195,1.582865956325321
2598,175,632,696,8.752845710259436,-1.2282730651421536,1.1499572554550495
2599,129,611,755,9.225816861174037,-0.6093427344250313,1.3508874686506427
2600,306,513,640,8.189875775497233,-1.2584855939736572,0.8085394828457979
2601,94,470,517,8.23175358284749,-0.8095975122168293,1.5322823991581673
2602,445,524,675,8.142283246630724,-1.106153524885953,0.8037352739215312
2603,168,505,558,7.7002476715360775,-1.4488092862702557,1.1770945157274688
2604,278,510,673,8.521403728807325,-0.9358846480559194,0.8819668475790117
2605,501,523,732,7.912038433171899,-0.3996345975969494,1.3206731283387303
2606,127,504,670,9.03632016107579,-0.6118791524302607,1.3678188207909208
2607,60,300,504,8.910287416953848,-0.143666280669565,1.4719260796638154
2608,111,394,498,8.3472346331394,-0.7592347735988338,1.449421189341747
2609,291,524,727,8.826959101861977,-0.7642471140967149,0.8155585826424762
2610,198,519,699,8.512131493735616,-0.8295654617907382,1.0700662470414481
2611,81,407,523,8.67074526556803,-0.5453592115117112,1.578783691654908
2612,77,385,518,8.680348670770117,-0.4632872138075723,1.5862153500048164
2613,191,507,660,8.092170118040242,-0.7861267681364376,1.0969767687827725
2614,201,528,748,9.170589425900134,-0.5583251027457562,0.8439652444521623
2615,504,525,712,7.691099829489958,-0.22088513070254168,1.2636349544161734
2616,142,507,554,8.447919423490521,-0.9616383158746284,1.2909944820570232
2617,51,253,456,8.999225961269056,0.0019706681821112237,0.9958765193157576
2618,494,522,678,7.707487217741894,0.055237016533893124,0.6730014781862218
2619,260,506,688,8.11210592216257,-1.0358755229569059,0.9019936612171714
2620,296,509,546,7.092422713048015,-2.4602544957339765,0.825905470115736
2621,328,518,716,8.659069537665411,-0.7482201614932347,0.6818402928096617
2622,117,487,508,7.93735462012224,-1.1477799097145074,1.413957289826788
2623,334,535,614,7.983386957720401,-2.1350382492209024,0.7006727283705599
2624,87,434,601,9.03293574416815,-0.253229663747644,1.5617692212552068
2625,103,411,545,9.025604886510164,-0.31366314172968157,1.4970872698856383
2626,233,490,541,7.755053830583054,-1.9962206398331663,1.4958945533002255
2627,511,545,743,7.994607997063599,-0.17244753258554923,1.0653575725034095
2628,498,523,762,8.158492288534617,-0.3886490750639795,0.49706852449374545
2629,205,498,704,8.482840982947737,-0.5072002851382215,1.047459169567939
2630,62,312,500,8.696771680713768,-0.22968039133236273,1.5168319758558633
2631,91,455,515,8.174262163735506,-0.7278697741943765,1.5447465630986132
2632,266,513,674,8.624536645521431,-1.1139654989489802,1.3530752156762356
2633,77,384,516,8.82017037684602,-0.47384566832949215,1.5703962607167803
2634,275,510,706,8.55148523756434,-0.5868595900155542,0.87203678436414
2635,150,494,525,8.244154882405432,-1.2012894252001443,1.2540466302847892
2636,311,520,705,8.509018165687694,-0.7641665025058475,0.7073207364030304
2637,221,516,549,7.532166729233167,-1.9467616294656818,1.7226502341324808
2638,209,558,819,9.300449348647208,-0.6535276594119267,1.0355175050039132
2639,83,416,500,8.155861517580014,-0.666490814120606,1.5736353085290473
2640,304,517,672,8.313484494201422,-1.126198286507138,1.5047029317954252
2641,185,482,498,7.619661203654998,-1.3746316982164806,1.781492788945956
2642,54,272,490,9.075671422816868,-0.004730813113921872,1.3249054121447297
2643,219,516,644,8.627596546584673,-1.3211412231516073,1.0056580721928878
2644,118,508,709,9.138396580451383,-0.41607623400905913,1.4118213103201953
2645,152,503,594,8.409579808169648,-1.064363617422582,1.254323291939904
2646,93,456,516,8.396737029348943,-0.7652949720750918,1.5374509468920634
2647,60,302,507,8.790445331134839,-0.1560392427949554,1.4893250677206098
2648,225,494,708,8.427432387313536,-0.4279062452528435,0.9263963997469421
2649,109,498,639,9.098496367948371,-0.33579959558028605,1.456929602438802
2650,85,423,512,8.50892744456796,-0.6577566187606112,1.5680843401467819
2651,115,509,679,9.21291438611503,-0.5220211507108337,1.426398135105998
2652,194,503,567,7.988597417671506,-1.1232151812421933,1.310554803911636
2653,302,510,584,7.66532112525424,-1.9905460759668578,0.8193146574267881
2654,101,462,507,8.194025142059271,-0.9228890891439134,1.4975339597479111
2655,145,484,508,8.102236758096222,-1.1585872942955895,1.2791432015153605
2656,194,515,698,8.739116574301622,-0.7002016050222054,1.0845272801763983
2657,162,505,660,8.50083822607634,-0.7559627938911799,1.2029985997418384
2658,291,516,734,8.46433503032174,-0.6231833675383965,0.8367109832836055
2659,52,262,471,9.0167767681657,-0.003150560752497089,1.2127442823097494
2660,90,446,772,9.64677299715611,0.2125944912528125,1.5481515292290124
2661,191,525,689,8.48437082885738,-0.7528799347068553,1.0921649954582098
2662,210,507,714,8.986839071665429,-0.48555770103400353,1.6655891104358933
2663,101,421,757,9.692155479031085,0.2586758162643281,1.5002976317677148
2664,58,291,485,8.8488617480236,-0.15233193458343153,1.4207342034496644
2665,101,498,525,8.115366687323322,-0.8781393788314622,1.4986211744326303
2666,58,290,505,8.966318646763666,-0.09262890620105257,1.4277782612694632
2667,199,517,776,9.131063987758079,-0.5042348173335595,0.8815279624495542
2668,65,326,517,8.732203452778846,-0.24321947144702927,1.5521221903150506
2669,103,475,691,9.213842935213307,-0.0776486700739728,1.4884224853302142
2670,512,532,687,7.654188570812045,-0.25410521516821727,0.6288530066640516
2671,102,493,502,7.232642346771937,-0.9554077025658307,1.4933531522036845
2672,110,481,518,8.216068535599707,-0.9887932557963999,1.4535576801285854
2673,378,521,664,7.900285553297773,-0.959176724478197,1.436365648054203
2674,186,504,589,8.446903817655077,-1.1751199176723033,1.1238483231510759
2675,333,549,760,8.557963660260272,-0.7579189638900402,0.6684382747304725
2676,129,495,686,9.001291109371353,-0.5089864035858267,1.3529033830117128
2677,216,514,558,8.1307232044869,-1.1375041552690042,1.7734916561782255
2678,58,289,506,8.941535845879654,-0.09044733862322862,1.4332444098225303
2679,78,392,510,8.849516172596939,-0.5415155427138238,1.5845286131054426
2680,252,500,573,8.091885811727806,-1.851922417931547,1.509937051329709
2681,99,385,704,9.580078170916764,0.4307664052958814,1.3464130717575085
2682,124,489,505,7.264747859594015,-1.2095863367569595,1.383534288307003
2683,339,514,708,8.4209932742889,-0.8807499324696375,0.7866083476870283
2684,504,522,685,7.401862802816839,0.39609984998513004,0.4724703525578319
2685,85,423,519,8.259035900191275,-0.6410426853205429,1.5693008313353651
2686,82,411,505,8.30418923002483,-0.6052538984316456,1.5764133811753132
2687,50,251,452,8.981935009946888,0.0006477620465057399,1.0012384201708826
2688,487,509,644,7.714376588114997,-1.0788612551425127,1.4207901203896334
2689,203,535,742,9.206644406293737,-0.6127255670406954,1.0626987461831547
2690,150,506,640,8.637743929955471,-0.9460017468159502,1.256057353094418
2691,471,518,709,8.327347820993783,-0.541347219180805,1.0570328030861218
2692,56,278,500,8.932558685867296,-0.039979514824139306,1.3695868618548257
2693,65,327,517,8.801746315128852,-0.2254119938039879,1.5533815396707025
2694,264,502,660,8.09149938235512,-0.8796979843013484,0.9027166060797391
2695,71,356,501,8.80704936491192,-0.41059732098913515,1.5799759465175116
2696,90,448,525,8.594667736305402,-0.7036924106471878,1.550858102850467
2697,79,394,587,9.118261011000444,-0.1816927622138531,1.5406675740970353
2698,61,307,520,8.805418323036498,-0.14528936832719686,1.5074590477284089
2699,106,501,732,9.316381150437469,-0.24632354939338896,1.4696922058978765
2700,663,811,962,8.600242349684581,-0.6156275798629486,0.20012359988153364
2701,638,660,717,6.690072707915582,1.265495883228042,0.008311677759693317
2702,650,678,745,6.9742211454002945,1.0085086082569754,0.012109697711071659
2703,674,762,896,8.190718670095201,0.45545268937135097,0.015550169784686884
2704,657,680,722,6.575061046284182,1.1033735427857356,0.008124247853003337
2705,656,720,836,7.890128808075701,0.6829825522062735,0.016942947629911678
2706,338,774,954,9.346885892145622,-1.3786108402759802,0.7534710126149419
2707,674,818,963,8.494490845602835,0.008946674036969995,0.032109285026044224
2708,649,685,764,7.26541603128096,1.0377672643707534,0.00976763261762967
2709,407,773,954,9.303040598262745,-1.4503466289575402,0.6611708729300904
2710,684,824,964,8.479416548990717,-0.04068498652149087,0.11498603640285221
2711,669,814,962,8.460882496315325,-0.10790818202987423,0.5862297813954073
2712,667,814,962,8.525010246448195,-0.2883305760865122,1.0534040691827877
2713,670,817,963,8.584107221208585,-1.110803370221588,0.6866783817648333
2714,100,503,899,9.96314175745395,-0.006960072363674907,1.5001288025408297
2715,477,761,952,9.205641297324252,-1.4283552339461005,0.5898040044051199
2716,653,728,847,8.061041457644418,0.5977616672233164,0.009889056562595632
2717,671,761,892,8.237363347138206,0.456231276082953,0.011295685167639777
2718,666,727,837,7.853055075444337,0.7267260136763933,0.01021446951133637
2719,668,815,963,8.50837493793633,-0.03884486440344344,0.17920293571606186
2720,651,675,729,6.745305561844107,1.1178591475147075,0.011572363628817679
2721,658,717,828,7.8593220008330675,0.7646558565029334,0.013404820265424213
2722,668,737,844,7.947670412737834,0.6485146934314268,0.008367228614612757
2723,637,661,718,6.745839209950916,1.1496508902392923,0.005957839338607882
2724,671,816,963,8.514666540109362,-0.035142149146018015,0.31110962347248555
2725,218,727,945,9.603595984708464,-0.9381748291821103,1.0076792009317062
2726,670,814,962,8.49673015930277,0.028407774369430476,0.031630208428926526
2727,664,713,800,7.569133241356761,0.7947055553253841,0.007642762125777507
2728,658,715,823,7.783752637245824,0.7503302748551087,0.013332862247809317
2729,657,706,795,7.534703931072686,0.836909932970948,0.006966193282497655
2730,643,670,732,6.880678275212739,1.257843409663414,0.010303407438802948
2731,657,688,758,7.119492240469731,1.0655373209777155,0.005977181185174784
2732,661,704,795,7.4877827749072905,0.893550052418094,0.011332934437305705
2733,682,822,964,8.499339396054571,-0.10784485927490772,0.3012662274839952
2734,666,777,918,8.368398433261328,0.28362302649347587,0.008657773157281784
2735,673,817,963,8.478938623629325,-0.005811767957612953,0.10265201044328175
2736,686,805,946,8.418456984701065,0.15824603652836944,0.01547356951446158
2737,651,803,960,8.58760936297424,-0.07489746965944072,0.45024041811105553
2738,650,694,763,7.3945961431840805,0.6942303723337859,0.010104200171781604
2739,663,811,962,8.555008184154229,0.013296917548211204,0.025370018678900264
2740,643,691,783,7.576519499936185,0.8327080614829522,0.011497802171301506
2741,664,813,962,8.535361530676258,-0.19050356470119548,0.945303269082507
2742,664,723,824,7.758629160908972,0.7055754827427551,0.01316535478835173
2743,664,812,962,8.531492012474734,-0.1056146034640574,0.7024580678506906
2744,649,683,764,7.221671787532012,0.9401617058851953,0.010150593319374355
2745,650,669,714,6.442305432901264,1.215211606415106,0.007690209630762642
2746,658,726,837,7.976159083537443,0.5744017887985852,0.0063986350599567815
2747,388,771,954,9.269011923994698,-1.4306798433996026,0.6846379109649425
2748,639,668,742,7.064803477136959,1.0506285071876407,0.012310181026709435
2749,668,813,962,8.532548451666463,-0.19469202859075674,0.7397314867956479
2750,653,712,814,7.776512993165286,0.7206353067028424,0.009001759620111557
2751,667,815,963,8.552920663399595,-0.2919043482820021,0.13146884563749095
2752,648,692,779,7.424698599342304,0.860261479235124,0.010811477889041148
2753,646,692,796,7.553419435504071,0.8875180449504398,0.011550019050349327
2754,653,682,750,7.026657851673487,1.0963262661242559,0.00705938328341734
2755,634,791,958,8.904110031864834,-1.5648221813920025,0.9992553366098386
2756,166,668,933,9.761069226800684,-0.6221927469722974,1.186482781514861
2757,673,816,963,8.558426796711103,-0.406396165525247,0.13292801271137483
2758,652,693,767,7.313417955451687,0.8671997666453114,0.008645045940500412
2759,658,708,800,7.641139131979666,0.7731936762705127,0.018458765893028334
2760,667,761,904,8.265548004078255,0.44215406768349663,0.01651233824942296
2761,356,762,952,9.291147807428253,-1.3559735044893038,0.7276239781332087
2762,646,683,758,7.243502294727665,1.008059414832319,0.01209016554789035
2763,670,816,963,8.55720187156573,-0.10102101660509197,0.510110036138965
2764,636,793,958,8.898800897994597,-1.6493398182877248,0.2961640379191848
2765,667,752,882,8.174319249610056,0.5295276645775023,0.011433504415755157
2766,667,814,962,8.5055748847844,0.017794847424179458,0.0208098714191211
2767,218,727,945,9.594757921328103,-0.9395333570452217,1.0082582382063052
2768,651,805,961,8.859018185015145,-1.8166595518263648,0.28333619829701945
2769,645,686,765,7.377117196632158,0.9171505161415364,0.007621617924556422
2770,653,714,826,7.857083441154614,0.7574657148835121,0.012073860071483046
2771,654,804,960,8.53397248535083,0.02120364534743447,0.1640870648645573
2772,657,712,805,7.680447214850565,0.7301906976239718,0.011546890101067834
2773,642,682,778,7.427399278387535,1.0107292288616487,0.009146291503946375
2774,667,721,814,7.754780615030539,0.6866021612175105,0.013747449742079813
2775,647,698,803,7.623474033750988,0.8310631215382739,0.011172956618448148
2776,650,708,809,7.719205412485487,0.7151770086402569,0.010214095993859135
2777,672,817,963,8.545432831194349,-0.46258303378999477,0.20225031812227914
2778,652,678,729,6.7559581237957484,1.0884856696514318,0.008599979092544407
2779,642,680,749,7.213282141222088,0.9170546391060699,0.006047162380017479
2780,230,744,948,9.587507379225311,-1.0180258869418166,0.9753901486865085
2781,668,815,963,8.509063847383,0.00975238696977548,0.023281295603520775
2782,645,681,759,7.236392083122663,0.9820918199291457,0.011244370643189039
2783,650,675,737,6.855032547196169,1.1866965798344677,0.008284419147784463
2784,662,770,911,8.380167405163615,0.33521927255890693,0.01966391207634892
2785,665,763,901,8.28732880054005,0.42196699646048436,0.016559796591837653
2786,499,791,958,9.13468095215299,-1.6690428897886012,0.5706583252055573
2787,655,709,806,7.6599694383002594,0.7793652465699893,0.014081424229827515
2788,677,820,964,8.491446652968888,-0.05567495360168684,0.29330743809409676
2789,648,672,729,6.714415647563665,1.1756826202525898,0.0049669728151723784
2790,665,812,962,8.534426610999443,-0.003355336231997519,0.09029460216937768
2791,655,717,831,7.914443916748217,0.7048682785814336,0.011364503482007874
2792,640,797,959,8.745163587254943,-1.4630570075963398,1.1280490908044705
2793,654,707,801,7.651676362356659,0.7273549152368445,0.01893824436182633
2794,649,682,747,7.061555371291319,1.0169346525781413,0.008130643218703191
2795,472,785,957,9.171447502879834,-1.5985580677446525,0.594436137535339
2796,673,817,963,8.51410658993888,-0.0008776322281127055,0.06956183287483844
2797,656,699,763,7.246947370826568,0.7948547129990083,0.01232468390830556
2798,299,751,950,9.427708283173814,-1.2107605559784749,0.8207526768151064
2799,661,810,962,8.561410019723388,-0.5550870199125921,0.25662815044563125
2800,710,739,807,7.085330522072168,-3.3098976406586207,1.1381266849815634
2801,720,731,755,5.716969821267417,1.0555932645579964,0.007986100046582349
2802,723,732,744,5.102014448682437,-0.8251162978853573,0.00827704256805223
2803,718,727,744,5.327995948908042,0.04088010905059192,0.006773054629784295
2804,717,728,753,5.674263653289018,0.5844543679281946,0.007301637236557939
2805,715,721,727,4.421165887469567,-7.575159846470331,0.00539084559471074
2806,710,732,780,6.634310213413369,1.3631618697246035,0.01159255269120199
2807,713,721,729,4.6814174367160435,-2.916518658079957,0.007649031592896173
2808,724,750,814,6.982549417585893,-4.095608686656138,1.1266736952651337
2809,720,733,756,5.765450687308004,0.5879207059763543,0.011033654155130091
2810,726,738,765,5.885068720046918,1.0451755037912924,0.008598255274184022
2811,715,733,780,6.456090501886581,1.5975308005129405,0.011828419434335019
2812,715,720,729,4.5646261495462666,-3.117328261056181,0.004505722936297948
2813,709,716,725,4.632251310703671,-3.824298130534859,0.0041600620378788875
2814,719,740,793,6.631152621925987,0.7475268563092584,0.065145383019117
2815,715,725,744,5.476098533247906,0.24519243755312725,0.00535633228614465
2816,716,721,728,4.341395211370163,-6.303214586075678,0.005090858537933189
2817,721,736,768,6.098650865657555,1.2251820271014717,0.012258022141238683
2818,719,727,739,4.9554943071029625,-2.05053592811284,0.0055354379911704546
2819,719,745,810,7.053724940643648,-4.93526696782602,0.26449147750275337
2820,719,739,791,6.597462701726588,-0.5768918591485972,0.23311791377100027
2821,722,739,778,6.34355472848122,1.0908203119135718,0.041091472015809295
2822,717,726,742,5.2536914941271,-0.35683851458358673,0.007032499919208031
2823,715,742,803,6.932997699236741,-2.177065040352102,0.6661003935114952
2824,718,728,750,5.526558938423667,0.9114144205702267,0.00730974148081343
2825,718,734,770,6.197321281540558,1.3262769843008193,0.009872438239649759
2826,720,727,738,4.779262737570783,-2.3107278431704126,0.0057215485684384984
2827,719,735,767,6.1408948982840705,1.2787937370006612,0.008906463953170076
2828,704,711,727,5.051463127094014,-0.08360952805182831,0.003990344046202928
2829,720,729,738,4.882166629594523,-2.8868553600430222,0.005894844258763286
2830,721,731,752,5.567924876752684,0.8566371092180656,0.008865271164320458
2831,710,722,744,5.641866203197663,1.3898204448955989,0.009098235818457283
2832,714,719,730,4.711437843964479,-2.2600134455722056,0.0034628055961326816
2833,717,731,760,5.983097068788689,1.1619948620393608,0.007875506582471886
2834,724,734,749,5.283258352150694,0.024575381138058683,0.006402539721686943
2835,717,727,740,5.171226166410272,-1.3763293316185155,0.0033844147695769465
2836,711,719,732,5.065713938364377,-1.051575080516181,0.0028861629715441913
2837,720,729,744,5.2629189548692725,0.015170857863799014,0.005667743778809317
2838,725,733,745,5.004739856184366,-1.3618138930246095,0.006542471638311938
2839,711,718,727,4.759071868756836,-3.1325623786677554,0.004639588539902941
2840,708,715,727,4.912295855891254,-0.15346671855320793,0.005994357587992684
2841,726,736,751,5.29346746122259,-0.821368064240001,0.006454528322509001
2842,715,730,763,6.103699060959111,1.28642386034578,0.01297076179399076
2843,716,727,742,5.3466513142156815,-0.5083064191092972,0.004794942679643211
2844,713,724,745,5.666269671342561,0.8121266780369377,0.007644458723619835
2845,721,735,756,5.792248622757254,0.6385443513164495,0.011150181279521937
2846,720,737,785,6.441831691100684,1.0336640125068177,0.04929475937280158
2847,713,721,731,4.789266292529293,-3.283285287452648,0.007390200124209806
2848,711,717,730,4.83405871147234,-0.8517387771622598,0.006529074782080203
2849,717,725,739,5.1037373986345775,-0.8953634843926396,0.004159179493177368
2850,719,724,736,4.671977092958292,-1.192003519962642,0.005222834266084361
2851,717,724,739,5.095042221080365,0.5211152789789368,0.005436042985987327
2852,717,732,771,6.178249863234597,1.224282748335132,0.006965017002191924
2853,706,714,735,5.365254852790563,0.7680601811320201,0.005527306696166868
2854,718,729,747,5.4823093323396135,0.4303049550523448,0.005190563800976731
2855,722,748,814,6.990321703221524,-3.939983894933732,1.1704481552305357
2856,713,746,830,7.461956547428102,-4.08627773208396,0.6830620534883493
2857,710,719,735,5.291539744026789,-0.2185312048571243,0.004432795419406986
2858,712,735,799,7.050718930766705,-5.013302326606855,0.6174418918492134
2859,712,721,738,5.285588622645969,0.2323022491260145,0.005600404343866418
2860,715,740,801,6.917196716553539,-1.7899759868197607,0.7188929294939934
2861,78,390,700,9.702608195373442,0.089127846919977,1.5852208104164127
2862,705,722,756,6.242017733725467,1.159575141583419,0.010807231903942425
2863,721,739,784,6.425945949231117,1.3235937548290884,0.011822708786196403
2864,719,739,783,6.542705275571091,-0.0995707351373658,0.161858190528363
2865,714,724,748,5.604401734810938,1.27995814552566,0.004854175798299286
2866,724,739,769,6.056219069632782,1.2635844329601835,0.010374612139938915
2867,720,727,736,4.778834510366734,-2.558140372610187,0.004939767768344527
2868,722,732,749,5.363911470034046,-0.16509725783290718,0.00754165962445332
2869,720,737,786,6.486719157404291,1.1225157807925004,0.07051266543791404
2870,720,730,750,5.520732008678344,0.8658117893345263,0.00849130537020757
2871,83,414,785,9.839525705547523,0.17852818753452315,1.574669528511598
2872,710,716,731,4.989845067961088,-0.07192387030752823,0.004449540000029973
2873,711,735,792,6.8476305507988435,-4.173576289675029,1.1303781755920672
2874,712,742,813,7.266681352827424,-4.75565399744112,0.5619854362369536
2875,728,745,786,6.338232003133992,1.2784522837960692,0.011327729872376433
2876,713,729,776,6.4156839639362815,1.4603765596205898,0.010080788423935134
2877,713,722,735,5.092566157693751,-1.0953433657198643,0.0061523390455529865
2878,729,740,764,5.686583509160856,0.47639860959989244,0.004647213128416815
2879,712,721,735,5.1269794914785844,-0.34342300836425554,0.006433276296398711
2880,715,736,783,6.5503213821687805,1.212985601779885,0.027057942976286484
2881,720,726,740,4.961145242072874,-0.41673770355713646,0.004361713860341475
2882,706,716,734,5.364099619034636,-0.12065635966944732,0.003267389294864824
2883,724,732,752,5.267298561452325,0.18852186922078185,0.004082742720751754
2884,100,500,796,9.779197651095274,-0.1846396484725109,1.5031325402958866
2885,720,727,741,5.084384282777788,-0.6537882810302951,0.004873862557544352
2886,710,718,734,5.202800787967722,-0.4357219795483068,0.004700748508578438
2887,708,715,729,4.987292239267972,-0.6983554324565202,0.004577578415891072
2888,712,734,789,6.728581589319995,0.1075549225318082,0.22358487711587546
2889,715,726,744,5.482763112401408,0.506983199596738,0.006346677294823998
2890,714,732,779,6.465658012443892,0.617516378758592,0.10705157919807518
2891,718,737,776,6.346604013008935,1.4665765227280647,0.01210670948475252
2892,718,742,807,6.94924473733918,-4.551813490909512,0.2693602003260238
2893,723,744,792,6.577894858638648,0.9878235026902686,0.07074964578896115
2894,715,721,736,4.914978128127988,-0.07113111322268528,0.005340210418580735
2895,713,727,756,5.930786855488203,1.2862717839506725,0.007857773638485586
2896,708,734,794,6.921162739734497,-3.588936618639281,1.1099215620953071
2897,715,730,765,6.12941698058706,1.4156683624331519,0.011897884934562702
2898,721,730,747,5.311359034488574,0.5559418165309314,0.007475033237100699
2899,723,734,751,5.476856763159943,0.07711260259792718,0.006741302350176479
2900,53,266,472,8.833481303577516,-0.07517411823249509,1.2018831569351087
2901,49,246,442,8.87691830825583,-0.011635874583770467,1.0163111295680805
2902,88,438,512,8.039568606173606,-0.7059481089023847,1.558887725093245
2903,510,515,524,4.582502742908276,-4.476971726282909,0.007326604145217022
2904,507,513,517,3.916390182150132,-6.122230638413227,0.0016825192850361988
2905,121,510,517,6.930877227689504,-1.1798716462068568,1.908854887637801
2906,57,283,509,8.931445112478153,-0.05802046913006087,1.3503443246682558
2907,52,258,464,9.030607100384495,0.013466314977712668,0.9833877118642034
2908,79,397,498,8.13928742340623,-0.6032704418531201,1.5803782590953548
2909,52,261,470,8.925612905076138,-0.018585038733134662,1.1680889035687707
2910,54,268,483,8.944315206611002,-0.0311345669266756,1.2850768791870844
2911,502,513,522,5.001398584511262,-15.548859202454432,0.06130481511473715
2912,500,509,518,4.908607014000031,-19.14246371359461,0.18874051372774492
2913,214,491,506,6.393528793602197,-2.101768741754367,1.7007389853189157
2914,502,506,508,3.351929915933492,-14.054944699644059,0.0017597725710526636
2915,58,292,497,8.945438206671595,-0.12258401342559866,1.4040725551125453
2916,55,277,494,8.973530485810596,-0.04306795835588706,1.2117362278447426
2917,82,410,511,8.147583109286556,-0.6121816444082252,1.5763216440208578
2918,113,481,495,7.568554338224065,-1.1293739511261973,1.4428050338929006
2919,493,503,513,5.039275045076622,-15.930894651210942,0.0721037539960357
2920,497,503,509,4.392554453291353,-12.208208619170886,0.5939770476689662
2921,237,504,514,5.929004390074354,-2.2472036934445407,1.6169828988817232
2922,371,487,502,6.350948877808562,-3.186264265773004,0.8231743233277596
2923,494,498,501,3.3609555206066886,-13.737371986205048,0.0017104846311080091
2924,510,516,521,4.193259647103839,-31.34314518163019,0.03288627041021746
2925,188,474,498,7.679620000752617,-1.5809753797719592,1.2433872888783781
2926,499,503,505,3.22963624113418,-50.257993041528806,0.012498452214202023
2927,514,520,527,4.417728880880025,-6.653226864015188,0.005992050296723197
2928,497,505,509,4.204426910120455,-2.905679454593481,0.0016944074828793444
2929,495,511,525,5.610447005471235,-7.542448336808225,0.09068227466318884
2930,53,267,471,8.762524126418278,-0.08517396798144772,1.1891866179547357
2931,479,501,519,6.020531345347226,4.625724883137763,0.014876076367449465
2932,126,499,510,7.145191194552231,-1.2595685713648963,1.9258338241539479
2933,488,498,504,4.504136710046829,-14.668906591334705,0.40297236888507065
2934,71,357,493,8.10705641161887,-0.4527528669068385,1.582036101459021
2935,479,498,512,5.4974265282129515,-10.565264468103363,0.14769846875286644
2936,505,516,523,4.767887706757331,-3.083903954491178,0.001623233685517456
2937,322,502,514,5.881200915933183,-2.791748187510435,1.3598638343244114
2938,84,422,508,7.761627499994982,-0.6571438262924298,1.5701370343872616
2939,163,499,511,6.594491491542764,-1.6540329592793839,1.883471427934799
2940,270,504,513,6.201203818603736,-2.473694054837629,1.50907477461923
2941,491,496,500,3.8712341113344917,-15.502404729001752,0.423210264098774
2942,65,324,506,8.563729103604226,-0.26396241174341517,1.547038641091741
2943,82,409,495,8.152079025358688,-0.6566194596499147,1.5721051753809128
2944,220,510,517,6.222280611369478,-2.1084794833150213,1.677801981650674
2945,506,517,535,5.640957882681525,-0.8264518927913542,0.016848828739406317
2946,111,497,511,7.444598452702584,-1.0666954992364774,1.8232942695096093
2947,55,277,498,8.93760904437328,-0.05578806589120422,1.3536347446736918
2948,111,478,498,7.601146171167288,-1.1042536469496247,1.4578193077907662
2949,494,502,506,4.020858482560076,-18.563872391425555,0.3038136300120547
2950,57,284,485,8.927776755850635,-0.11352034400362843,1.351344383699694
2951,209,415,517,8.462072236395715,-0.9325580788607866,1.186523059605341
2952,494,501,506,4.160759941749094,-22.250034197435664,0.1958641296120609
2953,301,480,492,6.9969387346034395,-2.052209964064204,1.0085750176931227
2954,290,517,522,5.585948032161746,-2.567232707078514,1.4487551583969074
2955,224,506,515,6.287110852109918,-2.1452785737614697,1.6647031545242705
2956,499,504,510,4.047218399695959,-3.912877882703862,0.001646791466644787
2957,60,302,512,8.689471664517045,-0.14549612612738783,1.4893250677206098
2958,184,504,520,6.852976926922742,-1.819930729689974,1.119782260282428
2959,54,270,486,8.92710739332685,-0.04052246515062219,1.2654412260851244
2960,392,497,516,6.855367320197864,-3.345972455907071,0.8387033417448561
2961,223,500,513,6.708867035172338,-2.147629907456057,1.6828385899916676
2962,496,504,508,4.4269097738083465,-7.367843935171731,1.1494979947933597
2963,143,505,513,6.490445880485574,-1.4397592628849252,1.8782882120429996
2964,107,496,504,7.164059675099473,-1.0174314205556159,1.7407663491060499
2965,86,432,501,7.6984247428342965,-0.7151833872464191,1.5623529431964553
2966,149,507,518,6.64948728117764,-1.4945772301676568,1.921228133406875
2967,512,517,524,4.307455613534411,-10.820427580731327,0.006799137319939508
2968,69,344,503,8.49796259664354,-0.36268637062848796,1.566178547469385
2969,217,508,522,6.55484588334175,-2.083708263765456,1.6944110098490544
2970,504,508,518,4.414668107015625,0.32535373145262714,0.005049584238190489
2971,454,500,508,5.465343791174324,-3.499472570979031,1.097231434160316
2972,65,323,496,8.520598111420098,-0.29032141258864147,1.5353706641616258
2973,68,341,474,8.42638766184653,-0.4549858003382545,1.5625878625771643
2974,510,516,523,4.480421729310897,-15.525225277484829,0.10325011494975661
2975,488,499,510,5.167052704334862,-10.14407332936004,0.04294218812275722
2976,96,446,482,7.612847193527788,-0.9320144677360022,1.5244462648463406
2977,52,262,471,9.060538180699941,0.01456051632591282,1.2127442823097494
2978,493,500,506,4.578065329692128,-8.084669457510163,1.0594867509583046
2979,344,505,516,6.474582153457105,-2.811068685333004,1.5605133611957047
2980,513,517,519,3.2494017577490784,-31.53308592173604,0.004279887289274208
2981,500,507,513,4.520475468178411,-10.092331313087644,0.7930506386243952
2982,491,496,502,4.263538874200287,-17.5430356354281,0.017633969993368147
2983,60,299,494,8.69462633241435,-0.1916772196755998,1.478379621747772
2984,485,502,517,5.650869631211903,-7.736678763669284,0.17619551759294586
2985,506,510,512,2.9638908505452073,-18.865815117088637,0.001684582057585745
2986,475,487,499,5.235839890667781,-11.786076271086277,0.5157703793489029
2987,58,292,501,8.976148663641682,-0.11434698041333347,1.359568640775771
2988,111,453,489,8.123757258559253,-1.1148122065828197,1.788307846963674
2989,507,514,519,4.243958520536863,-19.924064106931677,0.014055352742490894
2990,207,428,485,8.131923778669584,-1.5655706888033118,1.773762675936663
2991,100,500,519,7.301364603841699,-0.88053810104962,1.502633020999663
2992,170,512,519,6.730527312763738,-1.6808627046318019,1.8755895269691225
2993,513,517,518,3.1029494549686403,-46.4317985662222,0.007056934147433799
2994,492,508,513,4.775367286480378,-0.5685923720093656,0.0016614562883216987
2995,491,500,504,4.527220416571326,-4.767843102693962,1.5807061459828873
2996,510,531,543,5.621300205454371,0.5447280332033421,0.008798928598743025
2997,56,279,472,8.783195592599757,-0.1421006932968939,0.9308565013983935
2998,510,525,536,5.353906528692263,1.478721853433445,0.0016218179491184152
2999,499,502,505,3.4057343232961577,-46.36784070756135,0.05087301104724828
